0.140093,5360
0.180651,5896
0.181595,6432
0.182539,6968
0.183483,7504
0.184427,8040
0.221166,8576
0.22211,9112
0.223054,9648
0.223998,10184
0.224942,10720
0.225886,11256
0.22683,11792
0.261682,12328
0.262626,12864
0.26357,13400
0.264514,13936
0.265458,14472
0.266402,15008
0.267346,15544
0.26829,16080
0.269234,16616
0.270178,17152
0.271122,17688
0.302669,18224
0.303613,18760
0.304557,19296
0.305501,19832
0.306445,20368
0.307389,20904
0.308333,21440
0.309277,21976
0.310221,22512
0.311165,23048
0.312109,23584
0.313053,24120
0.313997,24656
0.314941,25192
0.315885,25728
0.316829,26264
0.343184,26800
0.344128,27336
0.345072,27872
0.346016,28408
0.34696,28944
0.347904,29480
0.348848,30016
0.349792,30552
0.350736,31088
0.35168,31624
0.352624,32160
0.353568,32696
0.354512,33232
0.355456,33768
0.3564,34304
0.357344,34840
0.358288,35376
0.359232,35912
0.360176,36448
0.36112,36984
0.362064,37520
0.363008,38056
0.363952,38592
0.364896,39128
0.383699,39664
0.384643,40200
0.385587,40736
0.386531,41272
0.387475,41808
0.388419,42344
0.389363,42880
0.390307,43416
0.391251,43952
0.392195,44488
0.393139,45024
0.394083,45560
0.395027,46096
0.395971,46632
0.396915,47168
0.397859,47704
0.398803,48240
0.399747,48776
0.400691,49312
0.401635,49848
0.402579,50384
0.403523,50920
0.404467,51456
0.405411,51992
0.406355,52528
0.407299,53064
0.408243,53600
0.409187,54136
0.410131,54672
0.411075,55208
0.412019,55744
0.412963,56280
0.413907,56816
0.414851,57352
0.415795,57888
0.416739,58424
0.424214,58960
0.425158,59496
0.426102,60032
0.427046,60568
0.42799,61104
0.428934,61640
0.429878,62176
0.430822,62712
0.431766,63248
0.43271,63784
0.433654,64320
0.434598,64856
0.435542,65392
0.436486,65928
0.43743,66464
0.438374,67000
0.439318,67536
0.440262,68072
0.441206,68608
0.44215,69144
0.443094,69680
0.444038,70216
0.444982,70752
0.445926,71288
0.44687,71824
0.447814,72360
0.448758,72896
0.449702,73432
0.450646,73968
0.45159,74504
0.452534,75040
0.453478,75576
0.454422,76112
0.455366,76648
0.45631,77184
0.457254,77720
0.458198,78256
0.459142,78792
0.460086,79328
0.46103,79864
0.461974,80400
0.462918,80936
0.463862,81472
0.464806,82008
0.46575,82544
0.466694,83080
0.467638,83616
0.468582,84152
0.469526,84688
0.47047,85224
0.471414,85760
0.472358,86296
0.473302,86832
0.474246,87368
0.47519,87904
0.476134,88440
0.477078,88976
0.478022,89512
0.478966,90048
0.47991,90584
0.480854,91120
0.481798,91656
0.482742,92192
0.483686,92728
0.48463,93264
0.485574,93800
0.486518,94336
0.487462,94872
0.488406,95408
0.48935,95944
0.490294,96480
0.491238,97016
0.492182,97552
0.493126,98088
0.49407,98624
0.495014,99160
0.495958,99696
0.496902,100232
0.497846,100768
0.49879,101304
0.499734,101840
0.500678,102376
0.501622,102912
0.502566,103448
0.50351,103984
0.504454,104520
0.505398,105056
0.506342,105592
0.507286,106128
0.50823,106664
0.509174,107200
0.510118,107736
0.511062,108272
0.512006,108808
0.51295,109344
0.513894,109880
0.514838,110416
0.515782,110952
0.516726,111488
0.51767,112024
0.518614,112560
0.519558,113096
0.520502,113632
0.521446,114168
0.52239,114704
0.523334,115240
0.524278,115776
0.525222,116312
0.526166,116848
0.52711,117384
0.528054,117920
0.528998,118456
0.529942,118992
0.530886,119528
0.53183,120064
0.532774,120600
0.533718,121136
0.534662,121672
0.535606,122208
0.53655,122744
0.537494,123280
0.538438,123816
0.539382,124352
0.540326,124888
0.54127,125424
0.542214,125960
0.543158,126496
0.544102,127032
0.545046,127568
0.54599,128104
0.546934,128640
0.547878,129176
0.548822,129712
0.549766,130248
0.55071,130784
0.551654,131320
0.552598,131856
0.553542,132392
0.554486,132928
0.55543,133464
0.556374,134000
0.557318,134536
0.558262,135072
0.559206,135608
0.56015,136144
0.561094,136680
0.562038,137216
0.562982,137752
0.563926,138288
0.56487,138824
0.565814,139360
0.566758,139896
0.567702,140432
0.568646,140968
0.56959,141504
0.570534,142040
0.571478,142576
0.572422,143112
0.573366,143648
0.57431,144184
0.575254,144720
0.576198,145256
0.577142,145792
0.578086,146328
0.57903,146864
0.579974,147400
0.580918,147936
0.581862,148472
0.582806,149008
0.58375,149544
0.584694,150080
0.585638,150616
0.586582,151152
0.587526,151688
0.58847,152224
0.589414,152760
0.590358,153296
0.591302,153832
0.592246,154368
0.59319,154904
0.594134,155440
0.595078,155976
0.596022,156512
0.596966,157048
0.59791,157584
0.598854,158120
0.599798,158656
0.600742,159192
0.601686,159728
0.60263,160264
0.603574,160800
0.604518,161336
0.605462,161872
0.606406,162408
0.60735,162944
0.608294,163480
0.609238,164016
0.610182,164552
0.611126,165088
0.61207,165624
0.613014,166160
0.613958,166696
0.614902,167232
0.615846,167768
0.61679,168304
0.617734,168840
0.618678,169376
0.619622,169912
0.620566,170448
0.62151,170984
0.622454,171520
0.623398,172056
0.624342,172592
0.625286,173128
0.62623,173664
0.627174,174200
0.628118,174736
0.629062,175272
0.630006,175808
0.63095,176344
0.631894,176880
0.632838,177416
0.633782,177952
0.634726,178488
0.63567,179024
0.636614,179560
0.637558,180096
0.638502,180632
0.639446,181168
0.64039,181704
0.641334,182240
0.642278,182776
0.643222,183312
0.644166,183848
0.64511,184384
0.646054,184920
0.646998,185456
0.647942,185992
0.648886,186528
0.64983,187064
0.650774,187600
0.651718,188136
0.652662,188672
0.653606,189208
0.65455,189744
0.655494,190280
0.656438,190816
0.657382,191352
0.658326,191888
0.65927,192424
0.660214,192960
0.661158,193496
0.662102,194032
0.663046,194568
0.66399,195104
0.664934,195640
0.665744,196176
0.66665,196712
0.667594,197248
0.66848,197784
0.669386,198320
0.670291,198856
0.671197,199392
0.672102,199928
0.673008,200464
0.673914,201000
0.674819,201536
0.675725,202072
0.67663,202608
0.677517,203144
0.678422,203680
0.679328,204216
0.680234,204752
0.681139,205288
0.682045,205824
0.68295,206360
0.683856,206896
0.684762,207432
0.685667,207968
0.686573,208504
0.687517,209040
0.688403,209576
0.689309,210112
0.690214,210648
0.69112,211184
0.692026,211720
0.692931,212256
0.693837,212792
0.694742,213328
0.695648,213864
0.696554,214400
0.697459,214936
0.698346,215472
0.699691,129560
0.700163,129024
0.700597,128745
0.701069,128472
0.701502,128225
0.701974,127952
0.702408,127705
0.70288,127432
0.703314,127185
0.703786,126912
0.704219,126665
0.704691,126392
0.705125,126145
0.705597,125872
0.70603,125625
0.706502,125352
0.706974,125080
0.707861,124572
0.708294,124325
0.708766,124052
0.7092,123805
0.709672,123532
0.710106,123285
0.710578,123012
0.711011,122765
0.711483,122492
0.711917,122245
0.712389,121972
0.712822,121725
0.713294,121452
0.713728,121205
0.7142,120932
0.714634,120685
0.715106,120412
0.716011,119892
0.716917,119372
0.717389,119100
0.717803,118865
0.718275,118592
0.718709,118345
0.719181,118072
0.719614,117825
0.720086,117552
0.72052,117305
0.720992,117032
0.721426,116785
0.721898,116512
0.722331,116265
0.722803,115992
0.723709,115472
0.724614,114952
0.72552,114432
0.726426,113912
0.727331,113392
0.727803,113120
0.728218,112885
0.72869,112612
0.729123,112365
0.729595,112092
0.730029,111845
0.730501,111572
0.731406,111052
0.732312,110532
0.733218,110012
0.734123,109492
0.735029,108972
0.735934,108452
0.73684,107932
0.737312,107660
0.737726,107425
0.738198,107152
0.739104,106632
0.74001,106112
0.740915,105592
0.741821,105072
0.742726,104552
0.743632,104032
0.744538,103512
0.745443,102992
0.745877,102745
0.746349,102472
0.746782,102225
0.747254,101952
0.747726,101680
0.748613,101172
0.749518,100652
0.750424,100132
0.75133,99612
0.752235,99092
0.753141,98572
0.753574,98325
0.754046,98052
0.75448,97805
0.754952,97532
0.755386,97285
0.755858,97012
0.756291,96765
0.756763,96492
0.757197,96245
0.757669,95972
0.758141,95088
0.758555,94624
0.759027,94088
0.759461,93600
0.759933,93064
0.760366,92576
0.760838,92040
0.761272,91552
0.761744,91016
0.762178,90528
0.76265,89992
0.763083,89504
0.763555,88968
0.763989,88480
0.764461,87944
0.764894,87456
0.765366,86920
0.7658,86432
0.766272,85896
0.766706,85408
0.767178,84872
0.76765,84336
0.768064,83872
0.768536,83336
0.76897,82848
0.769442,82312
0.769875,81824
0.770347,81288
0.770781,80800
0.771253,80264
0.771686,79776
0.772158,79240
0.772592,78752
0.773064,78216
0.773498,77728
0.77397,77192
0.774403,76704
0.774875,76168
0.775309,75680
0.775781,75144
0.776214,74656
0.776686,74120
0.77712,73632
0.777592,73096
0.778064,72560
0.778478,72096
0.77895,71560
0.779384,71072
0.779856,70536
0.78029,70048
0.780762,69512
0.781195,69024
0.781667,68488
0.782101,68000
0.782573,67464
0.783006,66976
0.783478,66440
0.783912,65952
0.784384,65416
0.784818,64928
0.78529,64512
0.785723,64392
0.786195,63904
0.788006,63416
0.788912,62928
0.789818,62440
0.790723,61952
0.791629,61464
0.792534,60976
0.79344,60488
0.794346,60000
0.795251,59512
0.796157,59024
0.797062,58536
0.797968,58048
0.798446,57560
0.79888,57072
0.799352,56048
0.801163,55560
0.802069,55072
0.802974,54584
0.80388,54096
0.804786,53608
0.805691,53120
0.806597,52632
0.807502,52144
0.808408,51656
0.809314,51168
0.810219,50680
0.811125,50192
0.81203,49704
0.812936,49216
0.81337,48680
0.813835,9600
0.848285,64512
0.848285,64516
0.8888,64520
0.889744,64524
0.890688,64528
0.891632,64532
0.892576,64536
0.89352,64540
0.894464,64544
0.895408,64548
0.896352,64552
0.897296,64556
0.89824,64560
0.899184,64564
0.900128,64568
0.901072,64572
0.902016,64576
0.90296,64580
0.903904,64584
0.904848,64588
0.905792,64592
0.906736,64596
0.90768,64600
0.908624,64604
0.909568,64608
0.910512,64612
0.911456,64616
0.9124,64620
0.913344,64624
0.914288,64628
0.915232,64632
0.916176,64636
0.91712,64640
0.918064,64644
0.919008,64648
0.919952,64652
0.920896,64656
0.92184,64660
0.922784,64664
0.923728,64668
0.924672,64672
0.925616,64676
0.92656,64680
0.927504,64684
0.928448,64688
0.929392,64692
0.930336,64696
0.93128,64700
0.932224,64704
0.933168,64708
0.934112,64712
0.935056,64716
0.936,64720
0.936944,64724
0.937888,64728
0.938832,64732
0.939776,64736
0.94072,64740
0.941664,64744
0.942608,64748
0.943552,64752
0.944496,64756
0.94544,64760
0.946384,64764
0.947328,64768
0.948272,64772
0.949216,64776
0.95016,64780
0.951104,64784
0.952048,64788
0.952992,64792
0.953936,64796
0.95488,64800
0.955824,64804
0.956768,64808
0.957712,64812
0.958656,64816
0.9596,64820
0.960544,64824
0.961488,64828
0.962432,64832
0.963376,64836
0.96432,64840
0.965264,64844
0.966208,64848
0.967152,64852
0.968096,64856
0.96904,64860
0.969984,64864
0.970928,64868
0.971872,64872
0.972816,64876
0.97376,64880
0.974704,64884
0.975648,64888
0.976592,64892
0.977536,64896
0.97848,64900
0.979424,64904
0.980368,64908
0.981312,64912
0.982256,64916
0.9832,64920
0.984144,64924
0.985088,64928
0.986032,64932
0.986976,64936
0.98792,64940
0.988864,64944
0.989808,64948
0.990752,64952
0.991696,64956
0.99264,64960
0.993584,64964
0.994528,64968
0.995472,64972
0.996416,64976
0.99736,64980
0.998304,64984
0.999248,64988
1.00019,64992
1.00114,64996
1.00208,65000
1.00302,65004
1.00397,65008
1.00491,65012
1.00586,65016
1.0068,65020
1.00774,65024
1.00869,65028
1.00963,65032
1.01058,65036
1.01152,65040
1.01246,65044
1.01341,65048
1.01435,65052
1.0153,65056
1.01624,65060
1.01718,65064
1.01813,65068
1.01907,65072
1.02002,65076
1.02096,65080
1.0219,65084
1.02285,65088
1.02379,65092
1.02474,65096
1.02568,65100
1.02662,65104
1.02757,65108
1.02851,65112
1.02946,65116
1.0304,65120
1.03134,65124
1.03229,65128
1.03323,65132
1.03418,65136
1.03512,65140
1.03606,65144
1.03701,65148
1.03795,65152
1.0389,65156
1.03984,65160
1.04078,65164
1.04173,65168
1.04267,65172
1.04362,65176
1.04456,65180
1.0455,65184
1.04645,65188
1.04739,65192
1.04834,65196
1.04928,65200
1.05022,65204
1.05117,65208
1.05211,65212
1.05306,65216
1.054,65220
1.05494,65224
1.05589,65228
1.05683,65232
1.05778,65236
1.05872,65240
1.05966,65244
1.06061,65248
1.06155,65252
1.0625,65256
1.06344,65260
1.06438,65264
1.06533,65268
1.06627,65272
1.06722,65276
1.06816,65280
1.0691,65284
1.07005,65288
1.07099,65292
1.07194,65296
1.07288,65300
1.07382,65304
1.07477,65308
1.07571,65312
1.07666,65316
1.0776,65320
1.07854,65324
1.07949,65328
1.08043,65332
1.08138,65336
1.08232,65340
1.08326,65344
1.08421,65348
1.08515,65352
1.0861,65356
1.08704,65360
1.08798,65364
1.08893,65368
1.08987,65372
1.09082,65376
1.09176,65380
1.0927,65384
1.09365,65388
1.09459,65392
1.09554,65396
1.09648,65400
1.09742,65404
1.09837,65408
1.09931,65412
1.10026,65416
1.1012,65420
1.10214,65424
1.10309,65428
1.10403,65432
1.10498,65436
1.10592,65440
1.10686,65444
1.10781,65448
1.10875,65452
1.1097,65456
1.11064,65460
1.11158,65464
1.11253,65468
1.11347,65472
1.11442,65476
1.11536,65480
1.1163,65484
1.11725,65488
1.11819,65492
1.11914,65496
1.12008,65500
1.12102,65504
1.12197,65508
1.12291,65512
1.12386,65516
1.1248,65520
1.12574,65524
1.12669,65528
1.12763,65532
1.12858,65536
1.12952,65540
1.13046,65544
1.13141,65548
1.13235,65552
1.1333,65556
1.13424,65560
1.13518,65564
1.13613,65568
1.13707,65572
1.13802,65576
1.13896,65580
1.1399,65584
1.14085,65588
1.14179,65592
1.14274,65596
1.14368,65600
1.14462,65604
1.14557,65608
1.14651,65612
1.14746,65616
1.1484,65620
1.14934,65624
1.15029,65628
1.15123,65632
1.15218,65636
1.15312,65640
1.15406,65644
1.15501,65648
1.15595,65652
1.1569,65656
1.15784,65660
1.15878,65664
1.15973,65668
1.16067,65672
1.16162,65676
1.16256,65680
1.1635,65684
1.16445,65688
1.16539,65692
1.16634,65696
1.16728,65700
1.16822,65704
1.16917,65708
1.17011,65712
1.17106,65716
1.172,65720
1.17294,65724
1.17389,65728
1.17483,65732
1.17578,65736
1.17672,65740
1.17766,65744
1.17861,65748
1.17955,65752
1.1805,65756
1.18144,65760
1.18238,65764
1.18333,65768
1.18427,65772
1.18522,65776
1.18616,65780
1.1871,65784
1.18805,65788
1.18899,65792
1.18994,65796
1.19088,65800
1.19182,65804
1.19277,65808
1.19371,65812
1.19466,65816
1.1956,65820
1.19654,65824
1.19749,65828
1.19843,65832
1.19938,65836
1.20032,65840
1.20126,65844
1.20221,65848
1.20315,65852
1.2041,65856
1.20504,65860
1.20598,65864
1.20693,65868
1.20787,65872
1.20882,65876
1.20976,65880
1.2107,65884
1.21165,65888
1.21259,65892
1.21354,65896
1.21448,65900
1.21542,65904
1.21637,65908
1.21731,65912
1.21826,65916
1.2192,65920
1.22014,65924
1.22109,65928
1.22203,65932
1.22298,65936
1.22392,65940
1.22486,65944
1.22581,65948
1.22675,65952
1.2277,65956
1.22864,65960
1.22958,65964
1.23053,65968
1.23147,65972
1.23242,65976
1.23336,65980
1.2343,65984
1.23525,65988
1.23619,65992
1.23714,65996
1.23808,66000
1.23902,66004
1.23997,66008
1.24091,66012
1.24186,66016
1.2428,66020
1.24374,66024
1.24469,66028
1.24563,66032
1.24658,66036
1.24752,66040
1.24846,66044
1.24941,66048
1.25035,66052
1.2513,66056
1.25224,66060
1.25318,66064
1.25413,66068
1.25507,66072
1.25602,66076
1.25696,66080
1.2579,66084
1.25885,66088
1.25979,66092
1.26074,66096
1.26168,66100
1.26262,66104
1.26357,66108
1.26451,66112
1.26546,66116
1.2664,66120
1.26734,66124
1.26829,66128
1.26923,66132
1.27018,66136
1.27112,66140
1.27206,66144
1.27301,66148
1.27395,66152
1.2749,66156
1.27584,66160
1.27678,66164
1.27773,66168
1.27867,66172
1.27962,66176
1.28056,66180
1.2815,66184
1.28245,66188
1.28339,66192
1.28434,66196
1.28528,66200
1.28622,66204
1.28717,66208
1.28811,66212
1.28906,66216
1.29,66220
1.29094,66224
1.29189,66228
1.29283,66232
1.29378,66236
1.29472,66240
1.29566,66244
1.29661,66248
1.29755,66252
1.2985,66256
1.29944,66260
1.30038,66264
1.30133,66268
1.30227,66272
1.30322,66276
1.30416,66280
1.3051,66284
1.30605,66288
1.30699,66292
1.30794,66296
1.30888,66300
1.30982,66304
1.31077,66308
1.31171,66312
1.31266,66316
1.3136,66320
1.31454,66324
1.31549,66328
1.31643,66332
1.31738,66336
1.31832,66340
1.31926,66344
1.32021,66348
1.32115,66352
1.3221,66356
1.32304,66360
1.32398,66364
1.32493,66368
1.32587,66372
1.32682,66376
1.32776,66380
1.3287,66384
1.32965,66388
1.33059,66392
1.33154,66396
1.33248,66400
1.33342,66404
1.33437,66408
1.33531,66412
1.33626,66416
1.3372,66420
1.33814,66424
1.33909,66428
1.34003,66432
1.34098,66436
1.34192,66440
1.34286,66444
1.34381,66448
1.34475,66452
1.3457,66456
1.34664,66460
1.34758,66464
1.34853,66468
1.34947,66472
1.35042,66476
1.35136,66480
1.3523,66484
1.35325,66488
1.35419,66492
1.35514,66496
1.35608,66500
1.35702,66504
1.35797,66508
1.35891,66512
1.35986,66516
1.3608,66520
1.36174,66524
1.36269,66528
1.36363,66532
1.36458,66536
1.36552,66540
1.36646,66544
1.36741,66548
1.36835,66552
1.3693,66556
1.37024,66560
1.37118,66564
1.37213,66568
1.37307,66572
1.37402,66576
1.37496,66580
1.3759,66584
1.37685,66588
1.37779,66592
1.37874,66596
1.37968,66600
1.38062,66604
1.38157,66608
1.38251,66612
1.38346,66616
1.3844,66620
1.38534,66624
1.38629,66628
1.38723,66632
1.38818,66636
1.38912,66640
1.39006,66644
1.39101,66648
1.39195,66652
1.3929,66656
1.39384,66660
1.39478,66664
1.39573,66668
1.39667,66672
1.39762,66676
1.39856,66680
1.3995,66684
1.40045,66688
1.40139,66692
1.40234,66696
1.40328,66700
1.40422,66704
1.40517,66708
1.40611,66712
1.40706,66716
1.408,66720
1.40894,66724
1.40989,66728
1.41083,66732
1.41178,66736
1.41272,66740
1.41366,66744
1.41461,66748
1.41555,66752
1.4165,66756
1.41744,66760
1.41838,66764
1.41933,66768
1.42027,66772
1.42122,66776
1.42216,66780
1.4231,66784
1.42405,66788
1.42499,66792
1.42594,66796
1.42688,66800
1.42782,66804
1.42877,66808
1.42971,66812
1.43066,66816
1.4316,66820
1.43254,66824
1.43349,66828
1.43443,66832
1.43538,66836
1.43632,66840
1.43726,66844
1.43821,66848
1.43915,66852
1.4401,66856
1.44104,66860
1.44198,66864
1.44293,66868
1.44387,66872
1.44482,66876
1.44576,66880
1.4467,66884
1.44765,66888
1.44859,66892
1.44954,66896
1.45048,66900
1.45142,66904
1.45237,66908
1.45331,66912
1.45426,66916
1.4552,66920
1.45614,66924
1.45709,66928
1.45803,66932
1.45898,66936
1.45992,66940
1.46086,66944
1.46181,66948
1.46275,66952
1.4637,66956
1.46464,66960
1.46558,66964
1.46653,66968
1.46747,66972
1.46842,66976
1.46936,66980
1.4703,66984
1.47125,66988
1.47219,66992
1.47314,66996
1.47408,67000
1.47502,67004
1.47597,67008
1.47691,67012
1.47786,67016
1.4788,67020
1.47974,67024
1.48069,67028
1.48163,67032
1.48258,67036
1.48352,67040
1.48446,67044
1.48541,67048
1.48635,67052
1.4873,67056
1.48824,67060
1.48918,67064
1.49013,67068
1.49107,67072
1.49202,67076
1.49296,67080
1.4939,67084
1.49485,67088
1.49579,67092
1.49674,67096
1.49768,67100
1.49862,67104
1.49957,67108
1.50051,67112
1.50146,67116
1.5024,67120
1.50334,67124
1.50429,67128
1.50523,67132
1.50618,67136
1.50712,67140
1.50806,67144
1.50901,67148
1.50995,67152
1.5109,67156
1.51184,67160
1.51278,67164
1.51373,67168
1.51467,67172
1.51562,67176
1.51656,67180
1.5175,67184
1.51845,67188
1.51939,67192
1.52034,67196
1.52128,67200
1.52222,67204
1.52317,67208
1.52411,67212
1.52506,67216
1.526,67220
1.52694,67224
1.52789,67228
1.52883,67232
1.52978,67236
1.53072,67240
1.53166,67244
1.53261,67248
1.53355,67252
1.5345,67256
1.53544,67260
1.53638,67264
1.53733,67268
1.53827,67272
1.53922,67276
1.54016,67280
1.5411,67284
1.54205,67288
1.54299,67292
1.54394,67296
1.54488,67300
1.54582,67304
1.54677,67308
1.54771,67312
1.54866,67316
1.5496,67320
1.55054,67324
1.55149,67328
1.55243,67332
1.55338,67336
1.55432,67340
1.55526,67344
1.55621,67348
1.55715,67352
1.5581,67356
1.55904,67360
1.55998,67364
1.56093,67368
1.56187,67372
1.56282,67376
1.56376,67380
1.5647,67384
1.56565,67388
1.56659,67392
1.56754,67396
1.56848,67400
1.56942,67404
1.57037,67408
1.57131,67412
1.57226,67416
1.5732,67420
1.57414,67424
1.57509,67428
1.57603,67432
1.57698,67436
1.57792,67440
1.57886,67444
1.57981,67448
1.58075,67452
1.5817,67456
1.58264,67460
1.58358,67464
1.58453,67468
1.58547,67472
1.58642,67476
1.58736,67480
1.5883,67484
1.58925,67488
1.59019,67492
1.59114,67496
1.59208,67500
1.59302,67504
1.59397,67508
1.59491,67512
1.59586,67516
1.5968,67520
1.59774,67524
1.59869,67528
1.59963,67532
1.60058,67536
1.60152,67540
1.60246,67544
1.60341,67548
1.60435,67552
1.6053,67556
1.60624,67560
1.60718,67564
1.60813,67568
1.60907,67572
1.61002,67576
1.61096,67580
1.6119,67584
1.61285,67588
1.61379,67592
1.61474,67596
1.61568,67600
1.61662,67604
1.61757,67608
1.61851,67612
1.61946,67616
1.6204,67620
1.62134,67624
1.62229,67628
1.62323,67632
1.62418,67636
1.62512,67640
1.62606,67644
1.62701,67648
1.62795,67652
1.6289,67656
1.62984,67660
1.63078,67664
1.63173,67668
1.63267,67672
1.63362,67676
1.63456,67680
1.6355,67684
1.63645,67688
1.63739,67692
1.63834,67696
1.63928,67700
1.64022,67704
1.64117,67708
1.64211,67712
1.64306,67716
1.644,67720
1.64494,67724
1.64589,67728
1.64683,67732
1.64778,67736
1.64872,67740
1.64966,67744
1.65061,67748
1.65155,67752
1.6525,67756
1.65344,67760
1.65438,67764
1.65533,67768
1.65627,67772
1.65722,67776
1.65816,67780
1.6591,67784
1.66005,67788
1.66099,67792
1.66194,67796
1.66288,67800
1.66382,67804
1.66477,67808
1.66571,67812
1.66666,67816
1.6676,67820
1.66854,67824
1.66949,67828
1.67043,67832
1.67138,67836
1.67232,67840
1.67326,67844
1.67421,67848
1.67515,67852
1.6761,67856
1.67704,67860
1.67798,67864
1.67893,67868
1.67987,67872
1.68082,67876
1.68176,67880
1.6827,67884
1.68365,67888
1.68459,67892
1.68554,67896
1.68648,67900
1.68742,67904
1.68837,67908
1.68931,67912
1.69026,67916
1.6912,67920
1.69214,67924
1.69309,67928
1.69403,67932
1.69498,67936
1.69592,67940
1.69686,67944
1.69781,67948
1.69875,67952
1.6997,67956
1.70064,67960
1.70158,67964
1.70253,67968
1.70347,67972
1.70442,67976
1.70536,67980
1.7063,67984
1.70725,67988
1.70819,67992
1.70914,67996
1.71008,68000
1.71102,68004
1.71197,68008
1.71291,68012
1.71386,68016
1.7148,68020
1.71574,68024
1.71669,68028
1.71763,68032
1.71858,68036
1.71952,68040
1.72046,68044
1.72141,68048
1.72235,68052
1.7233,68056
1.72424,68060
1.72518,68064
1.72613,68068
1.72707,68072
1.72802,68076
1.72896,68080
1.7299,68084
1.73085,68088
1.73179,68092
1.73274,68096
1.73368,68100
1.73462,68104
1.73557,68108
1.73651,68112
1.73746,68116
1.7384,68120
1.73934,68124
1.74029,68128
1.74123,68132
1.74218,68136
1.74312,68140
1.74406,68144
1.74501,68148
1.74595,68152
1.7469,68156
1.74784,68160
1.74878,68164
1.74973,68168
1.75067,68172
1.75162,68176
1.75256,68180
1.7535,68184
1.75445,68188
1.75539,68192
1.75634,68196
1.75728,68200
1.75822,68204
1.75917,68208
1.76011,68212
1.76106,68216
1.762,68220
1.76294,68224
1.76389,68228
1.76483,68232
1.76578,68236
1.76672,68240
1.76766,68244
1.76861,68248
1.76955,68252
1.7705,68256
1.77144,68260
1.77238,68264
1.77333,68268
1.77427,68272
1.77522,68276
1.77616,68280
1.7771,68284
1.77805,68288
1.77899,68292
1.77994,68296
1.78088,68300
1.78182,68304
1.78277,68308
1.78371,68312
1.78466,68316
1.7856,68320
1.78654,68324
1.78749,68328
1.78843,68332
1.78938,68336
1.79032,68340
1.79126,68344
1.79221,68348
1.79315,68352
1.7941,68356
1.79504,68360
1.79598,68364
1.79693,68368
1.79787,68372
1.79882,68376
1.79976,68380
1.8007,68384
1.80165,68388
1.80259,68392
1.80354,68396
1.80448,68400
1.80542,68404
1.80637,68408
1.80731,68412
1.80826,68416
1.8092,68420
1.81014,68424
1.81109,68428
1.81203,68432
1.81298,68436
1.81392,68440
1.81486,68444
1.81581,68448
1.81675,68452
1.8177,68456
1.81864,68460
1.81958,68464
1.82053,68468
1.82147,68472
1.82242,68476
1.82336,68480
1.8243,68484
1.82525,68488
1.82619,68492
1.82714,68496
1.82808,68500
1.82902,68504
1.82997,68508
1.83091,68512
1.83186,68516
1.8328,68520
1.83374,68524
1.83469,68528
1.83563,68532
1.83658,68536
1.83752,68540
1.83846,68544
1.83941,68548
1.84035,68552
1.8413,68556
1.84224,68560
1.84318,68564
1.84413,68568
1.84507,68572
1.84602,68576
1.84696,68580
1.8479,68584
1.84885,68588
1.84979,68592
1.85074,68596
1.85168,68600
1.85262,68604
1.85357,68608
1.85451,68612
1.85546,68616
1.8564,68620
1.85734,68624
1.85829,68628
1.85923,68632
1.86018,68636
1.86112,68640
1.86206,68644
1.86301,68648
1.86395,68652
1.8649,68656
1.86584,68660
1.86678,68664
1.86773,68668
1.86867,68672
1.86962,68676
1.87056,68680
1.8715,68684
1.87245,68688
1.87339,68692
1.87434,68696
1.87528,68700
1.87622,68704
1.87717,68708
1.87811,68712
1.87906,68716
1.88,68720
1.88094,68724
1.88189,68728
1.88283,68732
1.88378,68736
1.88472,68740
1.88566,68744
1.88661,68748
1.88755,68752
1.8885,68756
1.88944,68760
1.89038,68764
1.89133,68768
1.89227,68772
1.89322,68776
1.89416,68780
1.8951,68784
1.89605,68788
1.89699,68792
1.89794,68796
1.89888,68800
1.89982,68804
1.90077,68808
1.90171,68812
1.90266,68816
1.9036,68820
1.90454,68824
1.90549,68828
1.90643,68832
1.90738,68836
1.90832,68840
1.90926,68844
1.91021,68848
1.91115,68852
1.9121,68856
1.91304,68860
1.91398,68864
1.91493,68868
1.91587,68872
1.91682,68876
1.91776,68880
1.9187,68884
1.91965,68888
1.92059,68892
1.92154,68896
1.92248,68900
1.92342,68904
1.92437,68908
1.92531,68912
1.92626,68916
1.9272,68920
1.92814,68924
1.92909,68928
1.93003,68932
1.93098,68936
1.93192,68940
1.93286,68944
1.93381,68948
1.93475,68952
1.9357,68956
1.93664,68960
1.93758,68964
1.93853,68968
1.93947,68972
1.94042,68976
1.94136,68980
1.9423,68984
1.94325,68988
1.94419,68992
1.94514,68996
1.94608,69000
1.94702,69004
1.94797,69008
1.94891,69012
1.94986,69016
1.9508,69020
1.95174,69024
1.95269,69028
1.95363,69032
1.95458,69036
1.95552,69040
1.95646,69044
1.95741,69048
1.95835,69052
1.9593,69056
1.96024,69060
1.96118,69064
1.96213,69068
1.96307,69072
1.96402,69076
1.96496,69080
1.9659,69084
1.96685,69088
1.96779,69092
1.96874,69096
1.96968,69100
1.97062,69104
1.97157,69108
1.97251,69112
1.97346,69116
1.9744,69120
1.97534,69124
1.97629,69128
1.97723,69132
1.97818,69136
1.97912,69140
1.98006,69144
1.98101,69148
1.98195,69152
1.9829,69156
1.98384,69160
1.98478,69164
1.98573,69168
1.98667,69172
1.98762,69176
1.98856,69180
1.9895,69184
1.99045,69188
1.99139,69192
1.99234,69196
1.99328,69200
1.99422,69204
1.99517,69208
1.99611,69212
1.99706,69216
1.998,69220
1.99894,69224
1.99989,69228
2.00083,69232
2.00178,69236
2.00272,69240
2.00366,69244
2.00461,69248
2.00555,69252
2.0065,69256
2.00744,69260
2.00838,69264
2.00933,69268
2.01027,69272
2.01122,69276
2.01216,69280
2.0131,69284
2.01405,69288
2.01499,69292
2.01594,69296
2.01688,69300
2.01782,69304
2.01877,69308
2.01971,69312
2.02066,69316
2.0216,69320
2.02254,69324
2.02349,69328
2.02443,69332
2.02538,69336
2.02632,69340
2.02726,69344
2.02821,69348
2.02915,69352
2.0301,69356
2.03104,69360
2.03198,69364
2.03293,69368
2.03387,69372
2.03482,69376
2.03576,69380
2.0367,69384
2.03765,69388
2.03859,69392
2.03954,69396
2.04048,69400
2.04142,69404
2.04237,69408
2.04331,69412
2.04426,69416
2.0452,69420
2.04614,69424
2.04709,69428
2.04803,69432
2.04898,69436
2.04992,69440
2.05086,69444
2.05181,69448
2.05275,69452
2.0537,69456
2.05464,69460
2.05558,69464
2.05653,69468
2.05747,69472
2.05842,69476
2.05936,69480
2.0603,69484
2.06125,69488
2.06219,69492
2.06314,69496
2.06408,69500
2.06502,69504
2.06597,69508
2.06691,69512
2.06786,69516
2.0688,69520
2.06974,69524
2.07069,69528
2.07163,69532
2.07258,69536
2.07352,69540
2.07446,69544
2.07541,69548
2.07635,69552
2.0773,69556
2.07824,69560
2.07918,69564
2.08013,69568
2.08107,69572
2.08202,69576
2.08296,69580
2.0839,69584
2.08485,69588
2.08579,69592
2.08674,69596
2.08768,69600
2.08862,69604
2.08957,69608
2.09051,69612
2.09146,69616
2.0924,69620
2.09334,69624
2.09429,69628
2.09523,69632
2.09618,69636
2.09712,69640
2.09806,69644
2.09901,69648
2.09995,69652
2.1009,69656
2.10184,69660
2.10278,69664
2.10373,69668
2.10467,69672
2.10562,69676
2.10656,69680
2.1075,69684
2.10845,69688
2.10939,69692
2.11034,69696
2.11128,69700
2.11222,69704
2.11317,69708
2.11411,69712
2.11506,69716
2.116,69720
2.11694,69724
2.11789,69728
2.11883,69732
2.11978,69736
2.12072,69740
2.12166,69744
2.12261,69748
2.12355,69752
2.1245,69756
2.12544,69760
2.12638,69764
2.12733,69768
2.12827,69772
2.12922,69776
2.13016,69780
2.1311,69784
2.13205,69788
2.13299,69792
2.13394,69796
2.13488,69800
2.13582,69804
2.13677,69808
2.13771,69812
2.13866,69816
2.1396,69820
2.14054,69824
2.14149,69828
2.14243,69832
2.14338,69836
2.14432,69840
2.14526,69844
2.14621,69848
2.14715,69852
2.1481,69856
2.14904,69860
2.14998,69864
2.15093,69868
2.15187,69872
2.15282,69876
2.15376,69880
2.1547,69884
2.15565,69888
2.15659,69892
2.15754,69896
2.15848,69900
2.15942,69904
2.16037,69908
2.16131,69912
2.16226,69916
2.1632,69920
2.16414,69924
2.16509,69928
2.16603,69932
2.16698,69936
2.16792,69940
2.16886,69944
2.16981,69948
2.17075,69952
2.1717,69956
2.17264,69960
2.17358,69964
2.17453,69968
2.17547,69972
2.17642,69976
2.17736,69980
2.1783,69984
2.17925,69988
2.18019,69992
2.18114,69996
2.18208,70000
2.18302,70004
2.18397,70008
2.18491,70012
2.18586,70016
2.1868,70020
2.18774,70024
2.18869,70028
2.18963,70032
2.19058,70036
2.19152,70040
2.19246,70044
2.19341,70048
2.19435,70052
2.1953,70056
2.19624,70060
2.19718,70064
2.19813,70068
2.19907,70072
2.20002,70076
2.20096,70080
2.2019,70084
2.20285,70088
2.20379,70092
2.20474,70096
2.20568,70100
2.20662,70104
2.20757,70108
2.20851,70112
2.20946,70116
2.2104,70120
2.21134,70124
2.21229,70128
2.21323,70132
2.21418,70136
2.21512,70140
2.21606,70144
2.21701,70148
2.21795,70152
2.2189,70156
2.21984,70160
2.22078,70164
2.22173,70168
2.22267,70172
2.22362,70176
2.22456,70180
2.2255,70184
2.22645,70188
2.22739,70192
2.22834,70196
2.22928,70200
2.23022,70204
2.23117,70208
2.23211,70212
2.23306,70216
2.234,70220
2.23494,70224
2.23589,70228
2.23683,70232
2.23778,70236
2.23872,70240
2.23966,70244
2.24061,70248
2.24155,70252
2.2425,70256
2.24344,70260
2.24438,70264
2.24533,70268
2.24627,70272
2.24722,70276
2.24816,70280
2.2491,70284
2.25005,70288
2.25099,70292
2.25194,70296
2.25288,70300
2.25382,70304
2.25477,70308
2.25571,70312
2.25666,70316
2.2576,70320
2.25854,70324
2.25949,70328
2.26043,70332
2.26138,70336
2.26232,70340
2.26326,70344
2.26421,70348
2.26515,70352
2.2661,70356
2.26704,70360
2.26798,70364
2.26893,70368
2.26987,70372
2.27082,70376
2.27176,70380
2.2727,70384
2.27365,70388
2.27459,70392
2.27554,70396
2.27648,70400
2.27742,70404
2.27837,70408
2.27931,70412
2.28026,70416
2.2812,70420
2.28214,70424
2.28309,70428
2.28403,70432
2.28498,70436
2.28592,70440
2.28686,70444
2.28781,70448
2.28875,70452
2.2897,70456
2.29064,70460
2.29158,70464
2.29253,70468
2.29347,70472
2.29442,70476
2.29536,70480
2.2963,70484
2.29725,70488
2.29819,70492
2.29914,70496
2.30008,70500
2.30102,70504
2.30197,70508
2.30291,70512
2.30386,70516
2.3048,70520
2.30574,70524
2.30669,70528
2.30763,70532
2.30858,70536
2.30952,70540
2.31046,70544
2.31141,70548
2.31235,70552
2.3133,70556
2.31424,70560
2.31518,70564
2.31613,70568
2.31707,70572
2.31802,70576
2.31896,70580
2.3199,70584
2.32085,70588
2.32179,70592
2.32274,70596
2.32368,70600
2.32462,70604
2.32557,70608
2.32651,70612
2.32746,70616
2.3284,70620
2.32934,70624
2.33029,70628
2.33123,70632
2.33218,70636
2.33312,70640
2.33406,70644
2.33501,70648
2.33595,70652
2.3369,70656
2.33784,70660
2.33878,70664
2.33973,70668
2.34067,70672
2.34162,70676
2.34256,70680
2.3435,70684
2.34445,70688
2.34539,70692
2.34634,70696
2.34728,70700
2.34822,70704
2.34917,70708
2.35011,70712
2.35106,70716
2.352,70720
2.35294,70724
2.35389,70728
2.35483,70732
2.35578,70736
2.35672,70740
2.35766,70744
2.35861,70748
2.35955,70752
2.3605,70756
2.36144,70760
2.36238,70764
2.36333,70768
2.36427,70772
2.36522,70776
2.36616,70780
2.3671,70784
2.36805,70788
2.36899,70792
2.36994,70796
2.37088,70800
2.37182,70804
2.37277,70808
2.37371,70812
2.37466,70816
2.3756,70820
2.37654,70824
2.37749,70828
2.37843,70832
2.37938,70836
2.38032,70840
2.38126,70844
2.38221,70848
2.38315,70852
2.3841,70856
2.38504,70860
2.38598,70864
2.38693,70868
2.38787,70872
2.38882,70876
2.38976,70880
2.3907,70884
2.39165,70888
2.39259,70892
2.39354,70896
2.39448,70900
2.39542,70904
2.39637,70908
2.39731,70912
2.39826,70916
2.3992,70920
2.40014,70924
2.40109,70928
2.40203,70932
2.40298,70936
2.40392,70940
2.40486,70944
2.40581,70948
2.40675,70952
2.4077,70956
2.40864,70960
2.40958,70964
2.41053,70968
2.41147,70972
2.41242,70976
2.41336,70980
2.4143,70984
2.41525,70988
2.41619,70992
2.41714,70996
2.41808,71000
2.41902,71004
2.41997,71008
2.42091,71012
2.42186,71016
2.4228,71020
2.42374,71024
2.42469,71028
2.42563,71032
2.42658,71036
2.42752,71040
2.42846,71044
2.42941,71048
2.43035,71052
2.4313,71056
2.43224,71060
2.43318,71064
2.43413,71068
2.43507,71072
2.43602,71076
2.43696,71080
2.4379,71084
2.43885,71088
2.43979,71092
2.44074,71096
2.44168,71100
2.44262,71104
2.44357,71108
2.44451,71112
2.44546,71116
2.4464,71120
2.44734,71124
2.44829,71128
2.44923,71132
2.45018,71136
2.45112,71140
2.45206,71144
2.45301,71148
2.45395,71152
2.4549,71156
2.45584,71160
2.45678,71164
2.45773,71168
2.45867,71172
2.45962,71176
2.46056,71180
2.4615,71184
2.46245,71188
2.46339,71192
2.46434,71196
2.46528,71200
2.46622,71204
2.46717,71208
2.46811,71212
2.46906,71216
2.47,71220
2.47094,71224
2.47189,71228
2.47283,71232
2.47378,71236
2.47472,71240
2.47566,71244
2.47661,71248
2.47755,71252
2.4785,71256
2.47944,71260
2.48038,71264
2.48133,71268
2.48227,71272
2.48322,71276
2.48416,71280
2.4851,71284
2.48605,71288
2.48699,71292
2.48794,71296
2.48888,71300
2.48982,71304
2.49077,71308
2.49171,71312
2.49266,71316
2.4936,71320
2.49454,71324
2.49549,71328
2.49643,71332
2.49738,71336
2.49832,71340
2.49926,71344
2.50021,71348
2.50115,71352
2.5021,71356
2.50304,71360
2.50398,71364
2.50493,71368
2.50587,71372
2.50682,71376
2.50776,71380
2.5087,71384
2.50965,71388
2.51059,71392
2.51154,71396
2.51248,71400
2.51342,71404
2.51437,71408
2.51531,71412
2.51626,71416
2.5172,71420
2.51814,71424
2.51909,71428
2.52003,71432
2.52098,71436
2.52192,71440
2.52286,71444
2.52381,71448
2.52475,71452
2.5257,71456
2.52664,71460
2.52758,71464
2.52853,71468
2.52947,71472
2.53042,71476
2.53136,71480
2.5323,71484
2.53325,71488
2.53419,71492
2.53514,71496
2.53608,71500
2.53702,71504
2.53797,71508
2.53891,71512
2.53986,71516
2.5408,71520
2.54174,71524
2.54269,71528
2.54363,71532
2.54458,71536
2.54552,71540
2.54646,71544
2.54741,71548
2.54835,71552
2.5493,71556
2.55024,71560
2.55118,71564
2.55213,71568
2.55307,71572
2.55402,71576
2.55496,71580
2.5559,71584
2.55685,71588
2.55779,71592
2.55874,71596
2.55968,71600
2.56062,71604
2.56157,71608
2.56251,71612
2.56346,71616
2.5644,71620
2.56534,71624
2.56629,71628
2.56723,71632
2.56818,71636
2.56912,71640
2.57006,71644
2.57101,71648
2.57195,71652
2.5729,71656
2.57384,71660
2.57478,71664
2.57573,71668
2.57667,71672
2.57762,71676
2.57856,71680
2.5795,71684
2.58045,71688
2.58139,71692
2.58234,71696
2.58328,71700
2.58422,71704
2.58517,71708
2.58611,71712
2.58706,71716
2.588,71720
2.58894,71724
2.58989,71728
2.59083,71732
2.59178,71736
2.59272,71740
2.59366,71744
2.59461,71748
2.59555,71752
2.5965,71756
2.59744,71760
2.59838,71764
2.59933,71768
2.60027,71772
2.60122,71776
2.60216,71780
2.6031,71784
2.60405,71788
2.60499,71792
2.60594,71796
2.60688,71800
2.60782,71804
2.60877,71808
2.60971,71812
2.61066,71816
2.6116,71820
2.61254,71824
2.61349,71828
2.61443,71831
2.61538,71834
2.61632,71837
2.61726,71840
2.61821,71843
2.61915,71846
2.6201,71849
2.62104,71852
2.62198,71855
2.62293,71858
2.62387,71861
2.62482,71864
2.62576,71867
2.6267,71870
2.62765,71873
2.62859,71876
2.62954,71879
2.63048,71882
2.63142,71885
2.63237,71888
2.63331,71891
2.63426,71894
2.6352,71897
2.63614,71900
2.63709,71903
2.63803,71906
2.63898,71909
2.63992,71912
2.64086,71915
2.64181,71918
2.64275,71921
2.6437,71924
2.64464,71927
2.64558,71930
2.64653,71933
2.64747,71936
2.64842,71939
2.64936,71942
2.6503,71945
2.65125,71948
2.65219,71951
2.65314,71954
2.65408,71957
2.65502,71960
2.65597,71963
2.65691,71966
2.65786,71969
2.6588,71972
2.65974,71975
2.66069,71978
2.66163,71981
2.66258,71984
2.66352,71987
2.66446,71990
2.66541,71993
2.66635,71996
2.6673,71999
2.66824,72002
2.66918,72005
2.67013,72008
2.67107,72011
2.67202,72014
2.67296,72017
2.6739,72020
2.67485,72023
2.67579,72026
2.67674,72029
2.67768,72032
2.67862,72035
2.67957,72038
2.68051,72041
2.68146,72044
2.6824,72047
2.68334,72050
2.68429,72053
2.68523,72056
2.68618,72059
2.68712,72062
2.68806,72065
2.68901,72068
2.68995,72071
2.6909,72074
2.69184,72077
2.69278,72080
2.69373,72083
2.69467,72086
2.69562,72089
2.69656,72092
2.6975,72095
2.69845,72098
2.69939,72101
2.70034,72104
2.70128,72107
2.70222,72110
2.70317,72113
2.70411,72116
2.70506,72119
2.706,72122
2.70694,72125
2.70789,72128
2.70883,72131
2.70978,72134
2.71072,72137
2.71166,72140
2.71261,72143
2.71355,72146
2.7145,72149
2.71544,72152
2.71638,72155
2.71733,72158
2.71827,72161
2.71922,72164
2.72016,72167
2.7211,72170
2.72205,72173
2.72299,72176
2.72394,72179
2.72488,72182
2.72582,72185
2.72677,72188
2.72771,72191
2.72866,72194
2.7296,72197
2.73054,72200
2.73149,72203
2.73243,72206
2.73338,72209
2.73432,72212
2.73526,72215
2.73621,72218
2.73715,72221
2.7381,72224
2.73904,72227
2.73998,72230
2.74093,72233
2.74187,72236
2.74282,72239
2.74376,72242
2.7447,72245
2.74565,72248
2.74659,72251
2.74754,72254
2.74848,72257
2.74942,72260
2.75037,72263
2.75131,72266
2.75226,72269
2.7532,72272
2.75414,72275
2.75509,72278
2.75603,72281
2.75698,72284
2.75792,72287
2.75886,72290
2.75981,72293
2.76075,72296
2.7617,72299
2.76264,72302
2.76358,72305
2.76453,72308
2.76547,72311
2.76642,72314
2.76736,72317
2.7683,72320
2.76925,72323
2.77019,72326
2.77114,72329
2.77208,72332
2.77302,72335
2.77397,72338
2.77491,72341
2.77586,72344
2.7768,72347
2.77774,72350
2.77869,72353
2.77963,72356
2.78058,72359
2.78152,72362
2.78246,72365
2.78341,72368
2.78435,72371
2.7853,72374
2.78624,72377
2.78718,72380
2.78813,72383
2.78907,72386
2.79002,72389
2.79096,72392
2.7919,72395
2.79285,72398
2.79379,72401
2.79474,72404
2.79568,72407
2.79662,72410
2.79757,72413
2.79851,72416
2.79946,72419
2.8004,72422
2.80134,72425
2.80229,72428
2.80323,72431
2.80418,72434
2.80512,72437
2.80606,72440
2.80701,72443
2.80795,72446
2.8089,72449
2.80984,72452
2.81078,72455
2.81173,72458
2.81267,72461
2.81362,72464
2.81456,72467
2.8155,72470
2.81645,72473
2.81739,72476
2.81834,72479
2.81928,72482
2.82022,72485
2.82117,72488
2.82211,72491
2.82306,72494
2.824,72497
2.82494,72500
2.82589,72503
2.82683,72506
2.82778,72509
2.82872,72512
2.82966,72515
2.83061,72518
2.83155,72521
2.8325,72524
2.83344,72527
2.83438,72530
2.83533,72533
2.83627,72536
2.83722,72539
2.83816,72542
2.8391,72545
2.84005,72548
2.84099,72551
2.84194,72554
2.84288,72557
2.84382,72560
2.84477,72563
2.84571,72566
2.84666,72569
2.8476,72572
2.84854,72575
2.84949,72578
2.85043,72581
2.85138,72584
2.85232,72587
2.85326,72590
2.85421,72593
2.85515,72596
2.8561,72599
2.85704,72602
2.85798,72605
2.85893,72608
2.85987,72611
2.86082,72614
2.86176,72617
2.8627,72620
2.86365,72623
2.86459,72626
2.86554,72629
2.86648,72632
2.86742,72635
2.86837,72638
2.86931,72641
2.87026,72644
2.8712,72647
2.87214,72650
2.87309,72653
2.87403,72656
2.87498,72659
2.87592,72662
2.87686,72665
2.87781,72668
2.87875,72671
2.8797,72674
2.88064,72677
2.88158,72680
2.88253,72683
2.88347,72686
2.88442,72689
2.88536,72692
2.8863,72695
2.88725,72698
2.88819,72701
2.88914,72704
2.89008,72707
2.89102,72710
2.89197,72713
2.89291,72716
2.89386,72719
2.8948,72722
2.89574,72725
2.89669,72728
2.89763,72731
2.89858,72734
2.89952,72737
2.90046,72740
2.90141,72743
2.90235,72746
2.9033,72749
2.90424,72752
2.90518,72755
2.90613,72758
2.90707,72761
2.90802,72764
2.90896,72767
2.9099,72770
2.91085,72773
2.91179,72776
2.91274,72779
2.91368,72782
2.91462,72785
2.91557,72788
2.91651,72791
2.91746,72794
2.9184,72797
2.91934,72800
2.92029,72803
2.92123,72806
2.92218,72809
2.92312,72812
2.92406,72815
2.92501,72818
2.92595,72821
2.9269,72824
2.92784,72827
2.92878,72830
2.92973,72833
2.93067,72836
2.93162,72839
2.93256,72842
2.9335,72845
2.93445,72848
2.93539,72851
2.93634,72854
2.93728,72857
2.93822,72860
2.93917,72863
2.94011,72866
2.94106,72869
2.942,72872
2.94294,72875
2.94389,72878
2.94483,72881
2.94578,72884
2.94672,72887
2.94766,72890
2.94861,72893
2.94955,72896
2.9505,72899
2.95144,72902
2.95238,72905
2.95333,72908
2.95427,72911
2.95522,72914
2.95616,72917
2.9571,72920
2.95805,72923
2.95899,72926
2.95994,72929
2.96088,72932
2.96182,72935
2.96277,72938
2.96371,72941
2.96466,72944
2.9656,72947
2.96654,72950
2.96749,72953
2.96843,72956
2.96938,72959
2.97032,72962
2.97126,72965
2.97221,72968
2.97315,72971
2.9741,72974
2.97504,72977
2.97598,72980
2.97693,72983
2.97787,72986
2.97882,72989
2.97976,72992
2.9807,72995
2.98165,72998
2.98259,73001
2.98354,73004
2.98448,73007
2.98542,73010
2.98637,73013
2.98731,73016
2.98826,73019
2.9892,73022
2.99014,73025
2.99109,73028
2.99203,73031
2.99298,73034
2.99392,73037
2.99486,73040
2.99581,73043
2.99675,73046
2.9977,73049
2.99864,73052
2.99958,73055
3.00053,73058
3.00147,73061
3.00242,73064
3.00336,73067
3.0043,73070
3.00525,73073
3.00619,73076
3.00714,73079
3.00808,73082
3.00902,73085
3.00997,73088
3.01091,73091
3.01186,73094
3.0128,73097
3.01374,73100
3.01469,73103
3.01563,73106
3.01658,73109
3.01752,73112
3.01846,73115
3.01941,73118
3.02035,73121
3.0213,73124
3.02224,73127
3.02318,73130
3.02413,73133
3.02507,73136
3.02602,73139
3.02696,73142
3.0279,73145
3.02885,73148
3.02979,73151
3.03074,73154
3.03168,73157
3.03262,73160
3.03357,73163
3.03451,73166
3.03546,73169
3.0364,73172
3.03734,73175
3.03829,73178
3.03923,73181
3.04018,73184
3.04112,73187
3.04206,73190
3.04301,73193
3.04395,73196
3.0449,73199
3.04584,73202
3.04678,73205
3.04773,73208
3.04867,73211
3.04962,73214
3.05056,73217
3.0515,73220
3.05245,73223
3.05339,73226
3.05434,73229
3.05528,73232
3.05622,73235
3.05717,73238
3.05811,73241
3.05906,73244
3.06,73247
3.06094,73250
3.06189,73253
3.06283,73256
3.06378,73259
3.06472,73262
3.06566,73265
3.06661,73268
3.06755,73271
3.0685,73274
3.06944,73277
3.07038,73280
3.07133,73283
3.07227,73286
3.07322,73289
3.07416,73292
3.0751,73295
3.07605,73298
3.07699,73301
3.07794,73304
3.07888,73307
3.07982,73310
3.08077,73313
3.08171,73316
3.08266,73319
3.0836,73322
3.08454,73325
3.08549,73328
3.08643,73331
3.08738,73334
3.08832,73337
3.08926,73340
3.09021,73343
3.09115,73346
3.0921,73349
3.09304,73352
3.09398,73355
3.09493,73358
3.09587,73361
3.09682,73364
3.09776,73367
3.0987,73370
3.09965,73373
3.10059,73376
3.10154,73379
3.10248,73382
3.10342,73385
3.10437,73388
3.10531,73391
3.10626,73394
3.1072,73397
3.10814,73400
3.10909,73403
3.11003,73406
3.11098,73409
3.11192,73412
3.11286,73415
3.11381,73418
3.11475,73421
3.1157,73424
3.11664,73427
3.11758,73430
3.11853,73433
3.11947,73436
3.12042,73439
3.12136,73442
3.1223,73445
3.12325,73448
3.12419,73451
3.12514,73454
3.12608,73457
3.12702,73460
3.12797,73463
3.12891,73466
3.12986,73469
3.1308,73472
3.13174,73475
3.13269,73478
3.13363,73481
3.13458,73484
3.13552,73487
3.13646,73490
3.13741,73493
3.13835,73496
3.1393,73499
3.14024,73502
3.14118,73505
3.14213,73508
3.14307,73511
3.14402,73514
3.14496,73517
3.1459,73520
3.14685,73523
3.14779,73526
3.14874,73529
3.14968,73532
3.15062,73535
3.15157,73538
3.15251,73541
3.15346,73544
3.1544,73547
3.15534,73550
3.15629,73553
3.15723,73556
3.15818,73559
3.15912,73562
3.16006,73565
3.16101,73568
3.16195,73571
3.1629,73574
3.16384,73577
3.16478,73580
3.16573,73583
3.16667,73586
3.16762,73589
3.16856,73592
3.1695,73595
3.17045,73598
3.17139,73601
3.17234,73604
3.17328,73607
3.17422,73610
3.17517,73613
3.17611,73616
3.17706,73619
3.178,73622
3.17894,73625
3.17989,73628
3.18083,73631
3.18178,73634
3.18272,73637
3.18366,73640
3.18461,73643
3.18555,73646
3.1865,73649
3.18744,73652
3.18838,73655
3.18933,73658
3.19027,73661
3.19122,73664
3.19216,73667
3.1931,73670
3.19405,73673
3.19499,73676
3.19594,73679
3.19688,73682
3.19782,73685
3.19877,73688
3.19971,73691
3.20066,73694
3.2016,73697
3.20254,73700
3.20349,73703
3.20443,73706
3.20538,73709
3.20632,73712
3.20726,73715
3.20821,73718
3.20915,73721
3.2101,73724
3.21104,73727
3.21198,73730
3.21293,73733
3.21387,73736
3.21482,73739
3.21576,73742
3.2167,73745
3.21765,73748
3.21859,73751
3.21954,73754
3.22048,73757
3.22142,73760
3.22237,73763
3.22331,73766
3.22426,73769
3.2252,73772
3.22614,73775
3.22709,73778
3.22803,73781
3.22898,73784
3.22992,73787
3.23086,73790
3.23181,73793
3.23275,73796
3.2337,73799
3.23464,73802
3.23558,73805
3.23653,73808
3.23747,73811
3.23842,73814
3.23936,73817
3.2403,73820
3.24125,73823
3.24219,73826
3.24314,73829
3.24408,73832
3.24502,73835
3.24597,73838
3.24691,73841
3.24786,73844
3.2488,73847
3.24974,73850
3.25069,73853
3.25163,73856
3.25258,73859
3.25352,73862
3.25446,73865
3.25541,73868
3.25635,73871
3.2573,73874
3.25824,73877
3.25918,73880
3.26013,73883
3.26107,73886
3.26202,73889
3.26296,73892
3.2639,73895
3.26485,73898
3.26579,73901
3.26674,73904
3.26768,73907
3.26862,73910
3.26957,73913
3.27051,73916
3.27146,73919
3.2724,73922
3.27334,73925
3.27429,73928
3.27523,73931
3.27618,73934
3.27712,73937
3.27806,73940
3.27901,73943
3.27995,73946
3.2809,73949
3.28184,73952
3.28278,73955
3.28373,73958
3.28467,73961
3.28562,73964
3.28656,73967
3.2875,73970
3.28845,73973
3.28939,73976
3.29034,73979
3.29128,73982
3.29222,73985
3.29317,73988
3.29411,73991
3.29506,73994
3.296,73997
3.29694,74000
3.29789,74003
3.29883,74006
3.29978,74009
3.30072,74012
3.30166,74015
3.30261,74018
3.30355,74021
3.3045,74024
3.30544,74027
3.30638,74030
3.30733,74033
3.30827,74036
3.30922,74039
3.31016,74042
3.3111,74045
3.31205,74048
3.31299,74051
3.31394,74054
3.31488,74057
3.31582,74060
3.31677,74063
3.31771,74066
3.31866,74069
3.3196,74072
3.32054,74075
3.32149,74078
3.32243,74081
3.32338,74084
3.32432,74087
3.32526,74090
3.32621,74093
3.32715,74096
3.3281,74099
3.32904,74102
3.32998,74105
3.33093,74108
3.33187,74111
3.33282,74114
3.33376,74117
3.3347,74120
3.33565,74123
3.33659,74126
3.33754,74129
3.33848,74132
3.33942,74135
3.34037,74138
3.34131,74141
3.34226,74144
3.3432,74147
3.34414,74150
3.34509,74153
3.34603,74156
3.34698,74159
3.34792,74162
3.34886,74165
3.34981,74168
3.35075,74171
3.3517,74174
3.35264,74177
3.35358,74180
3.35453,74183
3.35547,74186
3.35642,74189
3.35736,74192
3.3583,74195
3.35925,74198
3.36019,74201
3.36114,74204
3.36208,74207
3.36302,74210
3.36397,74213
3.36491,74216
3.36586,74219
3.3668,74222
3.36774,74225
3.36869,74228
3.36963,74231
3.37058,74234
3.37152,74237
3.37246,74240
3.37341,74243
3.37435,74246
3.3753,74249
3.37624,74252
3.37718,74255
3.37813,74258
3.37907,74261
3.38002,74264
3.38096,74267
3.3819,74270
3.38285,74273
3.38379,74276
3.38474,74279
3.38568,74282
3.38662,74285
3.38757,74288
3.38851,74291
3.38946,74294
3.3904,74297
3.39134,74300
3.39229,74303
3.39323,74306
3.39418,74309
3.39512,74312
3.39606,74315
3.39701,74318
3.39795,74321
3.3989,74324
3.39984,74327
3.40078,74330
3.40173,74333
3.40267,74336
3.40362,74339
3.40456,74342
3.4055,74345
3.40645,74348
3.40739,74351
3.40834,74354
3.40928,74357
3.41022,74360
3.41117,74363
3.41211,74366
3.41306,74369
3.414,74372
3.41494,74375
3.41589,74378
3.41683,74381
3.41778,74384
3.41872,74387
3.41966,74390
3.42061,74393
3.42155,74396
3.4225,74399
3.42344,74402
3.42438,74405
3.42533,74408
3.42627,74411
3.42722,74414
3.42816,74417
3.4291,74420
3.43005,74423
3.43099,74426
3.43194,74429
3.43288,74432
3.43382,74435
3.43477,74438
3.43571,74441
3.43666,74444
3.4376,74447
3.43854,74450
3.43949,74453
3.44043,74456
3.44138,74459
3.44232,74462
3.44326,74465
3.44421,74468
3.44515,74471
3.4461,74474
3.44704,74477
3.44798,74480
3.44893,74483
3.44987,74486
3.45082,74489
3.45176,74492
3.4527,74495
3.45365,74498
3.45459,74501
3.45554,74504
3.45648,74507
3.45742,74510
3.45837,74513
3.45931,74516
3.46026,74519
3.4612,74522
3.46214,74525
3.46309,74528
3.46403,74531
3.46498,74534
3.46592,74537
3.46686,74540
3.46781,74543
3.46875,74546
3.4697,74549
3.47064,74552
3.47158,74555
3.47253,74558
3.47347,74561
3.47442,74564
3.47536,74567
3.4763,74570
3.47725,74573
3.47819,74576
3.47914,74579
3.48008,74582
3.48102,74585
3.48197,74588
3.48291,74591
3.48386,74594
3.4848,74597
3.48574,74600
3.48669,74603
3.48763,74606
3.48858,74609
3.48952,74612
3.49046,74615
3.49141,74618
3.49235,74621
3.4933,74624
3.49424,74627
3.49518,74630
3.49613,74633
3.49707,74636
3.49802,74639
3.49896,74642
3.4999,74645
3.50085,74648
3.50179,74651
3.50274,74654
3.50368,74657
3.50462,74660
3.50557,74663
3.50651,74666
3.50746,74669
3.5084,74672
3.50934,74675
3.51029,74678
3.51123,74681
3.51218,74684
3.51312,74687
3.51406,74690
3.51501,74693
3.51595,74696
3.5169,74699
3.51784,74702
3.51878,74705
3.51973,74708
3.52067,74711
3.52162,74714
3.52256,74717
3.5235,74720
3.52445,74723
3.52539,74726
3.52634,74729
3.52728,74732
3.52822,74735
3.52917,74738
3.53011,74741
3.53106,74744
3.532,74747
3.53294,74750
3.53389,74753
3.53483,74756
3.53578,74759
3.53672,74762
3.53766,74765
3.53861,74768
3.53955,74771
3.5405,74774
3.54144,74777
3.54238,74780
3.54333,74783
3.54427,74786
3.54522,74789
3.54616,74792
3.5471,74795
3.54805,74798
3.54899,74801
3.54994,74804
3.55088,74807
3.55182,74810
3.55277,74813
3.55371,74816
3.55466,74819
3.5556,74822
3.55654,74825
3.55749,74828
3.55843,74831
3.55938,74834
3.56032,74837
3.56126,74840
3.56221,74843
3.56315,74846
3.5641,74849
3.56504,74852
3.56598,74855
3.56693,74858
3.56787,74861
3.56882,74864
3.56976,74867
3.5707,74870
3.57165,74873
3.57259,74876
3.57354,74879
3.57448,74882
3.57542,74885
3.57637,74888
3.57731,74891
3.57826,74894
3.5792,74897
3.58014,74900
3.58109,74903
3.58203,74906
3.58298,74909
3.58392,74912
3.58486,74915
3.58581,74918
3.58675,74921
3.5877,74924
3.58864,74927
3.58958,74930
3.59053,74933
3.59147,74936
3.59242,74939
3.59336,74942
3.5943,74945
3.59525,74948
3.59619,74951
3.59714,74954
3.59808,74957
3.59902,74960
3.59997,74963
3.60091,74966
3.60186,74969
3.6028,74972
3.60374,74975
3.60469,74978
3.60563,74981
3.60658,74984
3.60752,74987
3.60846,74990
3.60941,74993
3.61035,74996
3.6113,74999
3.61224,75002
3.61318,75005
3.61413,75008
3.61507,75011
3.61602,75014
3.61696,75017
3.6179,75020
3.61885,75023
3.61979,75026
3.62074,75029
3.62168,75032
3.62262,75035
3.62357,75038
3.62451,75041
3.62546,75044
3.6264,75047
3.62734,75050
3.62829,75053
3.62923,75056
3.63018,75059
3.63112,75062
3.63206,75065
3.63301,75068
3.63395,75071
3.6349,75074
3.63584,75077
3.63678,75080
3.63773,75083
3.63867,75086
3.63962,75089
3.64056,75092
3.6415,75095
3.64245,75098
3.64339,75101
3.64434,75104
3.64528,75107
3.64622,75110
3.64717,75113
3.64811,75116
3.64906,75119
3.65,75122
3.65094,75125
3.65189,75128
3.65283,75131
3.65378,75134
3.65472,75137
3.65566,75140
3.65661,75143
3.65755,75146
3.6585,75149
3.65944,75152
3.66038,75155
3.66133,75158
3.66227,75161
3.66322,75164
3.66416,75167
3.6651,75170
3.66605,75173
3.66699,75176
3.66794,75179
3.66888,75182
3.66982,75185
3.67077,75188
3.67171,75191
3.67266,75194
3.6736,75197
3.67454,75200
3.67549,75203
3.67643,75206
3.67738,75209
3.67832,75212
3.67926,75215
3.68021,75218
3.68115,75221
3.6821,75224
3.68304,75227
3.68398,75230
3.68493,75233
3.68587,75236
3.68682,75239
3.68776,75242
3.6887,75245
3.68965,75248
3.69059,75251
3.69154,75254
3.69248,75257
3.69342,75260
3.69437,75263
3.69531,75266
3.69626,75269
3.6972,75272
3.69814,75275
3.69909,75278
3.70003,75281
3.70098,75284
3.70192,75287
3.70286,75290
3.70381,75293
3.70475,75296
3.7057,75299
3.70664,75302
3.70758,75305
3.70853,75308
3.70947,75311
3.71042,75314
3.71136,75317
3.7123,75320
3.71325,75323
3.71419,75326
3.71514,75329
3.71608,75332
3.71702,75335
3.71797,75338
3.71891,75341
3.71986,75344
3.7208,75347
3.72174,75350
3.72269,75353
3.72363,75356
3.72458,75359
3.72552,75362
3.72646,75365
3.72741,75368
3.72835,75371
3.7293,75374
3.73024,75377
3.73118,75380
3.73213,75383
3.73307,75386
3.73402,75389
3.73496,75392
3.7359,75395
3.73685,75398
3.73779,75401
3.73874,75404
3.73968,75407
3.74062,75410
3.74157,75413
3.74251,75416
3.74346,75419
3.7444,75422
3.74534,75425
3.74629,75428
3.74723,75431
3.74818,75434
3.74912,75437
3.75006,75440
3.75101,75443
3.75195,75446
3.7529,75449
3.75384,75452
3.75478,75455
3.75573,75458
3.75667,75461
3.75762,75464
3.75856,75467
3.7595,75470
3.76045,75473
3.76139,75476
3.76234,75479
3.76328,75482
3.76422,75485
3.76517,75488
3.76611,75491
3.76706,75494
3.768,75497
3.76894,75500
3.76989,75503
3.77083,75506
3.77178,75509
3.77272,75512
3.77366,75515
3.77461,75518
3.77555,75521
3.7765,75524
3.77744,75527
3.77838,75530
3.77933,75533
3.78027,75536
3.78122,75539
3.78216,75542
3.7831,75545
3.78405,75548
3.78499,75551
3.78594,75554
3.78688,75557
3.78782,75560
3.78877,75563
3.78971,75566
3.79066,75569
3.7916,75572
3.79254,75575
3.79349,75578
3.79443,75581
3.79538,75584
3.79632,75587
3.79726,75590
3.79821,75593
3.79915,75596
3.8001,75599
3.80104,75602
3.80198,75605
3.80293,75608
3.80387,75611
3.80482,75614
3.80576,75617
3.8067,75620
3.80765,75623
3.80859,75626
3.80954,75629
3.81048,75632
3.81142,75635
3.81237,75638
3.81331,75641
3.81426,75644
3.8152,75647
3.81614,75650
3.81709,75653
3.81803,75656
3.81898,75659
3.81992,75662
3.82086,75665
3.82181,75668
3.82275,75671
3.8237,75674
3.82464,75677
3.82558,75680
3.82653,75683
3.82747,75686
3.82842,75689
3.82936,75692
3.8303,75695
3.83125,75698
3.83219,75701
3.83314,75704
3.83408,75707
3.83502,75710
3.83597,75713
3.83691,75716
3.83786,75719
3.8388,75722
3.83974,75725
3.84069,75728
3.84163,75731
3.84258,75734
3.84352,75737
3.84446,75740
3.84541,75743
3.84635,75746
3.8473,75749
3.84824,75752
3.84918,75755
3.85013,75758
3.85107,75761
3.85202,75764
3.85296,75767
3.8539,75770
3.85485,75773
3.85579,75776
3.85674,75779
3.85768,75782
3.85862,75785
3.85957,75788
3.86051,75791
3.86146,75794
3.8624,75797
3.86334,75800
3.86429,75803
3.86523,75806
3.86618,75809
3.86712,75812
3.86806,75815
3.86901,75818
3.86995,75821
3.8709,75824
3.87184,75827
3.87278,75830
3.87373,75833
3.87467,75836
3.87562,75839
3.87656,75842
3.8775,75845
3.87845,75848
3.87939,75851
3.88034,75854
3.88128,75857
3.88222,75860
3.88317,75863
3.88411,75866
3.88506,75869
3.886,75872
3.88694,75875
3.88789,75878
3.88883,75881
3.88978,75884
3.89072,75887
3.89166,75890
3.89261,75893
3.89355,75896
3.8945,75899
3.89544,75902
3.89638,75905
3.89733,75908
3.89827,75911
3.89922,75914
3.90016,75917
3.9011,75920
3.90205,75923
3.90299,75926
3.90394,75929
3.90488,75932
3.90582,75935
3.90677,75938
3.90771,75941
3.90866,75944
3.9096,75947
3.91054,75950
3.91149,75953
3.91243,75956
3.91338,75959
3.91432,75962
3.91526,75965
3.91621,75968
3.91715,75971
3.9181,75974
3.91904,75977
3.91998,75980
3.92093,75983
3.92187,75986
3.92282,75989
3.92376,75992
3.9247,75995
3.92565,75998
3.92659,76001
3.92754,76004
3.92848,76007
3.92942,76010
3.93037,76013
3.93131,76016
3.93226,76019
3.9332,76022
3.93414,76025
3.93509,76028
3.93603,76031
3.93698,76034
3.93792,76037
3.93886,76040
3.93981,76043
3.94075,76046
3.9417,76049
3.94264,76052
3.94358,76055
3.94453,76058
3.94547,76061
3.94642,76064
3.94736,76067
3.9483,76070
3.94925,76073
3.95019,76076
3.95114,76079
3.95208,76082
3.95302,76085
3.95397,76088
3.95491,76091
3.95586,76094
3.9568,76097
3.95774,76100
3.95869,76103
3.95963,76106
3.96058,76109
3.96152,76112
3.96246,76115
3.96341,76118
3.96435,76121
3.9653,76124
3.96624,76127
3.96718,76130
3.96813,76133
3.96907,76136
3.97002,76139
3.97096,76142
3.9719,76145
3.97285,76148
3.97379,76151
3.97474,76154
3.97568,76157
3.97662,76160
3.97757,76163
3.97851,76166
3.97946,76169
3.9804,76172
3.98134,76175
3.98229,76178
3.98323,76181
3.98418,76184
3.98512,76187
3.98606,76190
3.98701,76193
3.98795,76196
3.9889,76199
3.98984,76202
3.99078,76205
3.99173,76208
3.99267,76211
3.99362,76214
3.99456,76217
3.9955,76220
3.99645,76223
3.99739,76226
3.99834,76229
3.99928,76232
4.00022,76235
4.00117,76238
4.00211,76241
4.00306,76244
4.004,76247
4.00494,76250
4.00589,76253
4.00683,76256
4.00778,76259
4.00872,76262
4.00966,76265
4.01061,76268
4.01155,76271
4.0125,76274
4.01344,76277
4.01438,76280
4.01533,76283
4.01627,76286
4.01722,76289
4.01816,76292
4.0191,76295
4.02005,76298
4.02099,76301
4.02194,76304
4.02288,76307
4.02382,76310
4.02477,76313
4.02571,76316
4.02666,76319
4.0276,76322
4.02854,76325
4.02949,76328
4.03043,76331
4.03138,76334
4.03232,76337
4.03326,76340
4.03421,76343
4.03515,76346
4.0361,76349
4.03704,76352
4.03798,76355
4.03893,76358
4.03987,76361
4.04082,76364
4.04176,76367
4.0427,76370
4.04365,76373
4.04459,76376
4.04554,76379
4.04648,76382
4.04742,76385
4.04837,76388
4.04931,76391
4.05026,76394
4.0512,76397
4.05214,76400
4.05309,76403
4.05403,76406
4.05498,76409
4.05592,76412
4.05686,76415
4.05781,76418
4.05875,76421
4.0597,76424
4.06064,76427
4.06158,76430
4.06253,76433
4.06347,76436
4.06442,76439
4.06536,76442
4.0663,76445
4.06725,76448
4.06819,76451
4.06914,76454
4.07008,76457
4.07102,76460
4.07197,76463
4.07291,76466
4.07386,76469
4.0748,76472
4.07574,76475
4.07669,76478
4.07763,76481
4.07858,76484
4.07952,76487
4.08046,76490
4.08141,76493
4.08235,76496
4.0833,76499
4.08424,76502
4.08518,76505
4.08613,76508
4.08707,76511
4.08802,76514
4.08896,76517
4.0899,76520
4.09085,76523
4.09179,76526
4.09274,76529
4.09368,76532
4.09462,76535
4.09557,76538
4.09651,76541
4.09746,76544
4.0984,76547
4.09934,76550
4.10029,76553
4.10123,76556
4.10218,76559
4.10312,76562
4.10406,76565
4.10501,76568
4.10595,76571
4.1069,76574
4.10784,76577
4.10878,76580
4.10973,76583
4.11067,76586
4.11162,76589
4.11256,76592
4.1135,76595
4.11445,76598
4.11539,76601
4.11634,76604
4.11728,76607
4.11822,76610
4.11917,76613
4.12011,76616
4.12106,76619
4.122,76622
4.12294,76625
4.12389,76628
4.12483,76631
4.12578,76634
4.12672,76637
4.12766,76640
4.12861,76643
4.12955,76646
4.1305,76649
4.13144,76652
4.13238,76655
4.13333,76658
4.13427,76661
4.13522,76664
4.13616,76667
4.1371,76670
4.13805,76673
4.13899,76676
4.13994,76679
4.14088,76682
4.14182,76685
4.14277,76688
4.14371,76691
4.14466,76694
4.1456,76697
4.14654,76700
4.14749,76703
4.14843,76706
4.14938,76709
4.15032,76712
4.15126,76715
4.15221,76718
4.15315,76721
4.1541,76724
4.15504,76727
4.15598,76730
4.15693,76733
4.15787,76736
4.15882,76739
4.15976,76742
4.1607,76745
4.16165,76748
4.16259,76751
4.16354,76754
4.16448,76757
4.16542,76760
4.16637,76763
4.16731,76766
4.16826,76769
4.1692,76772
4.17014,76775
4.17109,76778
4.17203,76781
4.17298,76784
4.17392,76787
4.17486,76790
4.17581,76793
4.17675,76796
4.1777,76799
4.17864,76802
4.17958,76805
4.18053,76808
4.18147,76811
4.18242,76814
4.18336,76817
4.1843,76820
4.18525,76823
4.18619,76826
4.18714,76829
4.18808,76832
4.18902,76835
4.18997,76838
4.19091,76841
4.19186,76844
4.1928,76847
4.19374,76850
4.19469,76853
4.19563,76856
4.19658,76859
4.19752,76862
4.19846,76865
4.19941,76868
4.20035,76871
4.2013,76874
4.20224,76877
4.20318,76880
4.20413,76883
4.20507,76886
4.20602,76889
4.20696,76892
4.2079,76895
4.20885,76898
4.20979,76901
4.21074,76904
4.21168,76907
4.21262,76910
4.21357,76913
4.21451,76916
4.21546,76919
4.2164,76922
4.21734,76925
4.21829,76928
4.21923,76931
4.22018,76934
4.22112,76937
4.22206,76940
4.22301,76943
4.22395,76946
4.2249,76949
4.22584,76952
4.22678,76955
4.22773,76958
4.22867,76961
4.22962,76964
4.23056,76967
4.2315,76970
4.23245,76973
4.23339,76976
4.23434,76979
4.23528,76982
4.23622,76985
4.23717,76988
4.23811,76991
4.23906,76994
4.24,76997
4.24094,77000
4.24189,77003
4.24283,77006
4.24378,77009
4.24472,77012
4.24566,77015
4.24661,77018
4.24755,77021
4.2485,77024
4.24944,77027
4.25038,77030
4.25133,77033
4.25227,77036
4.25322,77039
4.25416,77042
4.2551,77045
4.25605,77048
4.25699,77051
4.25794,77054
4.25888,77057
4.25982,77060
4.26077,77063
4.26171,77066
4.26266,77069
4.2636,77072
4.26454,77075
4.26549,77078
4.26643,77081
4.26738,77084
4.26832,77087
4.26926,77090
4.27021,77093
4.27115,77096
4.2721,77099
4.27304,77102
4.27398,77105
4.27493,77108
4.27587,77111
4.27682,77114
4.27776,77117
4.2787,77120
4.27965,77123
4.28059,77126
4.28154,77129
4.28248,77132
4.28342,77135
4.28437,77138
4.28531,77141
4.28626,77144
4.2872,77147
4.28814,77150
4.28909,77153
4.29003,77156
4.29098,77159
4.29192,77162
4.29286,77165
4.29381,77168
4.29475,77171
4.2957,77174
4.29664,77177
4.29758,77180
4.29853,77183
4.29947,77186
4.30042,77189
4.30136,77192
4.3023,77195
4.30325,77198
4.30419,77201
4.30514,77204
4.30608,77207
4.30702,77210
4.30797,77213
4.30891,77216
4.30986,77219
4.3108,77222
4.31174,77225
4.31269,77228
4.31363,77231
4.31458,77234
4.31552,77237
4.31646,77240
4.31741,77243
4.31835,77246
4.3193,77249
4.32024,77252
4.32118,77255
4.32213,77258
4.32307,77261
4.32402,77264
4.32496,77267
4.3259,77270
4.32685,77273
4.32779,77276
4.32874,77279
4.32968,77282
4.33062,77285
4.33157,77288
4.33251,77291
4.33346,77294
4.3344,77297
4.33534,77300
4.33629,77303
4.33723,77306
4.33818,77309
4.33912,77312
4.34006,77315
4.34101,77318
4.34195,77321
4.3429,77324
4.34384,77327
4.34478,77330
4.34573,77333
4.34667,77336
4.34762,77339
4.34856,77342
4.3495,77345
4.35045,77348
4.35139,77351
4.35234,77354
4.35328,77357
4.35422,77360
4.35517,77363
4.35611,77366
4.35706,77369
4.358,77372
4.35894,77375
4.35989,77378
4.36083,77381
4.36178,77384
4.36272,77387
4.36366,77390
4.36461,77393
4.36555,77396
4.3665,77399
4.36744,77402
4.36838,77405
4.36933,77408
4.37027,77411
4.37122,77414
4.37216,77417
4.3731,77420
4.37405,77423
4.37499,77426
4.37594,77429
4.37688,77432
4.37782,77435
4.37877,77438
4.37971,77441
4.38066,77444
4.3816,77447
4.38254,77450
4.38349,77453
4.38443,77456
4.38538,77459
4.38632,77462
4.38726,77465
4.38821,77468
4.38915,77471
4.3901,77474
4.39104,77477
4.39198,77480
4.39293,77483
4.39387,77486
4.39482,77489
4.39576,77492
4.3967,77495
4.39765,77498
4.39859,77501
4.39954,77504
4.40048,77507
4.40142,77510
4.40237,77513
4.40331,77516
4.40426,77519
4.4052,77522
4.40614,77525
4.40709,77528
4.40803,77531
4.40898,77534
4.40992,77537
4.41086,77540
4.41181,77543
4.41275,77546
4.4137,77549
4.41464,77552
4.41558,77555
4.41653,77558
4.41747,77561
4.41842,77564
4.41936,77567
4.4203,77570
4.42125,77573
4.42219,77576
4.42314,77579
4.42408,77582
4.42502,77585
4.42597,77588
4.42691,77591
4.42786,77594
4.4288,77597
4.42974,77600
4.43069,77603
4.43163,77606
4.43258,77609
4.43352,77612
4.43446,77615
4.43541,77618
4.43635,77621
4.4373,77624
4.43824,77627
4.43918,77630
4.44013,77633
4.44107,77636
4.44202,77639
4.44296,77642
4.4439,77645
4.44485,77648
4.44579,77651
4.44674,77654
4.44768,77657
4.44862,77660
4.44957,77663
4.45051,77666
4.45146,77669
4.4524,77672
4.45334,77675
4.45429,77678
4.45523,77681
4.45618,77684
4.45712,77687
4.45806,77690
4.45901,77693
4.45995,77696
4.4609,77699
4.46184,77702
4.46278,77705
4.46373,77708
4.46467,77711
4.46562,77714
4.46656,77717
4.4675,77720
4.46845,77723
4.46939,77726
4.47034,77729
4.47128,77732
4.47222,77735
4.47317,77738
4.47411,77741
4.47506,77744
4.476,77747
4.47694,77750
4.47789,77753
4.47883,77756
4.47978,77759
4.48072,77762
4.48166,77765
4.48261,77768
4.48355,77771
4.4845,77774
4.48544,77777
4.48638,77780
4.48733,77783
4.48827,77786
4.48922,77789
4.49016,77792
4.4911,77795
4.49205,77798
4.49299,77801
4.49394,77804
4.49488,77807
4.49582,77810
4.49677,77813
4.49771,77816
4.49866,77819
4.4996,77822
4.50054,77825
4.50149,77828
4.50243,77831
4.50338,77834
4.50432,77837
4.50526,77840
4.50621,77843
4.50715,77846
4.5081,77849
4.50904,77852
4.50998,77855
4.51093,77858
4.51187,77861
4.51282,77864
4.51376,77867
4.5147,77870
4.51565,77873
4.51659,77876
4.51754,77879
4.51848,77882
4.51942,77885
4.52037,77888
4.52131,77891
4.52226,77894
4.5232,77897
4.52414,77900
4.52509,77903
4.52603,77906
4.52698,77909
4.52792,77912
4.52886,77915
4.52981,77918
4.53075,77921
4.5317,77924
4.53264,77927
4.53358,77930
4.53453,77933
4.53547,77936
4.53642,77939
4.53736,77942
4.5383,77945
4.53925,77948
4.54019,77951
4.54114,77954
4.54208,77957
4.54302,77960
4.54397,77963
4.54491,77966
4.54586,77969
4.5468,77972
4.54774,77975
4.54869,77978
4.54963,77981
4.55058,77984
4.55152,77987
4.55246,77990
4.55341,77993
4.55435,77996
4.5553,77999
4.55624,78002
4.55718,78005
4.55813,78008
4.55907,78011
4.56002,78014
4.56096,78017
4.5619,78020
4.56285,78023
4.56379,78026
4.56474,78029
4.56568,78032
4.56662,78035
4.56757,78038
4.56851,78041
4.56946,78044
4.5704,78047
4.57134,78050
4.57229,78053
4.57323,78056
4.57418,78059
4.57512,78062
4.57606,78065
4.57701,78068
4.57795,78071
4.5789,78074
4.57984,78077
4.58078,78080
4.58173,78083
4.58267,78086
4.58362,78089
4.58456,78092
4.5855,78095
4.58645,78098
4.58739,78101
4.58834,78104
4.58928,78107
4.59022,78110
4.59117,78113
4.59211,78116
4.59306,78119
4.594,78122
4.59494,78125
4.59589,78128
4.59683,78131
4.59778,78134
4.59872,78137
4.59966,78140
4.60061,78143
4.60155,78146
4.6025,78149
4.60344,78152
4.60438,78155
4.60533,78158
4.60627,78161
4.60722,78164
4.60816,78167
4.6091,78170
4.61005,78173
4.61099,78176
4.61194,78179
4.61288,78182
4.61382,78185
4.61477,78188
4.61571,78191
4.61666,78194
4.6176,78197
4.61854,78200
4.61949,78203
4.62043,78206
4.62138,78209
4.62232,78212
4.62326,78215
4.62421,78218
4.62515,78221
4.6261,78224
4.62704,78227
4.62798,78230
4.62893,78233
4.62987,78236
4.63082,78239
4.63176,78242
4.6327,78245
4.63365,78248
4.63459,78251
4.63554,78254
4.63648,78257
4.63742,78260
4.63837,78263
4.63931,78266
4.64026,78269
4.6412,78272
4.64214,78275
4.64309,78278
4.64403,78281
4.64498,78284
4.64592,78287
4.64686,78290
4.64781,78293
4.64875,78296
4.6497,78299
4.65064,78302
4.65158,78305
4.65253,78308
4.65347,78311
4.65442,78314
4.65536,78317
4.6563,78320
4.65725,78323
4.65819,78326
4.65914,78329
4.66008,78332
4.66102,78335
4.66197,78338
4.66291,78341
4.66386,78344
4.6648,78347
4.66574,78350
4.66669,78353
4.66763,78356
4.66858,78359
4.66952,78362
4.67046,78365
4.67141,78368
4.67235,78371
4.6733,78374
4.67424,78377
4.67518,78380
4.67613,78383
4.67707,78386
4.67802,78389
4.67896,78392
4.6799,78395
4.68085,78398
4.68179,78401
4.68274,78404
4.68368,78407
4.68462,78410
4.68557,78413
4.68651,78416
4.68746,78419
4.6884,78422
4.68934,78425
4.69029,78428
4.69123,78431
4.69218,78434
4.69312,78437
4.69406,78440
4.69501,78443
4.69595,78446
4.6969,78449
4.69784,78452
4.69878,78455
4.69973,78458
4.70067,78461
4.70162,78464
4.70256,78467
4.7035,78470
4.70445,78473
4.70539,78476
4.70634,78479
4.70728,78482
4.70822,78485
4.70917,78488
4.71011,78491
4.71106,78494
4.712,78497
4.71294,78500
4.71389,78503
4.71483,78506
4.71578,78509
4.71672,78512
4.71766,78515
4.71861,78518
4.71955,78521
4.7205,78524
4.72144,78527
4.72238,78530
4.72333,78533
4.72427,78536
4.72522,78539
4.72616,78542
4.7271,78545
4.72805,78548
4.72899,78551
4.72994,78554
4.73088,78557
4.73182,78560
4.73277,78563
4.73371,78566
4.73466,78569
4.7356,78572
4.73654,78575
4.73749,78578
4.73843,78581
4.73938,78584
4.74032,78587
4.74126,78590
4.74221,78593
4.74315,78596
4.7441,78599
4.74504,78602
4.74598,78605
4.74693,78608
4.74787,78611
4.74882,78614
4.74976,78617
4.7507,78620
4.75165,78623
4.75259,78626
4.75354,78629
4.75448,78632
4.75542,78635
4.75637,78638
4.75731,78641
4.75826,78644
4.7592,78647
4.76014,78650
4.76109,78653
4.76203,78656
4.76298,78659
4.76392,78662
4.76486,78665
4.76581,78668
4.76675,78671
4.7677,78674
4.76864,78677
4.76958,78680
4.77053,78683
4.77147,78686
4.77242,78689
4.77336,78692
4.7743,78695
4.77525,78698
4.77619,78701
4.77714,78704
4.77808,78707
4.77902,78710
4.77997,78713
4.78091,78716
4.78186,78719
4.7828,78722
4.78374,78725
4.78469,78728
4.78563,78731
4.78658,78734
4.78752,78737
4.78846,78740
4.78941,78743
4.79035,78746
4.7913,78749
4.79224,78752
4.79318,78755
4.79413,78758
4.79507,78761
4.79602,78764
4.79696,78767
4.7979,78770
4.79885,78773
4.79979,78776
4.80074,78779
4.80168,78782
4.80262,78785
4.80357,78788
4.80451,78791
4.80546,78794
4.8064,78797
4.80734,78800
4.80829,78803
4.80923,78806
4.81018,78809
4.81112,78812
4.81206,78815
4.81301,78818
4.81395,78821
4.8149,78824
4.81584,78827
4.81678,78830
4.81773,78833
4.81867,78836
4.81962,78839
4.82056,78842
4.8215,78845
4.82245,78848
4.82339,78851
4.82434,78854
4.82528,78857
4.82622,78860
4.82717,78863
4.82811,78866
4.82906,78869
4.83,78872
4.83094,78875
4.83189,78878
4.83283,78881
4.83378,78884
4.83472,78887
4.83566,78890
4.83661,78893
4.83755,78896
4.8385,78899
4.83944,78902
4.84038,78905
4.84133,78908
4.84227,78911
4.84322,78914
4.84416,78917
4.8451,78920
4.84605,78923
4.84699,78926
4.84794,78929
4.84888,78932
4.84982,78935
4.85077,78938
4.85171,78941
4.85266,78944
4.8536,78947
4.85454,78950
4.85549,78953
4.85643,78956
4.85738,78959
4.85832,78962
4.85926,78965
4.86021,78968
4.86115,78971
4.8621,78974
4.86304,78977
4.86398,78980
4.86493,78983
4.86587,78986
4.86682,78989
4.86776,78992
4.8687,78995
4.86965,78998
4.87059,79001
4.87154,79004
4.87248,79007
4.87342,79010
4.87437,79013
4.87531,79016
4.87626,79019
4.8772,79022
4.87814,79025
4.87909,79028
4.88003,79031
4.88098,79034
4.88192,79037
4.88286,79040
4.88381,79043
4.88475,79046
4.8857,79049
4.88664,79052
4.88758,79055
4.88853,79058
4.88947,79061
4.89042,79064
4.89136,79067
4.8923,79070
4.89325,79073
4.89419,79076
4.89514,79079
4.89608,79082
4.89702,79085
4.89797,79088
4.89891,79091
4.89986,79094
4.9008,79097
4.90174,79100
4.90269,79103
4.90363,79106
4.90458,79109
4.90552,79112
4.90646,79115
4.90741,79118
4.90835,79121
4.9093,79124
4.91024,79127
4.91118,79130
4.91213,79133
4.91307,79136
4.91402,79139
4.91496,79142
4.9159,79145
4.91685,79148
4.91779,79151
4.91874,79154
4.91968,79157
4.92062,79160
4.92157,79163
4.92251,79166
4.92346,79169
4.9244,79172
4.92534,79175
4.92629,79178
4.92723,79181
4.92818,79184
4.92912,79187
4.93006,79190
4.93101,79193
4.93195,79196
4.9329,79199
4.93384,79202
4.93478,79205
4.93573,79208
4.93667,79211
4.93762,79214
4.93856,79217
4.9395,79220
4.94045,79223
4.94139,79226
4.94234,79229
4.94328,79232
4.94422,79235
4.94517,79238
4.94611,79241
4.94706,79244
4.948,79247
4.94894,79250
4.94989,79253
4.95083,79256
4.95178,79259
4.95272,79262
4.95366,79265
4.95461,79268
4.95555,79271
4.9565,79274
4.95744,79277
4.95838,79280
4.95933,79283
4.96027,79286
4.96122,79289
4.96216,79292
4.9631,79295
4.96405,79298
4.96499,79301
4.96594,79304
4.96688,79307
4.96782,79310
4.96877,79313
4.96971,79316
4.97066,79319
4.9716,79322
4.97254,79325
4.97349,79328
4.97443,79331
4.97538,79334
4.97632,79337
4.97726,79340
4.97821,79343
4.97915,79346
4.9801,79349
4.98104,79352
4.98198,79355
4.98293,79358
4.98387,79361
4.98482,79364
4.98576,79367
4.9867,79370
4.98765,79373
4.98859,79376
4.98954,79379
4.99048,79382
4.99142,79385
4.99237,79388
4.99331,79391
4.99426,79394
4.9952,79397
4.99614,79400
4.99709,79403
4.99803,79406
4.99898,79409
4.99992,79412
5.00086,79415
5.00181,79418
5.00275,79421
5.0037,79424
5.00464,79427
5.00558,79430
5.00653,79433
5.00747,79436
5.00842,79439
5.00936,79442
5.0103,79445
5.01125,79448
5.01219,79451
5.01314,79454
5.01408,79457
5.01502,79460
5.01597,79463
5.01691,79466
5.01786,79469
5.0188,79472
5.01974,79475
5.02069,79478
5.02163,79481
5.02258,79484
5.02352,79487
5.02446,79490
5.02541,79493
5.02635,79496
5.0273,79499
5.02824,79502
5.02918,79505
5.03013,79508
5.03107,79511
5.03202,79514
5.03296,79517
5.0339,79520
5.03485,79523
5.03579,79526
5.03674,79529
5.03768,79532
5.03862,79535
5.03957,79538
5.04051,79541
5.04146,79544
5.0424,79547
5.04334,79550
5.04429,79553
5.04523,79556
5.04618,79559
5.04712,79562
5.04806,79565
5.04901,79568
5.04995,79571
5.0509,79574
5.05184,79577
5.05278,79580
5.05373,79583
5.05467,79586
5.05562,79589
5.05656,79592
5.0575,79595
5.05845,79598
5.05939,79601
5.06034,79604
5.06128,79607
5.06222,79610
5.06317,79613
5.06411,79616
5.06506,79619
5.066,79622
5.06694,79625
5.06789,79628
5.06883,79631
5.06978,79634
5.07072,79637
5.07166,79640
5.07261,79643
5.07355,79646
5.0745,79649
5.07544,79652
5.07638,79655
5.07733,79658
5.07827,79661
5.07922,79664
5.08016,79667
5.0811,79670
5.08205,79673
5.08299,79676
5.08394,79679
5.08488,79682
5.08582,79685
5.08677,79688
5.08771,79691
5.08866,79694
5.0896,79697
5.09054,79700
5.09149,79703
5.09243,79706
5.09338,79709
5.09432,79712
5.09526,79715
5.09621,79718
5.09715,79721
5.0981,79724
5.09904,79727
5.09998,79730
5.10093,79733
5.10187,79736
5.10282,79739
5.10376,79742
5.1047,79745
5.10565,79748
5.10659,79751
5.10754,79754
5.10848,79757
5.10942,79760
5.11037,79763
5.11131,79766
5.11226,79769
5.1132,79772
5.11414,79775
5.11509,79778
5.11603,79781
5.11698,79784
5.11792,79787
5.11886,79790
5.11981,79793
5.12075,79796
5.1217,79799
5.12264,79802
5.12358,79805
5.12453,79808
5.12547,79811
5.12642,79814
5.12736,79817
5.1283,79820
5.12925,79823
5.13019,79826
5.13114,79829
5.13208,79832
5.13302,79835
5.13397,79838
5.13491,79841
5.13586,79844
5.1368,79847
5.13774,79850
5.13869,79853
5.13963,79856
5.14058,79859
5.14152,79862
5.14246,79865
5.14341,79868
5.14435,79871
5.1453,79874
5.14624,79877
5.14718,79880
5.14813,79883
5.14907,79886
5.15002,79889
5.15096,79892
5.1519,79895
5.15285,79898
5.15379,79901
5.15474,79904
5.15568,79907
5.15662,79910
5.15757,79913
5.15851,79916
5.15946,79919
5.1604,79922
5.16134,79925
5.16229,79928
5.16323,79931
5.16418,79934
5.16512,79937
5.16606,79940
5.16701,79943
5.16795,79946
5.1689,79949
5.16984,79952
5.17078,79955
5.17173,79958
5.17267,79961
5.17362,79964
5.17456,79967
5.1755,79970
5.17645,79973
5.17739,79976
5.17834,79979
5.17928,79982
5.18022,79985
5.18117,79988
5.18211,79991
5.18306,79994
5.184,79997
5.18494,80000
5.18589,80003
5.18683,80006
5.18778,80009
5.18872,80012
5.18966,80015
5.19061,80018
5.19155,80021
5.1925,80024
5.19344,80027
5.19438,80030
5.19533,80033
5.19627,80036
5.19722,80039
5.19816,80042
5.1991,80045
5.20005,80048
5.20099,80051
5.20194,80054
5.20288,80057
5.20382,80060
5.20477,80063
5.20571,80066
5.20666,80069
5.2076,80072
5.20854,80075
5.20949,80078
5.21043,80081
5.21138,80084
5.21232,80087
5.21326,80090
5.21421,80093
5.21515,80096
5.2161,80099
5.21704,80102
5.21798,80105
5.21893,80108
5.21987,80111
5.22082,80114
5.22176,80117
5.2227,80120
5.22365,80123
5.22459,80126
5.22554,80129
5.22648,80132
5.22742,80135
5.22837,80138
5.22931,80141
5.23026,80144
5.2312,80147
5.23214,80150
5.23309,80153
5.23403,80156
5.23498,80159
5.23592,80162
5.23686,80165
5.23781,80168
5.23875,80171
5.2397,80174
5.24064,80177
5.24158,80180
5.24253,80183
5.24347,80186
5.24442,80189
5.24536,80192
5.2463,80195
5.24725,80198
5.24819,80201
5.24914,80204
5.25008,80207
5.25102,80210
5.25197,80213
5.25291,80216
5.25386,80219
5.2548,80222
5.25574,80225
5.25669,80228
5.25763,80231
5.25858,80234
5.25952,80237
5.26046,80240
5.26141,80243
5.26235,80246
5.2633,80249
5.26424,80252
5.26518,80255
5.26613,80258
5.26707,80261
5.26802,80264
5.26896,80267
5.2699,80270
5.27085,80273
5.27179,80276
5.27274,80279
5.27368,80282
5.27462,80285
5.27557,80288
5.27651,80291
5.27746,80294
5.2784,80297
5.27934,80300
5.28029,80303
5.28123,80306
5.28218,80309
5.28312,80312
5.28406,80315
5.28501,80318
5.28595,80321
5.2869,80324
5.28784,80327
5.28878,80330
5.28973,80333
5.29067,80336
5.29162,80339
5.29256,80342
5.2935,80345
5.29445,80348
5.29539,80351
5.29634,80354
5.29728,80357
5.29822,80360
5.29917,80363
5.30011,80366
5.30106,80369
5.302,80372
5.30294,80375
5.30389,80378
5.30483,80381
5.30578,80384
5.30672,80387
5.30766,80390
5.30861,80393
5.30955,80396
5.3105,80399
5.31144,80402
5.31238,80405
5.31333,80408
5.31427,80411
5.31522,80414
5.31616,80417
5.3171,80420
5.31805,80423
5.31899,80426
5.31994,80429
5.32088,80432
5.32182,80435
5.32277,80438
5.32371,80441
5.32466,80444
5.3256,80447
5.32654,80450
5.32749,80453
5.32843,80456
5.32938,80459
5.33032,80462
5.33126,80465
5.33221,80468
5.33315,80471
5.3341,80474
5.33504,80477
5.33598,80480
5.33693,80483
5.33787,80486
5.33882,80489
5.33976,80492
5.3407,80495
5.34165,80498
5.34259,80501
5.34354,80504
5.34448,80507
5.34542,80510
5.34637,80513
5.34731,80516
5.34826,80519
5.3492,80522
5.35014,80525
5.35109,80528
5.35203,80531
5.35298,80534
5.35392,80537
5.35486,80540
5.35581,80543
5.35675,80546
5.3577,80549
5.35864,80552
5.35958,80555
5.36053,80558
5.36147,80561
5.36242,80564
5.36336,80567
5.3643,80570
5.36525,80573
5.36619,80576
5.36714,80579
5.36808,80582
5.36902,80585
5.36997,80588
5.37091,80591
5.37186,80594
5.3728,80597
5.37374,80600
5.37469,80603
5.37563,80606
5.37658,80609
5.37752,80612
5.37846,80615
5.37941,80618
5.38035,80621
5.3813,80624
5.38224,80627
5.38318,80630
5.38413,80633
5.38507,80636
5.38602,80639
5.38696,80642
5.3879,80645
5.38885,80648
5.38979,80651
5.39074,80654
5.39168,80657
5.39262,80660
5.39357,80663
5.39451,80666
5.39546,80669
5.3964,80672
5.39734,80675
5.39829,80678
5.39923,80681
5.40018,80684
5.40112,80687
5.40206,80690
5.40301,80693
5.40395,80696
5.4049,80699
5.40584,80702
5.40678,80705
5.40773,80708
5.40867,80711
5.40962,80714
5.41056,80717
5.4115,80720
5.41245,80723
5.41339,80726
5.41434,80729
5.41528,80732
5.41622,80735
5.41717,80738
5.41811,80741
5.41906,80744
5.42,80747
5.42094,80750
5.42189,80753
5.42283,80756
5.42378,80759
5.42472,80762
5.42566,80765
5.42661,80768
5.42755,80771
5.4285,80774
5.42944,80777
5.43038,80780
5.43133,80783
5.43227,80786
5.43322,80789
5.43416,80792
5.4351,80795
5.43605,80798
5.43699,80801
5.43794,80804
5.43888,80807
5.43982,80810
5.44077,80813
5.44171,80816
5.44266,80819
5.4436,80822
5.44454,80825
5.44549,80828
5.44643,80831
5.44738,80834
5.44832,80837
5.44926,80840
5.45021,80843
5.45115,80846
5.4521,80849
5.45304,80852
5.45398,80855
5.45493,80858
5.45587,80861
5.45682,80864
5.45776,80867
5.4587,80870
5.45965,80873
5.46059,80876
5.46154,80879
5.46248,80882
5.46342,80885
5.46437,80888
5.46531,80891
5.46626,80894
5.4672,80897
5.46814,80900
5.46909,80903
5.47003,80906
5.47098,80909
5.47192,80912
5.47286,80915
5.47381,80918
5.47475,80921
5.4757,80924
5.47664,80927
5.47758,80930
5.47853,80933
5.47947,80936
5.48042,80939
5.48136,80942
5.4823,80945
5.48325,80948
5.48419,80951
5.48514,80954
5.48608,80957
5.48702,80960
5.48797,80963
5.48891,80966
5.48986,80969
5.4908,80972
5.49174,80975
5.49269,80978
5.49363,80981
5.49458,80984
5.49552,80987
5.49646,80990
5.49741,80993
5.49835,80996
5.4993,80999
5.50024,81002
5.50118,81005
5.50213,81008
5.50307,81011
5.50402,81014
5.50496,81017
5.5059,81020
5.50685,81023
5.50779,81026
5.50874,81029
5.50968,81032
5.51062,81035
5.51157,81038
5.51251,81041
5.51346,81044
5.5144,81047
5.51534,81050
5.51629,81053
5.51723,81056
5.51818,81059
5.51912,81062
5.52006,81065
5.52101,81068
5.52195,81071
5.5229,81074
5.52384,81077
5.52478,81080
5.52573,81083
5.52667,81086
5.52762,81089
5.52856,81092
5.5295,81095
5.53045,81098
5.53139,81101
5.53234,81104
5.53328,81107
5.53422,81110
5.53517,81113
5.53611,81116
5.53706,81119
5.538,81122
5.53894,81125
5.53989,81128
5.54083,81131
5.54178,81134
5.54272,81137
5.54366,81140
5.54461,81143
5.54555,81146
5.5465,81149
5.54744,81152
5.54838,81155
5.54933,81158
5.55027,81161
5.55122,81164
5.55216,81167
5.5531,81170
5.55405,81173
5.55499,81176
5.55594,81179
5.55688,81182
5.55782,81185
5.55877,81188
5.55971,81191
5.56066,81194
5.5616,81197
5.56254,81200
5.56349,81203
5.56443,81206
5.56538,81209
5.56632,81212
5.56726,81215
5.56821,81218
5.56915,81221
5.5701,81224
5.57104,81227
5.57198,81230
5.57293,81233
5.57387,81236
5.57482,81239
5.57576,81242
5.5767,81245
5.57765,81248
5.57859,81251
5.57954,81254
5.58048,81257
5.58142,81260
5.58237,81263
5.58331,81266
5.58426,81269
5.5852,81272
5.58614,81275
5.58709,81278
5.58803,81281
5.58898,81284
5.58992,81287
5.59086,81290
5.59181,81293
5.59275,81296
5.5937,81299
5.59464,81302
5.59558,81305
5.59653,81308
5.59747,81311
5.59842,81314
5.59936,81317
5.6003,81320
5.60125,81323
5.60219,81326
5.60314,81329
5.60408,81332
5.60502,81335
5.60597,81338
5.60691,81341
5.60786,81344
5.6088,81347
5.60974,81350
5.61069,81353
5.61163,81356
5.61258,81359
5.61352,81362
5.61446,81365
5.61541,81368
5.61635,81371
5.6173,81374
5.61824,81377
5.61918,81380
5.62013,81383
5.62107,81386
5.62202,81389
5.62296,81392
5.6239,81395
5.62485,81398
5.62579,81401
5.62674,81404
5.62768,81407
5.62862,81410
5.62957,81413
5.63051,81416
5.63146,81419
5.6324,81422
5.63334,81425
5.63429,81428
5.63523,81431
5.63618,81434
5.63712,81437
5.63806,81440
5.63901,81443
5.63995,81446
5.6409,81449
5.64184,81452
5.64278,81455
5.64373,81458
5.64467,81461
5.64562,81464
5.64656,81467
5.6475,81470
5.64845,81473
5.64939,81476
5.65034,81479
5.65128,81482
5.65222,81485
5.65317,81488
5.65411,81491
5.65506,81494
5.656,81497
5.65694,81500
5.65789,81503
5.65883,81506
5.65978,81509
5.66072,81512
5.66166,81515
5.66261,81518
5.66355,81521
5.6645,81524
5.66544,81527
5.66638,81530
5.66733,81533
5.66827,81536
5.66922,81539
5.67016,81542
5.6711,81545
5.67205,81548
5.67299,81551
5.67394,81554
5.67488,81557
5.67582,81560
5.67677,81563
5.67771,81566
5.67866,81569
5.6796,81572
5.68054,81575
5.68149,81578
5.68243,81581
5.68338,81584
5.68432,81587
5.68526,81590
5.68621,81593
5.68715,81596
5.6881,81599
5.68904,81602
5.68998,81605
5.69093,81608
5.69187,81611
5.69282,81614
5.69376,81617
5.6947,81620
5.69565,81623
5.69659,81626
5.69754,81629
5.69848,81632
5.69942,81635
5.70037,81638
5.70131,81641
5.70226,81644
5.7032,81647
5.70414,81650
5.70509,81653
5.70603,81656
5.70698,81659
5.70792,81662
5.70886,81665
5.70981,81668
5.71075,81671
5.7117,81674
5.71264,81677
5.71358,81680
5.71453,81683
5.71547,81686
5.71642,81689
5.71736,81692
5.7183,81695
5.71925,81698
5.72019,81701
5.72114,81704
5.72208,81707
5.72302,81710
5.72397,81713
5.72491,81716
5.72586,81719
5.7268,81722
5.72774,81725
5.72869,81728
5.72963,81731
5.73058,81734
5.73152,81737
5.73246,81740
5.73341,81743
5.73435,81746
5.7353,81749
5.73624,81752
5.73718,81755
5.73813,81758
5.73907,81761
5.74002,81764
5.74096,81767
5.7419,81770
5.74285,81773
5.74379,81776
5.74474,81779
5.74568,81782
5.74662,81785
5.74757,81788
5.74851,81791
5.74946,81794
5.7504,81797
5.75134,81800
5.75229,81803
5.75323,81806
5.75418,81809
5.75512,81812
5.75606,81815
5.75701,81818
5.75795,81821
5.7589,81824
5.75984,81827
5.76078,81830
5.76173,81833
5.76267,81836
5.76362,81839
5.76456,81842
5.7655,81845
5.76645,81848
5.76739,81851
5.76834,81854
5.76928,81857
5.77022,81860
5.77117,81863
5.77211,81866
5.77306,81869
5.774,81872
5.77494,81875
5.77589,81878
5.77683,81881
5.77778,81884
5.77872,81887
5.77966,81890
5.78061,81893
5.78155,81896
5.7825,81899
5.78344,81902
5.78438,81905
5.78533,81908
5.78627,81911
5.78722,81914
5.78816,81917
5.7891,81920
5.79005,81923
5.79099,81926
5.79194,81929
5.79288,81932
5.79382,81935
5.79477,81938
5.79571,81941
5.79666,81944
5.7976,81947
5.79854,81950
5.79949,81953
5.80043,81956
5.80138,81959
5.80232,81962
5.80326,81965
5.80421,81968
5.80515,81971
5.8061,81974
5.80704,81977
5.80798,81980
5.80893,81983
5.80987,81986
5.81082,81989
5.81176,81992
5.8127,81995
5.81365,81998
5.81459,82001
5.81554,82004
5.81648,82007
5.81742,82010
5.81837,82013
5.81931,82016
5.82026,82019
5.8212,82022
5.82214,82025
5.82309,82028
5.82403,82031
5.82498,82034
5.82592,82037
5.82686,82040
5.82781,82043
5.82875,82046
5.8297,82049
5.83064,82052
5.83158,82055
5.83253,82058
5.83347,82061
5.83442,82064
5.83536,82067
5.8363,82070
5.83725,82073
5.83819,82076
5.83914,82079
5.84008,82082
5.84102,82085
5.84197,82088
5.84291,82091
5.84386,82094
5.8448,82097
5.84574,82100
5.84669,82103
5.84763,82106
5.84858,82109
5.84952,82112
5.85046,82115
5.85141,82118
5.85235,82121
5.8533,82124
5.85424,82127
5.85518,82130
5.85613,82133
5.85707,82136
5.85802,82139
5.85896,82142
5.8599,82145
5.86085,82148
5.86179,82151
5.86274,82154
5.86368,82157
5.86462,82160
5.86557,82163
5.86651,82166
5.86746,82169
5.8684,82172
5.86934,82175
5.87029,82178
5.87123,82181
5.87218,82184
5.87312,82187
5.87406,82190
5.87501,82193
5.87595,82196
5.8769,82199
5.87784,82202
5.87878,82205
5.87973,82208
5.88067,82211
5.88162,82214
5.88256,82217
5.8835,82220
5.88445,82223
5.88539,82226
5.88634,82229
5.88728,82232
5.88822,82235
5.88917,82238
5.89011,82241
5.89106,82244
5.892,82247
5.89294,82250
5.89389,82253
5.89483,82256
5.89578,82259
5.89672,82262
5.89766,82265
5.89861,82268
5.89955,82271
5.9005,82274
5.90144,82277
5.90238,82280
5.90333,82283
5.90427,82286
5.90522,82289
5.90616,82292
5.9071,82295
5.90805,82298
5.90899,82301
5.90994,82304
5.91088,82307
5.91182,82310
5.91277,82313
5.91371,82316
5.91466,82319
5.9156,82322
5.91654,82325
5.91749,82328
5.91843,82331
5.91938,82334
5.92032,82337
5.92126,82340
5.92221,82343
5.92315,82346
5.9241,82349
5.92504,82352
5.92598,82355
5.92693,82358
5.92787,82361
5.92882,82364
5.92976,82367
5.9307,82370
5.93165,82373
5.93259,82376
5.93354,82379
5.93448,82382
5.93542,82385
5.93637,82388
5.93731,82391
5.93826,82394
5.9392,82397
5.94014,82400
5.94109,82403
5.94203,82406
5.94298,82409
5.94392,82412
5.94486,82415
5.94581,82418
5.94675,82421
5.9477,82424
5.94864,82427
5.94958,82430
5.95053,82433
5.95147,82436
5.95242,82439
5.95336,82442
5.9543,82445
5.95525,82448
5.95619,82451
5.95714,82454
5.95808,82457
5.95902,82460
5.95997,82463
5.96091,82466
5.96186,82469
5.9628,82472
5.96374,82475
5.96469,82478
5.96563,82481
5.96658,82484
5.96752,82487
5.96846,82490
5.96941,82493
5.97035,82496
5.9713,82499
5.97224,82502
5.97318,82505
5.97413,82508
5.97507,82511
5.97602,82514
5.97696,82517
5.9779,82520
5.97885,82523
5.97979,82526
5.98074,82529
5.98168,82532
5.98262,82535
5.98357,82538
5.98451,82541
5.98546,82544
5.9864,82547
5.98734,82550
5.98829,82553
5.98923,82556
5.99018,82559
5.99112,82562
5.99206,82565
5.99301,82568
5.99395,82571
5.9949,82574
5.99584,82577
5.99678,82580
5.99773,82583
5.99867,82586
5.99962,82589
6.00056,82592
6.0015,82595
6.00245,82598
6.00339,82601
6.00434,82604
6.00528,82607
6.00622,82610
6.00717,82613
6.00811,82616
6.00906,82619
6.01,82622
6.01094,82625
6.01189,82628
6.01283,82631
6.01378,82634
6.01472,82637
6.01566,82640
6.01661,82643
6.01755,82646
6.0185,82649
6.01944,82652
6.02038,82655
6.02133,82658
6.02227,82661
6.02322,82664
6.02416,82667
6.0251,82670
6.02605,82673
6.02699,82676
6.02794,82679
6.02888,82682
6.02982,82685
6.03077,82688
6.03171,82691
6.03266,82694
6.0336,82697
6.03454,82700
6.03549,82703
6.03643,82706
6.03738,82709
6.03832,82712
6.03926,82715
6.04021,82718
6.04115,82721
6.0421,82724
6.04304,82727
6.04398,82730
6.04493,82733
6.04587,82736
6.04682,82739
6.04776,82742
6.0487,82745
6.04965,82748
6.05059,82751
6.05154,82754
6.05248,82757
6.05342,82760
6.05437,82763
6.05531,82766
6.05626,82769
6.0572,82772
6.05814,82775
6.05909,82778
6.06003,82781
6.06098,82784
6.06192,82787
6.06286,82790
6.06381,82793
6.06475,82796
6.0657,82799
6.06664,82802
6.06758,82805
6.06853,82808
6.06947,82811
6.07042,82814
6.07136,82817
6.0723,82820
6.07325,82823
6.07419,82826
6.07514,82829
6.07608,82832
6.07702,82835
6.07797,82838
6.07891,82841
6.07986,82844
6.0808,82847
6.08174,82850
6.08269,82853
6.08363,82856
6.08458,82859
6.08552,82862
6.08646,82865
6.08741,82868
6.08835,82871
6.0893,82874
6.09024,82877
6.09118,82880
6.09213,82883
6.09307,82886
6.09402,82889
6.09496,82892
6.0959,82895
6.09685,82898
6.09779,82901
6.09874,82904
6.09968,82907
6.10062,82910
6.10157,82913
6.10251,82916
6.10346,82919
6.1044,82922
6.10534,82925
6.10629,82928
6.10723,82931
6.10818,82934
6.10912,82937
6.11006,82940
6.11101,82943
6.11195,82946
6.1129,82949
6.11384,82952
6.11478,82955
6.11573,82958
6.11667,82961
6.11762,82964
6.11856,82967
6.1195,82970
6.12045,82973
6.12139,82976
6.12234,82979
6.12328,82982
6.12422,82985
6.12517,82988
6.12611,82991
6.12706,82994
6.128,82997
6.12894,83000
6.12989,83003
6.13083,83006
6.13178,83009
6.13272,83012
6.13366,83015
6.13461,83018
6.13555,83021
6.1365,83024
6.13744,83027
6.13838,83030
6.13933,83033
6.14027,83036
6.14122,83039
6.14216,83042
6.1431,83045
6.14405,83048
6.14499,83051
6.14594,83054
6.14688,83057
6.14782,83060
6.14877,83063
6.14971,83066
6.15066,83069
6.1516,83072
6.15254,83075
6.15349,83078
6.15443,83081
6.15538,83084
6.15632,83087
6.15726,83090
6.15821,83093
6.15915,83096
6.1601,83099
6.16104,83102
6.16198,83105
6.16293,83108
6.16387,83111
6.16482,83114
6.16576,83117
6.1667,83120
6.16765,83123
6.16859,83126
6.16954,83129
6.17048,83132
6.17142,83135
6.17237,83138
6.17331,83141
6.17426,83144
6.1752,83147
6.17614,83150
6.17709,83153
6.17803,83156
6.17898,83159
6.17992,83162
6.18086,83165
6.18181,83168
6.18275,83171
6.1837,83174
6.18464,83177
6.18558,83180
6.18653,83183
6.18747,83186
6.18842,83189
6.18936,83192
6.1903,83195
6.19125,83198
6.19219,83201
6.19314,83204
6.19408,83207
6.19502,83210
6.19597,83213
6.19691,83216
6.19786,83219
6.1988,83222
6.19974,83225
6.20069,83228
6.20163,83231
6.20258,83234
6.20352,83237
6.20446,83240
6.20541,83243
6.20635,83246
6.2073,83249
6.20824,83252
6.20918,83255
6.21013,83258
6.21107,83261
6.21202,83264
6.21296,83267
6.2139,83270
6.21485,83273
6.21579,83276
6.21674,83279
6.21768,83282
6.21862,83285
6.21957,83288
6.22051,83291
6.22146,83294
6.2224,83297
6.22334,83300
6.22429,83303
6.22523,83306
6.22618,83309
6.22712,83312
6.22806,83315
6.22901,83318
6.22995,83321
6.2309,83324
6.23184,83327
6.23278,83330
6.23373,83333
6.23467,83336
6.23562,83339
6.23656,83342
6.2375,83345
6.23845,83348
6.23939,83351
6.24034,83354
6.24128,83357
6.24222,83360
6.24317,83363
6.24411,83366
6.24506,83369
6.246,83372
6.24694,83375
6.24789,83378
6.24883,83381
6.24978,83384
6.25072,83387
6.25166,83390
6.25261,83393
6.25355,83396
6.2545,83399
6.25544,83402
6.25638,83405
6.25733,83408
6.25827,83411
6.25922,83414
6.26016,83417
6.2611,83420
6.26205,83423
6.26299,83426
6.26394,83429
6.26488,83432
6.26582,83435
6.26677,83438
6.26771,83441
6.26866,83444
6.2696,83447
6.27054,83450
6.27149,83453
6.27243,83456
6.27338,83459
6.27432,83462
6.27526,83465
6.27621,83468
6.27715,83471
6.2781,83474
6.27904,83477
6.27998,83480
6.28093,83483
6.28187,83486
6.28282,83489
6.28376,83492
6.2847,83495
6.28565,83498
6.28659,83501
6.28754,83504
6.28848,83507
6.28942,83510
6.29037,83513
6.29131,83516
6.29226,83519
6.2932,83522
6.29414,83525
6.29509,83528
6.29603,83531
6.29698,83534
6.29792,83537
6.29886,83540
6.29981,83543
6.30075,83546
6.3017,83549
6.30264,83552
6.30358,83555
6.30453,83558
6.30547,83561
6.30642,83564
6.30736,83567
6.3083,83570
6.30925,83573
6.31019,83576
6.31114,83579
6.31208,83582
6.31302,83585
6.31397,83588
6.31491,83591
6.31586,83594
6.3168,83597
6.31774,83600
6.31869,83603
6.31963,83606
6.32058,83609
6.32152,83612
6.32246,83615
6.32341,83618
6.32435,83621
6.3253,83624
6.32624,83627
6.32718,83630
6.32813,83633
6.32907,83636
6.33002,83639
6.33096,83642
6.3319,83645
6.33285,83648
6.33379,83651
6.33474,83654
6.33568,83657
6.33662,83660
6.33757,83663
6.33851,83666
6.33946,83669
6.3404,83672
6.34134,83675
6.34229,83678
6.34323,83681
6.34418,83684
6.34512,83687
6.34606,83690
6.34701,83693
6.34795,83696
6.3489,83699
6.34984,83702
6.35078,83705
6.35173,83708
6.35267,83711
6.35362,83714
6.35456,83717
6.3555,83720
6.35645,83723
6.35739,83726
6.35834,83729
6.35928,83732
6.36022,83735
6.36117,83738
6.36211,83741
6.36306,83744
6.364,83747
6.36494,83750
6.36589,83753
6.36683,83756
6.36778,83759
6.36872,83762
6.36966,83765
6.37061,83768
6.37155,83771
6.3725,83774
6.37344,83777
6.37438,83780
6.37533,83783
6.37627,83786
6.37722,83789
6.37816,83792
6.3791,83795
6.38005,83798
6.38099,83801
6.38194,83804
6.38288,83807
6.38382,83810
6.38477,83813
6.38571,83816
6.38666,83819
6.3876,83822
6.38854,83825
6.38949,83828
6.39043,83831
6.39138,83834
6.39232,83837
6.39326,83840
6.39421,83843
6.39515,83846
6.3961,83849
6.39704,83852
6.39798,83855
6.39893,83858
6.39987,83861
6.40082,83864
6.40176,83867
6.4027,83870
6.40365,83873
6.40459,83876
6.40554,83879
6.40648,83882
6.40742,83885
6.40837,83888
6.40931,83891
6.41026,83894
6.4112,83897
6.41214,83900
6.41309,83903
6.41403,83906
6.41498,83909
6.41592,83912
6.41686,83915
6.41781,83918
6.41875,83921
6.4197,83924
6.42064,83927
6.42158,83930
6.42253,83933
6.42347,83936
6.42442,83939
6.42536,83942
6.4263,83945
6.42725,83948
6.42819,83951
6.42914,83954
6.43008,83957
6.43102,83960
6.43197,83963
6.43291,83966
6.43386,83969
6.4348,83972
6.43574,83975
6.43669,83978
6.43763,83981
6.43858,83984
6.43952,83987
6.44046,83990
6.44141,83993
6.44235,83996
6.4433,83999
6.44424,84002
6.44518,84005
6.44613,84008
6.44707,84011
6.44802,84014
6.44896,84017
6.4499,84020
6.45085,84023
6.45179,84026
6.45274,84029
6.45368,84032
6.45462,84035
6.45557,84038
6.45651,84041
6.45746,84044
6.4584,84047
6.45934,84050
6.46029,84053
6.46123,84056
6.46218,84059
6.46312,84062
6.46406,84065
6.46501,84068
6.46595,84071
6.4669,84074
6.46784,84077
6.46878,84080
6.46973,84083
6.47067,84086
6.47162,84089
6.47256,84092
6.4735,84095
6.47445,84098
6.47539,84101
6.47634,84104
6.47728,84107
6.47822,84110
6.47917,84113
6.48011,84116
6.48106,84119
6.482,84122
6.48294,84125
6.48389,84128
6.48483,84131
6.48578,84134
6.48672,84137
6.48766,84140
6.48861,84143
6.48955,84146
6.4905,84149
6.49144,84152
6.49238,84155
6.49333,84158
6.49427,84161
6.49522,84164
6.49616,84167
6.4971,84170
6.49805,84173
6.49899,84176
6.49994,84179
6.50088,84182
6.50182,84185
6.50277,84188
6.50371,84191
6.50466,84194
6.5056,84197
6.50654,84200
6.50749,84203
6.50843,84206
6.50938,84209
6.51032,84212
6.51126,84215
6.51221,84218
6.51315,84221
6.5141,84224
6.51504,84227
6.51598,84230
6.51693,84233
6.51787,84236
6.51882,84239
6.51976,84242
6.5207,84245
6.52165,84248
6.52259,84251
6.52354,84254
6.52448,84257
6.52542,84260
6.52637,84263
6.52731,84266
6.52826,84269
6.5292,84272
6.53014,84275
6.53109,84278
6.53203,84281
6.53298,84284
6.53392,84287
6.53486,84290
6.53581,84293
6.53675,84296
6.5377,84299
6.53864,84302
6.53958,84305
6.54053,84308
6.54147,84311
6.54242,84314
6.54336,84317
6.5443,84320
6.54525,84323
6.54619,84326
6.54714,84329
6.54808,84332
6.54902,84335
6.54997,84338
6.55091,84341
6.55186,84344
6.5528,84347
6.55374,84350
6.55469,84353
6.55563,84356
6.55658,84359
6.55752,84362
6.55846,84365
6.55941,84368
6.56035,84371
6.5613,84374
6.56224,84377
6.56318,84380
6.56413,84383
6.56507,84386
6.56602,84389
6.56696,84392
6.5679,84395
6.56885,84398
6.56979,84401
6.57074,84404
6.57168,84407
6.57262,84410
6.57357,84413
6.57451,84416
6.57546,84419
6.5764,84422
6.57734,84425
6.57829,84428
6.57923,84431
6.58018,84434
6.58112,84437
6.58206,84440
6.58301,84443
6.58395,84446
6.5849,84449
6.58584,84452
6.58678,84455
6.58773,84458
6.58867,84461
6.58962,84464
6.59056,84467
6.5915,84470
6.59245,84473
6.59339,84476
6.59434,84479
6.59528,84482
6.59622,84485
6.59717,84488
6.59811,84491
6.59906,84494
6.6,84497
6.60094,84500
6.60189,84503
6.60283,84506
6.60378,84509
6.60472,84512
6.60566,84515
6.60661,84518
6.60755,84521
6.6085,84524
6.60944,84527
6.61038,84530
6.61133,84533
6.61227,84536
6.61322,84539
6.61416,84542
6.6151,84545
6.61605,84548
6.61699,84551
6.61794,84554
6.61888,84557
6.61982,84560
6.62077,84563
6.62171,84566
6.62266,84569
6.6236,84572
6.62454,84575
6.62549,84578
6.62643,84581
6.62738,84584
6.62832,84587
6.62926,84590
6.63021,84593
6.63115,84596
6.6321,84599
6.63304,84602
6.63398,84605
6.63493,84608
6.63587,84611
6.63682,84614
6.63776,84617
6.6387,84620
6.63965,84623
6.64059,84626
6.64154,84629
6.64248,84632
6.64342,84635
6.64437,84638
6.64531,84641
6.64626,84644
6.6472,84647
6.64814,84650
6.64909,84653
6.65003,84656
6.65098,84659
6.65192,84662
6.65286,84665
6.65381,84668
6.65475,84671
6.6557,84674
6.65664,84677
6.65758,84680
6.65853,84683
6.65947,84686
6.66042,84689
6.66136,84692
6.6623,84695
6.66325,84698
6.66419,84701
6.66514,84704
6.66608,84707
6.66702,84710
6.66797,84713
6.66891,84716
6.66986,84719
6.6708,84722
6.67174,84725
6.67269,84728
6.67363,84731
6.67458,84734
6.67552,84737
6.67646,84740
6.67741,84743
6.67835,84746
6.6793,84749
6.68024,84752
6.68118,84755
6.68213,84758
6.68307,84761
6.68402,84764
6.68496,84767
6.6859,84770
6.68685,84773
6.68779,84776
6.68874,84779
6.68968,84782
6.69062,84785
6.69157,84788
6.69251,84791
6.69346,84794
6.6944,84797
6.69534,84800
6.69629,84803
6.69723,84806
6.69818,84809
6.69912,84812
6.70006,84815
6.70101,84818
6.70195,84821
6.7029,84824
6.70384,84827
6.70478,84830
6.70573,84833
6.70667,84836
6.70762,84839
6.70856,84842
6.7095,84845
6.71045,84848
6.71139,84851
6.71234,84854
6.71328,84857
6.71422,84860
6.71517,84863
6.71611,84866
6.71706,84869
6.718,84872
6.71894,84875
6.71989,84878
6.72083,84881
6.72178,84884
6.72272,84887
6.72366,84890
6.72461,84893
6.72555,84896
6.7265,84899
6.72744,84902
6.72838,84905
6.72933,84908
6.73027,84911
6.73122,84914
6.73216,84917
6.7331,84920
6.73405,84923
6.73499,84926
6.73594,84929
6.73688,84932
6.73782,84935
6.73877,84938
6.73971,84941
6.74066,84944
6.7416,84947
6.74254,84950
6.74349,84953
6.74443,84956
6.74538,84959
6.74632,84962
6.74726,84965
6.74821,84968
6.74915,84971
6.7501,84974
6.75104,84977
6.75198,84980
6.75293,84983
6.75387,84986
6.75482,84989
6.75576,84992
6.7567,84995
6.75765,84998
6.75859,85001
6.75954,85004
6.76048,85007
6.76142,85010
6.76237,85013
6.76331,85016
6.76426,85019
6.7652,85022
6.76614,85025
6.76709,85028
6.76803,85031
6.76898,85034
6.76992,85037
6.77086,85040
6.77181,85043
6.77275,85046
6.7737,85049
6.77464,85052
6.77558,85055
6.77653,85058
6.77747,85061
6.77842,85064
6.77936,85067
6.7803,85070
6.78125,85073
6.78219,85076
6.78314,85079
6.78408,85082
6.78502,85085
6.78597,85088
6.78691,85091
6.78786,85094
6.7888,85097
6.78974,85100
6.79069,85103
6.79163,85106
6.79258,85109
6.79352,85112
6.79446,85115
6.79541,85118
6.79635,85121
6.7973,85124
6.79824,85127
6.79918,85130
6.80013,85133
6.80107,85136
6.80202,85139
6.80296,85142
6.8039,85145
6.80485,85148
6.80579,85151
6.80674,85154
6.80768,85157
6.80862,85160
6.80957,85163
6.81051,85166
6.81146,85169
6.8124,85172
6.81334,85175
6.81429,85178
6.81523,85181
6.81618,85184
6.81712,85187
6.81806,85190
6.81901,85193
6.81995,85196
6.8209,85199
6.82184,85202
6.82278,85205
6.82373,85208
6.82467,85211
6.82562,85214
6.82656,85217
6.8275,85220
6.82845,85223
6.82939,85226
6.83034,85229
6.83128,85232
6.83222,85235
6.83317,85238
6.83411,85241
6.83506,85244
6.836,85247
6.83694,85250
6.83789,85253
6.83883,85256
6.83978,85259
6.84072,85262
6.84166,85265
6.84261,85268
6.84355,85271
6.8445,85274
6.84544,85277
6.84638,85280
6.84733,85283
6.84827,85286
6.84922,85289
6.85016,85292
6.8511,85295
6.85205,85298
6.85299,85301
6.85394,85304
6.85488,85307
6.85582,85310
6.85677,85313
6.85771,85316
6.85866,85319
6.8596,85322
6.86054,85325
6.86149,85328
6.86243,85331
6.86338,85334
6.86432,85337
6.86526,85340
6.86621,85343
6.86715,85346
6.8681,85349
6.86904,85352
6.86998,85355
6.87093,85358
6.87187,85361
6.87282,85364
6.87376,85367
6.8747,85370
6.87565,85373
6.87659,85376
6.87754,85379
6.87848,85382
6.87942,85385
6.88037,85388
6.88131,85391
6.88226,85394
6.8832,85397
6.88414,85400
6.88509,85403
6.88603,85406
6.88698,85409
6.88792,85412
6.88886,85415
6.88981,85418
6.89075,85421
6.8917,85424
6.89264,85427
6.89358,85430
6.89453,85433
6.89547,85436
6.89642,85439
6.89736,85442
6.8983,85445
6.89925,85448
6.90019,85451
6.90114,85454
6.90208,85457
6.90302,85460
6.90397,85463
6.90491,85466
6.90586,85469
6.9068,85472
6.90774,85475
6.90869,85478
6.90963,85481
6.91058,85484
6.91152,85487
6.91246,85490
6.91341,85493
6.91435,85496
6.9153,85499
6.91624,85502
6.91718,85505
6.91813,85508
6.91907,85511
6.92002,85514
6.92096,85517
6.9219,85520
6.92285,85523
6.92379,85526
6.92474,85529
6.92568,85532
6.92662,85535
6.92757,85538
6.92851,85541
6.92946,85544
6.9304,85547
6.93134,85550
6.93229,85553
6.93323,85556
6.93418,85559
6.93512,85562
6.93606,85565
6.93701,85568
6.93795,85571
6.9389,85574
6.93984,85577
6.94078,85580
6.94173,85583
6.94267,85586
6.94362,85589
6.94456,85592
6.9455,85595
6.94645,85598
6.94739,85601
6.94834,85604
6.94928,85607
6.95022,85610
6.95117,85613
6.95211,85616
6.95306,85619
6.954,85622
6.95494,85625
6.95589,85628
6.95683,85631
6.95778,85634
6.95872,85637
6.95966,85640
6.96061,85643
6.96155,85646
6.9625,85649
6.96344,85652
6.96438,85655
6.96533,85658
6.96627,85661
6.96722,85664
6.96816,85667
6.9691,85670
6.97005,85673
6.97099,85676
6.97194,85679
6.97288,85682
6.97382,85685
6.97477,85688
6.97571,85691
6.97666,85694
6.9776,85697
6.97854,85700
6.97949,85703
6.98043,85706
6.98138,85709
6.98232,85712
6.98326,85715
6.98421,85718
6.98515,85721
6.9861,85724
6.98704,85727
6.98798,85730
6.98893,85733
6.98987,85736
6.99082,85739
6.99176,85742
6.9927,85745
6.99365,85748
6.99459,85751
6.99554,85754
6.99648,85757
6.99742,85760
6.99837,85763
6.99931,85766
7.00026,85769
7.0012,85772
7.00214,85775
7.00309,85778
7.00403,85781
7.00498,85784
7.00592,85787
7.00686,85790
7.00781,85793
7.00875,85796
7.0097,85799
7.01064,85802
7.01158,85805
7.01253,85808
7.01347,85811
7.01442,85814
7.01536,85817
7.0163,85820
7.01725,85823
7.01819,85826
7.01914,85829
7.02008,85832
7.02102,85835
7.02197,85838
7.02291,85841
7.02386,85844
7.0248,85847
7.02574,85850
7.02669,85853
7.02763,85856
7.02858,85859
7.02952,85862
7.03046,85865
7.03141,85868
7.03235,85871
7.0333,85874
7.03424,85877
7.03518,85880
7.03613,85883
7.03707,85886
7.03802,85889
7.03896,85892
7.0399,85895
7.04085,85898
7.04179,85901
7.04274,85904
7.04368,85907
7.04462,85910
7.04557,85913
7.04651,85916
7.04746,85919
7.0484,85922
7.04934,85925
7.05029,85928
7.05123,85931
7.05218,85934
7.05312,85937
7.05406,85940
7.05501,85943
7.05595,85946
7.0569,85949
7.05784,85952
7.05878,85955
7.05973,85958
7.06067,85961
7.06162,85964
7.06256,85967
7.0635,85970
7.06445,85973
7.06539,85976
7.06634,85979
7.06728,85982
7.06822,85985
7.06917,85988
7.07011,85991
7.07106,85994
7.072,85997
7.07294,86000
7.07389,86003
7.07483,86006
7.07578,86009
7.07672,86012
7.07766,86015
7.07861,86018
7.07955,86021
7.0805,86024
7.08144,86027
7.08238,86030
7.08333,86033
7.08427,86036
7.08522,86039
7.08616,86042
7.0871,86045
7.08805,86048
7.08899,86051
7.08994,86054
7.09088,86057
7.09182,86060
7.09277,86063
7.09371,86066
7.09466,86069
7.0956,86072
7.09654,86075
7.09749,86078
7.09843,86081
7.09938,86084
7.10032,86087
7.10126,86090
7.10221,86093
7.10315,86096
7.1041,86099
7.10504,86102
7.10598,86105
7.10693,86108
7.10787,86111
7.10882,86114
7.10976,86117
7.1107,86120
7.11165,86123
7.11259,86126
7.11354,86129
7.11448,86132
7.11542,86135
7.11637,86138
7.11731,86141
7.11826,86144
7.1192,86147
7.12014,86150
7.12109,86153
7.12203,86156
7.12298,86159
7.12392,86162
7.12486,86165
7.12581,86168
7.12675,86171
7.1277,86174
7.12864,86177
7.12958,86180
7.13053,86183
7.13147,86186
7.13242,86189
7.13336,86192
7.1343,86195
7.13525,86198
7.13619,86201
7.13714,86204
7.13808,86207
7.13902,86210
7.13997,86213
7.14091,86216
7.14186,86219
7.1428,86222
7.14374,86225
7.14469,86228
7.14563,86231
7.14658,86234
7.14752,86237
7.14846,86240
7.14941,86243
7.15035,86246
7.1513,86249
7.15224,86252
7.15318,86255
7.15413,86258
7.15507,86261
7.15602,86264
7.15696,86267
7.1579,86270
7.15885,86273
7.15979,86276
7.16074,86279
7.16168,86282
7.16262,86285
7.16357,86288
7.16451,86291
7.16546,86294
7.1664,86297
7.16734,86300
7.16829,86303
7.16923,86306
7.17018,86309
7.17112,86312
7.17206,86315
7.17301,86318
7.17395,86321
7.1749,86324
7.17584,86327
7.17678,86330
7.17773,86333
7.17867,86336
7.17962,86339
7.18056,86342
7.1815,86345
7.18245,86348
7.18339,86351
7.18434,86354
7.18528,86357
7.18622,86360
7.18717,86363
7.18811,86366
7.18906,86369
7.19,86372
7.19094,86375
7.19189,86378
7.19283,86381
7.19378,86384
7.19472,86387
7.19566,86390
7.19661,86393
7.19755,86396
7.1985,86399
7.19944,86402
7.20038,86405
7.20133,86408
7.20227,86411
7.20322,86414
7.20416,86417
7.2051,86420
7.20605,86423
7.20699,86426
7.20794,86429
7.20888,86432
7.20982,86435
7.21077,86438
7.21171,86441
7.21266,86444
7.2136,86447
7.21454,86450
7.21549,86453
7.21643,86456
7.21738,86459
7.21832,86462
7.21926,86465
7.22021,86468
7.22115,86471
7.2221,86474
7.22304,86477
7.22398,86480
7.22493,86483
7.22587,86486
7.22682,86489
7.22776,86492
7.2287,86495
7.22965,86498
7.23059,86501
7.23154,86504
7.23248,86507
7.23342,86510
7.23437,86513
7.23531,86516
7.23626,86519
7.2372,86522
7.23814,86525
7.23909,86528
7.24003,86531
7.24098,86534
7.24192,86537
7.24286,86540
7.24381,86543
7.24475,86546
7.2457,86549
7.24664,86552
7.24758,86555
7.24853,86558
7.24947,86561
7.25042,86564
7.25136,86567
7.2523,86570
7.25325,86573
7.25419,86576
7.25514,86579
7.25608,86582
7.25702,86585
7.25797,86588
7.25891,86591
7.25986,86594
7.2608,86597
7.26174,86600
7.26269,86603
7.26363,86606
7.26458,86609
7.26552,86612
7.26646,86615
7.26741,86618
7.26835,86621
7.2693,86624
7.27024,86627
7.27118,86630
7.27213,86633
7.27307,86636
7.27402,86639
7.27496,86642
7.2759,86645
7.27685,86648
7.27779,86651
7.27874,86654
7.27968,86657
7.28062,86660
7.28157,86663
7.28251,86666
7.28346,86669
7.2844,86672
7.28534,86675
7.28629,86678
7.28723,86681
7.28818,86684
7.28912,86687
7.29006,86690
7.29101,86693
7.29195,86696
7.2929,86699
7.29384,86702
7.29478,86705
7.29573,86708
7.29667,86711
7.29762,86714
7.29856,86717
7.2995,86720
7.30045,86723
7.30139,86726
7.30234,86729
7.30328,86732
7.30422,86735
7.30517,86738
7.30611,86741
7.30706,86744
7.308,86747
7.30894,86750
7.30989,86753
7.31083,86756
7.31178,86759
7.31272,86762
7.31366,86765
7.31461,86768
7.31555,86771
7.3165,86774
7.31744,86777
7.31838,86780
7.31933,86783
7.32027,86786
7.32122,86789
7.32216,86792
7.3231,86795
7.32405,86798
7.32499,86801
7.32594,86804
7.32688,86807
7.32782,86810
7.32877,86813
7.32971,86816
7.33066,86819
7.3316,86822
7.33254,86825
7.33349,86828
7.33443,86831
7.33538,86834
7.33632,86837
7.33726,86840
7.33821,86843
7.33915,86846
7.3401,86849
7.34104,86852
7.34198,86855
7.34293,86858
7.34387,86861
7.34482,86864
7.34576,86867
7.3467,86870
7.34765,86873
7.34859,86876
7.34954,86879
7.35048,86882
7.35142,86885
7.35237,86888
7.35331,86891
7.35426,86894
7.3552,86897
7.35614,86900
7.35709,86903
7.35803,86906
7.35898,86909
7.35992,86912
7.36086,86915
7.36181,86918
7.36275,86921
7.3637,86924
7.36464,86927
7.36558,86930
7.36653,86933
7.36747,86936
7.36842,86939
7.36936,86942
7.3703,86945
7.37125,86948
7.37219,86951
7.37314,86954
7.37408,86957
7.37502,86960
7.37597,86963
7.37691,86966
7.37786,86969
7.3788,86972
7.37974,86975
7.38069,86978
7.38163,86981
7.38258,86984
7.38352,86987
7.38446,86990
7.38541,86993
7.38635,86996
7.3873,86999
7.38824,87002
7.38918,87005
7.39013,87008
7.39107,87011
7.39202,87014
7.39296,87017
7.3939,87020
7.39485,87023
7.39579,87026
7.39674,87029
7.39768,87032
7.39862,87035
7.39957,87038
7.40051,87041
7.40146,87044
7.4024,87047
7.40334,87050
7.40429,87053
7.40523,87056
7.40618,87059
7.40712,87062
7.40806,87065
7.40901,87068
7.40995,87071
7.4109,87074
7.41184,87077
7.41278,87080
7.41373,87083
7.41467,87086
7.41562,87089
7.41656,87092
7.4175,87095
7.41845,87098
7.41939,87101
7.42034,87104
7.42128,87107
7.42222,87110
7.42317,87113
7.42411,87116
7.42506,87119
7.426,87122
7.42694,87125
7.42789,87128
7.42883,87131
7.42978,87134
7.43072,87137
7.43166,87140
7.43261,87143
7.43355,87146
7.4345,87149
7.43544,87152
7.43638,87155
7.43733,87158
7.43827,87161
7.43922,87164
7.44016,87167
7.4411,87170
7.44205,87173
7.44299,87176
7.44394,87179
7.44488,87182
7.44582,87185
7.44677,87188
7.44771,87191
7.44866,87194
7.4496,87197
7.45054,87200
7.45149,87203
7.45243,87206
7.45338,87209
7.45432,87212
7.45526,87215
7.45621,87218
7.45715,87221
7.4581,87224
7.45904,87227
7.45998,87230
7.46093,87233
7.46187,87236
7.46282,87239
7.46376,87242
7.4647,87245
7.46565,87248
7.46659,87251
7.46754,87254
7.46848,87257
7.46942,87260
7.47037,87263
7.47131,87266
7.47226,87269
7.4732,87272
7.47414,87275
7.47509,87278
7.47603,87281
7.47698,87284
7.47792,87287
7.47886,87290
7.47981,87293
7.48075,87296
7.4817,87299
7.48264,87302
7.48358,87305
7.48453,87308
7.48547,87311
7.48642,87314
7.48736,87317
7.4883,87320
7.48925,87323
7.49019,87326
7.49114,87329
7.49208,87332
7.49302,87335
7.49397,87338
7.49491,87341
7.49586,87344
7.4968,87347
7.49774,87350
7.49869,87353
7.49963,87356
7.50058,87359
7.50152,87362
7.50246,87365
7.50341,87368
7.50435,87371
7.5053,87374
7.50624,87377
7.50718,87380
7.50813,87383
7.50907,87386
7.51002,87389
7.51096,87392
7.5119,87395
7.51285,87398
7.51379,87401
7.51474,87404
7.51568,87407
7.51662,87410
7.51757,87413
7.51851,87416
7.51946,87419
7.5204,87422
7.52134,87425
7.52229,87428
7.52323,87431
7.52418,87434
7.52512,87437
7.52606,87440
7.52701,87443
7.52795,87446
7.5289,87449
7.52984,87452
7.53078,87455
7.53173,87458
7.53267,87461
7.53362,87464
7.53456,87467
7.5355,87470
7.53645,87473
7.53739,87476
7.53834,87479
7.53928,87482
7.54022,87485
7.54117,87488
7.54211,87491
7.54306,87494
7.544,87497
7.54494,87500
7.54589,87503
7.54683,87506
7.54778,87509
7.54872,87512
7.54966,87515
7.55061,87518
7.55155,87521
7.5525,87524
7.55344,87527
7.55438,87530
7.55533,87533
7.55627,87536
7.55722,87539
7.55816,87542
7.5591,87545
7.56005,87548
7.56099,87551
7.56194,87554
7.56288,87557
7.56382,87560
7.56477,87563
7.56571,87566
7.56666,87569
7.5676,87572
7.56854,87575
7.56949,87578
7.57043,87581
7.57138,87584
7.57232,87587
7.57326,87590
7.57421,87593
7.57515,87596
7.5761,87599
7.57704,87602
7.57798,87605
7.57893,87608
7.57987,87611
7.58082,87614
7.58176,87617
7.5827,87620
7.58365,87623
7.58459,87626
7.58554,87629
7.58648,87632
7.58742,87635
7.58837,87638
7.58931,87641
7.59026,87644
7.5912,87647
7.59214,87650
7.59309,87653
7.59403,87656
7.59498,87659
7.59592,87662
7.59686,87665
7.59781,87668
7.59875,87671
7.5997,87674
7.60064,87677
7.60158,87680
7.60253,87683
7.60347,87686
7.60442,87689
7.60536,87692
7.6063,87695
7.60725,87698
7.60819,87701
7.60914,87704
7.61008,87707
7.61102,87710
7.61197,87713
7.61291,87716
7.61386,87719
7.6148,87722
7.61574,87725
7.61669,87728
7.61763,87731
7.61858,87734
7.61952,87737
7.62046,87740
7.62141,87743
7.62235,87746
7.6233,87749
7.62424,87752
7.62518,87755
7.62613,87758
7.62707,87761
7.62802,87764
7.62896,87767
7.6299,87770
7.63085,87773
7.63179,87776
7.63274,87779
7.63368,87782
7.63462,87785
7.63557,87788
7.63651,87791
7.63746,87794
7.6384,87797
7.63934,87800
7.64029,87803
7.64123,87806
7.64218,87809
7.64312,87812
7.64406,87815
7.64501,87818
7.64595,87821
7.6469,87824
7.64784,87827
7.64878,87830
7.64973,87833
7.65067,87836
7.65162,87839
7.65256,87842
7.6535,87845
7.65445,87848
7.65539,87851
7.65634,87854
7.65728,87857
7.65822,87860
7.65917,87863
7.66011,87866
7.66106,87869
7.662,87872
7.66294,87875
7.66389,87878
7.66483,87881
7.66578,87884
7.66672,87887
7.66766,87890
7.66861,87893
7.66955,87896
7.6705,87899
7.67144,87902
7.67238,87905
7.67333,87908
7.67427,87911
7.67522,87914
7.67616,87917
7.6771,87920
7.67805,87923
7.67899,87926
7.67994,87929
7.68088,87932
7.68182,87935
7.68277,87938
7.68371,87941
7.68466,87944
7.6856,87947
7.68654,87950
7.68749,87953
7.68843,87956
7.68938,87959
7.69032,87962
7.69126,87965
7.69221,87968
7.69315,87971
7.6941,87974
7.69504,87977
7.69598,87980
7.69693,87983
7.69787,87986
7.69882,87989
7.69976,87992
7.7007,87995
7.70165,87998
7.70259,88001
7.70354,88004
7.70448,88007
7.70542,88010
7.70637,88013
7.70731,88016
7.70826,88019
7.7092,88022
7.71014,88025
7.71109,88028
7.71203,88031
7.71298,88034
7.71392,88037
7.71486,88040
7.71581,88043
7.71675,88046
7.7177,88049
7.71864,88052
7.71958,88055
7.72053,88058
7.72147,88061
7.72242,88064
7.72336,88067
7.7243,88070
7.72525,88073
7.72619,88076
7.72714,88079
7.72808,88082
7.72902,88085
7.72997,88088
7.73091,88091
7.73186,88094
7.7328,88097
7.73374,88100
7.73469,88103
7.73563,88106
7.73658,88109
7.73752,88112
7.73846,88115
7.73941,88118
7.74035,88121
7.7413,88124
7.74224,88127
7.74318,88130
7.74413,88133
7.74507,88136
7.74602,88139
7.74696,88142
7.7479,88145
7.74885,88148
7.74979,88151
7.75074,88154
7.75168,88157
7.75262,88160
7.75357,88163
7.75451,88166
7.75546,88169
7.7564,88172
7.75734,88175
7.75829,88178
7.75923,88181
7.76018,88184
7.76112,88187
7.76206,88190
7.76301,88193
7.76395,88196
7.7649,88199
7.76584,88202
7.76678,88205
7.76773,88208
7.76867,88211
7.76962,88214
7.77056,88217
7.7715,88220
7.77245,88223
7.77339,88226
7.77434,88229
7.77528,88232
7.77622,88235
7.77717,88238
7.77811,88241
7.77906,88244
7.78,88247
7.78094,88250
7.78189,88253
7.78283,88256
7.78378,88259
7.78472,88262
7.78566,88265
7.78661,88268
7.78755,88271
7.7885,88274
7.78944,88277
7.79038,88280
7.79133,88283
7.79227,88286
7.79322,88289
7.79416,88292
7.7951,88295
7.79605,88298
7.79699,88301
7.79794,88304
7.79888,88307
7.79982,88310
7.80077,88313
7.80171,88316
7.80266,88319
7.8036,88322
7.80454,88325
7.80549,88328
7.80643,88331
7.80738,88334
7.80832,88337
7.80926,88340
7.81021,88343
7.81115,88346
7.8121,88349
7.81304,88352
7.81398,88355
7.81493,88358
7.81587,88361
7.81682,88364
7.81776,88367
7.8187,88370
7.81965,88373
7.82059,88376
7.82154,88379
7.82248,88382
7.82342,88385
7.82437,88388
7.82531,88391
7.82626,88394
7.8272,88397
7.82814,88400
7.82909,88403
7.83003,88406
7.83098,88409
7.83192,88412
7.83286,88415
7.83381,88418
7.83475,88421
7.8357,88424
7.83664,88427
7.83758,88430
7.83853,88433
7.83947,88436
7.84042,88439
7.84136,88442
7.8423,88445
7.84325,88448
7.84419,88451
7.84514,88454
7.84608,88457
7.84702,88460
7.84797,88463
7.84891,88466
7.84986,88469
7.8508,88472
7.85174,88475
7.85269,88478
7.85363,88481
7.85458,88484
7.85552,88487
7.85646,88490
7.85741,88493
7.85835,88496
7.8593,88499
7.86024,88502
7.86118,88505
7.86213,88508
7.86307,88511
7.86402,88514
7.86496,88517
7.8659,88520
7.86685,88523
7.86779,88526
7.86874,88529
7.86968,88532
7.87062,88535
7.87157,88538
7.87251,88541
7.87346,88544
7.8744,88547
7.87534,88550
7.87629,88553
7.87723,88556
7.87818,88559
7.87912,88562
7.88006,88565
7.88101,88568
7.88195,88571
7.8829,88574
7.88384,88577
7.88478,88580
7.88573,88583
7.88667,88586
7.88762,88589
7.88856,88592
7.8895,88595
7.89045,88598
7.89139,88601
7.89234,88604
7.89328,88607
7.89422,88610
7.89517,88613
7.89611,88616
7.89706,88619
7.898,88622
7.89894,88625
7.89989,88628
7.90083,88631
7.90178,88634
7.90272,88637
7.90366,88640
7.90461,88643
7.90555,88646
7.9065,88649
7.90744,88652
7.90838,88655
7.90933,88658
7.91027,88661
7.91122,88664
7.91216,88667
7.9131,88670
7.91405,88673
7.91499,88676
7.91594,88679
7.91688,88682
7.91782,88685
7.91877,88688
7.91971,88691
7.92066,88694
7.9216,88697
7.92254,88700
7.92349,88703
7.92443,88706
7.92538,88709
7.92632,88712
7.92726,88715
7.92821,88718
7.92915,88721
7.9301,88724
7.93104,88727
7.93198,88730
7.93293,88733
7.93387,88736
7.93482,88739
7.93576,88742
7.9367,88745
7.93765,88748
7.93859,88751
7.93954,88754
7.94048,88757
7.94142,88760
7.94237,88763
7.94331,88766
7.94426,88769
7.9452,88772
7.94614,88775
7.94709,88778
7.94803,88781
7.94898,88784
7.94992,88787
7.95086,88790
7.95181,88793
7.95275,88796
7.9537,88799
7.95464,88802
7.95558,88805
7.95653,88808
7.95747,88811
7.95842,88814
7.95936,88817
7.9603,88820
7.96125,88823
7.96219,88826
7.96314,88829
7.96408,88832
7.96502,88835
7.96597,88838
7.96691,88841
7.96786,88844
7.9688,88847
7.96974,88850
7.97069,88853
7.97163,88856
7.97258,88859
7.97352,88862
7.97446,88865
7.97541,88868
7.97635,88871
7.9773,88874
7.97824,88877
7.97918,88880
7.98013,88883
7.98107,88886
7.98202,88889
7.98296,88892
7.9839,88895
7.98485,88898
7.98579,88901
7.98674,88904
7.98768,88907
7.98862,88910
7.98957,88913
7.99051,88916
7.99146,88919
7.9924,88922
7.99334,88925
7.99429,88928
7.99523,88931
7.99618,88934
7.99712,88937
7.99806,88940
7.99901,88943
7.99995,88946
8.0009,88949
8.00184,88952
8.00278,88955
8.00373,88958
8.00467,88961
8.00562,88964
8.00656,88967
8.0075,88970
8.00845,88973
8.00939,88976
8.01034,88979
8.01128,88982
8.01222,88985
8.01317,88988
8.01411,88991
8.01506,88994
8.016,88997
8.01694,89000
8.01789,89003
8.01883,89006
8.01978,89009
8.02072,89012
8.02166,89015
8.02261,89018
8.02355,89021
8.0245,89024
8.02544,89027
8.02638,89030
8.02733,89033
8.02827,89036
8.02922,89039
8.03016,89042
8.0311,89045
8.03205,89048
8.03299,89051
8.03394,89054
8.03488,89057
8.03582,89060
8.03677,89063
8.03771,89066
8.03866,89069
8.0396,89072
8.04054,89075
8.04149,89078
8.04243,89081
8.04338,89084
8.04432,89087
8.04526,89090
8.04621,89093
8.04715,89096
8.0481,89099
8.04904,89102
8.04998,89105
8.05093,89108
8.05187,89111
8.05282,89114
8.05376,89117
8.0547,89120
8.05565,89123
8.05659,89126
8.05754,89129
8.05848,89132
8.05942,89135
8.06037,89138
8.06131,89141
8.06226,89144
8.0632,89147
8.06414,89150
8.06509,89153
8.06603,89156
8.06698,89159
8.06792,89162
8.06886,89165
8.06981,89168
8.07075,89171
8.0717,89174
8.07264,89177
8.07358,89180
8.07453,89183
8.07547,89186
8.07642,89189
8.07736,89192
8.0783,89195
8.07925,89198
8.08019,89201
8.08114,89204
8.08208,89207
8.08302,89210
8.08397,89213
8.08491,89216
8.08586,89219
8.0868,89222
8.08774,89225
8.08869,89228
8.08963,89231
8.09058,89234
8.09152,89237
8.09246,89240
8.09341,89243
8.09435,89246
8.0953,89249
8.09624,89252
8.09718,89255
8.09813,89258
8.09907,89261
8.10002,89264
8.10096,89267
8.1019,89270
8.10285,89273
8.10379,89276
8.10474,89279
8.10568,89282
8.10662,89285
8.10757,89288
8.10851,89291
8.10946,89294
8.1104,89297
8.11134,89300
8.11229,89303
8.11323,89306
8.11418,89309
8.11512,89312
8.11606,89315
8.11701,89318
8.11795,89321
8.1189,89324
8.11984,89327
8.12078,89330
8.12173,89333
8.12267,89336
8.12362,89339
8.12456,89342
8.1255,89345
8.12645,89348
8.12739,89351
8.12834,89354
8.12928,89357
8.13022,89360
8.13117,89363
8.13211,89366
8.13306,89369
8.134,89372
8.13494,89375
8.13589,89378
8.13683,89381
8.13778,89384
8.13872,89387
8.13966,89390
8.14061,89393
8.14155,89396
8.1425,89399
8.14344,89402
8.14438,89405
8.14533,89408
8.14627,89411
8.14722,89414
8.14816,89417
8.1491,89420
8.15005,89423
8.15099,89426
8.15194,89429
8.15288,89432
8.15382,89435
8.15477,89438
8.15571,89441
8.15666,89444
8.1576,89447
8.15854,89450
8.15949,89453
8.16043,89456
8.16138,89459
8.16232,89462
8.16326,89465
8.16421,89468
8.16515,89471
8.1661,89474
8.16704,89477
8.16798,89480
8.16893,89483
8.16987,89486
8.17082,89489
8.17176,89492
8.1727,89495
8.17365,89498
8.17459,89501
8.17554,89504
8.17648,89507
8.17742,89510
8.17837,89513
8.17931,89516
8.18026,89519
8.1812,89522
8.18214,89525
8.18309,89528
8.18403,89531
8.18498,89534
8.18592,89537
8.18686,89540
8.18781,89543
8.18875,89546
8.1897,89549
8.19064,89552
8.19158,89555
8.19253,89558
8.19347,89561
8.19442,89564
8.19536,89567
8.1963,89570
8.19725,89573
8.19819,89576
8.19914,89579
8.20008,89582
8.20102,89585
8.20197,89588
8.20291,89591
8.20386,89594
8.2048,89597
8.20574,89600
8.20669,89603
8.20763,89606
8.20858,89609
8.20952,89612
8.21046,89615
8.21141,89618
8.21235,89621
8.2133,89624
8.21424,89627
8.21518,89630
8.21613,89633
8.21707,89636
8.21802,89639
8.21896,89642
8.2199,89645
8.22085,89648
8.22179,89651
8.22274,89654
8.22368,89657
8.22462,89660
8.22557,89663
8.22651,89666
8.22746,89669
8.2284,89672
8.22934,89675
8.23029,89678
8.23123,89681
8.23218,89684
8.23312,89687
8.23406,89690
8.23501,89693
8.23595,89696
8.2369,89699
8.23784,89702
8.23878,89705
8.23973,89708
8.24067,89711
8.24162,89714
8.24256,89717
8.2435,89720
8.24445,89723
8.24539,89726
8.24634,89729
8.24728,89732
8.24822,89735
8.24917,89738
8.25011,89741
8.25106,89744
8.252,89747
8.25294,89750
8.25389,89753
8.25483,89756
8.25578,89759
8.25672,89762
8.25766,89765
8.25861,89768
8.25955,89771
8.2605,89774
8.26144,89777
8.26238,89780
8.26333,89783
8.26427,89786
8.26522,89789
8.26616,89792
8.2671,89795
8.26805,89798
8.26899,89801
8.26994,89804
8.27088,89807
8.27182,89810
8.27277,89813
8.27371,89816
8.27466,89819
8.2756,89822
8.27654,89825
8.27749,89828
8.27843,89831
8.27938,89834
8.28032,89837
8.28126,89840
8.28221,89843
8.28315,89846
8.2841,89849
8.28504,89852
8.28598,89855
8.28693,89858
8.28787,89861
8.28882,89864
8.28976,89867
8.2907,89870
8.29165,89873
8.29259,89876
8.29354,89879
8.29448,89882
8.29542,89885
8.29637,89888
8.29731,89891
8.29826,89894
8.2992,89897
8.30014,89900
8.30109,89903
8.30203,89906
8.30298,89909
8.30392,89912
8.30486,89915
8.30581,89918
8.30675,89921
8.3077,89924
8.30864,89927
8.30958,89930
8.31053,89933
8.31147,89936
8.31242,89939
8.31336,89942
8.3143,89945
8.31525,89948
8.31619,89951
8.31714,89954
8.31808,89957
8.31902,89960
8.31997,89963
8.32091,89966
8.32186,89969
8.3228,89972
8.32374,89975
8.32469,89978
8.32563,89981
8.32658,89984
8.32752,89987
8.32846,89990
8.32941,89993
8.33035,89996
8.3313,89999
8.33224,90002
8.33318,90005
8.33413,90008
8.33507,90011
8.33602,90014
8.33696,90017
8.3379,90020
8.33885,90023
8.33979,90026
8.34074,90029
8.34168,90032
8.34262,90035
8.34357,90038
8.34451,90041
8.34546,90044
8.3464,90047
8.34734,90050
8.34829,90053
8.34923,90056
8.35018,90059
8.35112,90062
8.35206,90065
8.35301,90068
8.35395,90071
8.3549,90074
8.35584,90077
8.35678,90080
8.35773,90083
8.35867,90086
8.35962,90089
8.36056,90092
8.3615,90095
8.36245,90098
8.36339,90101
8.36434,90104
8.36528,90107
8.36622,90110
8.36717,90113
8.36811,90116
8.36906,90119
8.37,90122
8.37094,90125
8.37189,90128
8.37283,90131
8.37378,90134
8.37472,90137
8.37566,90140
8.37661,90143
8.37755,90146
8.3785,90149
8.37944,90152
8.38038,90155
8.38133,90158
8.38227,90161
8.38322,90164
8.38416,90167
8.3851,90170
8.38605,90173
8.38699,90176
8.38794,90179
8.38888,90182
8.38982,90185
8.39077,90188
8.39171,90191
8.39266,90194
8.3936,90197
8.39454,90200
8.39549,90203
8.39643,90206
8.39738,90209
8.39832,90212
8.39926,90215
8.40021,90218
8.40115,90221
8.4021,90224
8.40304,90227
8.40398,90230
8.40493,90233
8.40587,90236
8.40682,90239
8.40776,90242
8.4087,90245
8.40965,90248
8.41059,90251
8.41154,90254
8.41248,90257
8.41342,90260
8.41437,90263
8.41531,90266
8.41626,90269
8.4172,90272
8.41814,90275
8.41909,90278
8.42003,90281
8.42098,90284
8.42192,90287
8.42286,90290
8.42381,90293
8.42475,90296
8.4257,90299
8.42664,90302
8.42758,90305
8.42853,90308
8.42947,90311
8.43042,90314
8.43136,90317
8.4323,90320
8.43325,90323
8.43419,90326
8.43514,90329
8.43608,90332
8.43702,90335
8.43797,90338
8.43891,90341
8.43986,90344
8.4408,90347
8.44174,90350
8.44269,90353
8.44363,90356
8.44458,90359
8.44552,90362
8.44646,90365
8.44741,90368
8.44835,90371
8.4493,90374
8.45024,90377
8.45118,90380
8.45213,90383
8.45307,90386
8.45402,90389
8.45496,90392
8.4559,90395
8.45685,90398
8.45779,90401
8.45874,90404
8.45968,90407
8.46062,90410
8.46157,90413
8.46251,90416
8.46346,90419
8.4644,90422
8.46534,90425
8.46629,90428
8.46723,90431
8.46818,90434
8.46912,90437
8.47006,90440
8.47101,90443
8.47195,90446
8.4729,90449
8.47384,90452
8.47478,90455
8.47573,90458
8.47667,90461
8.47762,90464
8.47856,90467
8.4795,90470
8.48045,90473
8.48139,90476
8.48234,90479
8.48328,90482
8.48422,90485
8.48517,90488
8.48611,90491
8.48706,90494
8.488,90497
8.48894,90500
8.48989,90503
8.49083,90506
8.49178,90509
8.49272,90512
8.49366,90515
8.49461,90518
8.49555,90521
8.4965,90524
8.49744,90527
8.49838,90530
8.49933,90533
8.50027,90536
8.50122,90539
8.50216,90542
8.5031,90545
8.50405,90548
8.50499,90551
8.50594,90554
8.50688,90557
8.50782,90560
8.50877,90563
8.50971,90566
8.51066,90569
8.5116,90572
8.51254,90575
8.51349,90578
8.51443,90581
8.51538,90584
8.51632,90587
8.51726,90590
8.51821,90593
8.51915,90596
8.5201,90599
8.52104,90602
8.52198,90605
8.52293,90608
8.52387,90611
8.52482,90614
8.52576,90617
8.5267,90620
8.52765,90623
8.52859,90626
8.52954,90629
8.53048,90632
8.53142,90635
8.53237,90638
8.53331,90641
8.53426,90644
8.5352,90647
8.53614,90650
8.53709,90653
8.53803,90656
8.53898,90659
8.53992,90662
8.54086,90665
8.54181,90668
8.54275,90671
8.5437,90674
8.54464,90677
8.54558,90680
8.54653,90683
8.54747,90686
8.54842,90689
8.54936,90692
8.5503,90695
8.55125,90698
8.55219,90701
8.55314,90704
8.55408,90707
8.55502,90710
8.55597,90713
8.55691,90716
8.55786,90719
8.5588,90722
8.55974,90725
8.56069,90728
8.56163,90731
8.56258,90734
8.56352,90737
8.56446,90740
8.56541,90743
8.56635,90746
8.5673,90749
8.56824,90752
8.56918,90755
8.57013,90758
8.57107,90761
8.57202,90764
8.57296,90767
8.5739,90770
8.57485,90773
8.57579,90776
8.57674,90779
8.57768,90782
8.57862,90785
8.57957,90788
8.58051,90791
8.58146,90794
8.5824,90797
8.58334,90800
8.58429,90803
8.58523,90806
8.58618,90809
8.58712,90812
8.58806,90815
8.58901,90818
8.58995,90821
8.5909,90824
8.59184,90827
8.59278,90830
8.59373,90833
8.59467,90836
8.59562,90839
8.59656,90842
8.5975,90845
8.59845,90848
8.59939,90851
8.60034,90854
8.60128,90857
8.60222,90860
8.60317,90863
8.60411,90866
8.60506,90869
8.606,90872
8.60694,90875
8.60789,90878
8.60883,90881
8.60978,90884
8.61072,90887
8.61166,90890
8.61261,90893
8.61355,90896
8.6145,90899
8.61544,90902
8.61638,90905
8.61733,90908
8.61827,90911
8.61922,90914
8.62016,90917
8.6211,90920
8.62205,90923
8.62299,90926
8.62394,90929
8.62488,90932
8.62582,90935
8.62677,90938
8.62771,90941
8.62866,90944
8.6296,90947
8.63054,90950
8.63149,90953
8.63243,90956
8.63338,90959
8.63432,90962
8.63526,90965
8.63621,90968
8.63715,90971
8.6381,90974
8.63904,90977
8.63998,90980
8.64093,90983
8.64187,90986
8.64282,90989
8.64376,90992
8.6447,90995
8.64565,90998
8.64659,91001
8.64754,91004
8.64848,91007
8.64942,91010
8.65037,91013
8.65131,91016
8.65226,91019
8.6532,91022
8.65414,91025
8.65509,91028
8.65603,91031
8.65698,91034
8.65792,91037
8.65886,91040
8.65981,91043
8.66075,91046
8.6617,91049
8.66264,91052
8.66358,91055
8.66453,91058
8.66547,91061
8.66642,91064
8.66736,91067
8.6683,91070
8.66925,91073
8.67019,91076
8.67114,91079
8.67208,91082
8.67302,91085
8.67397,91088
8.67491,91091
8.67586,91094
8.6768,91097
8.67774,91100
8.67869,91103
8.67963,91106
8.68058,91109
8.68152,91112
8.68246,91115
8.68341,91118
8.68435,91121
8.6853,91124
8.68624,91127
8.68718,91130
8.68813,91133
8.68907,91136
8.69002,91139
8.69096,91142
8.6919,91145
8.69285,91148
8.69379,91151
8.69474,91154
8.69568,91157
8.69662,91160
8.69757,91163
8.69851,91166
8.69946,91169
8.7004,91172
8.70134,91175
8.70229,91178
8.70323,91181
8.70418,91184
8.70512,91187
8.70606,91190
8.70701,91193
8.70795,91196
8.7089,91199
8.70984,91202
8.71078,91205
8.71173,91208
8.71267,91211
8.71362,91214
8.71456,91217
8.7155,91220
8.71645,91223
8.71739,91226
8.71834,91229
8.71928,91232
8.72022,91235
8.72117,91238
8.72211,91241
8.72306,91244
8.724,91247
8.72494,91250
8.72589,91253
8.72683,91256
8.72778,91259
8.72872,91262
8.72966,91265
8.73061,91268
8.73155,91271
8.7325,91274
8.73344,91277
8.73438,91280
8.73533,91283
8.73627,91286
8.73722,91289
8.73816,91292
8.7391,91295
8.74005,91298
8.74099,91301
8.74194,91304
8.74288,91307
8.74382,91310
8.74477,91313
8.74571,91316
8.74666,91319
8.7476,91322
8.74854,91325
8.74949,91328
8.75043,91331
8.75138,91334
8.75232,91337
8.75326,91340
8.75421,91343
8.75515,91346
8.7561,91349
8.75704,91352
8.75798,91355
8.75893,91358
8.75987,91361
8.76082,91364
8.76176,91367
8.7627,91370
8.76365,91373
8.76459,91376
8.76554,91379
8.76648,91382
8.76742,91385
8.76837,91388
8.76931,91391
8.77026,91394
8.7712,91397
8.77214,91400
8.77309,91403
8.77403,91406
8.77498,91409
8.77592,91412
8.77686,91415
8.77781,91418
8.77875,91421
8.7797,91424
8.78064,91427
8.78158,91430
8.78253,91433
8.78347,91436
8.78442,91439
8.78536,91442
8.7863,91445
8.78725,91448
8.78819,91451
8.78914,91454
8.79008,91457
8.79102,91460
8.79197,91463
8.79291,91466
8.79386,91469
8.7948,91472
8.79574,91475
8.79669,91478
8.79763,91481
8.79858,91484
8.79952,91487
8.80046,91490
8.80141,91493
8.80235,91496
8.8033,91499
8.80424,91502
8.80518,91505
8.80613,91508
8.80707,91511
8.80802,91514
8.80896,91517
8.8099,91520
8.81085,91523
8.81179,91526
8.81274,91529
8.81368,91532
8.81462,91535
8.81557,91538
8.81651,91541
8.81746,91544
8.8184,91547
8.81934,91550
8.82029,91553
8.82123,91556
8.82218,91559
8.82312,91562
8.82406,91565
8.82501,91568
8.82595,91571
8.8269,91574
8.82784,91577
8.82878,91580
8.82973,91583
8.83067,91586
8.83162,91589
8.83256,91592
8.8335,91595
8.83445,91598
8.83539,91601
8.83634,91604
8.83728,91607
8.83822,91610
8.83917,91613
8.84011,91616
8.84106,91619
8.842,91622
8.84294,91625
8.84389,91628
8.84483,91631
8.84578,91634
8.84672,91637
8.84766,91640
8.84861,91643
8.84955,91646
8.8505,91649
8.85144,91652
8.85238,91655
8.85333,91658
8.85427,91661
8.85522,91664
8.85616,91667
8.8571,91670
8.85805,91673
8.85899,91676
8.85994,91679
8.86088,91682
8.86182,91685
8.86277,91688
8.86371,91691
8.86466,91694
8.8656,91697
8.86654,91700
8.86749,91703
8.86843,91706
8.86938,91709
8.87032,91712
8.87126,91715
8.87221,91718
8.87315,91721
8.8741,91724
8.87504,91727
8.87598,91730
8.87693,91733
8.87787,91736
8.87882,91739
8.87976,91742
8.8807,91745
8.88165,91748
8.88259,91751
8.88354,91754
8.88448,91757
8.88542,91760
8.88637,91763
8.88731,91766
8.88826,91769
8.8892,91772
8.89014,91775
8.89109,91778
8.89203,91781
8.89298,91784
8.89392,91787
8.89486,91790
8.89581,91793
8.89675,91796
8.8977,91799
8.89864,91802
8.89958,91805
8.90053,91808
8.90147,91811
8.90242,91814
8.90336,91817
8.9043,91820
8.90525,91823
8.90619,91826
8.90714,91829
8.90808,91832
8.90902,91835
8.90997,91838
8.91091,91841
8.91186,91844
8.9128,91847
8.91374,91850
8.91469,91853
8.91563,91856
8.91658,91859
8.91752,91862
8.91846,91865
8.91941,91868
8.92035,91871
8.9213,91874
8.92224,91877
8.92318,91880
8.92413,91883
8.92507,91886
8.92602,91889
8.92696,91892
8.9279,91895
8.92885,91898
8.92979,91901
8.93074,91904
8.93168,91907
8.93262,91910
8.93357,91913
8.93451,91916
8.93546,91919
8.9364,91922
8.93734,91925
8.93829,91928
8.93923,91931
8.94018,91934
8.94112,91937
8.94206,91940
8.94301,91943
8.94395,91946
8.9449,91949
8.94584,91952
8.94678,91955
8.94773,91958
8.94867,91961
8.94962,91964
8.95056,91967
8.9515,91970
8.95245,91973
8.95339,91976
8.95434,91979
8.95528,91982
8.95622,91985
8.95717,91988
8.95811,91991
8.95906,91994
8.96,91997
8.96094,92000
8.96189,92003
8.96283,92006
8.96378,92009
8.96472,92012
8.96566,92015
8.96661,92018
8.96755,92021
8.9685,92024
8.96944,92027
8.97038,92030
8.97133,92033
8.97227,92036
8.97322,92039
8.97416,92042
8.9751,92045
8.97605,92048
8.97699,92051
8.97794,92054
8.97888,92057
8.97982,92060
8.98077,92063
8.98171,92066
8.98266,92069
8.9836,92072
8.98454,92075
8.98549,92078
8.98643,92081
8.98738,92084
8.98832,92087
8.98926,92090
8.99021,92093
8.99115,92096
8.9921,92099
8.99304,92102
8.99398,92105
8.99493,92108
8.99587,92111
8.99682,92114
8.99776,92117
8.9987,92120
8.99965,92123
9.00059,92126
9.00154,92129
9.00248,92132
9.00342,92135
9.00437,92138
9.00531,92141
9.00626,92144
9.0072,92147
9.00814,92150
9.00909,92153
9.01003,92156
9.01098,92159
9.01192,92162
9.01286,92165
9.01381,92168
9.01475,92171
9.0157,92174
9.01664,92177
9.01758,92180
9.01853,92183
9.01947,92186
9.02042,92189
9.02136,92192
9.0223,92195
9.02325,92198
9.02419,92201
9.02514,92204
9.02608,92207
9.02702,92210
9.02797,92213
9.02891,92216
9.02986,92219
9.0308,92222
9.03174,92225
9.03269,92228
9.03363,92231
9.03458,92234
9.03552,92237
9.03646,92240
9.03741,92243
9.03835,92246
9.0393,92249
9.04024,92252
9.04118,92255
9.04213,92258
9.04307,92261
9.04402,92264
9.04496,92267
9.0459,92270
9.04685,92273
9.04779,92276
9.04874,92279
9.04968,92282
9.05062,92285
9.05157,92288
9.05251,92291
9.05346,92294
9.0544,92297
9.05534,92300
9.05629,92303
9.05723,92306
9.05818,92309
9.05912,92312
9.06006,92315
9.06101,92318
9.06195,92321
9.0629,92324
9.06384,92327
9.06478,92330
9.06573,92333
9.06667,92336
9.06762,92339
9.06856,92342
9.0695,92345
9.07045,92348
9.07139,92351
9.07234,92354
9.07328,92357
9.07422,92360
9.07517,92363
9.07611,92366
9.07706,92369
9.078,92372
9.07894,92375
9.07989,92378
9.08083,92381
9.08178,92384
9.08272,92387
9.08366,92390
9.08461,92393
9.08555,92396
9.0865,92399
9.08744,92402
9.08838,92405
9.08933,92408
9.09027,92411
9.09122,92414
9.09216,92417
9.0931,92420
9.09405,92423
9.09499,92426
9.09594,92429
9.09688,92432
9.09782,92435
9.09877,92438
9.09971,92441
9.10066,92444
9.1016,92447
9.10254,92450
9.10349,92453
9.10443,92456
9.10538,92459
9.10632,92462
9.10726,92465
9.10821,92468
9.10915,92471
9.1101,92474
9.11104,92477
9.11198,92480
9.11293,92483
9.11387,92486
9.11482,92489
9.11576,92492
9.1167,92495
9.11765,92498
9.11859,92501
9.11954,92504
9.12048,92507
9.12142,92510
9.12237,92513
9.12331,92516
9.12426,92519
9.1252,92522
9.12614,92525
9.12709,92528
9.12803,92531
9.12898,92534
9.12992,92537
9.13086,92540
9.13181,92543
9.13275,92546
9.1337,92549
9.13464,92552
9.13558,92555
9.13653,92558
9.13747,92561
9.13842,92564
9.13936,92567
9.1403,92570
9.14125,92573
9.14219,92576
9.14314,92579
9.14408,92582
9.14502,92585
9.14597,92588
9.14691,92591
9.14786,92594
9.1488,92597
9.14974,92600
9.15069,92603
9.15163,92606
9.15258,92609
9.15352,92612
9.15446,92615
9.15541,92618
9.15635,92621
9.1573,92624
9.15824,92627
9.15918,92630
9.16013,92633
9.16107,92636
9.16202,92639
9.16296,92642
9.1639,92645
9.16485,92648
9.16579,92651
9.16674,92654
9.16768,92657
9.16862,92660
9.16957,92663
9.17051,92666
9.17146,92669
9.1724,92672
9.17334,92675
9.17429,92678
9.17523,92681
9.17618,92684
9.17712,92687
9.17806,92690
9.17901,92693
9.17995,92696
9.1809,92699
9.18184,92702
9.18278,92705
9.18373,92708
9.18467,92711
9.18562,92714
9.18656,92717
9.1875,92720
9.18845,92723
9.18939,92726
9.19034,92729
9.19128,92732
9.19222,92735
9.19317,92738
9.19411,92741
9.19506,92744
9.196,92747
9.19694,92750
9.19789,92753
9.19883,92756
9.19978,92759
9.20072,92762
9.20166,92765
9.20261,92768
9.20355,92771
9.2045,92774
9.20544,92777
9.20638,92780
9.20733,92783
9.20827,92786
9.20922,92789
9.21016,92792
9.2111,92795
9.21205,92798
9.21299,92801
9.21394,92804
9.21488,92807
9.21582,92810
9.21677,92813
9.21771,92816
9.21866,92819
9.2196,92822
9.22054,92825
9.22149,92828
9.22243,92831
9.22338,92834
9.22432,92837
9.22526,92840
9.22621,92843
9.22715,92846
9.2281,92849
9.22904,92852
9.22998,92855
9.23093,92858
9.23187,92861
9.23282,92864
9.23376,92867
9.2347,92870
9.23565,92873
9.23659,92876
9.23754,92879
9.23848,92882
9.23942,92885
9.24037,92888
9.24131,92891
9.24226,92894
9.2432,92897
9.24414,92900
9.24509,92903
9.24603,92906
9.24698,92909
9.24792,92912
9.24886,92915
9.24981,92918
9.25075,92921
9.2517,92924
9.25264,92927
9.25358,92930
9.25453,92933
9.25547,92936
9.25642,92939
9.25736,92942
9.2583,92945
9.25925,92948
9.26019,92951
9.26114,92954
9.26208,92957
9.26302,92960
9.26397,92963
9.26491,92966
9.26586,92969
9.2668,92972
9.26774,92975
9.26869,92978
9.26963,92981
9.27058,92984
9.27152,92987
9.27246,92990
9.27341,92993
9.27435,92996
9.2753,92999
9.27624,93002
9.27718,93005
9.27813,93008
9.27907,93011
9.28002,93014
9.28096,93017
9.2819,93020
9.28285,93023
9.28379,93026
9.28474,93029
9.28568,93032
9.28662,93035
9.28757,93038
9.28851,93041
9.28946,93044
9.2904,93047
9.29134,93050
9.29229,93053
9.29323,93056
9.29418,93059
9.29512,93062
9.29606,93065
9.29701,93068
9.29795,93071
9.2989,93074
9.29984,93077
9.30078,93080
9.30173,93083
9.30267,93086
9.30362,93089
9.30456,93092
9.3055,93095
9.30645,93098
9.30739,93101
9.30834,93104
9.30928,93107
9.31022,93110
9.31117,93113
9.31211,93116
9.31306,93119
9.314,93122
9.31494,93125
9.31589,93128
9.31683,93131
9.31778,93134
9.31872,93137
9.31966,93140
9.32061,93143
9.32155,93146
9.3225,93149
9.32344,93152
9.32438,93155
9.32533,93158
9.32627,93161
9.32722,93164
9.32816,93167
9.3291,93170
9.33005,93173
9.33099,93176
9.33194,93179
9.33288,93182
9.33382,93185
9.33477,93188
9.33571,93191
9.33666,93194
9.3376,93197
9.33854,93200
9.33949,93203
9.34043,93206
9.34138,93209
9.34232,93212
9.34326,93215
9.34421,93218
9.34515,93221
9.3461,93224
9.34704,93227
9.34798,93230
9.34893,93233
9.34987,93236
9.35082,93239
9.35176,93242
9.3527,93245
9.35365,93248
9.35459,93251
9.35554,93254
9.35648,93257
9.35742,93260
9.35837,93263
9.35931,93266
9.36026,93269
9.3612,93272
9.36214,93275
9.36309,93278
9.36403,93281
9.36498,93284
9.36592,93287
9.36686,93290
9.36781,93293
9.36875,93296
9.3697,93299
9.37064,93302
9.37158,93305
9.37253,93308
9.37347,93311
9.37442,93314
9.37536,93317
9.3763,93320
9.37725,93323
9.37819,93326
9.37914,93329
9.38008,93332
9.38102,93335
9.38197,93338
9.38291,93341
9.38386,93344
9.3848,93347
9.38574,93350
9.38669,93353
9.38763,93356
9.38858,93359
9.38952,93362
9.39046,93365
9.39141,93368
9.39235,93371
9.3933,93374
9.39424,93377
9.39518,93380
9.39613,93383
9.39707,93386
9.39802,93389
9.39896,93392
9.3999,93395
9.40085,93398
9.40179,93401
9.40274,93404
9.40368,93407
9.40462,93410
9.40557,93413
9.40651,93416
9.40746,93419
9.4084,93422
9.40934,93425
9.41029,93428
9.41123,93431
9.41218,93434
9.41312,93437
9.41406,93440
9.41501,93443
9.41595,93446
9.4169,93449
9.41784,93452
9.41878,93455
9.41973,93458
9.42067,93461
9.42162,93464
9.42256,93467
9.4235,93470
9.42445,93473
9.42539,93476
9.42634,93479
9.42728,93482
9.42822,93485
9.42917,93488
9.43011,93491
9.43106,93494
9.432,93497
9.43294,93500
9.43389,93503
9.43483,93506
9.43578,93509
9.43672,93512
9.43766,93515
9.43861,93518
9.43955,93521
9.4405,93524
9.44144,93527
9.44238,93530
9.44333,93533
9.44427,93536
9.44522,93539
9.44616,93542
9.4471,93545
9.44805,93548
9.44899,93551
9.44994,93554
9.45088,93557
9.45182,93560
9.45277,93563
9.45371,93566
9.45466,93569
9.4556,93572
9.45654,93575
9.45749,93578
9.45843,93581
9.45938,93584
9.46032,93587
9.46126,93590
9.46221,93593
9.46315,93596
9.4641,93599
9.46504,93602
9.46598,93605
9.46693,93608
9.46787,93611
9.46882,93614
9.46976,93617
9.4707,93620
9.47165,93623
9.47259,93626
9.47354,93629
9.47448,93632
9.47542,93635
9.47637,93638
9.47731,93641
9.47826,93644
9.4792,93647
9.48014,93650
9.48109,93653
9.48203,93656
9.48298,93659
9.48392,93662
9.48486,93665
9.48581,93668
9.48675,93671
9.4877,93674
9.48864,93677
9.48958,93680
9.49053,93683
9.49147,93686
9.49242,93689
9.49336,93692
9.4943,93695
9.49525,93698
9.49619,93701
9.49714,93704
9.49808,93707
9.49902,93710
9.49997,93713
9.50091,93716
9.50186,93719
9.5028,93722
9.50374,93725
9.50469,93728
9.50563,93731
9.50658,93734
9.50752,93737
9.50846,93740
9.50941,93743
9.51035,93746
9.5113,93749
9.51224,93752
9.51318,93755
9.51413,93758
9.51507,93761
9.51602,93764
9.51696,93767
9.5179,93770
9.51885,93773
9.51979,93776
9.52074,93779
9.52168,93782
9.52262,93785
9.52357,93788
9.52451,93791
9.52546,93794
9.5264,93797
9.52734,93800
9.52829,93803
9.52923,93806
9.53018,93809
9.53112,93812
9.53206,93815
9.53301,93818
9.53395,93821
9.5349,93824
9.53584,93827
9.53678,93830
9.53773,93833
9.53867,93836
9.53962,93839
9.54056,93842
9.5415,93845
9.54245,93848
9.54339,93851
9.54434,93854
9.54528,93857
9.54622,93860
9.54717,93863
9.54811,93866
9.54906,93869
9.55,93872
9.55094,93875
9.55189,93878
9.55283,93881
9.55378,93884
9.55472,93887
9.55566,93890
9.55661,93893
9.55755,93896
9.5585,93899
9.55944,93902
9.56038,93905
9.56133,93908
9.56227,93911
9.56322,93914
9.56416,93917
9.5651,93920
9.56605,93923
9.56699,93926
9.56794,93929
9.56888,93932
9.56982,93935
9.57077,93938
9.57171,93941
9.57266,93944
9.5736,93947
9.57454,93950
9.57549,93953
9.57643,93956
9.57738,93959
9.57832,93962
9.57926,93965
9.58021,93968
9.58115,93971
9.5821,93974
9.58304,93977
9.58398,93980
9.58493,93983
9.58587,93986
9.58682,93989
9.58776,93992
9.5887,93995
9.58965,93998
9.59059,94001
9.59154,94004
9.59248,94007
9.59342,94010
9.59437,94013
9.59531,94016
9.59626,94019
9.5972,94022
9.59814,94025
9.59909,94028
9.60003,94031
9.60098,94034
9.60192,94037
9.60286,94040
9.60381,94043
9.60475,94046
9.6057,94049
9.60664,94052
9.60758,94055
9.60853,94058
9.60947,94061
9.61042,94064
9.61136,94067
9.6123,94070
9.61325,94073
9.61419,94076
9.61514,94079
9.61608,94082
9.61702,94085
9.61797,94088
9.61891,94091
9.61986,94094
9.6208,94097
9.62174,94100
9.62269,94103
9.62363,94106
9.62458,94109
9.62552,94112
9.62646,94115
9.62741,94118
9.62835,94121
9.6293,94124
9.63024,94127
9.63118,94130
9.63213,94133
9.63307,94136
9.63402,94139
9.63496,94142
9.6359,94145
9.63685,94148
9.63779,94151
9.63874,94154
9.63968,94157
9.64062,94160
9.64157,94163
9.64251,94166
9.64346,94169
9.6444,94172
9.64534,94175
9.64629,94178
9.64723,94181
9.64818,94184
9.64912,94187
9.65006,94190
9.65101,94193
9.65195,94196
9.6529,94199
9.65384,94202
9.65478,94205
9.65573,94208
9.65667,94211
9.65762,94214
9.65856,94217
9.6595,94220
9.66045,94223
9.66139,94226
9.66234,94229
9.66328,94232
9.66422,94235
9.66517,94238
9.66611,94241
9.66706,94244
9.668,94247
9.66894,94250
9.66989,94253
9.67083,94256
9.67178,94259
9.67272,94262
9.67366,94265
9.67461,94268
9.67555,94271
9.6765,94274
9.67744,94277
9.67838,94280
9.67933,94283
9.68027,94286
9.68122,94289
9.68216,94292
9.6831,94295
9.68405,94298
9.68499,94301
9.68594,94304
9.68688,94307
9.68782,94310
9.68877,94313
9.68971,94316
9.69066,94319
9.6916,94322
9.69254,94325
9.69349,94328
9.69443,94331
9.69538,94334
9.69632,94337
9.69726,94340
9.69821,94343
9.69915,94346
9.7001,94349
9.70104,94352
9.70198,94355
9.70293,94358
9.70387,94361
9.70482,94364
9.70576,94367
9.7067,94370
9.70765,94373
9.70859,94376
9.70954,94379
9.71048,94382
9.71142,94385
9.71237,94388
9.71331,94391
9.71426,94394
9.7152,94397
9.71614,94400
9.71709,94403
9.71803,94406
9.71898,94409
9.71992,94412
9.72086,94415
9.72181,94418
9.72275,94421
9.7237,94424
9.72464,94427
9.72558,94430
9.72653,94433
9.72747,94436
9.72842,94439
9.72936,94442
9.7303,94445
9.73125,94448
9.73219,94451
9.73314,94454
9.73408,94457
9.73502,94460
9.73597,94463
9.73691,94466
9.73786,94469
9.7388,94472
9.73974,94475
9.74069,94478
9.74163,94481
9.74258,94484
9.74352,94487
9.74446,94490
9.74541,94493
9.74635,94496
9.7473,94499
9.74824,94502
9.74918,94505
9.75013,94508
9.75107,94511
9.75202,94514
9.75296,94517
9.7539,94520
9.75485,94523
9.75579,94526
9.75674,94529
9.75768,94532
9.75862,94535
9.75957,94538
9.76051,94541
9.76146,94544
9.7624,94547
9.76334,94550
9.76429,94553
9.76523,94556
9.76618,94559
9.76712,94562
9.76806,94565
9.76901,94568
9.76995,94571
9.7709,94574
9.77184,94577
9.77278,94580
9.77373,94583
9.77467,94586
9.77562,94589
9.77656,94592
9.7775,94595
9.77845,94598
9.77939,94601
9.78034,94604
9.78128,94607
9.78222,94610
9.78317,94613
9.78411,94616
9.78506,94619
9.786,94622
9.78694,94625
9.78789,94628
9.78883,94631
9.78978,94634
9.79072,94637
9.79166,94640
9.79261,94643
9.79355,94646
9.7945,94649
9.79544,94652
9.79638,94655
9.79733,94658
9.79827,94661
9.79922,94664
9.80016,94667
9.8011,94670
9.80205,94673
9.80299,94676
9.80394,94679
9.80488,94682
9.80582,94685
9.80677,94688
9.80771,94691
9.80866,94694
9.8096,94697
9.81054,94700
9.81149,94703
9.81243,94706
9.81338,94709
9.81432,94712
9.81526,94715
9.81621,94718
9.81715,94721
9.8181,94724
9.81904,94727
9.81998,94730
9.82093,94733
9.82187,94736
9.82282,94739
9.82376,94742
9.8247,94745
9.82565,94748
9.82659,94751
9.82754,94754
9.82848,94757
9.82942,94760
9.83037,94763
9.83131,94766
9.83226,94769
9.8332,94772
9.83414,94775
9.83509,94778
9.83603,94781
9.83698,94784
9.83792,94787
9.83886,94790
9.83981,94793
9.84075,94796
9.8417,94799
9.84264,94802
9.84358,94805
9.84453,94808
9.84547,94811
9.84642,94814
9.84736,94817
9.8483,94820
9.84925,94823
9.85019,94826
9.85114,94829
9.85208,94832
9.85302,94835
9.85397,94838
9.85491,94841
9.85586,94844
9.8568,94847
9.85774,94850
9.85869,94853
9.85963,94856
9.86058,94859
9.86152,94862
9.86246,94865
9.86341,94868
9.86435,94871
9.8653,94874
9.86624,94877
9.86718,94880
9.86813,94883
9.86907,94886
9.87002,94889
9.87096,94892
9.8719,94895
9.87285,94898
9.87379,94901
9.87474,94904
9.87568,94907
9.87662,94910
9.87757,94913
9.87851,94916
9.87946,94919
9.8804,94922
9.88134,94925
9.88229,94928
9.88323,94931
9.88418,94934
9.88512,94937
9.88606,94940
9.88701,94943
9.88795,94946
9.8889,94949
9.88984,94952
9.89078,94955
9.89173,94958
9.89267,94961
9.89362,94964
9.89456,94967
9.8955,94970
9.89645,94973
9.89739,94976
9.89834,94979
9.89928,94982
9.90022,94985
9.90117,94988
9.90211,94991
9.90306,94994
9.904,94997
9.90494,95000
9.90589,95003
9.90683,95006
9.90778,95009
9.90872,95012
9.90966,95015
9.91061,95018
9.91155,95021
9.9125,95024
9.91344,95027
9.91438,95030
9.91533,95033
9.91627,95036
9.91722,95039
9.91816,95042
9.9191,95045
9.92005,95048
9.92099,95051
9.92194,95054
9.92288,95057
9.92382,95060
9.92477,95063
9.92571,95066
9.92666,95069
9.9276,95072
9.92854,95075
9.92949,95078
9.93043,95081
9.93138,95084
9.93232,95087
9.93326,95090
9.93421,95093
9.93515,95096
9.9361,95099
9.93704,95102
9.93798,95105
9.93893,95108
9.93987,95111
9.94082,95114
9.94176,95117
9.9427,95120
9.94365,95123
9.94459,95126
9.94554,95129
9.94648,95132
9.94742,95135
9.94837,95138
9.94931,95141
9.95026,95144
9.9512,95147
9.95214,95150
9.95309,95153
9.95403,95156
9.95498,95159
9.95592,95162
9.95686,95165
9.95781,95168
9.95875,95171
9.9597,95174
9.96064,95177
9.96158,95180
9.96253,95183
9.96347,95186
9.96442,95189
9.96536,95192
9.9663,95195
9.96725,95198
9.96819,95201
9.96914,95204
9.97008,95207
9.97102,95210
9.97197,95213
9.97291,95216
9.97386,95219
9.9748,95222
9.97574,95225
9.97669,95228
9.97763,95231
9.97858,95234
9.97952,95237
9.98046,95240
9.98141,95243
9.98235,95246
9.9833,95249
9.98424,95252
9.98518,95255
9.98613,95258
9.98707,95261
9.98802,95264
9.98896,95267
9.9899,95270
9.99085,95273
9.99179,95276
9.99274,95279
9.99368,95282
9.99462,95285
9.99557,95288
9.99651,95291
9.99746,95294
9.9984,95297
9.99934,95300
10.0003,95303
10.0012,95306
10.0022,95309
10.0031,95312
10.0041,95315
10.005,95318
10.006,95321
10.0069,95324
10.0078,95327
10.0088,95330
10.0097,95333
10.0107,95336
10.0116,95339
10.0126,95342
10.0135,95345
10.0144,95348
10.0154,95351
10.0163,95354
10.0173,95357
10.0182,95360
10.0192,95363
10.0201,95366
10.0211,95369
10.022,95372
10.0229,95375
10.0239,95378
10.0248,95381
10.0258,95384
10.0267,95387
10.0277,95390
10.0286,95393
10.0296,95396
10.0305,95399
10.0314,95402
10.0324,95405
10.0333,95408
10.0343,95411
10.0352,95414
10.0362,95417
10.0371,95420
10.038,95423
10.039,95426
10.0399,95429
10.0409,95432
10.0418,95435
10.0428,95438
10.0437,95441
10.0447,95444
10.0456,95447
10.0465,95450
10.0475,95453
10.0484,95456
10.0494,95459
10.0503,95462
10.0513,95465
10.0522,95468
10.0532,95471
10.0541,95474
10.055,95477
10.056,95480
10.0569,95483
10.0579,95486
10.0588,95489
10.0598,95492
10.0607,95495
10.0616,95498
10.0626,95501
10.0635,95504
10.0645,95507
10.0654,95510
10.0664,95513
10.0673,95516
10.0683,95519
10.0692,95522
10.0701,95525
10.0711,95528
10.072,95531
10.073,95534
10.0739,95537
10.0749,95540
10.0758,95543
10.0768,95546
10.0777,95549
10.0786,95552
10.0796,95555
10.0805,95558
10.0815,95561
10.0824,95564
10.0834,95567
10.0843,95570
10.0852,95573
10.0862,95576
10.0871,95579
10.0881,95582
10.089,95585
10.09,95588
10.0909,95591
10.0919,95594
10.0928,95597
10.0937,95600
10.0947,95603
10.0956,95606
10.0966,95609
10.0975,95612
10.0985,95615
10.0994,95618
10.1004,95621
10.1013,95624
10.1022,95627
10.1032,95630
10.1041,95633
10.1051,95636
10.106,95639
10.107,95642
10.1079,95645
10.1088,95648
10.1098,95651
10.1107,95654
10.1117,95657
10.1126,95660
10.1136,95663
10.1145,95666
10.1155,95669
10.1164,95672
10.1173,95675
10.1183,95678
10.1192,95681
10.1202,95684
10.1211,95687
10.1221,95690
10.123,95693
10.124,95696
10.1249,95699
10.1258,95702
10.1268,95705
10.1277,95708
10.1287,95711
10.1296,95714
10.1306,95717
10.1315,95720
10.1324,95723
10.1334,95726
10.1343,95729
10.1353,95732
10.1362,95735
10.1372,95738
10.1381,95741
10.1391,95744
10.14,95747
10.1409,95750
10.1419,95753
10.1428,95756
10.1438,95759
10.1447,95762
10.1457,95765
10.1466,95768
10.1476,95770
10.1485,95772
10.1494,95774
10.1504,95776
10.1513,95778
10.1523,95780
10.1532,95782
10.1542,95784
10.1551,95786
10.156,95788
10.157,95790
10.1579,95792
10.1589,95794
10.1598,95796
10.1608,95798
10.1617,95800
10.1627,95802
10.1636,95804
10.1645,95806
10.1655,95808
10.1664,95810
10.1674,95812
10.1683,95814
10.1693,95816
10.1702,95818
10.1712,95820
10.1721,95822
10.173,95824
10.174,95826
10.1749,95828
10.1759,95830
10.1768,95832
10.1778,95834
10.1787,95836
10.1796,95838
10.1806,95840
10.1815,95842
10.1825,95844
10.1834,95846
10.1844,95848
10.1853,95850
10.1863,95852
10.1872,95854
10.1881,95856
10.1891,95858
10.19,95860
10.191,95862
10.1919,95864
10.1929,95866
10.1938,95868
10.1948,95870
10.1957,95872
10.1966,95874
10.1976,95876
10.1985,95878
10.1995,95880
10.2004,95882
10.2014,95884
10.2023,95886
10.2032,95888
10.2042,95890
10.2051,95892
10.2061,95894
10.207,95896
10.208,95898
10.2089,95900
10.2099,95902
10.2108,95904
10.2117,95906
10.2127,95908
10.2136,95910
10.2146,95912
10.2155,95914
10.2165,95916
10.2174,95918
10.2184,95920
10.2193,95922
10.2202,95924
10.2212,95926
10.2221,95928
10.2231,95930
10.224,95932
10.225,95934
10.2259,95936
10.2268,95938
10.2278,95940
10.2287,95942
10.2297,95944
10.2306,95946
10.2316,95948
10.2325,95950
10.2335,95952
10.2344,95954
10.2353,95956
10.2363,95958
10.2372,95960
10.2382,95962
10.2391,95964
10.2401,95966
10.241,95968
10.242,95970
10.2429,95972
10.2438,95974
10.2448,95976
10.2457,95978
10.2467,95980
10.2476,95982
10.2486,95984
10.2495,95986
10.2504,95988
10.2514,95990
10.2523,95992
10.2533,95994
10.2542,95996
10.2552,95998
10.2561,96000
10.2571,96002
10.258,96004
10.2589,96006
10.2599,96008
10.2608,96010
10.2618,96012
10.2627,96014
10.2637,96016
10.2646,96018
10.2656,96020
10.2665,96022
10.2674,96024
10.2684,96026
10.2693,96028
10.2703,96030
10.2712,96032
10.2722,96034
10.2731,96036
10.274,96038
10.275,96040
10.2759,96042
10.2769,96044
10.2778,96046
10.2788,96048
10.2797,96050
10.2807,96052
10.2816,96054
10.2825,96056
10.2835,96058
10.2844,96060
10.2854,96062
10.2863,96064
10.2873,96066
10.2882,96068
10.2892,96070
10.2901,96072
10.291,96074
10.292,96076
10.2929,96078
10.2939,96080
10.2948,96082
10.2958,96084
10.2967,96086
10.2976,96088
10.2986,96090
10.2995,96092
10.3005,96094
10.3014,96096
10.3024,96098
10.3033,96100
10.3043,96102
10.3052,96104
10.3061,96106
10.3071,96108
10.308,96110
10.309,96112
10.3099,96114
10.3109,96116
10.3118,96118
10.3128,96120
10.3137,96122
10.3146,96124
10.3156,96126
10.3165,96128
10.3175,96130
10.3184,96132
10.3194,96134
10.3203,96136
10.3212,96138
10.3222,96140
10.3231,96142
10.3241,96144
10.325,96146
10.326,96148
10.3269,96150
10.3279,96152
10.3288,96154
10.3297,96156
10.3307,96158
10.3316,96160
10.3326,96162
10.3335,96164
10.3345,96166
10.3354,96168
10.3364,96170
10.3373,96172
10.3382,96174
10.3392,96176
10.3401,96178
10.3411,96180
10.342,96182
10.343,96184
10.3439,96186
10.3448,96188
10.3458,96190
10.3467,96192
10.3477,96194
10.3486,96196
10.3496,96198
10.3505,96200
10.3515,96202
10.3524,96204
10.3533,96206
10.3543,96208
10.3552,96210
10.3562,96212
10.3571,96214
10.3581,96216
10.359,96218
10.36,96220
10.3609,96222
10.3618,96224
10.3628,96226
10.3637,96228
10.3647,96230
10.3656,96232
10.3666,96234
10.3675,96236
10.3684,96238
10.3694,96240
10.3703,96242
10.3713,96244
10.3722,96246
10.3732,96248
10.3741,96250
10.3751,96252
10.376,96254
10.3769,96256
10.3779,96258
10.3788,96260
10.3798,96262
10.3807,96264
10.3817,96266
10.3826,96268
10.3836,96270
10.3845,96272
10.3854,96274
10.3864,96276
10.3873,96278
10.3883,96280
10.3892,96282
10.3902,96284
10.3911,96286
10.392,96288
10.393,96290
10.3939,96292
10.3949,96294
10.3958,96296
10.3968,96298
10.3977,96300
10.3987,96302
10.3996,96304
10.4005,96306
10.4015,96308
10.4024,96310
10.4034,96312
10.4043,96314
10.4053,96316
10.4062,96318
10.4072,96320
10.4081,96322
10.409,96324
10.41,96326
10.4109,96328
10.4119,96330
10.4128,96332
10.4138,96334
10.4147,96336
10.4156,96338
10.4166,96340
10.4175,96342
10.4185,96344
10.4194,96346
10.4204,96348
10.4213,96350
10.4223,96352
10.4232,96354
10.4241,96356
10.4251,96358
10.426,96360
10.427,96362
10.4279,96364
10.4289,96366
10.4298,96368
10.4308,96370
10.4317,96372
10.4326,96374
10.4336,96376
10.4345,96378
10.4355,96380
10.4364,96382
10.4374,96384
10.4383,96386
10.4392,96388
10.4402,96390
10.4411,96392
10.4421,96394
10.443,96396
10.444,96398
10.4449,96400
10.4459,96402
10.4468,96404
10.4477,96406
10.4487,96408
10.4496,96410
10.4506,96412
10.4515,96414
10.4525,96416
10.4534,96418
10.4544,96420
10.4553,96422
10.4562,96424
10.4572,96426
10.4581,96428
10.4591,96430
10.46,96432
10.461,96434
10.4619,96436
10.4628,96438
10.4638,96440
10.4647,96442
10.4657,96444
10.4666,96446
10.4676,96448
10.4685,96450
10.4695,96452
10.4704,96454
10.4713,96456
10.4723,96458
10.4732,96460
10.4742,96462
10.4751,96464
10.4761,96466
10.477,96468
10.478,96470
10.4789,96472
10.4798,96474
10.4808,96476
10.4817,96478
10.4827,96480
10.4836,96482
10.4846,96484
10.4855,96486
10.4864,96488
10.4874,96490
10.4883,96492
10.4893,96494
10.4902,96496
10.4912,96498
10.4921,96500
10.4931,96502
10.494,96504
10.4949,96506
10.4959,96508
10.4968,96510
10.4978,96512
10.4987,96514
10.4997,96516
10.5006,96518
10.5016,96520
10.5025,96522
10.5034,96524
10.5044,96526
10.5053,96528
10.5063,96530
10.5072,96532
10.5082,96534
10.5091,96536
10.51,96538
10.511,96540
10.5119,96542
10.5129,96544
10.5138,96546
10.5148,96548
10.5157,96550
10.5167,96552
10.5176,96554
10.5185,96556
10.5195,96558
10.5204,96560
10.5214,96562
10.5223,96564
10.5233,96566
10.5242,96568
10.5252,96570
10.5261,96572
10.527,96574
10.528,96576
10.5289,96578
10.5299,96580
10.5308,96582
10.5318,96584
10.5327,96586
10.5336,96588
10.5346,96590
10.5355,96592
10.5365,96594
10.5374,96596
10.5384,96598
10.5393,96600
10.5403,96602
10.5412,96604
10.5421,96606
10.5431,96608
10.544,96610
10.545,96612
10.5459,96614
10.5469,96616
10.5478,96618
10.5488,96620
10.5497,96622
10.5506,96624
10.5516,96626
10.5525,96628
10.5535,96630
10.5544,96632
10.5554,96634
10.5563,96636
10.5572,96638
10.5582,96640
10.5591,96642
10.5601,96644
10.561,96646
10.562,96648
10.5629,96650
10.5639,96652
10.5648,96654
10.5657,96656
10.5667,96658
10.5676,96660
10.5686,96662
10.5695,96664
10.5705,96666
10.5714,96668
10.5724,96670
10.5733,96672
10.5742,96674
10.5752,96676
10.5761,96678
10.5771,96680
10.578,96682
10.579,96684
10.5799,96686
10.5808,96688
10.5818,96690
10.5827,96692
10.5837,96694
10.5846,96696
10.5856,96698
10.5865,96700
10.5875,96702
10.5884,96704
10.5893,96706
10.5903,96708
10.5912,96710
10.5922,96712
10.5931,96714
10.5941,96716
10.595,96718
10.596,96720
10.5969,96722
10.5978,96724
10.5988,96726
10.5997,96728
10.6007,96730
10.6016,96732
10.6026,96734
10.6035,96736
10.6044,96738
10.6054,96740
10.6063,96742
10.6073,96744
10.6082,96746
10.6092,96748
10.6101,96750
10.6111,96752
10.612,96754
10.6129,96756
10.6139,96758
10.6148,96760
10.6158,96762
10.6167,96764
10.6177,96766
10.6186,96768
10.6196,96770
10.6205,96772
10.6214,96774
10.6224,96776
10.6233,96778
10.6243,96780
10.6252,96782
10.6262,96784
10.6271,96786
10.628,96788
10.629,96790
10.6299,96792
10.6309,96794
10.6318,96796
10.6328,96798
10.6337,96800
10.6347,96802
10.6356,96804
10.6365,96806
10.6375,96808
10.6384,96810
10.6394,96812
10.6403,96814
10.6413,96816
10.6422,96818
10.6432,96820
10.6441,96822
10.645,96824
10.646,96826
10.6469,96828
10.6479,96830
10.6488,96832
10.6498,96834
10.6507,96836
10.6516,96838
10.6526,96840
10.6535,96842
10.6545,96844
10.6554,96846
10.6564,96848
10.6573,96850
10.6583,96852
10.6592,96854
10.6601,96856
10.6611,96858
10.662,96860
10.663,96862
10.6639,96864
10.6649,96866
10.6658,96868
10.6668,96870
10.6677,96872
10.6686,96874
10.6696,96876
10.6705,96878
10.6715,96880
10.6724,96882
10.6734,96884
10.6743,96886
10.6752,96888
10.6762,96890
10.6771,96892
10.6781,96894
10.679,96896
10.68,96898
10.6809,96900
10.6819,96902
10.6828,96904
10.6837,96906
10.6847,96908
10.6856,96910
10.6866,96912
10.6875,96914
10.6885,96916
10.6894,96918
10.6904,96920
10.6913,96922
10.6922,96924
10.6932,96926
10.6941,96928
10.6951,96930
10.696,96932
10.697,96934
10.6979,96936
10.6988,96938
10.6998,96940
10.7007,96942
10.7017,96944
10.7026,96946
10.7036,96948
10.7045,96950
10.7055,96952
10.7064,96954
10.7073,96956
10.7083,96958
10.7092,96960
10.7102,96962
10.7111,96964
10.7121,96966
10.713,96968
10.714,96970
10.7149,96972
10.7158,96974
10.7168,96976
10.7177,96978
10.7187,96980
10.7196,96982
10.7206,96984
10.7215,96986
10.7224,96988
10.7234,96990
10.7243,96992
10.7253,96994
10.7262,96996
10.7272,96998
10.7281,97000
10.7291,97002
10.73,97004
10.7309,97006
10.7319,97008
10.7328,97010
10.7338,97012
10.7347,97014
10.7357,97016
10.7366,97018
10.7376,97020
10.7385,97022
10.7394,97024
10.7404,97026
10.7413,97028
10.7423,97030
10.7432,97032
10.7442,97034
10.7451,97036
10.746,97038
10.747,97040
10.7479,97042
10.7489,97044
10.7498,97046
10.7508,97048
10.7517,97050
10.7527,97052
10.7536,97054
10.7545,97056
10.7555,97058
10.7564,97060
10.7574,97062
10.7583,97064
10.7593,97066
10.7602,97068
10.7612,97070
10.7621,97072
10.763,97074
10.764,97076
10.7649,97078
10.7659,97080
10.7668,97082
10.7678,97084
10.7687,97086
10.7696,97088
10.7706,97090
10.7715,97092
10.7725,97094
10.7734,97096
10.7744,97098
10.7753,97100
10.7763,97102
10.7772,97104
10.7781,97106
10.7791,97108
10.78,97110
10.781,97112
10.7819,97114
10.7829,97116
10.7838,97118
10.7848,97120
10.7857,97122
10.7866,97124
10.7876,97126
10.7885,97128
10.7895,97130
10.7904,97132
10.7914,97134
10.7923,97136
10.7932,97138
10.7942,97140
10.7951,97142
10.7961,97144
10.797,97146
10.798,97148
10.7989,97150
10.7999,97152
10.8008,97154
10.8017,97156
10.8027,97158
10.8036,97160
10.8046,97162
10.8055,97164
10.8065,97166
10.8074,97168
10.8084,97170
10.8093,97172
10.8102,97174
10.8112,97176
10.8121,97178
10.8131,97180
10.814,97182
10.815,97184
10.8159,97186
10.8168,97188
10.8178,97190
10.8187,97192
10.8197,97194
10.8206,97196
10.8216,97198
10.8225,97200
10.8235,97202
10.8244,97204
10.8253,97206
10.8263,97208
10.8272,97210
10.8282,97212
10.8291,97214
10.8301,97216
10.831,97218
10.832,97220
10.8329,97222
10.8338,97224
10.8348,97226
10.8357,97228
10.8367,97230
10.8376,97232
10.8386,97234
10.8395,97236
10.8404,97238
10.8414,97240
10.8423,97242
10.8433,97244
10.8442,97246
10.8452,97248
10.8461,97250
10.8471,97252
10.848,97254
10.8489,97256
10.8499,97258
10.8508,97260
10.8518,97262
10.8527,97264
10.8537,97266
10.8546,97268
10.8556,97270
10.8565,97272
10.8574,97274
10.8584,97276
10.8593,97278
10.8603,97280
10.8612,97282
10.8622,97284
10.8631,97286
10.864,97288
10.865,97290
10.8659,97292
10.8669,97294
10.8678,97296
10.8688,97298
10.8697,97300
10.8707,97302
10.8716,97304
10.8725,97306
10.8735,97308
10.8744,97310
10.8754,97312
10.8763,97314
10.8773,97316
10.8782,97318
10.8792,97320
10.8801,97322
10.881,97324
10.882,97326
10.8829,97328
10.8839,97330
10.8848,97332
10.8858,97334
10.8867,97336
10.8876,97338
10.8886,97340
10.8895,97342
10.8905,97344
10.8914,97346
10.8924,97348
10.8933,97350
10.8943,97352
10.8952,97354
10.8961,97356
10.8971,97358
10.898,97360
10.899,97362
10.8999,97364
10.9009,97366
10.9018,97368
10.9028,97370
10.9037,97372
10.9046,97374
10.9056,97376
10.9065,97378
10.9075,97380
10.9084,97382
10.9094,97384
10.9103,97386
10.9112,97388
10.9122,97390
10.9131,97392
10.9141,97394
10.915,97396
10.916,97398
10.9169,97400
10.9179,97402
10.9188,97404
10.9197,97406
10.9207,97408
10.9216,97410
10.9226,97412
10.9235,97414
10.9245,97416
10.9254,97418
10.9264,97420
10.9273,97422
10.9282,97424
10.9292,97426
10.9301,97428
10.9311,97430
10.932,97432
10.933,97434
10.9339,97436
10.9348,97438
10.9358,97440
10.9367,97442
10.9377,97444
10.9386,97446
10.9396,97448
10.9405,97450
10.9415,97452
10.9424,97454
10.9433,97456
10.9443,97458
10.9452,97460
10.9462,97462
10.9471,97464
10.9481,97466
10.949,97468
10.95,97470
10.9509,97472
10.9518,97474
10.9528,97476
10.9537,97478
10.9547,97480
10.9556,97482
10.9566,97484
10.9575,97486
10.9584,97488
10.9594,97490
10.9603,97492
10.9613,97494
10.9622,97496
10.9632,97498
10.9641,97500
10.9651,97502
10.966,97504
10.9669,97506
10.9679,97508
10.9688,97510
10.9698,97512
10.9707,97514
10.9717,97516
10.9726,97518
10.9736,97520
10.9745,97522
10.9754,97524
10.9764,97526
10.9773,97528
10.9783,97530
10.9792,97532
10.9802,97534
10.9811,97536
10.982,97538
10.983,97540
10.9839,97542
10.9849,97544
10.9858,97546
10.9868,97548
10.9877,97550
10.9887,97552
10.9896,97554
10.9905,97556
10.9915,97558
10.9924,97560
10.9934,97562
10.9943,97564
10.9953,97566
10.9962,97568
10.9972,97570
10.9981,97572
10.999,97574
11,97576
11.0009,97578
11.0019,97580
11.0028,97582
11.0038,97584
11.0047,97586
11.0056,97588
11.0066,97590
11.0075,97592
11.0085,97594
11.0094,97596
11.0104,97598
11.0113,97600
11.0123,97602
11.0132,97604
11.0141,97606
11.0151,97608
11.016,97610
11.017,97612
11.0179,97614
11.0189,97616
11.0198,97618
11.0208,97620
11.0217,97622
11.0226,97624
11.0236,97626
11.0245,97628
11.0255,97630
11.0264,97632
11.0274,97634
11.0283,97636
11.0292,97638
11.0302,97640
11.0311,97642
11.0321,97644
11.033,97646
11.034,97648
11.0349,97650
11.0359,97652
11.0368,97654
11.0377,97656
11.0387,97658
11.0396,97660
11.0406,97662
11.0415,97664
11.0425,97666
11.0434,97668
11.0444,97670
11.0453,97672
11.0462,97674
11.0472,97676
11.0481,97678
11.0491,97680
11.05,97682
11.051,97684
11.0519,97686
11.0528,97688
11.0538,97690
11.0547,97692
11.0557,97694
11.0566,97696
11.0576,97698
11.0585,97700
11.0595,97702
11.0604,97704
11.0613,97706
11.0623,97708
11.0632,97710
11.0642,97712
11.0651,97714
11.0661,97716
11.067,97718
11.068,97720
11.0689,97722
11.0698,97724
11.0708,97726
11.0717,97728
11.0727,97730
11.0736,97732
11.0746,97734
11.0755,97736
11.0764,97738
11.0774,97740
11.0783,97742
11.0793,97744
11.0802,97746
11.0812,97748
11.0821,97750
11.0831,97752
11.084,97754
11.0849,97756
11.0859,97758
11.0868,97760
11.0878,97762
11.0887,97764
11.0897,97766
11.0906,97768
11.0916,97770
11.0925,97772
11.0934,97774
11.0944,97776
11.0953,97778
11.0963,97780
11.0972,97782
11.0982,97784
11.0991,97786
11.1,97788
11.101,97790
11.1019,97792
11.1029,97794
11.1038,97796
11.1048,97798
11.1057,97800
11.1067,97802
11.1076,97804
11.1085,97806
11.1095,97808
11.1104,97810
11.1114,97812
11.1123,97814
11.1133,97816
11.1142,97818
11.1152,97820
11.1161,97822
11.117,97824
11.118,97826
11.1189,97828
11.1199,97830
11.1208,97832
11.1218,97834
11.1227,97836
11.1236,97838
11.1246,97840
11.1255,97842
11.1265,97844
11.1274,97846
11.1284,97848
11.1293,97850
11.1303,97852
11.1312,97854
11.1321,97856
11.1331,97858
11.134,97860
11.135,97862
11.1359,97864
11.1369,97866
11.1378,97868
11.1388,97870
11.1397,97872
11.1406,97874
11.1416,97876
11.1425,97878
11.1435,97880
11.1444,97882
11.1454,97884
11.1463,97886
11.1472,97888
11.1482,97890
11.1491,97892
11.1501,97894
11.151,97896
11.152,97898
11.1529,97900
11.1539,97902
11.1548,97904
11.1557,97906
11.1567,97908
11.1576,97910
11.1586,97912
11.1595,97914
11.1605,97916
11.1614,97918
11.1624,97920
11.1633,97922
11.1642,97924
11.1652,97926
11.1661,97928
11.1671,97930
11.168,97932
11.169,97934
11.1699,97936
11.1708,97938
11.1718,97940
11.1727,97942
11.1737,97944
11.1746,97946
11.1756,97948
11.1765,97950
11.1775,97952
11.1784,97954
11.1793,97956
11.1803,97958
11.1812,97960
11.1822,97962
11.1831,97964
11.1841,97966
11.185,97968
11.186,97970
11.1869,97972
11.1878,97974
11.1888,97976
11.1897,97978
11.1907,97980
11.1916,97982
11.1926,97984
11.1935,97986
11.1944,97988
11.1954,97990
11.1963,97992
11.1973,97994
11.1982,97996
11.1992,97998
11.2001,98000
11.2011,98002
11.202,98004
11.2029,98006
11.2039,98008
11.2048,98010
11.2058,98012
11.2067,98014
11.2077,98016
11.2086,98018
11.2096,98020
11.2105,98022
11.2114,98024
11.2124,98026
11.2133,98028
11.2143,98030
11.2152,98032
11.2162,98034
11.2171,98036
11.218,98038
11.219,98040
11.2199,98042
11.2209,98044
11.2218,98046
11.2228,98048
11.2237,98050
11.2247,98052
11.2256,98054
11.2265,98056
11.2275,98058
11.2284,98060
11.2294,98062
11.2303,98064
11.2313,98066
11.2322,98068
11.2332,98070
11.2341,98072
11.235,98074
11.236,98076
11.2369,98078
11.2379,98080
11.2388,98082
11.2398,98084
11.2407,98086
11.2416,98088
11.2426,98090
11.2435,98092
11.2445,98094
11.2454,98096
11.2464,98098
11.2473,98100
11.2483,98102
11.2492,98104
11.2501,98106
11.2511,98108
11.252,98110
11.253,98112
11.2539,98114
11.2549,98116
11.2558,98118
11.2568,98120
11.2577,98122
11.2586,98124
11.2596,98126
11.2605,98128
11.2615,98130
11.2624,98132
11.2634,98134
11.2643,98136
11.2652,98138
11.2662,98140
11.2671,98142
11.2681,98144
11.269,98146
11.27,98148
11.2709,98150
11.2719,98152
11.2728,98154
11.2737,98156
11.2747,98158
11.2756,98160
11.2766,98162
11.2775,98164
11.2785,98166
11.2794,98168
11.2804,98170
11.2813,98172
11.2822,98174
11.2832,98176
11.2841,98178
11.2851,98180
11.286,98182
11.287,98184
11.2879,98186
11.2888,98188
11.2898,98190
11.2907,98192
11.2917,98194
11.2926,98196
11.2936,98198
11.2945,98200
11.2955,98202
11.2964,98204
11.2973,98206
11.2983,98208
11.2992,98210
11.3002,98212
11.3011,98214
11.3021,98216
11.303,98218
11.304,98220
11.3049,98222
11.3058,98224
11.3068,98226
11.3077,98228
11.3087,98230
11.3096,98232
11.3106,98234
11.3115,98236
11.3124,98238
11.3134,98240
11.3143,98242
11.3153,98244
11.3162,98246
11.3172,98248
11.3181,98250
11.3191,98252
11.32,98254
11.3209,98256
11.3219,98258
11.3228,98260
11.3238,98262
11.3247,98264
11.3257,98266
11.3266,98268
11.3276,98270
11.3285,98272
11.3294,98274
11.3304,98276
11.3313,98278
11.3323,98280
11.3332,98282
11.3342,98284
11.3351,98286
11.336,98288
11.337,98290
11.3379,98292
11.3389,98294
11.3398,98296
11.3408,98298
11.3417,98300
11.3427,98302
11.3436,98304
11.3445,98306
11.3455,98308
11.3464,98310
11.3474,98312
11.3483,98314
11.3493,98316
11.3502,98318
11.3512,98320
11.3521,98322
11.353,98324
11.354,98326
11.3549,98328
11.3559,98330
11.3568,98332
11.3578,98334
11.3587,98336
11.3596,98338
11.3606,98340
11.3615,98342
11.3625,98344
11.3634,98346
11.3644,98348
11.3653,98350
11.3663,98352
11.3672,98354
11.3681,98356
11.3691,98358
11.37,98360
11.371,98362
11.3719,98364
11.3729,98366
11.3738,98368
11.3748,98370
11.3757,98372
11.3766,98374
11.3776,98376
11.3785,98378
11.3795,98380
11.3804,98382
11.3814,98384
11.3823,98386
11.3832,98388
11.3842,98390
11.3851,98392
11.3861,98394
11.387,98396
11.388,98398
11.3889,98400
11.3899,98402
11.3908,98404
11.3917,98406
11.3927,98408
11.3936,98410
11.3946,98412
11.3955,98414
11.3965,98416
11.3974,98418
11.3984,98420
11.3993,98422
11.4002,98424
11.4012,98426
11.4021,98428
11.4031,98430
11.404,98432
11.405,98434
11.4059,98436
11.4068,98438
11.4078,98440
11.4087,98442
11.4097,98444
11.4106,98446
11.4116,98448
11.4125,98450
11.4135,98452
11.4144,98454
11.4153,98456
11.4163,98458
11.4172,98460
11.4182,98462
11.4191,98464
11.4201,98466
11.421,98468
11.422,98470
11.4229,98472
11.4238,98474
11.4248,98476
11.4257,98478
11.4267,98480
11.4276,98482
11.4286,98484
11.4295,98486
11.4304,98488
11.4314,98490
11.4323,98492
11.4333,98494
11.4342,98496
11.4352,98498
11.4361,98500
11.4371,98502
11.438,98504
11.4389,98506
11.4399,98508
11.4408,98510
11.4418,98512
11.4427,98514
11.4437,98516
11.4446,98518
11.4456,98520
11.4465,98522
11.4474,98524
11.4484,98526
11.4493,98528
11.4503,98530
11.4512,98532
11.4522,98534
11.4531,98536
11.454,98538
11.455,98540
11.4559,98542
11.4569,98544
11.4578,98546
11.4588,98548
11.4597,98550
11.4607,98552
11.4616,98554
11.4625,98556
11.4635,98558
11.4644,98560
11.4654,98562
11.4663,98564
11.4673,98566
11.4682,98568
11.4692,98570
11.4701,98572
11.471,98574
11.472,98576
11.4729,98578
11.4739,98580
11.4748,98582
11.4758,98584
11.4767,98586
11.4776,98588
11.4786,98590
11.4795,98592
11.4805,98594
11.4814,98596
11.4824,98598
11.4833,98600
11.4843,98602
11.4852,98604
11.4861,98606
11.4871,98608
11.488,98610
11.489,98612
11.4899,98614
11.4909,98616
11.4918,98618
11.4928,98620
11.4937,98622
11.4946,98624
11.4956,98626
11.4965,98628
11.4975,98630
11.4984,98632
11.4994,98634
11.5003,98636
11.5012,98638
11.5022,98640
11.5031,98642
11.5041,98644
11.505,98646
11.506,98648
11.5069,98650
11.5079,98652
11.5088,98654
11.5097,98656
11.5107,98658
11.5116,98660
11.5126,98662
11.5135,98664
11.5145,98666
11.5154,98668
11.5164,98670
11.5173,98672
11.5182,98674
11.5192,98676
11.5201,98678
11.5211,98680
11.522,98682
11.523,98684
11.5239,98686
11.5248,98688
11.5258,98690
11.5267,98692
11.5277,98694
11.5286,98696
11.5296,98698
11.5305,98700
11.5315,98702
11.5324,98704
11.5333,98706
11.5343,98708
11.5352,98710
11.5362,98712
11.5371,98714
11.5381,98716
11.539,98718
11.54,98720
11.5409,98722
11.5418,98724
11.5428,98726
11.5437,98728
11.5447,98730
11.5456,98732
11.5466,98734
11.5475,98736
11.5484,98738
11.5494,98740
11.5503,98742
11.5513,98744
11.5522,98746
11.5532,98748
11.5541,98750
11.5551,98752
11.556,98754
11.5569,98756
11.5579,98758
11.5588,98760
11.5598,98762
11.5607,98764
11.5617,98766
11.5626,98768
11.5636,98770
11.5645,98772
11.5654,98774
11.5664,98776
11.5673,98778
11.5683,98780
11.5692,98782
11.5702,98784
11.5711,98786
11.572,98788
11.573,98790
11.5739,98792
11.5749,98794
11.5758,98796
11.5768,98798
11.5777,98800
11.5787,98802
11.5796,98804
11.5805,98806
11.5815,98808
11.5824,98810
11.5834,98812
11.5843,98814
11.5853,98816
11.5862,98818
11.5872,98820
11.5881,98822
11.589,98824
11.59,98826
11.5909,98828
11.5919,98830
11.5928,98832
11.5938,98834
11.5947,98836
11.5956,98838
11.5966,98840
11.5975,98842
11.5985,98844
11.5994,98846
11.6004,98848
11.6013,98850
11.6023,98852
11.6032,98854
11.6041,98856
11.6051,98858
11.606,98860
11.607,98862
11.6079,98864
11.6089,98866
11.6098,98868
11.6108,98870
11.6117,98872
11.6126,98874
11.6136,98876
11.6145,98878
11.6155,98880
11.6164,98882
11.6174,98884
11.6183,98886
11.6192,98888
11.6202,98890
11.6211,98892
11.6221,98894
11.623,98896
11.624,98898
11.6249,98900
11.6259,98902
11.6268,98904
11.6277,98906
11.6287,98908
11.6296,98910
11.6306,98912
11.6315,98914
11.6325,98916
11.6334,98918
11.6344,98920
11.6353,98922
11.6362,98924
11.6372,98926
11.6381,98928
11.6391,98930
11.64,98932
11.641,98934
11.6419,98936
11.6428,98938
11.6438,98940
11.6447,98942
11.6457,98944
11.6466,98946
11.6476,98948
11.6485,98950
11.6495,98952
11.6504,98954
11.6513,98956
11.6523,98958
11.6532,98960
11.6542,98962
11.6551,98964
11.6561,98966
11.657,98968
11.658,98970
11.6589,98972
11.6598,98974
11.6608,98976
11.6617,98978
11.6627,98980
11.6636,98982
11.6646,98984
11.6655,98986
11.6664,98988
11.6674,98990
11.6683,98992
11.6693,98994
11.6702,98996
11.6712,98998
11.6721,99000
11.6731,99002
11.674,99004
11.6749,99006
11.6759,99008
11.6768,99010
11.6778,99012
11.6787,99014
11.6797,99016
11.6806,99018
11.6816,99020
11.6825,99022
11.6834,99024
11.6844,99026
11.6853,99028
11.6863,99030
11.6872,99032
11.6882,99034
11.6891,99036
11.69,99038
11.691,99040
11.6919,99042
11.6929,99044
11.6938,99046
11.6948,99048
11.6957,99050
11.6967,99052
11.6976,99054
11.6985,99056
11.6995,99058
11.7004,99060
11.7014,99062
11.7023,99064
11.7033,99066
11.7042,99068
11.7052,99070
11.7061,99072
11.707,99074
11.708,99076
11.7089,99078
11.7099,99080
11.7108,99082
11.7118,99084
11.7127,99086
11.7136,99088
11.7146,99090
11.7155,99092
11.7165,99094
11.7174,99096
11.7184,99098
11.7193,99100
11.7203,99102
11.7212,99104
11.7221,99106
11.7231,99108
11.724,99110
11.725,99112
11.7259,99114
11.7269,99116
11.7278,99118
11.7288,99120
11.7297,99122
11.7306,99124
11.7316,99126
11.7325,99128
11.7335,99130
11.7344,99132
11.7354,99134
11.7363,99136
11.7372,99138
11.7382,99140
11.7391,99142
11.7401,99144
11.741,99146
11.742,99148
11.7429,99150
11.7439,99152
11.7448,99154
11.7457,99156
11.7467,99158
11.7476,99160
11.7486,99162
11.7495,99164
11.7505,99166
11.7514,99168
11.7524,99170
11.7533,99172
11.7542,99174
11.7552,99176
11.7561,99178
11.7571,99180
11.758,99182
11.759,99184
11.7599,99186
11.7608,99188
11.7618,99190
11.7627,99192
11.7637,99194
11.7646,99196
11.7656,99198
11.7665,99200
11.7675,99202
11.7684,99204
11.7693,99206
11.7703,99208
11.7712,99210
11.7722,99212
11.7731,99214
11.7741,99216
11.775,99218
11.776,99220
11.7769,99222
11.7778,99224
11.7788,99226
11.7797,99228
11.7807,99230
11.7816,99232
11.7826,99234
11.7835,99236
11.7844,99238
11.7854,99240
11.7863,99242
11.7873,99244
11.7882,99246
11.7892,99248
11.7901,99250
11.7911,99252
11.792,99254
11.7929,99256
11.7939,99258
11.7948,99260
11.7958,99262
11.7967,99264
11.7977,99266
11.7986,99268
11.7996,99270
11.8005,99272
11.8014,99274
11.8024,99276
11.8033,99278
11.8043,99280
11.8052,99282
11.8062,99284
11.8071,99286
11.808,99288
11.809,99290
11.8099,99292
11.8109,99294
11.8118,99296
11.8128,99298
11.8137,99300
11.8147,99302
11.8156,99304
11.8165,99306
11.8175,99308
11.8184,99310
11.8194,99312
11.8203,99314
11.8213,99316
11.8222,99318
11.8232,99320
11.8241,99322
11.825,99324
11.826,99326
11.8269,99328
11.8279,99330
11.8288,99332
11.8298,99334
11.8307,99336
11.8316,99338
11.8326,99340
11.8335,99342
11.8345,99344
11.8354,99346
11.8364,99348
11.8373,99350
11.8383,99352
11.8392,99354
11.8401,99356
11.8411,99358
11.842,99360
11.843,99362
11.8439,99364
11.8449,99366
11.8458,99368
11.8468,99370
11.8477,99372
11.8486,99374
11.8496,99376
11.8505,99378
11.8515,99380
11.8524,99382
11.8534,99384
11.8543,99386
11.8552,99388
11.8562,99390
11.8571,99392
11.8581,99394
11.859,99396
11.86,99398
11.8609,99400
11.8619,99402
11.8628,99404
11.8637,99406
11.8647,99408
11.8656,99410
11.8666,99412
11.8675,99414
11.8685,99416
11.8694,99418
11.8704,99420
11.8713,99422
11.8722,99424
11.8732,99426
11.8741,99428
11.8751,99430
11.876,99432
11.877,99434
11.8779,99436
11.8788,99438
11.8798,99440
11.8807,99442
11.8817,99444
11.8826,99446
11.8836,99448
11.8845,99450
11.8855,99452
11.8864,99454
11.8873,99456
11.8883,99458
11.8892,99460
11.8902,99462
11.8911,99464
11.8921,99466
11.893,99468
11.894,99470
11.8949,99472
11.8958,99474
11.8968,99476
11.8977,99478
11.8987,99480
11.8996,99482
11.9006,99484
11.9015,99486
11.9024,99488
11.9034,99490
11.9043,99492
11.9053,99494
11.9062,99496
11.9072,99498
11.9081,99500
11.9091,99502
11.91,99504
11.9109,99506
11.9119,99508
11.9128,99510
11.9138,99512
11.9147,99514
11.9157,99516
11.9166,99518
11.9176,99520
11.9185,99522
11.9194,99524
11.9204,99526
11.9213,99528
11.9223,99530
11.9232,99532
11.9242,99534
11.9251,99536
11.926,99538
11.927,99540
11.9279,99542
11.9289,99544
11.9298,99546
11.9308,99548
11.9317,99550
11.9327,99552
11.9336,99554
11.9345,99556
11.9355,99558
11.9364,99560
11.9374,99562
11.9383,99564
11.9393,99566
11.9402,99568
11.9412,99570
11.9421,99572
11.943,99574
11.944,99576
11.9449,99578
11.9459,99580
11.9468,99582
11.9478,99584
11.9487,99586
11.9496,99588
11.9506,99590
11.9515,99592
11.9525,99594
11.9534,99596
11.9544,99598
11.9553,99600
11.9563,99602
11.9572,99604
11.9581,99606
11.9591,99608
11.96,99610
11.961,99612
11.9619,99614
11.9629,99616
11.9638,99618
11.9648,99620
11.9657,99622
11.9666,99624
11.9676,99626
11.9685,99628
11.9695,99630
11.9704,99632
11.9714,99634
11.9723,99636
11.9732,99638
11.9742,99640
11.9751,99642
11.9761,99644
11.977,99646
11.978,99648
11.9789,99650
11.9799,99652
11.9808,99654
11.9817,99656
11.9827,99658
11.9836,99660
11.9846,99662
11.9855,99664
11.9865,99666
11.9874,99668
11.9884,99670
11.9893,99672
11.9902,99674
11.9912,99676
11.9921,99678
11.9931,99680
11.994,99682
11.995,99684
11.9959,99686
11.9968,99688
11.9978,99690
11.9987,99692
11.9997,99694
12.0006,99696
12.0016,99698
12.0025,99700
12.0035,99702
12.0044,99704
12.0053,99706
12.0063,99708
12.0072,99710
12.0082,99712
12.0091,99714
12.0101,99716
12.011,99718
12.012,99720
12.0129,99722
12.0138,99724
12.0148,99726
12.0157,99728
12.0167,99730
12.0176,99732
12.0186,99734
12.0195,99736
12.0204,99738
12.0214,99740
12.0223,99742
12.0233,99744
12.0242,99746
12.0252,99748
12.0261,99750
12.0271,99752
12.028,99754
12.0289,99756
12.0299,99758
12.0308,99760
12.0318,99762
12.0327,99764
12.0337,99766
12.0346,99768
12.0356,99770
12.0365,99772
12.0374,99774
12.0384,99776
12.0393,99778
12.0403,99780
12.0412,99782
12.0422,99784
12.0431,99786
12.044,99788
12.045,99790
12.0459,99792
12.0469,99794
12.0478,99796
12.0488,99798
12.0497,99800
12.0507,99802
12.0516,99804
12.0525,99806
12.0535,99808
12.0544,99810
12.0554,99812
12.0563,99814
12.0573,99816
12.0582,99818
12.0592,99820
12.0601,99822
12.061,99824
12.062,99826
12.0629,99828
12.0639,99830
12.0648,99832
12.0658,99834
12.0667,99836
12.0676,99838
12.0686,99840
12.0695,99842
12.0705,99844
12.0714,99846
12.0724,99848
12.0733,99850
12.0743,99852
12.0752,99854
12.0761,99856
12.0771,99858
12.078,99860
12.079,99862
12.0799,99864
12.0809,99866
12.0818,99868
12.0828,99870
12.0837,99872
12.0846,99874
12.0856,99876
12.0865,99878
12.0875,99880
12.0884,99882
12.0894,99884
12.0903,99886
12.0912,99888
12.0922,99890
12.0931,99892
12.0941,99894
12.095,99896
12.096,99898
12.0969,99900
12.0979,99902
12.0988,99904
12.0997,99906
12.1007,99908
12.1016,99910
12.1026,99912
12.1035,99914
12.1045,99916
12.1054,99918
12.1064,99920
12.1073,99922
12.1082,99924
12.1092,99926
12.1101,99928
12.1111,99930
12.112,99932
12.113,99934
12.1139,99936
12.1148,99938
12.1158,99940
12.1167,99942
12.1177,99944
12.1186,99946
12.1196,99948
12.1205,99950
12.1215,99952
12.1224,99954
12.1233,99956
12.1243,99958
12.1252,99960
12.1262,99962
12.1271,99964
12.1281,99966
12.129,99968
12.13,99970
12.1309,99972
12.1318,99974
12.1328,99976
12.1337,99978
12.1347,99980
12.1356,99982
12.1366,99984
12.1375,99986
12.1384,99988
12.1394,99990
12.1403,99992
12.1413,99994
12.1422,99996
12.1432,99998
12.1441,100000
12.1451,100002
12.146,100004
12.1469,100006
12.1479,100008
12.1488,100010
12.1498,100012
12.1507,100014
12.1517,100016
12.1526,100018
12.1536,100020
12.1545,100022
12.1554,100024
12.1564,100026
12.1573,100028
12.1583,100030
12.1592,100032
12.1602,100034
12.1611,100036
12.162,100038
12.163,100040
12.1639,100042
12.1649,100044
12.1658,100046
12.1668,100048
12.1677,100050
12.1687,100052
12.1696,100054
12.1705,100056
12.1715,100058
12.1724,100060
12.1734,100062
12.1743,100064
12.1753,100066
12.1762,100068
12.1772,100070
12.1781,100072
12.179,100074
12.18,100076
12.1809,100078
12.1819,100080
12.1828,100082
12.1838,100084
12.1847,100086
12.1856,100088
12.1866,100090
12.1875,100092
12.1885,100094
12.1894,100096
12.1904,100098
12.1913,100100
12.1923,100102
12.1932,100104
12.1941,100106
12.1951,100108
12.196,100110
12.197,100112
12.1979,100114
12.1989,100116
12.1998,100118
12.2008,100120
12.2017,100122
12.2026,100124
12.2036,100126
12.2045,100128
12.2055,100130
12.2064,100132
12.2074,100134
12.2083,100136
12.2092,100138
12.2102,100140
12.2111,100142
12.2121,100144
12.213,100146
12.214,100148
12.2149,100150
12.2159,100152
12.2168,100154
12.2177,100156
12.2187,100158
12.2196,100160
12.2206,100162
12.2215,100164
12.2225,100166
12.2234,100168
12.2244,100170
12.2253,100172
12.2262,100174
12.2272,100176
12.2281,100178
12.2291,100180
12.23,100182
12.231,100184
12.2319,100186
12.2328,100188
12.2338,100190
12.2347,100192
12.2357,100194
12.2366,100196
12.2376,100198
12.2385,100200
12.2395,100202
12.2404,100204
12.2413,100206
12.2423,100208
12.2432,100210
12.2442,100212
12.2451,100214
12.2461,100216
12.247,100218
12.248,100220
12.2489,100222
12.2498,100224
12.2508,100226
12.2517,100228
12.2527,100230
12.2536,100232
12.2546,100234
12.2555,100236
12.2564,100238
12.2574,100240
12.2583,100242
12.2593,100244
12.2602,100246
12.2612,100248
12.2621,100250
12.2631,100252
12.264,100254
12.2649,100256
12.2659,100258
12.2668,100260
12.2678,100262
12.2687,100264
12.2697,100266
12.2706,100268
12.2716,100270
12.2725,100272
12.2734,100274
12.2744,100276
12.2753,100278
12.2763,100280
12.2772,100282
12.2782,100284
12.2791,100286
12.28,100288
12.281,100290
12.2819,100292
12.2829,100294
12.2838,100296
12.2848,100298
12.2857,100300
12.2867,100302
12.2876,100304
12.2885,100306
12.2895,100308
12.2904,100310
12.2914,100312
12.2923,100314
12.2933,100316
12.2942,100318
12.2952,100320
12.2961,100322
12.297,100324
12.298,100326
12.2989,100328
12.2999,100330
12.3008,100332
12.3018,100334
12.3027,100336
12.3036,100338
12.3046,100340
12.3055,100342
12.3065,100344
12.3074,100346
12.3084,100348
12.3093,100350
12.3103,100352
12.3112,100354
12.3121,100356
12.3131,100358
12.314,100360
12.315,100362
12.3159,100364
12.3169,100366
12.3178,100368
12.3188,100370
12.3197,100372
12.3206,100374
12.3216,100376
12.3225,100378
12.3235,100380
12.3244,100382
12.3254,100384
12.3263,100386
12.3272,100388
12.3282,100390
12.3291,100392
12.3301,100394
12.331,100396
12.332,100398
12.3329,100400
12.3339,100402
12.3348,100404
12.3357,100406
12.3367,100408
12.3376,100410
12.3386,100412
12.3395,100414
12.3405,100416
12.3414,100418
12.3424,100420
12.3433,100422
12.3442,100424
12.3452,100426
12.3461,100428
12.3471,100430
12.348,100432
12.349,100434
12.3499,100436
12.3508,100438
12.3518,100440
12.3527,100442
12.3537,100444
12.3546,100446
12.3556,100448
12.3565,100450
12.3575,100452
12.3584,100454
12.3593,100456
12.3603,100458
12.3612,100460
12.3622,100462
12.3631,100464
12.3641,100466
12.365,100468
12.366,100470
12.3669,100472
12.3678,100474
12.3688,100476
12.3697,100478
12.3707,100480
12.3716,100482
12.3726,100484
12.3735,100486
12.3744,100488
12.3754,100490
12.3763,100492
12.3773,100494
12.3782,100496
12.3792,100498
12.3801,100500
12.3811,100502
12.382,100504
12.3829,100506
12.3839,100508
12.3848,100510
12.3858,100512
12.3867,100514
12.3877,100516
12.3886,100518
12.3896,100520
12.3905,100522
12.3914,100524
12.3924,100526
12.3933,100528
12.3943,100530
12.3952,100532
12.3962,100534
12.3971,100536
12.398,100538
12.399,100540
12.3999,100542
12.4009,100544
12.4018,100546
12.4028,100548
12.4037,100550
12.4047,100552
12.4056,100554
12.4065,100556
12.4075,100558
12.4084,100560
12.4094,100562
12.4103,100564
12.4113,100566
12.4122,100568
12.4132,100570
12.4141,100572
12.415,100574
12.416,100576
12.4169,100578
12.4179,100580
12.4188,100582
12.4198,100584
12.4207,100586
12.4216,100588
12.4226,100590
12.4235,100592
12.4245,100594
12.4254,100596
12.4264,100598
12.4273,100600
12.4283,100602
12.4292,100604
12.4301,100606
12.4311,100608
12.432,100610
12.433,100612
12.4339,100614
12.4349,100616
12.4358,100618
12.4368,100620
12.4377,100622
12.4386,100624
12.4396,100626
12.4405,100628
12.4415,100630
12.4424,100632
12.4434,100634
12.4443,100636
12.4452,100638
12.4462,100640
12.4471,100642
12.4481,100644
12.449,100646
12.45,100648
12.4509,100650
12.4519,100652
12.4528,100654
12.4537,100656
12.4547,100658
12.4556,100660
12.4566,100662
12.4575,100664
12.4585,100666
12.4594,100668
12.4604,100670
12.4613,100672
12.4622,100674
12.4632,100676
12.4641,100678
12.4651,100680
12.466,100682
12.467,100684
12.4679,100686
12.4688,100688
12.4698,100690
12.4707,100692
12.4717,100694
12.4726,100696
12.4736,100698
12.4745,100700
12.4755,100702
12.4764,100704
12.4773,100706
12.4783,100708
12.4792,100710
12.4802,100712
12.4811,100714
12.4821,100716
12.483,100718
12.484,100720
12.4849,100722
12.4858,100724
12.4868,100726
12.4877,100728
12.4887,100730
12.4896,100732
12.4906,100734
12.4915,100736
12.4924,100738
12.4934,100740
12.4943,100742
12.4953,100744
12.4962,100746
12.4972,100748
12.4981,100750
12.4991,100752
12.5,100754
12.5009,100756
12.5019,100758
12.5028,100760
12.5038,100762
12.5047,100764
12.5057,100766
12.5066,100768
12.5076,100770
12.5085,100772
12.5094,100774
12.5104,100776
12.5113,100778
12.5123,100780
12.5132,100782
12.5142,100784
12.5151,100786
12.516,100788
12.517,100790
12.5179,100792
12.5189,100794
12.5198,100796
12.5208,100798
12.5217,100800
12.5227,100802
12.5236,100804
12.5245,100806
12.5255,100808
12.5264,100810
12.5274,100812
12.5283,100814
12.5293,100816
12.5302,100818
12.5312,100820
12.5321,100822
12.533,100824
12.534,100826
12.5349,100828
12.5359,100830
12.5368,100832
12.5378,100834
12.5387,100836
12.5396,100838
12.5406,100840
12.5415,100842
12.5425,100844
12.5434,100846
12.5444,100848
12.5453,100850
12.5463,100852
12.5472,100854
12.5481,100856
12.5491,100858
12.55,100860
12.551,100862
12.5519,100864
12.5529,100866
12.5538,100868
12.5548,100870
12.5557,100872
12.5566,100874
12.5576,100876
12.5585,100878
12.5595,100880
12.5604,100882
12.5614,100884
12.5623,100886
12.5632,100888
12.5642,100890
12.5651,100892
12.5661,100894
12.567,100896
12.568,100898
12.5689,100900
12.5699,100902
12.5708,100904
12.5717,100906
12.5727,100908
12.5736,100910
12.5746,100912
12.5755,100914
12.5765,100916
12.5774,100918
12.5784,100920
12.5793,100922
12.5802,100924
12.5812,100926
12.5821,100928
12.5831,100930
12.584,100932
12.585,100934
12.5859,100936
12.5868,100938
12.5878,100940
12.5887,100942
12.5897,100944
12.5906,100946
12.5916,100948
12.5925,100950
12.5935,100952
12.5944,100954
12.5953,100956
12.5963,100958
12.5972,100960
12.5982,100962
12.5991,100964
12.6001,100966
12.601,100968
12.602,100970
12.6029,100972
12.6038,100974
12.6048,100976
12.6057,100978
12.6067,100980
12.6076,100982
12.6086,100984
12.6095,100986
12.6104,100988
12.6114,100990
12.6123,100992
12.6133,100994
12.6142,100996
12.6152,100998
12.6161,101000
12.6171,101002
12.618,101004
12.6189,101006
12.6199,101008
12.6208,101010
12.6218,101012
12.6227,101014
12.6237,101016
12.6246,101018
12.6256,101020
12.6265,101022
12.6274,101024
12.6284,101026
12.6293,101028
12.6303,101030
12.6312,101032
12.6322,101034
12.6331,101036
12.634,101038
12.635,101040
12.6359,101042
12.6369,101044
12.6378,101046
12.6388,101048
12.6397,101050
12.6407,101052
12.6416,101054
12.6425,101056
12.6435,101058
12.6444,101060
12.6454,101062
12.6463,101064
12.6473,101066
12.6482,101068
12.6492,101070
12.6501,101072
12.651,101074
12.652,101076
12.6529,101078
12.6539,101080
12.6548,101082
12.6558,101084
12.6567,101086
12.6576,101088
12.6586,101090
12.6595,101092
12.6605,101094
12.6614,101096
12.6624,101098
12.6633,101100
12.6643,101102
12.6652,101104
12.6661,101106
12.6671,101108
12.668,101110
12.669,101112
12.6699,101114
12.6709,101116
12.6718,101118
12.6728,101120
12.6737,101122
12.6746,101124
12.6756,101126
12.6765,101128
12.6775,101130
12.6784,101132
12.6794,101134
12.6803,101136
12.6812,101138
12.6822,101140
12.6831,101142
12.6841,101144
12.685,101146
12.686,101148
12.6869,101150
12.6879,101152
12.6888,101154
12.6897,101156
12.6907,101158
12.6916,101160
12.6926,101162
12.6935,101164
12.6945,101166
12.6954,101168
12.6964,101170
12.6973,101172
12.6982,101174
12.6992,101176
12.7001,101178
12.7011,101180
12.702,101182
12.703,101184
12.7039,101186
12.7048,101188
12.7058,101190
12.7067,101192
12.7077,101194
12.7086,101196
12.7096,101198
12.7105,101200
12.7115,101202
12.7124,101204
12.7133,101206
12.7143,101208
12.7152,101210
12.7162,101212
12.7171,101214
12.7181,101216
12.719,101218
12.72,101220
12.7209,101222
12.7218,101224
12.7228,101226
12.7237,101228
12.7247,101230
12.7256,101232
12.7266,101234
12.7275,101236
12.7284,101238
12.7294,101240
12.7303,101242
12.7313,101244
12.7322,101246
12.7332,101248
12.7341,101250
12.7351,101252
12.736,101254
12.7369,101256
12.7379,101258
12.7388,101260
12.7398,101262
12.7407,101264
12.7417,101266
12.7426,101268
12.7436,101270
12.7445,101272
12.7454,101274
12.7464,101276
12.7473,101278
12.7483,101280
12.7492,101282
12.7502,101284
12.7511,101286
12.752,101288
12.753,101290
12.7539,101292
12.7549,101294
12.7558,101296
12.7568,101298
12.7577,101300
12.7587,101302
12.7596,101304
12.7605,101306
12.7615,101308
12.7624,101310
12.7634,101312
12.7643,101314
12.7653,101316
12.7662,101318
12.7672,101320
12.7681,101322
12.769,101324
12.77,101326
12.7709,101328
12.7719,101330
12.7728,101332
12.7738,101334
12.7747,101336
12.7756,101338
12.7766,101340
12.7775,101342
12.7785,101344
12.7794,101346
12.7804,101348
12.7813,101350
12.7823,101352
12.7832,101354
12.7841,101356
12.7851,101358
12.786,101360
12.787,101362
12.7879,101364
12.7889,101366
12.7898,101368
12.7908,101370
12.7917,101372
12.7926,101374
12.7936,101376
12.7945,101378
12.7955,101380
12.7964,101382
12.7974,101384
12.7983,101386
12.7992,101388
12.8002,101390
12.8011,101392
12.8021,101394
12.803,101396
12.804,101398
12.8049,101400
12.8059,101402
12.8068,101404
12.8077,101406
12.8087,101408
12.8096,101410
12.8106,101412
12.8115,101414
12.8125,101416
12.8134,101418
12.8144,101420
12.8153,101422
12.8162,101424
12.8172,101426
12.8181,101428
12.8191,101430
12.82,101432
12.821,101434
12.8219,101436
12.8228,101438
12.8238,101440
12.8247,101442
12.8257,101444
12.8266,101446
12.8276,101448
12.8285,101450
12.8295,101452
12.8304,101454
12.8313,101456
12.8323,101458
12.8332,101460
12.8342,101462
12.8351,101464
12.8361,101466
12.837,101468
12.838,101470
12.8389,101472
12.8398,101474
12.8408,101476
12.8417,101478
12.8427,101480
12.8436,101482
12.8446,101484
12.8455,101486
12.8464,101488
12.8474,101490
12.8483,101492
12.8493,101494
12.8502,101496
12.8512,101498
12.8521,101500
12.8531,101502
12.854,101504
12.8549,101506
12.8559,101508
12.8568,101510
12.8578,101512
12.8587,101514
12.8597,101516
12.8606,101518
12.8616,101520
12.8625,101522
12.8634,101524
12.8644,101526
12.8653,101528
12.8663,101530
12.8672,101532
12.8682,101534
12.8691,101536
12.87,101538
12.871,101540
12.8719,101542
12.8729,101544
12.8738,101546
12.8748,101548
12.8757,101550
12.8767,101552
12.8776,101554
12.8785,101556
12.8795,101558
12.8804,101560
12.8814,101562
12.8823,101564
12.8833,101566
12.8842,101568
12.8852,101570
12.8861,101572
12.887,101574
12.888,101576
12.8889,101578
12.8899,101580
12.8908,101582
12.8918,101584
12.8927,101586
12.8936,101588
12.8946,101590
12.8955,101592
12.8965,101594
12.8974,101596
12.8984,101598
12.8993,101600
12.9003,101602
12.9012,101604
12.9021,101606
12.9031,101608
12.904,101610
12.905,101612
12.9059,101614
12.9069,101616
12.9078,101618
12.9088,101620
12.9097,101622
12.9106,101624
12.9116,101626
12.9125,101628
12.9135,101630
12.9144,101632
12.9154,101634
12.9163,101636
12.9172,101638
12.9182,101640
12.9191,101642
12.9201,101644
12.921,101646
12.922,101648
12.9229,101650
12.9239,101652
12.9248,101654
12.9257,101656
12.9267,101658
12.9276,101660
12.9286,101662
12.9295,101664
12.9305,101666
12.9314,101668
12.9324,101670
12.9333,101672
12.9342,101674
12.9352,101676
12.9361,101678
12.9371,101680
12.938,101682
12.939,101684
12.9399,101686
12.9408,101688
12.9418,101690
12.9427,101692
12.9437,101694
12.9446,101696
12.9456,101698
12.9465,101700
12.9475,101702
12.9484,101704
12.9493,101706
12.9503,101708
12.9512,101710
12.9522,101712
12.9531,101714
12.9541,101716
12.955,101718
12.956,101720
12.9569,101722
12.9578,101724
12.9588,101726
12.9597,101728
12.9607,101730
12.9616,101732
12.9626,101734
12.9635,101736
12.9644,101738
12.9654,101740
12.9663,101742
12.9673,101744
12.9682,101746
12.9692,101748
12.9701,101750
12.9711,101752
12.972,101754
12.9729,101756
12.9739,101758
12.9748,101760
12.9758,101762
12.9767,101764
12.9777,101766
12.9786,101768
12.9796,101770
12.9805,101772
12.9814,101774
12.9824,101776
12.9833,101778
12.9843,101780
12.9852,101782
12.9862,101784
12.9871,101786
12.988,101788
12.989,101790
12.9899,101792
12.9909,101794
12.9918,101796
12.9928,101798
12.9937,101800
12.9947,101802
12.9956,101804
12.9965,101806
12.9975,101808
12.9984,101810
12.9994,101812
13.0003,101814
13.0013,101816
13.0022,101818
13.0032,101820
13.0041,101822
13.005,101824
13.006,101826
13.0069,101828
13.0079,101830
13.0088,101832
13.0098,101834
13.0107,101836
13.0116,101838
13.0126,101840
13.0135,101842
13.0145,101844
13.0154,101846
13.0164,101848
13.0173,101850
13.0183,101852
13.0192,101854
13.0201,101856
13.0211,101858
13.022,101860
13.023,101862
13.0239,101864
13.0249,101866
13.0258,101868
13.0268,101870
13.0277,101872
13.0286,101874
13.0296,101876
13.0305,101878
13.0315,101880
13.0324,101882
13.0334,101884
13.0343,101886
13.0352,101888
13.0362,101890
13.0371,101892
13.0381,101894
13.039,101896
13.04,101898
13.0409,101900
13.0419,101902
13.0428,101904
13.0437,101906
13.0447,101908
13.0456,101910
13.0466,101912
13.0475,101914
13.0485,101916
13.0494,101918
13.0504,101920
13.0513,101922
13.0522,101924
13.0532,101926
13.0541,101928
13.0551,101930
13.056,101932
13.057,101934
13.0579,101936
13.0588,101938
13.0598,101940
13.0607,101942
13.0617,101944
13.0626,101946
13.0636,101948
13.0645,101950
13.0655,101952
13.0664,101954
13.0673,101956
13.0683,101958
13.0692,101960
13.0702,101962
13.0711,101964
13.0721,101966
13.073,101968
13.074,101970
13.0749,101972
13.0758,101974
13.0768,101976
13.0777,101978
13.0787,101980
13.0796,101982
13.0806,101984
13.0815,101986
13.0824,101988
13.0834,101990
13.0843,101992
13.0853,101994
13.0862,101996
13.0872,101998
13.0881,102000
13.0891,102002
13.09,102004
13.0909,102006
13.0919,102008
13.0928,102010
13.0938,102012
13.0947,102014
13.0957,102016
13.0966,102018
13.0976,102020
13.0985,102022
13.0994,102024
13.1004,102026
13.1013,102028
13.1023,102030
13.1032,102032
13.1042,102034
13.1051,102036
13.106,102038
13.107,102040
13.1079,102042
13.1089,102044
13.1098,102046
13.1108,102048
13.1117,102050
13.1127,102052
13.1136,102054
13.1145,102056
13.1155,102058
13.1164,102060
13.1174,102062
13.1183,102064
13.1193,102066
13.1202,102068
13.1212,102070
13.1221,102072
13.123,102074
13.124,102076
13.1249,102078
13.1259,102080
13.1268,102082
13.1278,102084
13.1287,102086
13.1296,102088
13.1306,102090
13.1315,102092
13.1325,102094
13.1334,102096
13.1344,102098
13.1353,102100
13.1363,102102
13.1372,102104
13.1381,102106
13.1391,102108
13.14,102110
13.141,102112
13.1419,102114
13.1429,102116
13.1438,102118
13.1448,102120
13.1457,102122
13.1466,102124
13.1476,102126
13.1485,102128
13.1495,102130
13.1504,102132
13.1514,102134
13.1523,102136
13.1532,102138
13.1542,102140
13.1551,102142
13.1561,102144
13.157,102146
13.158,102148
13.1589,102150
13.1599,102152
13.1608,102154
13.1617,102156
13.1627,102158
13.1636,102160
13.1646,102162
13.1655,102164
13.1665,102166
13.1674,102168
13.1684,102170
13.1693,102172
13.1702,102174
13.1712,102176
13.1721,102178
13.1731,102180
13.174,102182
13.175,102184
13.1759,102186
13.1768,102188
13.1778,102190
13.1787,102192
13.1797,102194
13.1806,102196
13.1816,102198
13.1825,102200
13.1835,102202
13.1844,102204
13.1853,102206
13.1863,102208
13.1872,102210
13.1882,102212
13.1891,102214
13.1901,102216
13.191,102218
13.192,102220
13.1929,102222
13.1938,102224
13.1948,102226
13.1957,102228
13.1967,102230
13.1976,102232
13.1986,102234
13.1995,102236
13.2004,102238
13.2014,102240
13.2023,102242
13.2033,102244
13.2042,102246
13.2052,102248
13.2061,102250
13.2071,102252
13.208,102254
13.2089,102256
13.2099,102258
13.2108,102260
13.2118,102262
13.2127,102264
13.2137,102266
13.2146,102268
13.2156,102270
13.2165,102272
13.2174,102274
13.2184,102276
13.2193,102278
13.2203,102280
13.2212,102282
13.2222,102284
13.2231,102286
13.224,102288
13.225,102290
13.2259,102292
13.2269,102294
13.2278,102296
13.2288,102298
13.2297,102300
13.2307,102302
13.2316,102304
13.2325,102306
13.2335,102308
13.2344,102310
13.2354,102312
13.2363,102314
13.2373,102316
13.2382,102318
13.2392,102320
13.2401,102322
13.241,102324
13.242,102326
13.2429,102328
13.2439,102330
13.2448,102332
13.2458,102334
13.2467,102336
13.2476,102338
13.2486,102340
13.2495,102342
13.2505,102344
13.2514,102346
13.2524,102348
13.2533,102350
13.2543,102352
13.2552,102354
13.2561,102356
13.2571,102358
13.258,102360
13.259,102362
13.2599,102364
13.2609,102366
13.2618,102368
13.2628,102370
13.2637,102372
13.2646,102374
13.2656,102376
13.2665,102378
13.2675,102380
13.2684,102382
13.2694,102384
13.2703,102386
13.2712,102388
13.2722,102390
13.2731,102392
13.2741,102394
13.275,102396
13.276,102398
13.2769,102400
13.2779,102402
13.2788,102404
13.2797,102406
13.2807,102408
13.2816,102410
13.2826,102412
13.2835,102414
13.2845,102416
13.2854,102418
13.2864,102420
13.2873,102422
13.2882,102424
13.2892,102426
13.2901,102428
13.2911,102430
13.292,102432
13.293,102434
13.2939,102436
13.2948,102438
13.2958,102440
13.2967,102442
13.2977,102444
13.2986,102446
13.2996,102448
13.3005,102450
13.3015,102452
13.3024,102454
13.3033,102456
13.3043,102458
13.3052,102460
13.3062,102462
13.3071,102464
13.3081,102466
13.309,102468
13.31,102470
13.3109,102472
13.3118,102474
13.3128,102476
13.3137,102478
13.3147,102480
13.3156,102482
13.3166,102484
13.3175,102486
13.3184,102488
13.3194,102490
13.3203,102492
13.3213,102494
13.3222,102496
13.3232,102498
13.3241,102500
13.3251,102502
13.326,102504
13.3269,102506
13.3279,102508
13.3288,102510
13.3298,102512
13.3307,102514
13.3317,102516
13.3326,102518
13.3336,102520
13.3345,102522
13.3354,102524
13.3364,102526
13.3373,102528
13.3383,102530
13.3392,102532
13.3402,102534
13.3411,102536
13.342,102538
13.343,102540
13.3439,102542
13.3449,102544
13.3458,102546
13.3468,102548
13.3477,102550
13.3487,102552
13.3496,102554
13.3505,102556
13.3515,102558
13.3524,102560
13.3534,102562
13.3543,102564
13.3553,102566
13.3562,102568
13.3572,102570
13.3581,102572
13.359,102574
13.36,102576
13.3609,102578
13.3619,102580
13.3628,102582
13.3638,102584
13.3647,102586
13.3656,102588
13.3666,102590
13.3675,102592
13.3685,102594
13.3694,102596
13.3704,102598
13.3713,102600
13.3723,102602
13.3732,102604
13.3741,102606
13.3751,102608
13.376,102610
13.377,102612
13.3779,102614
13.3789,102616
13.3798,102618
13.3808,102620
13.3817,102622
13.3826,102624
13.3836,102626
13.3845,102628
13.3855,102630
13.3864,102632
13.3874,102634
13.3883,102636
13.3892,102638
13.3902,102640
13.3911,102642
13.3921,102644
13.393,102646
13.394,102648
13.3949,102650
13.3959,102652
13.3968,102654
13.3977,102656
13.3987,102658
13.3996,102660
13.4006,102662
13.4015,102664
13.4025,102666
13.4034,102668
13.4044,102670
13.4053,102672
13.4062,102674
13.4072,102676
13.4081,102678
13.4091,102680
13.41,102682
13.411,102684
13.4119,102686
13.4128,102688
13.4138,102690
13.4147,102692
13.4157,102694
13.4166,102696
13.4176,102698
13.4185,102700
13.4195,102702
13.4204,102704
13.4213,102706
13.4223,102708
13.4232,102710
13.4242,102712
13.4251,102714
13.4261,102716
13.427,102718
13.428,102720
13.4289,102722
13.4298,102724
13.4308,102726
13.4317,102728
13.4327,102730
13.4336,102732
13.4346,102734
13.4355,102736
13.4364,102738
13.4374,102740
13.4383,102742
13.4393,102744
13.4402,102746
13.4412,102748
13.4421,102750
13.4431,102752
13.444,102754
13.4449,102756
13.4459,102758
13.4468,102760
13.4478,102762
13.4487,102764
13.4497,102766
13.4506,102768
13.4516,102770
13.4525,102772
13.4534,102774
13.4544,102776
13.4553,102778
13.4563,102780
13.4572,102782
13.4582,102784
13.4591,102786
13.46,102788
13.461,102790
13.4619,102792
13.4629,102794
13.4638,102796
13.4648,102798
13.4657,102800
13.4667,102802
13.4676,102804
13.4685,102806
13.4695,102808
13.4704,102810
13.4714,102812
13.4723,102814
13.4733,102816
13.4742,102818
13.4752,102820
13.4761,102822
13.477,102824
13.478,102826
13.4789,102828
13.4799,102830
13.4808,102832
13.4818,102834
13.4827,102836
13.4836,102838
13.4846,102840
13.4855,102842
13.4865,102844
13.4874,102846
13.4884,102848
13.4893,102850
13.4903,102852
13.4912,102854
13.4921,102856
13.4931,102858
13.494,102860
13.495,102862
13.4959,102864
13.4969,102866
13.4978,102868
13.4988,102870
13.4997,102872
13.5006,102874
13.5016,102876
13.5025,102878
13.5035,102880
13.5044,102882
13.5054,102884
13.5063,102886
13.5072,102888
13.5082,102890
13.5091,102892
13.5101,102894
13.511,102896
13.512,102898
13.5129,102900
13.5139,102902
13.5148,102904
13.5157,102906
13.5167,102908
13.5176,102910
13.5186,102912
13.5195,102914
13.5205,102916
13.5214,102918
13.5224,102920
13.5233,102922
13.5242,102924
13.5252,102926
13.5261,102928
13.5271,102930
13.528,102932
13.529,102934
13.5299,102936
13.5308,102938
13.5318,102940
13.5327,102942
13.5337,102944
13.5346,102946
13.5356,102948
13.5365,102950
13.5375,102952
13.5384,102954
13.5393,102956
13.5403,102958
13.5412,102960
13.5422,102962
13.5431,102964
13.5441,102966
13.545,102968
13.546,102970
13.5469,102972
13.5478,102974
13.5488,102976
13.5497,102978
13.5507,102980
13.5516,102982
13.5526,102984
13.5535,102986
13.5544,102988
13.5554,102990
13.5563,102992
13.5573,102994
13.5582,102996
13.5592,102998
13.5601,103000
13.5611,103002
13.562,103004
13.5629,103006
13.5639,103008
13.5648,103010
13.5658,103012
13.5667,103014
13.5677,103016
13.5686,103018
13.5696,103020
13.5705,103022
13.5714,103024
13.5724,103026
13.5733,103028
13.5743,103030
13.5752,103032
13.5762,103034
13.5771,103036
13.578,103038
13.579,103040
13.5799,103042
13.5809,103044
13.5818,103046
13.5828,103048
13.5837,103050
13.5847,103052
13.5856,103054
13.5865,103056
13.5875,103058
13.5884,103060
13.5894,103062
13.5903,103064
13.5913,103066
13.5922,103068
13.5932,103070
13.5941,103072
13.595,103074
13.596,103076
13.5969,103078
13.5979,103080
13.5988,103082
13.5998,103084
13.6007,103086
13.6016,103088
13.6026,103090
13.6035,103092
13.6045,103094
13.6054,103096
13.6064,103098
13.6073,103100
13.6083,103102
13.6092,103104
13.6101,103106
13.6111,103108
13.612,103110
13.613,103112
13.6139,103114
13.6149,103116
13.6158,103118
13.6168,103120
13.6177,103122
13.6186,103124
13.6196,103126
13.6205,103128
13.6215,103130
13.6224,103132
13.6234,103134
13.6243,103136
13.6252,103138
13.6262,103140
13.6271,103142
13.6281,103144
13.629,103146
13.63,103148
13.6309,103150
13.6319,103152
13.6328,103154
13.6337,103156
13.6347,103158
13.6356,103160
13.6366,103162
13.6375,103164
13.6385,103166
13.6394,103168
13.6404,103170
13.6413,103172
13.6422,103174
13.6432,103176
13.6441,103178
13.6451,103180
13.646,103182
13.647,103184
13.6479,103186
13.6488,103188
13.6498,103190
13.6507,103192
13.6517,103194
13.6526,103196
13.6536,103198
13.6545,103200
13.6555,103202
13.6564,103204
13.6573,103206
13.6583,103208
13.6592,103210
13.6602,103212
13.6611,103214
13.6621,103216
13.663,103218
13.664,103220
13.6649,103222
13.6658,103224
13.6668,103226
13.6677,103228
13.6687,103230
13.6696,103232
13.6706,103234
13.6715,103236
13.6724,103238
13.6734,103240
13.6743,103242
13.6753,103244
13.6762,103246
13.6772,103248
13.6781,103250
13.6791,103252
13.68,103254
13.6809,103256
13.6819,103258
13.6828,103260
13.6838,103262
13.6847,103264
13.6857,103266
13.6866,103268
13.6876,103270
13.6885,103272
13.6894,103274
13.6904,103276
13.6913,103278
13.6923,103280
13.6932,103282
13.6942,103284
13.6951,103286
13.696,103288
13.697,103290
13.6979,103292
13.6989,103294
13.6998,103296
13.7008,103298
13.7017,103300
13.7027,103302
13.7036,103304
13.7045,103306
13.7055,103308
13.7064,103310
13.7074,103312
13.7083,103314
13.7093,103316
13.7102,103318
13.7112,103320
13.7121,103322
13.713,103324
13.714,103326
13.7149,103328
13.7159,103330
13.7168,103332
13.7178,103334
13.7187,103336
13.7196,103338
13.7206,103340
13.7215,103342
13.7225,103344
13.7234,103346
13.7244,103348
13.7253,103350
13.7263,103352
13.7272,103354
13.7281,103356
13.7291,103358
13.73,103360
13.731,103362
13.7319,103364
13.7329,103366
13.7338,103368
13.7348,103370
13.7357,103372
13.7366,103374
13.7376,103376
13.7385,103378
13.7395,103380
13.7404,103382
13.7414,103384
13.7423,103386
13.7432,103388
13.7442,103390
13.7451,103392
13.7461,103394
13.747,103396
13.748,103398
13.7489,103400
13.7499,103402
13.7508,103404
13.7517,103406
13.7527,103408
13.7536,103410
13.7546,103412
13.7555,103414
13.7565,103416
13.7574,103418
13.7584,103420
13.7593,103422
13.7602,103424
13.7612,103426
13.7621,103428
13.7631,103430
13.764,103432
13.765,103434
13.7659,103436
13.7668,103438
13.7678,103440
13.7687,103442
13.7697,103444
13.7706,103446
13.7716,103448
13.7725,103450
13.7735,103452
13.7744,103454
13.7753,103456
13.7763,103458
13.7772,103460
13.7782,103462
13.7791,103464
13.7801,103466
13.781,103468
13.782,103470
13.7829,103472
13.7838,103474
13.7848,103476
13.7857,103478
13.7867,103480
13.7876,103482
13.7886,103484
13.7895,103486
13.7904,103488
13.7914,103490
13.7923,103492
13.7933,103494
13.7942,103496
13.7952,103498
13.7961,103500
13.7971,103502
13.798,103504
13.7989,103506
13.7999,103508
13.8008,103510
13.8018,103512
13.8027,103514
13.8037,103516
13.8046,103518
13.8056,103520
13.8065,103522
13.8074,103524
13.8084,103526
13.8093,103528
13.8103,103530
13.8112,103532
13.8122,103534
13.8131,103536
13.814,103538
13.815,103540
13.8159,103542
13.8169,103544
13.8178,103546
13.8188,103548
13.8197,103550
13.8207,103552
13.8216,103554
13.8225,103556
13.8235,103558
13.8244,103560
13.8254,103562
13.8263,103564
13.8273,103566
13.8282,103568
13.8292,103570
13.8301,103572
13.831,103574
13.832,103576
13.8329,103578
13.8339,103580
13.8348,103582
13.8358,103584
13.8367,103586
13.8376,103588
13.8386,103590
13.8395,103592
13.8405,103594
13.8414,103596
13.8424,103598
13.8433,103600
13.8443,103602
13.8452,103604
13.8461,103606
13.8471,103608
13.848,103610
13.849,103612
13.8499,103614
13.8509,103616
13.8518,103618
13.8528,103620
13.8537,103622
13.8546,103624
13.8556,103626
13.8565,103628
13.8575,103630
13.8584,103632
13.8594,103634
13.8603,103636
13.8612,103638
13.8622,103640
13.8631,103642
13.8641,103644
13.865,103646
13.866,103648
13.8669,103650
13.8679,103652
13.8688,103654
13.8697,103656
13.8707,103658
13.8716,103660
13.8726,103662
13.8735,103664
13.8745,103666
13.8754,103668
13.8764,103670
13.8773,103672
13.8782,103674
13.8792,103676
13.8801,103678
13.8811,103680
13.882,103682
13.883,103684
13.8839,103686
13.8848,103688
13.8858,103690
13.8867,103692
13.8877,103694
13.8886,103696
13.8896,103698
13.8905,103700
13.8915,103702
13.8924,103704
13.8933,103706
13.8943,103708
13.8952,103710
13.8962,103712
13.8971,103714
13.8981,103716
13.899,103718
13.9,103720
13.9009,103722
13.9018,103724
13.9028,103726
13.9037,103728
13.9047,103730
13.9056,103732
13.9066,103734
13.9075,103736
13.9084,103738
13.9094,103740
13.9103,103742
13.9113,103744
13.9122,103746
13.9132,103748
13.9141,103750
13.9151,103752
13.916,103754
13.9169,103756
13.9179,103758
13.9188,103760
13.9198,103762
13.9207,103764
13.9217,103766
13.9226,103768
13.9236,103770
13.9245,103772
13.9254,103774
13.9264,103776
13.9273,103778
13.9283,103780
13.9292,103782
13.9302,103784
13.9311,103786
13.932,103788
13.933,103790
13.9339,103792
13.9349,103794
13.9358,103796
13.9368,103798
13.9377,103800
13.9387,103802
13.9396,103804
13.9405,103806
13.9415,103808
13.9424,103810
13.9434,103812
13.9443,103814
13.9453,103816
13.9462,103818
13.9472,103820
13.9481,103822
13.949,103824
13.95,103826
13.9509,103828
13.9519,103830
13.9528,103832
13.9538,103834
13.9547,103836
13.9556,103838
13.9566,103840
13.9575,103842
13.9585,103844
13.9594,103846
13.9604,103848
13.9613,103850
13.9623,103852
13.9632,103854
13.9641,103856
13.9651,103858
13.966,103860
13.967,103862
13.9679,103864
13.9689,103866
13.9698,103868
13.9708,103870
13.9717,103872
13.9726,103874
13.9736,103876
13.9745,103878
13.9755,103880
13.9764,103882
13.9774,103884
13.9783,103886
13.9792,103888
13.9802,103890
13.9811,103892
13.9821,103894
13.983,103896
13.984,103898
13.9849,103900
13.9859,103902
13.9868,103904
13.9877,103906
13.9887,103908
13.9896,103910
13.9906,103912
13.9915,103914
13.9925,103916
13.9934,103918
13.9944,103920
13.9953,103922
13.9962,103924
13.9972,103926
13.9981,103928
13.9991,103930
14,103932
14.001,103934
14.0019,103936
14.0028,103938
14.0038,103940
14.0047,103942
14.0057,103944
14.0066,103946
14.0076,103948
14.0085,103950
14.0095,103952
14.0104,103954
14.0113,103956
14.0123,103958
14.0132,103960
14.0142,103962
14.0151,103964
14.0161,103966
14.017,103968
14.018,103970
14.0189,103972
14.0198,103974
14.0208,103976
14.0217,103978
14.0227,103980
14.0236,103982
14.0246,103984
14.0255,103986
14.0264,103988
14.0274,103990
14.0283,103992
14.0293,103994
14.0302,103996
14.0312,103998
14.0321,104000
14.0331,104002
14.034,104004
14.0349,104006
14.0359,104008
14.0368,104010
14.0378,104012
14.0387,104014
14.0397,104016
14.0406,104018
14.0416,104020
14.0425,104022
14.0434,104024
14.0444,104026
14.0453,104028
14.0463,104030
14.0472,104032
14.0482,104034
14.0491,104036
14.05,104038
14.051,104040
14.0519,104042
14.0529,104044
14.0538,104046
14.0548,104048
14.0557,104050
14.0567,104052
14.0576,104054
14.0585,104056
14.0595,104058
14.0604,104060
14.0614,104062
14.0623,104064
14.0633,104066
14.0642,104068
14.0652,104070
14.0661,104072
14.067,104074
14.068,104076
14.0689,104078
14.0699,104080
14.0708,104082
14.0718,104084
14.0727,104086
14.0736,104088
14.0746,104090
14.0755,104092
14.0765,104094
14.0774,104096
14.0784,104098
14.0793,104100
14.0803,104102
14.0812,104104
14.0821,104106
14.0831,104108
14.084,104110
14.085,104112
14.0859,104114
14.0869,104116
14.0878,104118
14.0888,104120
14.0897,104122
14.0906,104124
14.0916,104126
14.0925,104128
14.0935,104130
14.0944,104132
14.0954,104134
14.0963,104136
14.0972,104138
14.0982,104140
14.0991,104142
14.1001,104144
14.101,104146
14.102,104148
14.1029,104150
14.1039,104152
14.1048,104154
14.1057,104156
14.1067,104158
14.1076,104160
14.1086,104162
14.1095,104164
14.1105,104166
14.1114,104168
14.1124,104170
14.1133,104172
14.1142,104174
14.1152,104176
14.1161,104178
14.1171,104180
14.118,104182
14.119,104184
14.1199,104186
14.1208,104188
14.1218,104190
14.1227,104192
14.1237,104194
14.1246,104196
14.1256,104198
14.1265,104200
14.1275,104202
14.1284,104204
14.1293,104206
14.1303,104208
14.1312,104210
14.1322,104212
14.1331,104214
14.1341,104216
14.135,104218
14.136,104220
14.1369,104222
14.1378,104224
14.1388,104226
14.1397,104228
14.1407,104230
14.1416,104232
14.1426,104234
14.1435,104236
14.1444,104238
14.1454,104240
14.1463,104242
14.1473,104244
14.1482,104246
14.1492,104248
14.1501,104250
14.1511,104252
14.152,104254
14.1529,104256
14.1539,104258
14.1548,104260
14.1558,104262
14.1567,104264
14.1577,104266
14.1586,104268
14.1596,104270
14.1605,104272
14.1614,104274
14.1624,104276
14.1633,104278
14.1643,104280
14.1652,104282
14.1662,104284
14.1671,104286
14.168,104288
14.169,104290
14.1699,104292
14.1709,104294
14.1718,104296
14.1728,104298
14.1737,104300
14.1747,104302
14.1756,104304
14.1765,104306
14.1775,104308
14.1784,104310
14.1794,104312
14.1803,104314
14.1813,104316
14.1822,104318
14.1832,104320
14.1841,104322
14.185,104324
14.186,104326
14.1869,104328
14.1879,104330
14.1888,104332
14.1898,104334
14.1907,104336
14.1916,104338
14.1926,104340
14.1935,104342
14.1945,104344
14.1954,104346
14.1964,104348
14.1973,104350
14.1983,104352
14.1992,104354
14.2001,104356
14.2011,104358
14.202,104360
14.203,104362
14.2039,104364
14.2049,104366
14.2058,104368
14.2068,104370
14.2077,104372
14.2086,104374
14.2096,104376
14.2105,104378
14.2115,104380
14.2124,104382
14.2134,104384
14.2143,104386
14.2152,104388
14.2162,104390
14.2171,104392
14.2181,104394
14.219,104396
14.22,104398
14.2209,104400
14.2219,104402
14.2228,104404
14.2237,104406
14.2247,104408
14.2256,104410
14.2266,104412
14.2275,104414
14.2285,104416
14.2294,104418
14.2304,104420
14.2313,104422
14.2322,104424
14.2332,104426
14.2341,104428
14.2351,104430
14.236,104432
14.237,104434
14.2379,104436
14.2388,104438
14.2398,104440
14.2407,104442
14.2417,104444
14.2426,104446
14.2436,104448
14.2445,104450
14.2455,104452
14.2464,104454
14.2473,104456
14.2483,104458
14.2492,104460
14.2502,104462
14.2511,104464
14.2521,104466
14.253,104468
14.254,104470
14.2549,104472
14.2558,104474
14.2568,104476
14.2577,104478
14.2587,104480
14.2596,104482
14.2606,104484
14.2615,104486
14.2624,104488
14.2634,104490
14.2643,104492
14.2653,104494
14.2662,104496
14.2672,104498
14.2681,104500
14.2691,104502
14.27,104504
14.2709,104506
14.2719,104508
14.2728,104510
14.2738,104512
14.2747,104514
14.2757,104516
14.2766,104518
14.2776,104520
14.2785,104522
14.2794,104524
14.2804,104526
14.2813,104528
14.2823,104530
14.2832,104532
14.2842,104534
14.2851,104536
14.286,104538
14.287,104540
14.2879,104542
14.2889,104544
14.2898,104546
14.2908,104548
14.2917,104550
14.2927,104552
14.2936,104554
14.2945,104556
14.2955,104558
14.2964,104560
14.2974,104562
14.2983,104564
14.2993,104566
14.3002,104568
14.3012,104570
14.3021,104572
14.303,104574
14.304,104576
14.3049,104578
14.3059,104580
14.3068,104582
14.3078,104584
14.3087,104586
14.3096,104588
14.3106,104590
14.3115,104592
14.3125,104594
14.3134,104596
14.3144,104598
14.3153,104600
14.3163,104602
14.3172,104604
14.3181,104606
14.3191,104608
14.32,104610
14.321,104612
14.3219,104614
14.3229,104616
14.3238,104618
14.3248,104620
14.3257,104622
14.3266,104624
14.3276,104626
14.3285,104628
14.3295,104630
14.3304,104632
14.3314,104634
14.3323,104636
14.3332,104638
14.3342,104640
14.3351,104642
14.3361,104644
14.337,104646
14.338,104648
14.3389,104650
14.3399,104652
14.3408,104654
14.3417,104656
14.3427,104658
14.3436,104660
14.3446,104662
14.3455,104664
14.3465,104666
14.3474,104668
14.3484,104670
14.3493,104672
14.3502,104674
14.3512,104676
14.3521,104678
14.3531,104680
14.354,104682
14.355,104684
14.3559,104686
14.3568,104688
14.3578,104690
14.3587,104692
14.3597,104694
14.3606,104696
14.3616,104698
14.3625,104700
14.3635,104702
14.3644,104704
14.3653,104706
14.3663,104708
14.3672,104710
14.3682,104712
14.3691,104714
14.3701,104716
14.371,104718
14.372,104720
14.3729,104722
14.3738,104724
14.3748,104726
14.3757,104728
14.3767,104730
14.3776,104732
14.3786,104734
14.3795,104736
14.3804,104738
14.3814,104740
14.3823,104742
14.3833,104744
14.3842,104746
14.3852,104748
14.3861,104750
14.3871,104752
14.388,104754
14.3889,104756
14.3899,104758
14.3908,104760
14.3918,104762
14.3927,104764
14.3937,104766
14.3946,104768
14.3956,104770
14.3965,104772
14.3974,104774
14.3984,104776
14.3993,104778
14.4003,104780
14.4012,104782
14.4022,104784
14.4031,104786
14.404,104788
14.405,104790
14.4059,104792
14.4069,104794
14.4078,104796
14.4088,104798
14.4097,104800
14.4107,104802
14.4116,104804
14.4125,104806
14.4135,104808
14.4144,104810
14.4154,104812
14.4163,104814
14.4173,104816
14.4182,104818
14.4192,104820
14.4201,104822
14.421,104824
14.422,104826
14.4229,104828
14.4239,104830
14.4248,104832
14.4258,104834
14.4267,104836
14.4276,104838
14.4286,104840
14.4295,104842
14.4305,104844
14.4314,104846
14.4324,104848
14.4333,104850
14.4343,104852
14.4352,104854
14.4361,104856
14.4371,104858
14.438,104860
14.439,104862
14.4399,104864
14.4409,104866
14.4418,104868
14.4428,104870
14.4437,104872
14.4446,104874
14.4456,104876
14.4465,104878
14.4475,104880
14.4484,104882
14.4494,104884
14.4503,104886
14.4512,104888
14.4522,104890
14.4531,104892
14.4541,104894
14.455,104896
14.456,104898
14.4569,104900
14.4579,104902
14.4588,104904
14.4597,104906
14.4607,104908
14.4616,104910
14.4626,104912
14.4635,104914
14.4645,104916
14.4654,104918
14.4664,104920
14.4673,104922
14.4682,104924
14.4692,104926
14.4701,104928
14.4711,104930
14.472,104932
14.473,104934
14.4739,104936
14.4748,104938
14.4758,104940
14.4767,104942
14.4777,104944
14.4786,104946
14.4796,104948
14.4805,104950
14.4815,104952
14.4824,104954
14.4833,104956
14.4843,104958
14.4852,104960
14.4862,104962
14.4871,104964
14.4881,104966
14.489,104968
14.49,104970
14.4909,104972
14.4918,104974
14.4928,104976
14.4937,104978
14.4947,104980
14.4956,104982
14.4966,104984
14.4975,104986
14.4984,104988
14.4994,104990
14.5003,104992
14.5013,104994
14.5022,104996
14.5032,104998
14.5041,105000
14.5051,105002
14.506,105004
14.5069,105006
14.5079,105008
14.5088,105010
14.5098,105012
14.5107,105014
14.5117,105016
14.5126,105018
14.5136,105020
14.5145,105022
14.5154,105024
14.5164,105026
14.5173,105028
14.5183,105030
14.5192,105032
14.5202,105034
14.5211,105036
14.522,105038
14.523,105040
14.5239,105042
14.5249,105044
14.5258,105046
14.5268,105048
14.5277,105050
14.5287,105052
14.5296,105054
14.5305,105056
14.5315,105058
14.5324,105060
14.5334,105062
14.5343,105064
14.5353,105066
14.5362,105068
14.5372,105070
14.5381,105072
14.539,105074
14.54,105076
14.5409,105078
14.5419,105080
14.5428,105082
14.5438,105084
14.5447,105086
14.5456,105088
14.5466,105090
14.5475,105092
14.5485,105094
14.5494,105096
14.5504,105098
14.5513,105100
14.5523,105102
14.5532,105104
14.5541,105106
14.5551,105108
14.556,105110
14.557,105112
14.5579,105114
14.5589,105116
14.5598,105118
14.5608,105120
14.5617,105122
14.5626,105124
14.5636,105126
14.5645,105128
14.5655,105130
14.5664,105132
14.5674,105134
14.5683,105136
14.5692,105138
14.5702,105140
14.5711,105142
14.5721,105144
14.573,105146
14.574,105148
14.5749,105150
14.5759,105152
14.5768,105154
14.5777,105156
14.5787,105158
14.5796,105160
14.5806,105162
14.5815,105164
14.5825,105166
14.5834,105168
14.5844,105170
14.5853,105172
14.5862,105174
14.5872,105176
14.5881,105178
14.5891,105180
14.59,105182
14.591,105184
14.5919,105186
14.5928,105188
14.5938,105190
14.5947,105192
14.5957,105194
14.5966,105196
14.5976,105198
14.5985,105200
14.5995,105202
14.6004,105204
14.6013,105206
14.6023,105208
14.6032,105210
14.6042,105212
14.6051,105214
14.6061,105216
14.607,105218
14.608,105220
14.6089,105222
14.6098,105224
14.6108,105226
14.6117,105228
14.6127,105230
14.6136,105232
14.6146,105234
14.6155,105236
14.6164,105238
14.6174,105240
14.6183,105242
14.6193,105244
14.6202,105246
14.6212,105248
14.6221,105250
14.6231,105252
14.624,105254
14.6249,105256
14.6259,105258
14.6268,105260
14.6278,105262
14.6287,105264
14.6297,105266
14.6306,105268
14.6316,105270
14.6325,105272
14.6334,105274
14.6344,105276
14.6353,105278
14.6363,105280
14.6372,105282
14.6382,105284
14.6391,105286
14.64,105288
14.641,105290
14.6419,105292
14.6429,105294
14.6438,105296
14.6448,105298
14.6457,105300
14.6467,105302
14.6476,105304
14.6485,105306
14.6495,105308
14.6504,105310
14.6514,105312
14.6523,105314
14.6533,105316
14.6542,105318
14.6552,105320
14.6561,105322
14.657,105324
14.658,105326
14.6589,105328
14.6599,105330
14.6608,105332
14.6618,105334
14.6627,105336
14.6636,105338
14.6646,105340
14.6655,105342
14.6665,105344
14.6674,105346
14.6684,105348
14.6693,105350
14.6703,105352
14.6712,105354
14.6721,105356
14.6731,105358
14.674,105360
14.675,105362
14.6759,105364
14.6769,105366
14.6778,105368
14.6788,105370
14.6797,105372
14.6806,105374
14.6816,105376
14.6825,105378
14.6835,105380
14.6844,105382
14.6854,105384
14.6863,105386
14.6872,105388
14.6882,105390
14.6891,105392
14.6901,105394
14.691,105396
14.692,105398
14.6929,105400
14.6939,105402
14.6948,105404
14.6957,105406
14.6967,105408
14.6976,105410
14.6986,105412
14.6995,105414
14.7005,105416
14.7014,105418
14.7024,105420
14.7033,105422
14.7042,105424
14.7052,105426
14.7061,105428
14.7071,105430
14.708,105432
14.709,105434
14.7099,105436
14.7108,105438
14.7118,105440
14.7127,105442
14.7137,105444
14.7146,105446
14.7156,105448
14.7165,105450
14.7175,105452
14.7184,105454
14.7193,105456
14.7203,105458
14.7212,105460
14.7222,105462
14.7231,105464
14.7241,105466
14.725,105468
14.726,105470
14.7269,105472
14.7278,105474
14.7288,105476
14.7297,105478
14.7307,105480
14.7316,105482
14.7326,105484
14.7335,105486
14.7344,105488
14.7354,105490
14.7363,105492
14.7373,105494
14.7382,105496
14.7392,105498
14.7401,105500
14.7411,105502
14.742,105504
14.7429,105506
14.7439,105508
14.7448,105510
14.7458,105512
14.7467,105514
14.7477,105516
14.7486,105518
14.7496,105520
14.7505,105522
14.7514,105524
14.7524,105526
14.7533,105528
14.7543,105530
14.7552,105532
14.7562,105534
14.7571,105536
14.758,105538
14.759,105540
14.7599,105542
14.7609,105544
14.7618,105546
14.7628,105548
14.7637,105550
14.7647,105552
14.7656,105554
14.7665,105556
14.7675,105558
14.7684,105560
14.7694,105562
14.7703,105564
14.7713,105566
14.7722,105568
14.7732,105570
14.7741,105572
14.775,105574
14.776,105576
14.7769,105578
14.7779,105580
14.7788,105582
14.7798,105584
14.7807,105586
14.7816,105588
14.7826,105590
14.7835,105592
14.7845,105594
14.7854,105596
14.7864,105598
14.7873,105600
14.7883,105602
14.7892,105604
14.7901,105606
14.7911,105608
14.792,105610
14.793,105612
14.7939,105614
14.7949,105616
14.7958,105618
14.7968,105620
14.7977,105622
14.7986,105624
14.7996,105626
14.8005,105628
14.8015,105630
14.8024,105632
14.8034,105634
14.8043,105636
14.8052,105638
14.8062,105640
14.8071,105642
14.8081,105644
14.809,105646
14.81,105648
14.8109,105650
14.8119,105652
14.8128,105654
14.8137,105656
14.8147,105658
14.8156,105660
14.8166,105662
14.8175,105664
14.8185,105666
14.8194,105668
14.8204,105670
14.8213,105672
14.8222,105674
14.8232,105676
14.8241,105678
14.8251,105680
14.826,105682
14.827,105684
14.8279,105686
14.8288,105688
14.8298,105690
14.8307,105692
14.8317,105694
14.8326,105696
14.8336,105698
14.8345,105700
14.8355,105702
14.8364,105704
14.8373,105706
14.8383,105708
14.8392,105710
14.8402,105712
14.8411,105714
14.8421,105716
14.843,105718
14.844,105720
14.8449,105722
14.8458,105724
14.8468,105726
14.8477,105728
14.8487,105730
14.8496,105732
14.8506,105734
14.8515,105736
14.8524,105738
14.8534,105740
14.8543,105742
14.8553,105744
14.8562,105746
14.8572,105748
14.8581,105750
14.8591,105752
14.86,105754
14.8609,105756
14.8619,105758
14.8628,105760
14.8638,105762
14.8647,105764
14.8657,105766
14.8666,105768
14.8676,105770
14.8685,105772
14.8694,105774
14.8704,105776
14.8713,105778
14.8723,105780
14.8732,105782
14.8742,105784
14.8751,105786
14.876,105788
14.877,105790
14.8779,105792
14.8789,105794
14.8798,105796
14.8808,105798
14.8817,105800
14.8827,105802
14.8836,105804
14.8845,105806
14.8855,105808
14.8864,105810
14.8874,105812
14.8883,105814
14.8893,105816
14.8902,105818
14.8912,105820
14.8921,105822
14.893,105824
14.894,105826
14.8949,105828
14.8959,105830
14.8968,105832
14.8978,105834
14.8987,105836
14.8996,105838
14.9006,105840
14.9015,105842
14.9025,105844
14.9034,105846
14.9044,105848
14.9053,105850
14.9063,105852
14.9072,105854
14.9081,105856
14.9091,105858
14.91,105860
14.911,105862
14.9119,105864
14.9129,105866
14.9138,105868
14.9148,105870
14.9157,105872
14.9166,105874
14.9176,105876
14.9185,105878
14.9195,105880
14.9204,105882
14.9214,105884
14.9223,105886
14.9232,105888
14.9242,105890
14.9251,105892
14.9261,105894
14.927,105896
14.928,105898
14.9289,105900
14.9299,105902
14.9308,105904
14.9317,105906
14.9327,105908
14.9336,105910
14.9346,105912
14.9355,105914
14.9365,105916
14.9374,105918
14.9384,105920
14.9393,105922
14.9402,105924
14.9412,105926
14.9421,105928
14.9431,105930
14.944,105932
14.945,105934
14.9459,105936
14.9468,105938
14.9478,105940
14.9487,105942
14.9497,105944
14.9506,105946
14.9516,105948
14.9525,105950
14.9535,105952
14.9544,105954
14.9553,105956
14.9563,105958
14.9572,105960
14.9582,105962
14.9591,105964
14.9601,105966
14.961,105968
14.962,105970
14.9629,105972
14.9638,105974
14.9648,105976
14.9657,105978
14.9667,105980
14.9676,105982
14.9686,105984
14.9695,105986
14.9704,105988
14.9714,105990
14.9723,105992
14.9733,105994
14.9742,105996
14.9752,105998
14.9761,106000
14.9771,106002
14.978,106004
14.9789,106006
14.9799,106008
14.9808,106010
14.9818,106012
14.9827,106014
14.9837,106016
14.9846,106018
14.9856,106020
14.9865,106022
14.9874,106024
14.9884,106026
14.9893,106028
14.9903,106030
14.9912,106032
14.9922,106034
14.9931,106036
14.994,106038
14.995,106040
14.9959,106042
14.9969,106044
14.9978,106046
14.9988,106048
14.9997,106050
15.0007,106052
15.0016,106054
15.0025,106056
15.0035,106058
15.0044,106060
15.0054,106062
15.0063,106064
15.0073,106066
15.0082,106068
15.0092,106070
15.0101,106072
15.011,106074
15.012,106076
15.0129,106078
15.0139,106080
15.0148,106082
15.0158,106084
15.0167,106086
15.0176,106088
15.0186,106090
15.0195,106092
15.0205,106094
15.0214,106096
15.0224,106098
15.0233,106100
15.0243,106102
15.0252,106104
15.0261,106106
15.0271,106108
15.028,106110
15.029,106112
15.0299,106114
15.0309,106116
15.0318,106118
15.0328,106120
15.0337,106122
15.0346,106124
15.0356,106126
15.0365,106128
15.0375,106130
15.0384,106132
15.0394,106134
15.0403,106136
15.0412,106138
15.0422,106140
15.0431,106142
15.0441,106144
15.045,106146
15.046,106148
15.0469,106150
15.0479,106152
15.0488,106154
15.0497,106156
15.0507,106158
15.0516,106160
15.0526,106162
15.0535,106164
15.0545,106166
15.0554,106168
15.0564,106170
15.0573,106172
15.0582,106174
15.0592,106176
15.0601,106178
15.0611,106180
15.062,106182
15.063,106184
15.0639,106186
15.0648,106188
15.0658,106190
15.0667,106192
15.0677,106194
15.0686,106196
15.0696,106198
15.0705,106200
15.0715,106202
15.0724,106204
15.0733,106206
15.0743,106208
15.0752,106210
15.0762,106212
15.0771,106214
15.0781,106216
15.079,106218
15.08,106220
15.0809,106222
15.0818,106224
15.0828,106226
15.0837,106228
15.0847,106230
15.0856,106232
15.0866,106234
15.0875,106236
15.0884,106238
15.0894,106240
15.0903,106242
15.0913,106244
15.0922,106246
15.0932,106248
15.0941,106250
15.0951,106252
15.096,106254
15.0969,106256
15.0979,106258
15.0988,106260
15.0998,106262
15.1007,106264
15.1017,106266
15.1026,106268
15.1036,106270
15.1045,106272
15.1054,106274
15.1064,106276
15.1073,106278
15.1083,106280
15.1092,106282
15.1102,106284
15.1111,106286
15.112,106288
15.113,106290
15.1139,106292
15.1149,106294
15.1158,106296
15.1168,106298
15.1177,106300
15.1187,106302
15.1196,106304
15.1205,106306
15.1215,106308
15.1224,106310
15.1234,106312
15.1243,106314
15.1253,106316
15.1262,106318
15.1272,106320
15.1281,106322
15.129,106324
15.13,106326
15.1309,106328
15.1319,106330
15.1328,106332
15.1338,106334
15.1347,106336
15.1356,106338
15.1366,106340
15.1375,106342
15.1385,106344
15.1394,106346
15.1404,106348
15.1413,106350
15.1423,106352
15.1432,106354
15.1441,106356
15.1451,106358
15.146,106360
15.147,106362
15.1479,106364
15.1489,106366
15.1498,106368
15.1508,106370
15.1517,106372
15.1526,106374
15.1536,106376
15.1545,106378
15.1555,106380
15.1564,106382
15.1574,106384
15.1583,106386
15.1592,106388
15.1602,106390
15.1611,106392
15.1621,106394
15.163,106396
15.164,106398
15.1649,106400
15.1659,106402
15.1668,106404
15.1677,106406
15.1687,106408
15.1696,106410
15.1706,106412
15.1715,106414
15.1725,106416
15.1734,106418
15.1744,106420
15.1753,106422
15.1762,106424
15.1772,106426
15.1781,106428
15.1791,106430
15.18,106432
15.181,106434
15.1819,106436
15.1828,106438
15.1838,106440
15.1847,106442
15.1857,106444
15.1866,106446
15.1876,106448
15.1885,106450
15.1895,106452
15.1904,106454
15.1913,106456
15.1923,106458
15.1932,106460
15.1942,106462
15.1951,106464
15.1961,106466
15.197,106468
15.198,106470
15.1989,106472
15.1998,106474
15.2008,106476
15.2017,106478
15.2027,106480
15.2036,106482
15.2046,106484
15.2055,106486
15.2064,106488
15.2074,106490
15.2083,106492
15.2093,106494
15.2102,106496
15.2112,106498
15.2121,106500
15.2131,106502
15.214,106504
15.2149,106506
15.2159,106508
15.2168,106510
15.2178,106512
15.2187,106514
15.2197,106516
15.2206,106518
15.2216,106520
15.2225,106522
15.2234,106524
15.2244,106526
15.2253,106528
15.2263,106530
15.2272,106532
15.2282,106534
15.2291,106536
15.2305,105592
15.231,105056
15.2315,104772
15.2319,104499
15.2324,104226
15.2329,103952
15.2334,103679
15.2338,103406
15.2343,103132
15.2348,102859
15.2352,102586
15.2357,102312
15.2362,102039
15.2367,101765
15.2371,101492
15.2376,101219
15.2381,100945
15.2386,100672
15.239,100399
15.2395,100125
15.24,99852
15.2404,99579
15.2409,99305
15.2414,99032
15.2419,98758
15.2423,98485
15.2428,98212
15.2433,97938
15.2437,97665
15.2442,97392
15.2447,97118
15.2452,96845
15.2456,96572
15.2461,96298
15.2466,96025
15.247,95752
15.2475,95478
15.248,95205
15.2485,94931
15.2489,94658
15.2494,94385
15.2499,94111
15.2504,93838
15.2508,93565
15.2513,93291
15.2518,93018
15.2522,92745
15.2527,92471
15.2532,92198
15.2537,91924
15.2541,91651
15.2546,91378
15.2551,91104
15.2555,90831
15.256,90558
15.2565,90284
15.257,90011
15.2574,89738
15.2579,89464
15.2584,89191
15.2588,88918
15.2593,88644
15.2598,88371
15.2603,88097
15.2607,87824
15.2612,87551
15.2617,87277
15.2622,87004
15.2626,86731
15.2631,86457
15.2636,86184
15.264,85911
15.2645,85637
15.265,85364
15.2655,85090
15.2659,84817
15.2664,84544
15.2669,84270
15.2673,83997
15.2678,83724
15.2683,83450
15.2688,83177
15.2692,82904
15.2697,82630
15.2702,82357
15.2706,82084
15.2711,81810
15.2716,81537
15.2721,81263
15.2725,80990
15.273,80717
15.2735,80443
15.274,80170
15.2744,79897
15.2749,79623
15.2754,79350
15.2758,79077
15.2763,78803
15.2768,78530
15.2773,78256
15.2777,77983
15.2782,77710
15.2787,77436
15.2791,77163
15.2796,76890
15.2801,76616
15.2806,76343
15.281,76070
15.2815,75796
15.282,75523
15.2824,75250
15.2829,74976
15.2834,74703
15.2839,74429
15.2843,74156
15.2848,73883
15.2853,73609
15.2858,73336
15.2862,73063
15.2867,72789
15.2872,72516
15.2876,72243
15.2881,71969
15.2886,71696
15.2891,71422
15.2895,71149
15.29,70876
15.2905,70602
15.2909,70329
15.2914,70056
15.2919,69782
15.2924,69509
15.2928,69236
15.2933,68962
15.2938,68689
15.2942,68416
15.2947,68142
15.2952,67869
15.2957,67595
15.2961,67322
15.2966,67049
15.2971,66775
15.2976,66502
15.298,66229
15.2985,65955
15.299,65682
15.2994,65409
15.2999,65135
15.3004,64862
15.3009,64588
15.3013,64315
15.3018,64042
15.3023,63408
15.3027,62872
15.3032,62336
15.3037,61800
15.3042,61264
15.3046,60728
15.3051,60192
15.3056,59656
15.306,59120
15.3065,58584
15.307,58048
15.3075,57512
15.3079,56976
15.3084,56440
15.3089,55904
15.3094,55368
15.3098,54832
15.3103,54296
15.3108,53760
15.3112,53224
15.3117,52688
15.3122,52528
15.3127,52152
15.3235,52528
15.3235,52533
15.3244,52538
15.3254,52543
15.3263,52548
15.3273,52553
15.3282,52558
15.3292,52563
15.3301,52568
15.3311,52573
15.332,52578
15.3329,52583
15.3339,52588
15.3348,52593
15.3358,52598
15.3367,52603
15.3377,52608
15.3386,52613
15.3396,52618
15.3405,52623
15.3414,52628
15.3424,52633
15.3433,52638
15.3443,52643
15.3699,52648
15.3709,52653
15.3718,52658
15.3728,52663
15.3737,52668
15.3747,52673
15.3756,52678
15.3765,52683
15.3775,52688
15.3784,52693
15.3794,52698
15.3803,52703
15.3813,52708
15.3822,52713
15.3831,52718
15.3841,52723
15.385,52728
15.386,52733
15.3869,52738
15.3879,52743
15.3888,52748
15.3898,52753
15.3907,52758
15.3916,52763
15.3926,52768
15.3935,52773
15.3945,52778
15.3954,52783
15.3964,52788
15.3973,52793
15.3983,52798
15.3992,52803
15.4001,52808
15.4011,52813
15.402,52818
15.403,52823
15.4039,52828
15.4049,52833
15.4058,52838
15.4067,52843
15.4077,52848
15.4086,52853
15.4096,52858
15.4105,52863
15.4115,52868
15.4124,52873
15.4134,52878
15.4143,52883
15.4152,52888
15.4162,52893
15.4171,52898
15.4181,52903
15.419,52908
15.42,52913
15.4209,52918
15.4219,52923
15.4228,52928
15.4237,52933
15.4247,52938
15.4256,52943
15.4266,52948
15.4275,52953
15.4285,52958
15.4294,52963
15.4303,52968
15.4313,52973
15.4322,52978
15.4332,52983
15.4341,52988
15.4351,52993
15.436,52998
15.437,53003
15.4379,53008
15.4388,53013
15.4398,53018
15.4407,53023
15.4417,53028
15.4426,53033
15.4436,53038
15.4445,53043
15.4455,53048
15.4464,53053
15.4473,53058
15.4483,53063
15.4492,53068
15.4502,53073
15.4511,53078
15.4521,53083
15.453,53088
15.4539,53093
15.4549,53098
15.4558,53103
15.4568,53108
15.4577,53113
15.4587,53118
15.4596,53123
15.4606,53128
15.4615,53133
15.4624,53138
15.4634,53143
15.4643,53148
15.4653,53153
15.4662,53158
15.4672,53163
15.4681,53168
15.4691,53173
15.47,53178
15.4709,53183
15.4719,53188
15.4728,53193
15.4738,53198
15.4747,53203
15.4757,53208
15.4766,53213
15.4775,53218
15.4785,53223
15.4794,53228
15.4804,53233
15.4813,53238
15.4823,53243
15.4832,53248
15.4842,53253
15.4851,53258
15.486,53263
15.487,53268
15.4879,53273
15.4889,53278
15.4898,53283
15.4908,53288
15.4917,53293
15.4927,53298
15.4936,53303
15.4945,53308
15.4955,53313
15.4964,53318
15.4974,53323
15.4983,53328
15.4993,53333
15.5002,53338
15.5011,53343
15.5021,53348
15.503,53353
15.504,53358
15.5049,53363
15.5059,53368
15.5068,53373
15.5078,53378
15.5087,53383
15.5096,53388
15.5106,53393
15.5115,53398
15.5125,53403
15.5134,53408
15.5144,53413
15.5153,53418
15.5163,53423
15.5172,53428
15.5181,53433
15.5191,53438
15.52,53443
15.521,53448
15.5219,53453
15.5229,53458
15.5238,53463
15.5247,53468
15.5257,53473
15.5266,53478
15.5276,53483
15.5285,53488
15.5295,53493
15.5304,53498
15.5314,53503
15.5323,53508
15.5332,53513
15.5342,53518
15.5351,53523
15.5361,53528
15.537,53533
15.538,53538
15.5389,53543
15.5399,53548
15.5408,53553
15.5417,53558
15.5427,53563
15.5436,53568
15.5446,53573
15.5455,53578
15.5465,53583
15.5474,53588
15.5483,53593
15.5493,53598
15.5502,53603
15.5512,53608
15.5521,53613
15.5531,53618
15.554,53623
15.555,53628
15.5559,53633
15.5568,53638
15.5578,53643
15.5587,53648
15.5597,53653
15.5606,53658
15.5616,53663
15.5625,53668
15.5635,53673
15.5644,53678
15.5653,53683
15.5663,53688
15.5672,53693
15.5682,53698
15.5691,53703
15.5701,53708
15.571,53713
15.5719,53718
15.5729,53723
15.5738,53728
15.5748,53733
15.5757,53738
15.5767,53743
15.5776,53748
15.5786,53753
15.5795,53758
15.5804,53763
15.5814,53768
15.5823,53773
15.5833,53778
15.5842,53783
15.5852,53788
15.5861,53793
15.5871,53798
15.588,53803
15.5889,53808
15.5899,53813
15.5908,53818
15.5918,53823
15.5927,53828
15.5937,53833
15.5946,53838
15.5955,53843
15.5965,53848
15.5974,53853
15.5984,53858
15.5993,53863
15.6003,53868
15.6012,53873
15.6022,53878
15.6031,53883
15.604,53888
15.605,53893
15.6059,53898
15.6069,53903
15.6078,53908
15.6088,53913
15.6097,53918
15.6107,53923
15.6116,53928
15.6125,53933
15.6135,53938
15.6144,53943
15.6154,53948
15.6163,53953
15.6173,53958
15.6182,53963
15.6191,53968
15.6201,53973
15.621,53978
15.622,53983
15.6229,53988
15.6239,53993
15.6248,53998
15.6258,54003
15.6267,54008
15.6276,54013
15.6286,54018
15.6295,54023
15.6305,54028
15.6314,54033
15.6324,54038
15.6333,54043
15.6343,54048
15.6352,54053
15.6361,54058
15.6371,54063
15.638,54068
15.639,54073
15.6399,54078
15.6409,54083
15.6418,54088
15.6427,54093
15.6437,54098
15.6446,54103
15.6456,54108
15.6465,54113
15.6475,54118
15.6484,54123
15.6494,54128
15.6503,54133
15.6512,54138
15.6522,54143
15.6531,54148
15.6541,54153
15.655,54158
15.656,54163
15.6569,54168
15.6579,54173
15.6588,54178
15.6597,54183
15.6607,54188
15.6616,54193
15.6626,54198
15.6635,54203
15.6645,54208
15.6654,54213
15.6663,54218
15.6673,54223
15.6682,54228
15.6692,54233
15.6701,54238
15.6711,54243
15.672,54248
15.673,54253
15.6739,54258
15.6748,54263
15.6758,54268
15.6767,54273
15.6777,54278
15.6786,54283
15.6796,54288
15.6805,54293
15.6815,54298
15.6824,54303
15.6833,54308
15.6843,54313
15.6852,54318
15.6862,54323
15.6871,54328
15.6881,54333
15.689,54338
15.6899,54343
15.6909,54348
15.6918,54353
15.6928,54358
15.6937,54363
15.6947,54368
15.6956,54373
15.6966,54378
15.6975,54383
15.6984,54388
15.6994,54393
15.7003,54398
15.7013,54403
15.7022,54408
15.7032,54413
15.7041,54418
15.7051,54423
15.706,54428
15.7069,54433
15.7079,54438
15.7088,54443
15.7098,54448
15.7107,54453
15.7117,54458
15.7126,54463
15.7135,54468
15.7145,54473
15.7154,54478
15.7164,54483
15.7173,54488
15.7183,54493
15.7192,54498
15.7202,54503
15.7211,54508
15.722,54513
15.723,54518
15.7239,54523
15.7249,54528
15.7258,54533
15.7268,54538
15.7277,54543
15.7287,54548
15.7296,54553
15.7305,54558
15.7315,54563
15.7324,54568
15.7334,54573
15.7343,54578
15.7353,54583
15.7362,54588
15.7371,54593
15.7381,54598
15.739,54603
15.74,54608
15.7409,54613
15.7419,54618
15.7428,54623
15.7438,54628
15.7447,54633
15.7456,54638
15.7466,54643
15.7475,54648
15.7485,54653
15.7494,54658
15.7504,54663
15.7513,54668
15.7523,54673
15.7532,54678
15.7541,54683
15.7551,54688
15.756,54693
15.757,54698
15.7579,54703
15.7589,54708
15.7598,54713
15.7607,54718
15.7617,54723
15.7626,54728
15.7636,54733
15.7645,54738
15.7655,54743
15.7664,54748
15.7674,54753
15.7683,54758
15.7692,54763
15.7702,54768
15.7711,54773
15.7721,54778
15.773,54783
15.774,54788
15.7749,54793
15.7759,54798
15.7768,54803
15.7777,54808
15.7787,54813
15.7796,54818
15.7806,54823
15.7815,54828
15.7825,54833
15.7834,54838
15.7843,54843
15.7853,54848
15.7862,54853
15.7872,54858
15.7881,54863
15.7891,54868
15.79,54873
15.791,54878
15.7919,54883
15.7928,54888
15.7938,54893
15.7947,54898
15.7957,54903
15.7966,54908
15.7976,54913
15.7985,54918
15.7995,54923
15.8004,54928
15.8013,54933
15.8023,54938
15.8032,54943
15.8042,54948
15.8051,54953
15.8061,54958
15.807,54963
15.8079,54968
15.8089,54973
15.8098,54978
15.8108,54983
15.8117,54988
15.8127,54993
15.8136,54998
15.8146,55003
15.8155,55008
15.8164,55013
15.8174,55018
15.8183,55023
15.8193,55028
15.8202,55033
15.8212,55038
15.8221,55043
15.8231,55048
15.824,55053
15.8249,55058
15.8259,55063
15.8268,55068
15.8278,55073
15.8287,55078
15.8297,55083
15.8306,55088
15.8315,55093
15.8325,55098
15.8334,55103
15.8344,55108
15.8353,55113
15.8363,55118
15.8372,55123
15.8382,55128
15.8391,55133
15.84,55138
15.841,55143
15.8419,55148
15.8429,55153
15.8438,55158
15.8448,55163
15.8457,55168
15.8467,55173
15.8476,55178
15.8485,55183
15.8495,55188
15.8504,55193
15.8514,55198
15.8523,55203
15.8533,55208
15.8542,55213
15.8551,55218
15.8561,55223
15.857,55228
15.858,55233
15.8589,55238
15.8599,55243
15.8608,55248
15.8618,55253
15.8627,55258
15.8636,55263
15.8646,55268
15.8655,55273
15.8665,55278
15.8674,55283
15.8684,55288
15.8693,55293
15.8703,55298
15.8712,55303
15.8721,55308
15.8731,55313
15.874,55318
15.875,55323
15.8759,55328
15.8769,55333
15.8778,55338
15.8787,55343
15.8797,55348
15.8806,55353
15.8816,55358
15.8825,55363
15.8835,55368
15.8844,55373
15.8854,55378
15.8863,55383
15.8872,55388
15.8882,55393
15.8891,55398
15.8901,55403
15.891,55408
15.892,55413
15.8929,55418
15.8939,55423
15.8948,55428
15.8957,55433
15.8967,55438
15.8976,55443
15.8986,55448
15.8995,55453
15.9005,55458
15.9014,55463
15.9023,55468
15.9033,55473
15.9042,55478
15.9052,55483
15.9061,55488
15.9071,55493
15.908,55498
15.909,55503
15.9099,55508
15.9108,55513
15.9118,55518
15.9127,55523
15.9137,55528
15.9146,55533
15.9156,55538
15.9165,55543
15.9175,55548
15.9184,55553
15.9193,55558
15.9203,55563
15.9212,55568
15.9222,55573
15.9231,55578
15.9241,55583
15.925,55588
15.9259,55593
15.9269,55598
15.9278,55603
15.9288,55608
15.9297,55613
15.9307,55618
15.9316,55623
15.9326,55628
15.9335,55633
15.9344,55638
15.9354,55643
15.9363,55648
15.9373,55653
15.9382,55658
15.9392,55663
15.9401,55668
15.9411,55673
15.942,55678
15.9429,55683
15.9439,55688
15.9448,55693
15.9458,55698
15.9467,55703
15.9477,55708
15.9486,55713
15.9495,55718
15.9505,55723
15.9514,55728
15.9524,55733
15.9533,55738
15.9543,55743
15.9552,55748
15.9562,55753
15.9571,55758
15.958,55763
15.959,55768
15.9599,55773
15.9609,55778
15.9618,55783
15.9628,55788
15.9637,55793
15.9647,55798
15.9656,55803
15.9665,55808
15.9675,55813
15.9684,55818
15.9694,55823
15.9703,55828
15.9713,55833
15.9722,55838
15.9731,55843
15.9741,55848
15.975,55853
15.976,55858
15.9769,55863
15.9779,55868
15.9788,55873
15.9798,55878
15.9807,55883
15.9816,55888
15.9826,55893
15.9835,55898
15.9845,55903
15.9854,55908
15.9864,55913
15.9873,55918
15.9883,55923
15.9892,55928
15.9901,55933
15.9911,55938
15.992,55943
15.993,55948
15.9939,55953
15.9949,55958
15.9958,55963
15.9967,55968
15.9977,55973
15.9986,55978
15.9996,55983
16.0005,55988
16.0015,55993
16.0024,55998
16.0034,56003
16.0043,56008
16.0052,56013
16.0062,56018
16.0071,56023
16.0081,56028
16.009,56033
16.01,56038
16.0109,56043
16.0119,56048
16.0128,56053
16.0137,56058
16.0147,56063
16.0156,56068
16.0166,56073
16.0175,56078
16.0185,56083
16.0194,56088
16.0203,56093
16.0213,56098
16.0222,56103
16.0232,56108
16.0241,56113
16.0251,56118
16.026,56123
16.027,56128
16.0279,56133
16.0288,56138
16.0298,56143
16.0307,56148
16.0317,56153
16.0326,56158
16.0336,56163
16.0345,56168
16.0355,56173
16.0364,56178
16.0373,56183
16.0383,56188
16.0392,56193
16.0402,56198
16.0411,56203
16.0421,56208
16.043,56213
16.0439,56218
16.0449,56223
16.0458,56228
16.0468,56233
16.0477,56238
16.0487,56243
16.0496,56248
16.0506,56253
16.0515,56258
16.0524,56263
16.0534,56268
16.0543,56273
16.0553,56278
16.0562,56283
16.0572,56288
16.0581,56293
16.0591,56298
16.06,56303
16.0609,56308
16.0619,56313
16.0628,56318
16.0638,56323
16.0647,56328
16.0657,56333
16.0666,56338
16.0675,56343
16.0685,56348
16.0694,56353
16.0704,56358
16.0713,56363
16.0723,56368
16.0732,56373
16.0742,56378
16.0751,56383
16.076,56388
16.077,56393
16.0779,56398
16.0789,56403
16.0798,56408
16.0808,56413
16.0817,56418
16.0827,56423
16.0836,56428
16.0845,56433
16.0855,56438
16.0864,56443
16.0874,56448
16.0883,56453
16.0893,56458
16.0902,56463
16.0911,56468
16.0921,56473
16.093,56478
16.094,56483
16.0949,56488
16.0959,56493
16.0968,56498
16.0978,56503
16.0987,56508
16.0996,56513
16.1006,56518
16.1015,56523
16.1025,56528
16.1034,56533
16.1044,56538
16.1053,56543
16.1063,56548
16.1072,56553
16.1081,56558
16.1091,56563
16.11,56568
16.111,56573
16.1119,56578
16.1129,56583
16.1138,56588
16.1147,56593
16.1157,56598
16.1166,56603
16.1176,56608
16.1185,56613
16.1195,56618
16.1204,56623
16.1214,56628
16.1223,56633
16.1232,56638
16.1242,56643
16.1251,56648
16.1261,56653
16.127,56658
16.128,56663
16.1289,56668
16.1299,56673
16.1308,56678
16.1317,56683
16.1327,56688
16.1336,56693
16.1346,56698
16.1355,56703
16.1365,56708
16.1374,56713
16.1383,56718
16.1393,56723
16.1402,56728
16.1412,56733
16.1421,56738
16.1431,56743
16.144,56748
16.145,56753
16.1459,56758
16.1468,56763
16.1478,56768
16.1487,56773
16.1497,56778
16.1506,56783
16.1516,56788
16.1525,56793
16.1535,56798
16.1544,56803
16.1553,56808
16.1563,56813
16.1572,56818
16.1582,56823
16.1591,56828
16.1601,56833
16.161,56838
16.1619,56843
16.1629,56848
16.1638,56853
16.1648,56858
16.1657,56863
16.1667,56868
16.1676,56873
16.1686,56878
16.1695,56883
16.1704,56888
16.1714,56893
16.1723,56898
16.1733,56903
16.1742,56908
16.1752,56913
16.1761,56918
16.1771,56923
16.178,56928
16.1789,56933
16.1799,56938
16.1808,56943
16.1818,56948
16.1827,56953
16.1837,56958
16.1846,56963
16.1855,56968
16.1865,56973
16.1874,56978
16.1884,56983
16.1893,56988
16.1903,56993
16.1912,56998
16.1922,57003
16.1931,57008
16.194,57013
16.195,57018
16.1959,57023
16.1969,57028
16.1978,57033
16.1988,57038
16.1997,57043
16.2007,57048
16.2016,57053
16.2025,57058
16.2035,57063
16.2044,57068
16.2054,57073
16.2063,57078
16.2073,57083
16.2082,57088
16.2091,57093
16.2101,57098
16.211,57103
16.212,57108
16.2129,57113
16.2139,57118
16.2148,57123
16.2158,57128
16.2167,57133
16.2176,57138
16.2186,57143
16.2195,57148
16.2205,57153
16.2214,57158
16.2224,57163
16.2233,57168
16.2243,57173
16.2252,57178
16.2261,57183
16.2271,57188
16.228,57193
16.229,57198
16.2299,57203
16.2309,57208
16.2318,57213
16.2327,57218
16.2337,57223
16.2346,57228
16.2356,57233
16.2365,57238
16.2375,57243
16.2384,57248
16.2394,57253
16.2403,57258
16.2412,57263
16.2422,57268
16.2431,57273
16.2441,57278
16.245,57283
16.246,57288
16.2469,57293
16.2479,57298
16.2488,57303
16.2497,57308
16.2507,57313
16.2516,57318
16.2526,57323
16.2535,57328
16.2545,57333
16.2554,57338
16.2563,57343
16.2573,57348
16.2582,57353
16.2592,57358
16.2601,57363
16.2611,57368
16.262,57373
16.263,57378
16.2639,57383
16.2648,57388
16.2658,57393
16.2667,57398
16.2677,57403
16.2686,57408
16.2696,57413
16.2705,57418
16.2715,57423
16.2724,57428
16.2733,57433
16.2743,57438
16.2752,57443
16.2762,57448
16.2771,57453
16.2781,57458
16.279,57463
16.2799,57467
16.2809,57471
16.2818,57475
16.2828,57479
16.2837,57483
16.2847,57487
16.2856,57491
16.2866,57495
16.2875,57499
16.2884,57503
16.2894,57507
16.2903,57511
16.2913,57515
16.2922,57519
16.2932,57523
16.2941,57527
16.2951,57531
16.296,57535
16.2969,57539
16.2979,57543
16.2988,57547
16.2998,57551
16.3007,57555
16.3017,57559
16.3026,57563
16.3035,57567
16.3045,57571
16.3054,57575
16.3064,57579
16.3073,57583
16.3083,57587
16.3092,57591
16.3102,57595
16.3111,57599
16.312,57603
16.313,57607
16.3139,57611
16.3149,57615
16.3158,57619
16.3168,57623
16.3177,57627
16.3187,57631
16.3196,57635
16.3205,57639
16.3215,57643
16.3224,57647
16.3234,57651
16.3243,57655
16.3253,57659
16.3262,57663
16.3271,57667
16.3281,57671
16.329,57675
16.33,57679
16.3309,57683
16.3319,57687
16.3328,57691
16.3338,57695
16.3347,57699
16.3356,57703
16.3366,57707
16.3375,57711
16.3385,57715
16.3394,57719
16.3404,57723
16.3413,57727
16.3423,57731
16.3432,57735
16.3441,57739
16.3451,57743
16.346,57747
16.347,57751
16.3479,57755
16.3489,57759
16.3498,57763
16.3507,57767
16.3517,57771
16.3526,57775
16.3536,57779
16.3545,57783
16.3555,57787
16.3564,57791
16.3574,57795
16.3583,57799
16.3592,57803
16.3602,57807
16.3611,57811
16.3621,57815
16.363,57819
16.364,57823
16.3649,57827
16.3659,57831
16.3668,57835
16.3677,57839
16.3687,57843
16.3696,57847
16.3706,57851
16.3715,57855
16.3725,57859
16.3734,57863
16.3743,57867
16.3753,57871
16.3762,57875
16.3772,57879
16.3781,57883
16.3791,57887
16.38,57891
16.381,57895
16.3819,57899
16.3828,57903
16.3838,57907
16.3847,57911
16.3857,57915
16.3866,57919
16.3876,57923
16.3885,57927
16.3895,57931
16.3904,57935
16.3913,57939
16.3923,57943
16.3932,57947
16.3942,57951
16.3951,57955
16.3961,57959
16.397,57963
16.3979,57967
16.3989,57971
16.3998,57975
16.4008,57979
16.4017,57983
16.4027,57987
16.4036,57991
16.4046,57995
16.4055,57999
16.4064,58003
16.4074,58007
16.4083,58011
16.4093,58015
16.4102,58019
16.4112,58023
16.4121,58027
16.4131,58031
16.414,58035
16.4149,58039
16.4159,58043
16.4168,58047
16.4178,58051
16.4187,58055
16.4197,58059
16.4206,58063
16.4215,58067
16.4225,58071
16.4234,58075
16.4244,58079
16.4253,58083
16.4263,58087
16.4272,58091
16.4282,58095
16.4291,58099
16.43,58103
16.431,58107
16.4319,58111
16.4329,58115
16.4338,58119
16.4348,58123
16.4357,58127
16.4367,58131
16.4376,58135
16.4385,58139
16.4395,58143
16.4404,58147
16.4414,58151
16.4423,58155
16.4433,58159
16.4442,58163
16.4451,58167
16.4461,58171
16.447,58175
16.448,58179
16.4489,58183
16.4499,58187
16.4508,58191
16.4518,58195
16.4527,58199
16.4536,58203
16.4546,58207
16.4555,58211
16.4565,58215
16.4574,58219
16.4584,58223
16.4593,58227
16.4603,58231
16.4612,58235
16.4621,58239
16.4631,58243
16.464,58247
16.465,58251
16.4659,58255
16.4669,58259
16.4678,58263
16.4687,58267
16.4697,58271
16.4706,58275
16.4716,58279
16.4725,58283
16.4735,58287
16.4744,58291
16.4754,58295
16.4763,58299
16.4772,58303
16.4782,58307
16.4791,58311
16.4801,58315
16.481,58319
16.482,58323
16.4829,58327
16.4839,58331
16.4848,58335
16.4857,58339
16.4867,58343
16.4876,58347
16.4886,58351
16.4895,58355
16.4905,58359
16.4914,58363
16.4923,58367
16.4933,58371
16.4942,58375
16.4952,58379
16.4961,58383
16.4971,58387
16.498,58391
16.499,58395
16.4999,58399
16.5008,58403
16.5018,58407
16.5027,58411
16.5037,58415
16.5046,58419
16.5056,58423
16.5065,58427
16.5075,58431
16.5084,58435
16.5093,58439
16.5103,58443
16.5112,58447
16.5122,58451
16.5131,58455
16.5141,58459
16.515,58463
16.5159,58467
16.5169,58471
16.5178,58475
16.5188,58479
16.5197,58483
16.5207,58487
16.5216,58491
16.5226,58495
16.5235,58499
16.5244,58503
16.5254,58507
16.5263,58511
16.5273,58515
16.5282,58519
16.5292,58523
16.5301,58527
16.5311,58531
16.532,58535
16.5329,58539
16.5339,58543
16.5348,58547
16.5358,58551
16.5367,58555
16.5377,58559
16.5386,58563
16.5395,58567
16.5405,58571
16.5414,58575
16.5424,58579
16.5433,58583
16.5443,58587
16.5452,58591
16.5462,58595
16.5471,58599
16.548,58603
16.549,58607
16.5499,58611
16.5509,58615
16.5518,58619
16.5528,58623
16.5537,58627
16.5547,58631
16.5556,58635
16.5565,58639
16.5575,58643
16.5584,58647
16.5594,58651
16.5603,58655
16.5613,58659
16.5622,58663
16.5631,58667
16.5641,58671
16.565,58675
16.566,58679
16.5669,58683
16.5679,58687
16.5688,58691
16.5698,58695
16.5707,58699
16.5716,58703
16.5726,58707
16.5735,58711
16.5745,58715
16.5754,58719
16.5764,58723
16.5773,58727
16.5783,58731
16.5792,58735
16.5801,58739
16.5811,58743
16.582,58747
16.583,58751
16.5839,58755
16.5849,58759
16.5858,58763
16.5867,58767
16.5877,58771
16.5886,58775
16.5896,58779
16.5905,58783
16.5915,58787
16.5924,58791
16.5934,58795
16.5943,58799
16.5952,58803
16.5962,58807
16.5971,58811
16.5981,58815
16.599,58819
16.6,58823
16.6009,58827
16.6019,58831
16.6028,58835
16.6037,58839
16.6047,58843
16.6056,58847
16.6066,58851
16.6075,58855
16.6085,58859
16.6094,58863
16.6103,58867
16.6113,58871
16.6122,58875
16.6132,58879
16.6141,58883
16.6151,58887
16.616,58891
16.617,58895
16.6179,58899
16.6188,58903
16.6198,58907
16.6207,58911
16.6217,58915
16.6226,58919
16.6236,58923
16.6245,58927
16.6255,58931
16.6264,58935
16.6273,58939
16.6283,58943
16.6292,58947
16.6302,58951
16.6311,58955
16.6321,58959
16.633,58963
16.6339,58967
16.6349,58971
16.6358,58975
16.6368,58979
16.6377,58983
16.6387,58987
16.6396,58991
16.6406,58995
16.6415,58999
16.6424,59003
16.6434,59007
16.6443,59011
16.6453,59015
16.6462,59019
16.6472,59023
16.6481,59027
16.6491,59031
16.65,59035
16.6509,59039
16.6519,59043
16.6528,59047
16.6538,59051
16.6547,59055
16.6557,59059
16.6566,59063
16.6575,59067
16.6585,59071
16.6594,59075
16.6604,59079
16.6613,59083
16.6623,59087
16.6632,59091
16.6642,59095
16.6651,59099
16.666,59103
16.667,59107
16.6679,59111
16.6689,59115
16.6698,59119
16.6708,59123
16.6717,59127
16.6727,59131
16.6736,59135
16.6745,59139
16.6755,59143
16.6764,59147
16.6774,59151
16.6783,59155
16.6793,59159
16.6802,59163
16.6811,59167
16.6821,59171
16.683,59175
16.684,59179
16.6849,59183
16.6859,59187
16.6868,59191
16.6878,59195
16.6887,59199
16.6896,59203
16.6906,59207
16.6915,59211
16.6925,59215
16.6934,59219
16.6944,59223
16.6953,59227
16.6963,59231
16.6972,59235
16.6981,59239
16.6991,59243
16.7,59247
16.701,59251
16.7019,59255
16.7029,59259
16.7038,59263
16.7047,59267
16.7057,59271
16.7066,59275
16.7076,59279
16.7085,59283
16.7095,59287
16.7104,59291
16.7114,59295
16.7123,59299
16.7132,59303
16.7142,59307
16.7151,59311
16.7161,59315
16.717,59319
16.718,59323
16.7189,59327
16.7199,59331
16.7208,59335
16.7217,59339
16.7227,59343
16.7236,59347
16.7246,59351
16.7255,59355
16.7265,59359
16.7274,59363
16.7283,59367
16.7293,59371
16.7302,59375
16.7312,59379
16.7321,59383
16.7331,59387
16.734,59391
16.735,59395
16.7359,59399
16.7368,59403
16.7378,59407
16.7387,59411
16.7397,59415
16.7406,59419
16.7416,59423
16.7425,59427
16.7435,59431
16.7444,59435
16.7453,59439
16.7463,59443
16.7472,59447
16.7482,59451
16.7491,59455
16.7501,59459
16.751,59463
16.7519,59467
16.7529,59471
16.7538,59475
16.7548,59479
16.7557,59483
16.7567,59487
16.7576,59491
16.7586,59495
16.7595,59499
16.7604,59503
16.7614,59507
16.7623,59511
16.7633,59515
16.7642,59519
16.7652,59523
16.7661,59527
16.7671,59531
16.768,59535
16.7689,59539
16.7699,59543
16.7708,59547
16.7718,59551
16.7727,59555
16.7737,59559
16.7746,59563
16.7755,59567
16.7765,59571
16.7774,59575
16.7784,59579
16.7793,59583
16.7803,59587
16.7812,59591
16.7822,59595
16.7831,59599
16.784,59603
16.785,59607
16.7859,59611
16.7869,59615
16.7878,59619
16.7888,59623
16.7897,59627
16.7907,59631
16.7916,59635
16.7925,59639
16.7935,59643
16.7944,59647
16.7954,59651
16.7963,59655
16.7973,59659
16.7982,59663
16.7991,59667
16.8001,59671
16.801,59675
16.802,59679
16.8029,59683
16.8039,59687
16.8048,59691
16.8058,59695
16.8067,59699
16.8076,59703
16.8086,59707
16.8095,59711
16.8105,59715
16.8114,59719
16.8124,59723
16.8133,59727
16.8143,59731
16.8152,59735
16.8161,59739
16.8171,59743
16.818,59747
16.819,59751
16.8199,59755
16.8209,59759
16.8218,59763
16.8227,59767
16.8237,59771
16.8246,59775
16.8256,59779
16.8265,59783
16.8275,59787
16.8284,59791
16.8294,59795
16.8303,59799
16.8312,59803
16.8322,59807
16.8331,59811
16.8341,59815
16.835,59819
16.836,59823
16.8369,59827
16.8379,59831
16.8388,59835
16.8397,59839
16.8407,59843
16.8416,59847
16.8426,59851
16.8435,59855
16.8445,59859
16.8454,59863
16.8463,59867
16.8473,59871
16.8482,59875
16.8492,59879
16.8501,59883
16.8511,59887
16.852,59891
16.853,59895
16.8539,59899
16.8548,59903
16.8558,59907
16.8567,59911
16.8577,59915
16.8586,59919
16.8596,59923
16.8605,59927
16.8615,59931
16.8624,59935
16.8633,59939
16.8643,59943
16.8652,59947
16.8662,59951
16.8671,59955
16.8681,59959
16.869,59963
16.8699,59967
16.8709,59971
16.8718,59975
16.8728,59979
16.8737,59983
16.8747,59987
16.8756,59991
16.8766,59995
16.8775,59999
16.8784,60003
16.8794,60007
16.8803,60011
16.8813,60015
16.8822,60019
16.8832,60023
16.8841,60027
16.8851,60031
16.886,60035
16.8869,60039
16.8879,60043
16.8888,60047
16.8898,60051
16.8907,60055
16.8917,60059
16.8926,60063
16.8935,60067
16.8945,60071
16.8954,60075
16.8964,60079
16.8973,60083
16.8983,60087
16.8992,60091
16.9002,60095
16.9011,60099
16.902,60103
16.903,60107
16.9039,60111
16.9049,60115
16.9058,60119
16.9068,60123
16.9077,60127
16.9087,60131
16.9096,60135
16.9105,60139
16.9115,60143
16.9124,60147
16.9134,60151
16.9143,60155
16.9153,60159
16.9162,60163
16.9171,60167
16.9181,60171
16.919,60175
16.92,60179
16.9209,60183
16.9219,60187
16.9228,60191
16.9238,60195
16.9247,60199
16.9256,60203
16.9266,60207
16.9275,60211
16.9285,60215
16.9294,60219
16.9304,60223
16.9313,60227
16.9323,60231
16.9332,60235
16.9341,60239
16.9351,60243
16.936,60247
16.937,60251
16.9379,60255
16.9389,60259
16.9398,60263
16.9407,60267
16.9417,60271
16.9426,60275
16.9436,60279
16.9445,60283
16.9455,60287
16.9464,60291
16.9474,60295
16.9483,60299
16.9492,60303
16.9502,60307
16.9511,60311
16.9521,60315
16.953,60319
16.954,60323
16.9549,60327
16.9559,60331
16.9568,60335
16.9577,60339
16.9587,60343
16.9596,60347
16.9606,60351
16.9615,60355
16.9625,60359
16.9634,60363
16.9643,60367
16.9653,60371
16.9662,60375
16.9672,60379
16.9681,60383
16.9691,60387
16.97,60391
16.971,60395
16.9719,60399
16.9728,60403
16.9738,60407
16.9747,60411
16.9757,60415
16.9766,60419
16.9776,60423
16.9785,60427
16.9795,60431
16.9804,60435
16.9813,60439
16.9823,60443
16.9832,60447
16.9842,60451
16.9851,60455
16.9861,60459
16.987,60463
16.9879,60467
16.9889,60471
16.9898,60475
16.9908,60479
16.9917,60483
16.9927,60487
16.9936,60491
16.9946,60495
16.9955,60499
16.9964,60503
16.9974,60507
16.9983,60511
16.9993,60515
17.0002,60519
17.0012,60523
17.0021,60527
17.0031,60531
17.004,60535
17.0049,60539
17.0059,60543
17.0068,60547
17.0078,60551
17.0087,60555
17.0097,60559
17.0106,60563
17.0115,60567
17.0125,60571
17.0134,60575
17.0144,60579
17.0153,60583
17.0163,60587
17.0172,60591
17.0182,60595
17.0191,60599
17.02,60603
17.021,60607
17.0219,60611
17.0229,60615
17.0238,60619
17.0248,60623
17.0257,60627
17.0267,60631
17.0276,60635
17.0285,60639
17.0295,60643
17.0304,60647
17.0314,60651
17.0323,60655
17.0333,60659
17.0342,60663
17.0351,60667
17.0361,60671
17.037,60675
17.038,60679
17.0389,60683
17.0399,60687
17.0408,60691
17.0418,60695
17.0427,60699
17.0436,60703
17.0446,60707
17.0455,60711
17.0465,60715
17.0474,60719
17.0484,60723
17.0493,60727
17.0503,60731
17.0512,60735
17.0521,60739
17.0531,60743
17.054,60747
17.055,60751
17.0559,60755
17.0569,60759
17.0578,60763
17.0587,60767
17.0597,60771
17.0606,60775
17.0616,60779
17.0625,60783
17.0635,60787
17.0644,60791
17.0654,60795
17.0663,60799
17.0672,60803
17.0682,60807
17.0691,60811
17.0701,60815
17.071,60819
17.072,60823
17.0729,60827
17.0739,60831
17.0748,60835
17.0757,60839
17.0767,60843
17.0776,60847
17.0786,60851
17.0795,60855
17.0805,60859
17.0814,60863
17.0823,60867
17.0833,60871
17.0842,60875
17.0852,60879
17.0861,60883
17.0871,60887
17.088,60891
17.089,60895
17.0899,60899
17.0908,60903
17.0918,60907
17.0927,60911
17.0937,60915
17.0946,60919
17.0956,60923
17.0965,60927
17.0975,60931
17.0984,60935
17.0993,60939
17.1003,60943
17.1012,60947
17.1022,60951
17.1031,60955
17.1041,60959
17.105,60963
17.1059,60967
17.1069,60971
17.1078,60975
17.1088,60979
17.1097,60983
17.1107,60987
17.1116,60991
17.1126,60995
17.1135,60999
17.1144,61003
17.1154,61007
17.1163,61011
17.1173,61015
17.1182,61019
17.1192,61023
17.1201,61027
17.1211,61031
17.122,61035
17.1229,61039
17.1239,61043
17.1248,61047
17.1258,61051
17.1267,61055
17.1277,61059
17.1286,61063
17.1295,61067
17.1305,61071
17.1314,61075
17.1324,61079
17.1333,61083
17.1343,61087
17.1352,61091
17.1362,61095
17.1371,61099
17.138,61103
17.139,61107
17.1399,61111
17.1409,61115
17.1418,61119
17.1428,61123
17.1437,61127
17.1447,61131
17.1456,61135
17.1465,61139
17.1475,61143
17.1484,61147
17.1494,61151
17.1503,61155
17.1513,61159
17.1522,61163
17.1531,61167
17.1541,61171
17.155,61175
17.156,61179
17.1569,61183
17.1579,61187
17.1588,61191
17.1598,61195
17.1607,61199
17.1616,61203
17.1626,61207
17.1635,61211
17.1645,61215
17.1654,61219
17.1664,61223
17.1673,61227
17.1683,61231
17.1692,61235
17.1701,61239
17.1711,61243
17.172,61247
17.173,61251
17.1739,61255
17.1749,61259
17.1758,61263
17.1767,61267
17.1777,61271
17.1786,61275
17.1796,61279
17.1805,61283
17.1815,61287
17.1824,61291
17.1834,61295
17.1843,61299
17.1852,61303
17.1862,61307
17.1871,61311
17.1881,61315
17.189,61319
17.19,61323
17.1909,61327
17.1919,61331
17.1928,61335
17.1937,61339
17.1947,61343
17.1956,61347
17.1966,61351
17.1975,61355
17.1985,61359
17.1994,61363
17.2003,61367
17.2013,61371
17.2022,61375
17.2032,61379
17.2041,61383
17.2051,61387
17.206,61391
17.207,61395
17.2079,61399
17.2088,61403
17.2098,61407
17.2107,61411
17.2117,61415
17.2126,61419
17.2136,61423
17.2145,61427
17.2155,61431
17.2164,61435
17.2173,61439
17.2183,61443
17.2192,61447
17.2202,61451
17.2211,61455
17.2221,61459
17.223,61463
17.2239,61467
17.2249,61471
17.2258,61475
17.2268,61479
17.2277,61483
17.2287,61487
17.2296,61491
17.2306,61495
17.2315,61499
17.2324,61503
17.2334,61507
17.2343,61511
17.2353,61515
17.2362,61519
17.2372,61523
17.2381,61527
17.2391,61531
17.24,61535
17.2409,61539
17.2419,61543
17.2428,61547
17.2438,61551
17.2447,61555
17.2457,61559
17.2466,61563
17.2475,61567
17.2485,61571
17.2494,61575
17.2504,61579
17.2513,61583
17.2523,61587
17.2532,61591
17.2542,61595
17.2551,61599
17.256,61603
17.257,61607
17.2579,61611
17.2589,61615
17.2598,61619
17.2608,61623
17.2617,61627
17.2627,61631
17.2636,61635
17.2645,61639
17.2655,61643
17.2664,61647
17.2674,61651
17.2683,61655
17.2693,61659
17.2702,61663
17.2711,61667
17.2721,61671
17.273,61675
17.274,61679
17.2749,61683
17.2759,61687
17.2768,61691
17.2778,61695
17.2787,61699
17.2796,61703
17.2806,61707
17.2815,61711
17.2825,61715
17.2834,61719
17.2844,61723
17.2853,61727
17.2863,61731
17.2872,61735
17.2881,61739
17.2891,61743
17.29,61747
17.291,61751
17.2919,61755
17.2929,61759
17.2938,61763
17.2947,61767
17.2957,61771
17.2966,61775
17.2976,61779
17.2985,61783
17.2995,61787
17.3004,61791
17.3014,61795
17.3023,61799
17.3032,61803
17.3042,61807
17.3051,61811
17.3061,61815
17.307,61819
17.308,61823
17.3089,61827
17.3099,61831
17.3108,61835
17.3117,61839
17.3127,61843
17.3136,61847
17.3146,61851
17.3155,61855
17.3165,61859
17.3174,61863
17.3183,61867
17.3193,61871
17.3202,61875
17.3212,61879
17.3221,61883
17.3231,61887
17.324,61891
17.325,61895
17.3259,61899
17.3268,61903
17.3278,61907
17.3287,61911
17.3297,61915
17.3306,61919
17.3316,61923
17.3325,61927
17.3335,61931
17.3344,61935
17.3353,61939
17.3363,61943
17.3372,61947
17.3382,61951
17.3391,61955
17.3401,61959
17.341,61963
17.3419,61967
17.3429,61971
17.3438,61975
17.3448,61979
17.3457,61983
17.3467,61987
17.3476,61991
17.3486,61995
17.3495,61999
17.3504,62003
17.3514,62007
17.3523,62011
17.3533,62015
17.3542,62019
17.3552,62023
17.3561,62027
17.3571,62031
17.358,62035
17.3589,62039
17.3599,62043
17.3608,62047
17.3618,62051
17.3627,62055
17.3637,62059
17.3646,62063
17.3655,62067
17.3665,62071
17.3674,62075
17.3684,62079
17.3693,62083
17.3703,62087
17.3712,62091
17.3722,62095
17.3731,62099
17.374,62103
17.375,62107
17.3759,62111
17.3769,62115
17.3778,62119
17.3788,62123
17.3797,62127
17.3807,62131
17.3816,62135
17.3825,62139
17.3835,62143
17.3844,62147
17.3854,62151
17.3863,62155
17.3873,62159
17.3882,62163
17.3891,62167
17.3901,62171
17.391,62175
17.392,62179
17.3929,62183
17.3939,62187
17.3948,62191
17.3958,62195
17.3967,62199
17.3976,62203
17.3986,62207
17.3995,62211
17.4005,62215
17.4014,62219
17.4024,62223
17.4033,62227
17.4043,62231
17.4052,62235
17.4061,62239
17.4071,62243
17.408,62247
17.409,62251
17.4099,62255
17.4109,62259
17.4118,62263
17.4127,62267
17.4137,62271
17.4146,62275
17.4156,62279
17.4165,62283
17.4175,62287
17.4184,62291
17.4194,62295
17.4203,62299
17.4212,62303
17.4222,62307
17.4231,62311
17.4241,62315
17.425,62319
17.426,62323
17.4269,62327
17.4279,62331
17.4288,62335
17.4297,62339
17.4307,62343
17.4316,62347
17.4326,62351
17.4335,62355
17.4345,62359
17.4354,62363
17.4363,62367
17.4373,62371
17.4382,62375
17.4392,62379
17.4401,62383
17.4411,62387
17.442,62391
17.443,62395
17.4439,62399
17.4448,62403
17.4458,62407
17.4467,62411
17.4477,62415
17.4486,62419
17.4496,62423
17.4505,62427
17.4515,62431
17.4524,62435
17.4533,62439
17.4543,62443
17.4552,62447
17.4562,62451
17.4571,62455
17.4581,62459
17.459,62463
17.4599,62467
17.4609,62471
17.4618,62475
17.4628,62479
17.4637,62483
17.4647,62487
17.4656,62491
17.4666,62495
17.4675,62499
17.4684,62503
17.4694,62507
17.4703,62511
17.4713,62515
17.4722,62519
17.4732,62523
17.4741,62527
17.4751,62531
17.476,62535
17.4769,62539
17.4779,62543
17.4788,62547
17.4798,62551
17.4807,62555
17.4817,62559
17.4826,62563
17.4835,62567
17.4845,62571
17.4854,62575
17.4864,62579
17.4873,62583
17.4883,62587
17.4892,62591
17.4902,62595
17.4911,62599
17.492,62603
17.493,62607
17.4939,62611
17.4949,62615
17.4958,62619
17.4968,62623
17.4977,62627
17.4987,62631
17.4996,62635
17.5005,62639
17.5015,62643
17.5024,62647
17.5034,62651
17.5043,62655
17.5053,62659
17.5062,62663
17.5071,62667
17.5081,62671
17.509,62675
17.51,62679
17.5109,62683
17.5119,62687
17.5128,62691
17.5138,62695
17.5147,62699
17.5156,62703
17.5166,62707
17.5175,62711
17.5185,62715
17.5194,62719
17.5204,62723
17.5213,62727
17.5223,62731
17.5232,62735
17.5241,62739
17.5251,62743
17.526,62747
17.527,62751
17.5279,62755
17.5289,62759
17.5298,62763
17.5307,62767
17.5317,62771
17.5326,62775
17.5336,62779
17.5345,62783
17.5355,62787
17.5364,62791
17.5374,62795
17.5383,62799
17.5392,62803
17.5402,62807
17.5411,62811
17.5421,62815
17.543,62819
17.544,62823
17.5449,62827
17.5459,62831
17.5468,62835
17.5477,62839
17.5487,62843
17.5496,62847
17.5506,62851
17.5515,62855
17.5525,62859
17.5534,62863
17.5543,62867
17.5553,62871
17.5562,62875
17.5572,62879
17.5581,62883
17.5591,62887
17.56,62891
17.561,62895
17.5619,62899
17.5628,62903
17.5638,62907
17.5647,62911
17.5657,62915
17.5666,62919
17.5676,62923
17.5685,62927
17.5695,62931
17.5704,62935
17.5713,62939
17.5723,62943
17.5732,62947
17.5742,62951
17.5751,62955
17.5761,62959
17.577,62963
17.5779,62967
17.5789,62971
17.5798,62975
17.5808,62979
17.5817,62983
17.5827,62987
17.5836,62991
17.5846,62995
17.5855,62999
17.5864,63003
17.5874,63007
17.5883,63011
17.5893,63015
17.5902,63019
17.5912,63023
17.5921,63027
17.5931,63031
17.594,63035
17.5949,63039
17.5959,63043
17.5968,63047
17.5978,63051
17.5987,63055
17.5997,63059
17.6006,63063
17.6015,63067
17.6025,63071
17.6034,63075
17.6044,63079
17.6053,63083
17.6063,63087
17.6072,63091
17.6082,63095
17.6091,63099
17.61,63103
17.611,63107
17.6119,63111
17.6129,63115
17.6138,63119
17.6148,63123
17.6157,63127
17.6167,63131
17.6176,63135
17.6185,63139
17.6195,63143
17.6204,63147
17.6214,63151
17.6223,63155
17.6233,63159
17.6242,63163
17.6251,63167
17.6261,63171
17.627,63175
17.628,63179
17.6289,63183
17.6299,63187
17.6308,63191
17.6318,63195
17.6327,63199
17.6336,63203
17.6346,63207
17.6355,63211
17.6365,63215
17.6374,63219
17.6384,63223
17.6393,63227
17.6403,63231
17.6412,63235
17.6421,63239
17.6431,63243
17.644,63247
17.645,63251
17.6459,63255
17.6469,63259
17.6478,63263
17.6487,63267
17.6497,63271
17.6506,63275
17.6516,63279
17.6525,63283
17.6535,63287
17.6544,63291
17.6554,63295
17.6563,63299
17.6572,63303
17.6582,63307
17.6591,63311
17.6601,63315
17.661,63319
17.662,63323
17.6629,63327
17.6639,63331
17.6648,63335
17.6657,63339
17.6667,63343
17.6676,63347
17.6686,63351
17.6695,63355
17.6705,63359
17.6714,63363
17.6723,63367
17.6733,63371
17.6742,63375
17.6752,63379
17.6761,63383
17.6771,63387
17.678,63391
17.679,63395
17.6799,63399
17.6808,63403
17.6818,63407
17.6827,63411
17.6837,63415
17.6846,63419
17.6856,63423
17.6865,63427
17.6875,63431
17.6884,63435
17.6893,63439
17.6903,63443
17.6912,63447
17.6922,63451
17.6931,63455
17.6941,63459
17.695,63463
17.6959,63467
17.6969,63471
17.6978,63475
17.6988,63479
17.6997,63483
17.7007,63487
17.7016,63491
17.7026,63495
17.7035,63499
17.7044,63503
17.7054,63507
17.7063,63511
17.7073,63515
17.7082,63519
17.7092,63523
17.7101,63527
17.7111,63531
17.712,63535
17.7129,63539
17.7139,63543
17.7148,63547
17.7158,63551
17.7167,63555
17.7177,63559
17.7186,63563
17.7195,63567
17.7205,63571
17.7214,63575
17.7224,63579
17.7233,63583
17.7243,63587
17.7252,63591
17.7262,63595
17.7271,63599
17.728,63603
17.729,63607
17.7299,63611
17.7309,63615
17.7318,63619
17.7328,63623
17.7337,63627
17.7347,63631
17.7356,63635
17.7365,63639
17.7375,63643
17.7384,63647
17.7394,63651
17.7403,63655
17.7413,63659
17.7422,63663
17.7431,63667
17.7441,63671
17.745,63675
17.746,63679
17.7469,63683
17.7479,63687
17.7488,63691
17.7498,63695
17.7507,63699
17.7516,63703
17.7526,63707
17.7535,63711
17.7545,63715
17.7554,63719
17.7564,63723
17.7573,63727
17.7583,63731
17.7592,63735
17.7601,63739
17.7611,63743
17.762,63747
17.763,63751
17.7639,63755
17.7649,63759
17.7658,63763
17.7667,63767
17.7677,63771
17.7686,63775
17.7696,63779
17.7705,63783
17.7715,63787
17.7724,63791
17.7734,63795
17.7743,63799
17.7752,63803
17.7762,63807
17.7771,63811
17.7781,63815
17.779,63819
17.78,63823
17.7809,63827
17.7819,63831
17.7828,63835
17.7837,63839
17.7847,63843
17.7856,63847
17.7866,63851
17.7875,63855
17.7885,63859
17.7894,63863
17.7903,63867
17.7913,63871
17.7922,63875
17.7932,63879
17.7941,63883
17.7951,63887
17.796,63891
17.797,63895
17.7979,63899
17.7988,63903
17.7998,63907
17.8007,63911
17.8017,63915
17.8026,63919
17.8036,63923
17.8045,63927
17.8055,63931
17.8064,63935
17.8073,63939
17.8083,63943
17.8092,63947
17.8102,63951
17.8111,63955
17.8121,63959
17.813,63963
17.8139,63967
17.8149,63971
17.8158,63975
17.8168,63979
17.8177,63983
17.8187,63987
17.8196,63991
17.8206,63995
17.8215,63999
17.8224,64003
17.8234,64007
17.8243,64011
17.8253,64015
17.8262,64019
17.8272,64023
17.8281,64027
17.8291,64031
17.83,64035
17.8309,64039
17.8319,64043
17.8328,64047
17.8338,64051
17.8347,64055
17.8357,64059
17.8366,64063
17.8375,64067
17.8385,64071
17.8394,64075
17.8404,64079
17.8413,64083
17.8423,64087
17.8432,64091
17.8442,64095
17.8451,64099
17.846,64103
17.847,64107
17.8479,64111
17.8489,64115
17.8498,64119
17.8508,64123
17.8517,64127
17.8527,64131
17.8536,64135
17.8545,64139
17.8555,64143
17.8564,64147
17.8574,64151
17.8583,64155
17.8593,64159
17.8602,64163
17.8611,64167
17.8621,64171
17.863,64175
17.864,64179
17.8649,64183
17.8659,64187
17.8668,64191
17.8678,64195
17.8687,64199
17.8696,64203
17.8706,64207
17.8715,64211
17.8725,64215
17.8734,64219
17.8744,64223
17.8753,64227
17.8763,64231
17.8772,64235
17.8781,64239
17.8791,64243
17.88,64247
17.881,64251
17.8819,64255
17.8829,64259
17.8838,64263
17.8847,64267
17.8857,64271
17.8866,64275
17.8876,64279
17.8885,64283
17.8895,64287
17.8904,64291
17.8914,64295
17.8923,64299
17.8932,64303
17.8942,64307
17.8951,64311
17.8961,64315
17.897,64319
17.898,64323
17.8989,64327
17.8999,64331
17.9008,64335
17.9017,64339
17.9027,64343
17.9036,64347
17.9046,64351
17.9055,64355
17.9065,64359
17.9074,64363
17.9083,64367
17.9093,64371
17.9102,64375
17.9112,64379
17.9121,64383
17.9131,64387
17.914,64391
17.915,64395
17.9159,64399
17.9168,64403
17.9178,64407
17.9187,64411
17.9197,64415
17.9206,64419
17.9216,64423
17.9225,64427
17.9235,64431
17.9244,64435
17.9253,64439
17.9263,64443
17.9272,64447
17.9282,64451
17.9291,64455
17.9301,64459
17.931,64463
17.9319,64467
17.9329,64471
17.9338,64475
17.9348,64479
17.9357,64483
17.9367,64487
17.9376,64491
17.9386,64495
17.9395,64499
17.9404,64503
17.9414,64507
17.9423,64511
17.9433,64515
17.9442,64519
17.9452,64523
17.9461,64527
17.9471,64531
17.948,64535
17.9489,64539
17.9499,64543
17.9508,64547
17.9518,64551
17.9527,64555
17.9537,64559
17.9546,64563
17.9555,64567
17.9565,64571
17.9574,64575
17.9584,64579
17.9593,64583
17.9603,64587
17.9612,64591
17.9622,64595
17.9631,64599
17.964,64603
17.965,64607
17.9659,64611
17.9669,64615
17.9678,64619
17.9688,64623
17.9697,64627
17.9707,64631
17.9716,64635
17.9725,64639
17.9735,64643
17.9744,64647
17.9754,64651
17.9763,64655
17.9773,64659
17.9782,64663
17.9791,64667
17.9801,64671
17.981,64675
17.982,64679
17.9829,64683
17.9839,64687
17.9848,64691
17.9858,64695
17.9867,64699
17.9876,64703
17.9886,64707
17.9895,64711
17.9905,64715
17.9914,64719
17.9924,64723
17.9933,64727
17.9943,64731
17.9952,64735
17.9961,64739
17.9971,64743
17.998,64747
17.999,64751
17.9999,64755
18.0009,64759
18.0018,64763
18.0027,64767
18.0037,64771
18.0046,64775
18.0056,64779
18.0065,64783
18.0075,64787
18.0084,64791
18.0094,64795
18.0103,64799
18.0112,64803
18.0122,64807
18.0131,64811
18.0141,64815
18.015,64819
18.016,64823
18.0169,64827
18.0179,64831
18.0188,64835
18.0197,64839
18.0207,64843
18.0216,64847
18.0226,64851
18.0235,64855
18.0245,64859
18.0254,64863
18.0263,64867
18.0273,64871
18.0282,64875
18.0292,64879
18.0301,64883
18.0311,64887
18.032,64891
18.033,64895
18.0339,64899
18.0348,64903
18.0358,64907
18.0367,64911
18.0377,64915
18.0386,64919
18.0396,64923
18.0405,64927
18.0415,64931
18.0424,64935
18.0433,64939
18.0443,64943
18.0452,64947
18.0462,64951
18.0471,64955
18.0481,64959
18.049,64963
18.0499,64967
18.0509,64971
18.0518,64975
18.0528,64979
18.0537,64983
18.0547,64987
18.0556,64991
18.0566,64995
18.0575,64999
18.0584,65003
18.0594,65007
18.0603,65011
18.0613,65015
18.0622,65019
18.0632,65023
18.0641,65027
18.0651,65031
18.066,65035
18.0669,65039
18.0679,65043
18.0688,65047
18.0698,65051
18.0707,65055
18.0717,65059
18.0726,65063
18.0735,65067
18.0745,65071
18.0754,65075
18.0764,65079
18.0773,65083
18.0783,65087
18.0792,65091
18.0802,65095
18.0811,65099
18.082,65103
18.083,65107
18.0839,65111
18.0849,65115
18.0858,65119
18.0868,65123
18.0877,65127
18.0887,65131
18.0896,65135
18.0905,65139
18.0915,65143
18.0924,65147
18.0934,65151
18.0943,65155
18.0953,65159
18.0962,65163
18.0971,65167
18.0981,65171
18.099,65175
18.1,65179
18.1009,65183
18.1019,65187
18.1028,65191
18.1038,65195
18.1047,65199
18.1056,65203
18.1066,65207
18.1075,65211
18.1085,65215
18.1094,65219
18.1104,65223
18.1113,65227
18.1123,65231
18.1132,65235
18.1141,65239
18.1151,65243
18.116,65247
18.117,65251
18.1179,65255
18.1189,65259
18.1198,65263
18.1207,65267
18.1217,65271
18.1226,65275
18.1236,65279
18.1245,65283
18.1255,65287
18.1264,65291
18.1274,65295
18.1283,65299
18.1292,65303
18.1302,65307
18.1311,65311
18.1321,65315
18.133,65319
18.134,65323
18.1349,65327
18.1359,65331
18.1368,65335
18.1377,65339
18.1387,65343
18.1396,65347
18.1406,65351
18.1415,65355
18.1425,65359
18.1434,65363
18.1443,65367
18.1453,65371
18.1462,65375
18.1472,65379
18.1481,65383
18.1491,65387
18.15,65391
18.151,65395
18.1519,65399
18.1528,65403
18.1538,65407
18.1547,65411
18.1557,65415
18.1566,65419
18.1576,65423
18.1585,65427
18.1595,65431
18.1604,65435
18.1613,65439
18.1623,65443
18.1632,65447
18.1642,65451
18.1651,65455
18.1661,65459
18.167,65463
18.1679,65467
18.1689,65471
18.1698,65475
18.1708,65479
18.1717,65483
18.1727,65487
18.1736,65491
18.1746,65495
18.1755,65499
18.1764,65503
18.1774,65507
18.1783,65511
18.1793,65515
18.1802,65519
18.1812,65523
18.1821,65527
18.1831,65531
18.184,65535
18.1849,65539
18.1859,65543
18.1868,65547
18.1878,65551
18.1887,65555
18.1897,65559
18.1906,65563
18.1915,65567
18.1925,65571
18.1934,65575
18.1944,65579
18.1953,65583
18.1963,65587
18.1972,65591
18.1982,65595
18.1991,65599
18.2,65603
18.201,65607
18.2019,65611
18.2029,65615
18.2038,65619
18.2048,65623
18.2057,65627
18.2067,65631
18.2076,65635
18.2085,65639
18.2095,65643
18.2104,65647
18.2114,65651
18.2123,65655
18.2133,65659
18.2142,65663
18.2151,65667
18.2161,65671
18.217,65675
18.218,65679
18.2189,65683
18.2199,65687
18.2208,65691
18.2218,65695
18.2227,65699
18.2236,65703
18.2246,65707
18.2255,65711
18.2265,65715
18.2274,65719
18.2284,65723
18.2293,65727
18.2303,65731
18.2312,65735
18.2321,65739
18.2331,65743
18.234,65747
18.235,65751
18.2359,65755
18.2369,65759
18.2378,65763
18.2387,65767
18.2397,65771
18.2406,65775
18.2416,65779
18.2425,65783
18.2435,65787
18.2444,65791
18.2454,65795
18.2463,65799
18.2472,65803
18.2482,65807
18.2491,65811
18.2501,65815
18.251,65819
18.252,65823
18.2529,65827
18.2539,65831
18.2548,65835
18.2557,65839
18.2567,65843
18.2576,65847
18.2586,65851
18.2595,65855
18.2605,65859
18.2614,65863
18.2623,65867
18.2633,65871
18.2642,65875
18.2652,65879
18.2661,65883
18.2671,65887
18.268,65891
18.269,65895
18.2699,65899
18.2708,65903
18.2718,65907
18.2727,65911
18.2737,65915
18.2746,65919
18.2756,65923
18.2765,65927
18.2775,65931
18.2784,65935
18.2793,65939
18.2803,65943
18.2812,65947
18.2822,65951
18.2831,65955
18.2841,65959
18.285,65963
18.2859,65967
18.2869,65971
18.2878,65975
18.2888,65979
18.2897,65983
18.2907,65987
18.2916,65991
18.2926,65995
18.2935,65999
18.2944,66003
18.2954,66007
18.2963,66011
18.2973,66015
18.2982,66019
18.2992,66023
18.3001,66027
18.3011,66031
18.302,66035
18.3029,66039
18.3039,66043
18.3048,66047
18.3058,66051
18.3067,66055
18.3077,66059
18.3086,66063
18.3095,66067
18.3105,66071
18.3114,66075
18.3124,66079
18.3133,66083
18.3143,66087
18.3152,66091
18.3162,66095
18.3171,66099
18.318,66103
18.319,66107
18.3199,66111
18.3209,66115
18.3218,66119
18.3228,66123
18.3237,66127
18.3247,66131
18.3256,66135
18.3265,66139
18.3275,66143
18.3284,66147
18.3294,66151
18.3303,66155
18.3313,66159
18.3322,66163
18.3331,66167
18.3341,66171
18.335,66175
18.336,66179
18.3369,66183
18.3379,66187
18.3388,66191
18.3398,66195
18.3407,66199
18.3416,66203
18.3426,66207
18.3435,66211
18.3445,66215
18.3454,66219
18.3464,66223
18.3473,66227
18.3483,66231
18.3492,66235
18.3501,66239
18.3511,66243
18.352,66247
18.353,66251
18.3539,66255
18.3549,66259
18.3558,66263
18.3567,66267
18.3577,66271
18.3586,66275
18.3596,66279
18.3605,66283
18.3615,66287
18.3624,66291
18.3634,66295
18.3643,66299
18.3652,66303
18.3662,66307
18.3671,66311
18.3681,66315
18.369,66319
18.37,66323
18.3709,66327
18.3719,66331
18.3728,66335
18.3737,66339
18.3747,66343
18.3756,66347
18.3766,66351
18.3775,66355
18.3785,66359
18.3794,66363
18.3803,66367
18.3813,66371
18.3822,66375
18.3832,66379
18.3841,66383
18.3851,66387
18.386,66391
18.387,66395
18.3879,66399
18.3888,66403
18.3898,66407
18.3907,66411
18.3917,66415
18.3926,66419
18.3936,66423
18.3945,66427
18.3955,66431
18.3964,66435
18.3973,66439
18.3983,66443
18.3992,66447
18.4002,66451
18.4011,66455
18.4021,66459
18.403,66463
18.4039,66467
18.4049,66471
18.4058,66475
18.4068,66479
18.4077,66483
18.4087,66487
18.4096,66491
18.4106,66495
18.4115,66499
18.4124,66503
18.4134,66507
18.4143,66511
18.4153,66515
18.4162,66519
18.4172,66523
18.4181,66527
18.4191,66531
18.42,66535
18.4209,66539
18.4219,66543
18.4228,66547
18.4238,66551
18.4247,66555
18.4257,66559
18.4266,66563
18.4275,66567
18.4285,66571
18.4294,66575
18.4304,66579
18.4313,66583
18.4323,66587
18.4332,66591
18.4342,66595
18.4351,66599
18.436,66603
18.437,66607
18.4379,66611
18.4389,66615
18.4398,66619
18.4408,66623
18.4417,66627
18.4427,66631
18.4436,66635
18.4445,66639
18.4455,66643
18.4464,66647
18.4474,66651
18.4483,66655
18.4493,66659
18.4502,66663
18.4511,66667
18.4521,66671
18.453,66675
18.454,66679
18.4549,66683
18.4559,66687
18.4568,66691
18.4578,66695
18.4587,66699
18.4596,66703
18.4606,66707
18.4615,66711
18.4625,66715
18.4634,66719
18.4644,66723
18.4653,66727
18.4663,66731
18.4672,66735
18.4681,66739
18.4691,66743
18.47,66747
18.471,66751
18.4719,66755
18.4729,66759
18.4738,66763
18.4747,66767
18.4757,66771
18.4766,66775
18.4776,66779
18.4785,66783
18.4795,66787
18.4804,66791
18.4814,66795
18.4823,66799
18.4832,66803
18.4842,66807
18.4851,66811
18.4861,66815
18.487,66819
18.488,66823
18.4889,66827
18.4899,66831
18.4908,66835
18.4917,66839
18.4927,66843
18.4936,66847
18.4946,66851
18.4955,66855
18.4965,66859
18.4974,66863
18.4983,66867
18.4993,66871
18.5002,66875
18.5012,66879
18.5021,66883
18.5031,66887
18.504,66891
18.505,66895
18.5059,66899
18.5068,66903
18.5078,66907
18.5087,66911
18.5097,66915
18.5106,66919
18.5116,66923
18.5125,66927
18.5135,66931
18.5144,66935
18.5153,66939
18.5163,66943
18.5172,66947
18.5182,66951
18.5191,66955
18.5201,66959
18.521,66963
18.5219,66967
18.5229,66971
18.5238,66975
18.5248,66979
18.5257,66983
18.5267,66987
18.5276,66991
18.5286,66995
18.5295,66999
18.5304,67003
18.5314,67007
18.5323,67011
18.5333,67015
18.5342,67019
18.5352,67023
18.5361,67027
18.5371,67031
18.538,67035
18.5389,67039
18.5399,67043
18.5408,67047
18.5418,67051
18.5427,67055
18.5437,67059
18.5446,67063
18.5455,67067
18.5465,67071
18.5474,67075
18.5484,67079
18.5493,67083
18.5503,67087
18.5512,67091
18.5522,67095
18.5531,67099
18.554,67103
18.555,67107
18.5559,67111
18.5569,67115
18.5578,67119
18.5588,67123
18.5597,67127
18.5607,67131
18.5616,67135
18.5625,67139
18.5635,67143
18.5644,67147
18.5654,67151
18.5663,67155
18.5673,67159
18.5682,67163
18.5691,67167
18.5701,67171
18.571,67175
18.572,67179
18.5729,67183
18.5739,67187
18.5748,67191
18.5758,67195
18.5767,67199
18.5776,67203
18.5786,67207
18.5795,67211
18.5805,67215
18.5814,67219
18.5824,67223
18.5833,67227
18.5843,67231
18.5852,67235
18.5861,67239
18.5871,67243
18.588,67247
18.589,67251
18.5899,67255
18.5909,67259
18.5918,67263
18.5927,67267
18.5937,67271
18.5946,67275
18.5956,67279
18.5965,67283
18.5975,67287
18.5984,67291
18.5994,67295
18.6003,67299
18.6012,67303
18.6022,67307
18.6031,67311
18.6041,67315
18.605,67319
18.606,67323
18.6069,67327
18.6079,67331
18.6088,67335
18.6097,67339
18.6107,67343
18.6116,67347
18.6126,67351
18.6135,67355
18.6145,67359
18.6154,67363
18.6163,67367
18.6173,67371
18.6182,67375
18.6192,67379
18.6201,67383
18.6211,67387
18.622,67391
18.623,67395
18.6239,67399
18.6248,67403
18.6258,67407
18.6267,67411
18.6277,67415
18.6286,67419
18.6296,67423
18.6305,67427
18.6315,67431
18.6324,67435
18.6333,67439
18.6343,67443
18.6352,67447
18.6362,67451
18.6371,67455
18.6381,67459
18.639,67463
18.6399,67467
18.6409,67471
18.6418,67475
18.6428,67479
18.6437,67483
18.6447,67487
18.6456,67491
18.6466,67495
18.6475,67499
18.6484,67503
18.6494,67507
18.6503,67511
18.6513,67515
18.6522,67519
18.6532,67523
18.6541,67527
18.6551,67531
18.656,67535
18.6569,67539
18.6579,67543
18.6588,67547
18.6598,67551
18.6607,67555
18.6617,67559
18.6626,67563
18.6635,67567
18.6645,67571
18.6654,67575
18.6664,67579
18.6673,67583
18.6683,67587
18.6692,67591
18.6702,67595
18.6711,67599
18.672,67603
18.673,67607
18.6739,67611
18.6749,67615
18.6758,67619
18.6768,67623
18.6777,67627
18.6787,67631
18.6796,67635
18.6805,67639
18.6815,67643
18.6824,67647
18.6834,67651
18.6843,67655
18.6853,67659
18.6862,67663
18.6871,67667
18.6881,67671
18.689,67675
18.69,67679
18.6909,67683
18.6919,67687
18.6928,67691
18.6938,67695
18.6947,67699
18.6956,67703
18.6966,67707
18.6975,67711
18.6985,67715
18.6994,67719
18.7004,67723
18.7013,67727
18.7023,67731
18.7032,67735
18.7041,67739
18.7051,67743
18.706,67747
18.707,67751
18.7079,67755
18.7089,67759
18.7098,67763
18.7107,67767
18.7117,67771
18.7126,67775
18.7136,67779
18.7145,67783
18.7155,67787
18.7164,67791
18.7174,67795
18.7183,67799
18.7192,67803
18.7202,67807
18.7211,67811
18.7221,67815
18.723,67819
18.724,67823
18.7249,67827
18.7259,67831
18.7268,67835
18.7277,67839
18.7287,67843
18.7296,67847
18.7306,67851
18.7315,67855
18.7325,67859
18.7334,67863
18.7343,67867
18.7353,67871
18.7362,67875
18.7372,67879
18.7381,67883
18.7391,67887
18.74,67891
18.741,67895
18.7419,67899
18.7428,67903
18.7438,67907
18.7447,67911
18.7457,67915
18.7466,67919
18.7476,67923
18.7485,67927
18.7495,67931
18.7504,67935
18.7513,67939
18.7523,67943
18.7532,67947
18.7542,67951
18.7551,67955
18.7561,67959
18.757,67963
18.7579,67967
18.7589,67971
18.7598,67975
18.7608,67979
18.7617,67983
18.7627,67987
18.7636,67991
18.7646,67995
18.7655,67999
18.7664,68003
18.7674,68007
18.7683,68011
18.7693,68015
18.7702,68019
18.7712,68023
18.7721,68027
18.7731,68031
18.774,68035
18.7749,68039
18.7759,68043
18.7768,68047
18.7778,68051
18.7787,68055
18.7797,68059
18.7806,68063
18.7815,68067
18.7825,68071
18.7834,68075
18.7844,68079
18.7853,68083
18.7863,68087
18.7872,68091
18.7882,68095
18.7891,68099
18.79,68103
18.791,68107
18.7919,68111
18.7929,68115
18.7938,68119
18.7948,68123
18.7957,68127
18.7967,68131
18.7976,68135
18.7985,68139
18.7995,68143
18.8004,68147
18.8014,68151
18.8023,68155
18.8033,68159
18.8042,68163
18.8051,68167
18.8061,68171
18.807,68175
18.808,68179
18.8089,68183
18.8099,68187
18.8108,68191
18.8118,68195
18.8127,68199
18.8136,68203
18.8146,68207
18.8155,68211
18.8165,68215
18.8174,68219
18.8184,68223
18.8193,68227
18.8203,68231
18.8212,68235
18.8221,68239
18.8231,68243
18.824,68247
18.825,68251
18.8259,68255
18.8269,68259
18.8278,68263
18.8287,68267
18.8297,68271
18.8306,68275
18.8316,68279
18.8325,68283
18.8335,68287
18.8344,68291
18.8354,68295
18.8363,68299
18.8372,68303
18.8382,68307
18.8391,68311
18.8401,68315
18.841,68319
18.842,68323
18.8429,68327
18.8439,68331
18.8448,68335
18.8457,68339
18.8467,68343
18.8476,68347
18.8486,68351
18.8495,68355
18.8505,68359
18.8514,68363
18.8523,68367
18.8533,68371
18.8542,68375
18.8552,68379
18.8561,68383
18.8571,68387
18.858,68391
18.859,68395
18.8599,68399
18.8608,68403
18.8618,68407
18.8627,68411
18.8637,68415
18.8646,68419
18.8656,68423
18.8665,68427
18.8675,68431
18.8684,68435
18.8693,68439
18.8703,68443
18.8712,68447
18.8722,68451
18.8731,68455
18.8741,68459
18.875,68463
18.8759,68467
18.8769,68471
18.8778,68475
18.8788,68479
18.8797,68483
18.8807,68487
18.8816,68491
18.8826,68495
18.8835,68499
18.8844,68503
18.8854,68507
18.8863,68511
18.8873,68515
18.8882,68519
18.8892,68523
18.8901,68527
18.8911,68531
18.892,68535
18.8929,68539
18.8939,68543
18.8948,68547
18.8958,68551
18.8967,68555
18.8977,68559
18.8986,68563
18.8995,68567
18.9005,68571
18.9014,68575
18.9024,68579
18.9033,68583
18.9043,68587
18.9052,68591
18.9062,68595
18.9071,68599
18.908,68603
18.909,68607
18.9099,68611
18.9109,68615
18.9118,68619
18.9128,68623
18.9137,68627
18.9147,68631
18.9156,68635
18.9165,68639
18.9175,68643
18.9184,68647
18.9194,68651
18.9203,68655
18.9213,68659
18.9222,68663
18.9231,68667
18.9241,68671
18.925,68675
18.926,68679
18.9269,68683
18.9279,68687
18.9288,68691
18.9298,68695
18.9307,68699
18.9316,68703
18.9326,68707
18.9335,68711
18.9345,68715
18.9354,68719
18.9364,68723
18.9373,68727
18.9383,68731
18.9392,68735
18.9401,68739
18.9411,68743
18.942,68747
18.943,68751
18.9439,68755
18.9449,68759
18.9458,68763
18.9467,68767
18.9477,68771
18.9486,68775
18.9496,68779
18.9505,68783
18.9515,68787
18.9524,68791
18.9534,68795
18.9543,68799
18.9552,68803
18.9562,68807
18.9571,68811
18.9581,68815
18.959,68819
18.96,68823
18.9609,68827
18.9619,68831
18.9628,68835
18.9637,68839
18.9647,68843
18.9656,68847
18.9666,68851
18.9675,68855
18.9685,68859
18.9694,68863
18.9703,68867
18.9713,68871
18.9722,68875
18.9732,68879
18.9741,68883
18.9751,68887
18.976,68891
18.977,68895
18.9779,68899
18.9788,68903
18.9798,68907
18.9807,68911
18.9817,68915
18.9826,68919
18.9836,68923
18.9845,68927
18.9855,68931
18.9864,68935
18.9873,68939
18.9883,68943
18.9892,68947
18.9902,68951
18.9911,68955
18.9921,68959
18.993,68963
18.9939,68967
18.9949,68971
18.9958,68975
18.9968,68979
18.9977,68983
18.9987,68987
18.9996,68991
19.0006,68995
19.0015,68999
19.0024,69003
19.0034,69007
19.0043,69011
19.0053,69015
19.0062,69019
19.0072,69023
19.0081,69027
19.0091,69031
19.01,69035
19.0109,69039
19.0119,69043
19.0128,69047
19.0138,69051
19.0147,69055
19.0157,69059
19.0166,69063
19.0175,69067
19.0185,69071
19.0194,69075
19.0204,69079
19.0213,69083
19.0223,69087
19.0232,69091
19.0242,69095
19.0251,69099
19.026,69103
19.027,69107
19.0279,69111
19.0289,69115
19.0298,69119
19.0308,69123
19.0317,69127
19.0327,69131
19.0336,69135
19.0345,69139
19.0355,69143
19.0364,69147
19.0374,69151
19.0383,69155
19.0393,69159
19.0402,69163
19.0411,69167
19.0421,69171
19.043,69175
19.044,69179
19.0449,69183
19.0459,69187
19.0468,69191
19.0478,69195
19.0487,69199
19.0496,69203
19.0506,69207
19.0515,69211
19.0525,69215
19.0534,69219
19.0544,69223
19.0553,69227
19.0563,69231
19.0572,69235
19.0581,69239
19.0591,69243
19.06,69247
19.061,69251
19.0619,69255
19.0629,69259
19.0638,69263
19.0647,69267
19.0657,69271
19.0666,69275
19.0676,69279
19.0685,69283
19.0695,69287
19.0704,69291
19.0714,69295
19.0723,69299
19.0732,69303
19.0742,69307
19.0751,69311
19.0761,69315
19.077,69319
19.078,69323
19.0789,69327
19.0799,69331
19.0808,69335
19.0817,69339
19.0827,69343
19.0836,69347
19.0846,69351
19.0855,69355
19.0865,69359
19.0874,69363
19.0883,69367
19.0893,69371
19.0902,69375
19.0912,69379
19.0921,69383
19.0931,69387
19.094,69391
19.095,69395
19.0959,69399
19.0968,69403
19.0978,69407
19.0987,69411
19.0997,69415
19.1006,69419
19.1016,69423
19.1025,69427
19.1035,69431
19.1044,69435
19.1053,69439
19.1063,69443
19.1072,69447
19.1082,69451
19.1091,69455
19.1101,69459
19.111,69463
19.1119,69467
19.1129,69471
19.1138,69475
19.1148,69479
19.1157,69483
19.1167,69487
19.1176,69491
19.1186,69495
19.1195,69499
19.1204,69503
19.1214,69507
19.1223,69511
19.1233,69515
19.1242,69519
19.1252,69523
19.1261,69527
19.1271,69531
19.128,69535
19.1289,69539
19.1299,69543
19.1308,69547
19.1318,69551
19.1327,69555
19.1337,69559
19.1346,69563
19.1355,69567
19.1365,69571
19.1374,69575
19.1384,69579
19.1393,69583
19.1403,69587
19.1412,69591
19.1422,69595
19.1431,69599
19.144,69603
19.145,69607
19.1459,69611
19.1469,69615
19.1478,69619
19.1488,69623
19.1497,69627
19.1507,69631
19.1516,69635
19.1525,69639
19.1535,69643
19.1544,69647
19.1554,69651
19.1563,69655
19.1573,69659
19.1582,69663
19.1591,69667
19.1601,69671
19.161,69675
19.162,69679
19.1629,69683
19.1639,69687
19.1648,69691
19.1658,69695
19.1667,69699
19.1676,69703
19.1686,69707
19.1695,69711
19.1705,69715
19.1714,69719
19.1724,69723
19.1733,69727
19.1743,69731
19.1752,69735
19.1761,69739
19.1771,69743
19.178,69747
19.179,69751
19.1799,69755
19.1809,69759
19.1818,69763
19.1827,69767
19.1837,69771
19.1846,69775
19.1856,69779
19.1865,69783
19.1875,69787
19.1884,69791
19.1894,69795
19.1903,69799
19.1912,69803
19.1922,69807
19.1931,69811
19.1941,69815
19.195,69819
19.196,69823
19.1969,69827
19.1979,69831
19.1988,69835
19.1997,69839
19.2007,69843
19.2016,69847
19.2026,69851
19.2035,69855
19.2045,69859
19.2054,69863
19.2063,69867
19.2073,69871
19.2082,69875
19.2092,69879
19.2101,69883
19.2111,69887
19.212,69891
19.213,69895
19.2139,69899
19.2148,69903
19.2158,69907
19.2167,69911
19.2177,69915
19.2186,69919
19.2196,69923
19.2205,69927
19.2215,69931
19.2224,69935
19.2233,69939
19.2243,69943
19.2252,69947
19.2262,69951
19.2271,69955
19.2281,69959
19.229,69963
19.2299,69967
19.2309,69971
19.2318,69975
19.2328,69979
19.2337,69983
19.2347,69987
19.2356,69991
19.2366,69995
19.2375,69999
19.2384,70003
19.2394,70007
19.2403,70011
19.2413,70015
19.2422,70019
19.2432,70023
19.2441,70027
19.2451,70031
19.246,70035
19.2469,70039
19.2479,70043
19.2488,70047
19.2498,70051
19.2507,70055
19.2517,70059
19.2526,70063
19.2535,70067
19.2545,70071
19.2554,70075
19.2564,70079
19.2573,70083
19.2583,70087
19.2592,70091
19.2602,70095
19.2611,70099
19.262,70103
19.263,70107
19.2639,70111
19.2649,70115
19.2658,70119
19.2668,70123
19.2677,70127
19.2687,70131
19.2696,70135
19.2705,70139
19.2715,70143
19.2724,70147
19.2734,70151
19.2743,70155
19.2753,70159
19.2762,70163
19.2771,70167
19.2781,70171
19.279,70175
19.28,70179
19.2809,70183
19.2819,70187
19.2828,70191
19.2838,70195
19.2847,70199
19.2856,70203
19.2866,70207
19.2875,70211
19.2885,70215
19.2894,70219
19.2904,70223
19.2913,70227
19.2923,70231
19.2932,70235
19.2941,70239
19.2951,70243
19.296,70247
19.297,70251
19.2979,70255
19.2989,70259
19.2998,70263
19.3007,70267
19.3017,70271
19.3026,70275
19.3036,70279
19.3045,70283
19.3055,70287
19.3064,70291
19.3074,70295
19.3083,70299
19.3092,70303
19.3102,70307
19.3111,70311
19.3121,70315
19.313,70319
19.314,70323
19.3149,70327
19.3159,70331
19.3168,70335
19.3177,70339
19.3187,70343
19.3196,70347
19.3206,70351
19.3215,70355
19.3225,70359
19.3234,70363
19.3243,70367
19.3253,70371
19.3262,70375
19.3272,70379
19.3281,70383
19.3291,70387
19.33,70391
19.331,70395
19.3319,70399
19.3328,70403
19.3338,70407
19.3347,70411
19.3357,70415
19.3366,70419
19.3376,70423
19.3385,70427
19.3395,70431
19.3404,70435
19.3413,70439
19.3423,70443
19.3432,70447
19.3442,70451
19.3451,70455
19.3461,70459
19.347,70463
19.3479,70467
19.3489,70471
19.3498,70475
19.3508,70479
19.3517,70483
19.3527,70487
19.3536,70491
19.3546,70495
19.3555,70499
19.3564,70503
19.3574,70507
19.3583,70511
19.3593,70515
19.3602,70519
19.3612,70523
19.3621,70527
19.3631,70531
19.364,70535
19.3649,70539
19.3659,70543
19.3668,70547
19.3678,70551
19.3687,70555
19.3697,70559
19.3706,70563
19.3715,70567
19.3725,70571
19.3734,70575
19.3744,70579
19.3753,70583
19.3763,70587
19.3772,70591
19.3782,70595
19.3791,70599
19.38,70603
19.381,70607
19.3819,70611
19.3829,70615
19.3838,70619
19.3848,70623
19.3857,70627
19.3867,70631
19.3876,70635
19.3885,70639
19.3895,70643
19.3904,70647
19.3914,70651
19.3923,70655
19.3933,70659
19.3942,70663
19.3951,70667
19.3961,70671
19.397,70675
19.398,70679
19.3989,70683
19.3999,70687
19.4008,70691
19.4018,70695
19.4027,70699
19.4036,70703
19.4046,70707
19.4055,70711
19.4065,70715
19.4074,70719
19.4084,70723
19.4093,70727
19.4103,70731
19.4112,70735
19.4121,70739
19.4131,70743
19.414,70747
19.415,70751
19.4159,70755
19.4169,70759
19.4178,70763
19.4187,70767
19.4197,70771
19.4206,70775
19.4216,70779
19.4225,70783
19.4235,70787
19.4244,70791
19.4254,70795
19.4263,70799
19.4272,70803
19.4282,70807
19.4291,70811
19.4301,70815
19.431,70819
19.432,70823
19.4329,70827
19.4339,70831
19.4348,70835
19.4357,70839
19.4367,70843
19.4376,70847
19.4386,70851
19.4395,70855
19.4405,70859
19.4414,70863
19.4423,70867
19.4433,70871
19.4442,70875
19.4452,70879
19.4461,70883
19.4471,70887
19.448,70891
19.449,70895
19.4499,70899
19.4508,70903
19.4518,70907
19.4527,70911
19.4537,70915
19.4546,70919
19.4556,70923
19.4565,70927
19.4575,70931
19.4584,70935
19.4593,70939
19.4603,70943
19.4612,70947
19.4622,70951
19.4631,70955
19.4641,70959
19.465,70963
19.4659,70967
19.4669,70971
19.4678,70975
19.4688,70979
19.4697,70983
19.4707,70987
19.4716,70991
19.4726,70995
19.4735,70999
19.4744,71003
19.4754,71007
19.4763,71011
19.4773,71015
19.4782,71019
19.4792,71023
19.4801,71027
19.4811,71031
19.482,71035
19.4829,71039
19.4839,71043
19.4848,71047
19.4858,71051
19.4867,71055
19.4877,71059
19.4886,71063
19.4895,71067
19.4905,71071
19.4914,71075
19.4924,71079
19.4933,71083
19.4943,71087
19.4952,71091
19.4962,71095
19.4971,71099
19.498,71103
19.499,71107
19.4999,71111
19.5009,71115
19.5018,71119
19.5028,71123
19.5037,71127
19.5047,71131
19.5056,71135
19.5065,71139
19.5075,71143
19.5084,71147
19.5094,71151
19.5103,71155
19.5113,71159
19.5122,71163
19.5131,71167
19.5141,71171
19.515,71175
19.516,71179
19.5169,71183
19.5179,71187
19.5188,71191
19.5198,71195
19.5207,71199
19.5216,71203
19.5226,71207
19.5235,71211
19.5245,71215
19.5254,71219
19.5264,71223
19.5273,71227
19.5283,71231
19.5292,71235
19.5301,71239
19.5311,71243
19.532,71247
19.533,71251
19.5339,71255
19.5349,71259
19.5358,71263
19.5367,71267
19.5377,71271
19.5386,71275
19.5396,71279
19.5405,71283
19.5415,71287
19.5424,71291
19.5434,71295
19.5443,71299
19.5452,71303
19.5462,71307
19.5471,71311
19.5481,71315
19.549,71319
19.55,71323
19.5509,71327
19.5519,71331
19.5528,71335
19.5537,71339
19.5547,71343
19.5556,71347
19.5566,71351
19.5575,71355
19.5585,71359
19.5594,71363
19.5603,71367
19.5613,71371
19.5622,71375
19.5632,71379
19.5641,71383
19.5651,71387
19.566,71391
19.567,71395
19.5679,71399
19.5688,71403
19.5698,71407
19.5707,71411
19.5717,71415
19.5726,71419
19.5736,71423
19.5745,71427
19.5755,71431
19.5764,71435
19.5773,71439
19.5783,71443
19.5792,71447
19.5802,71451
19.5811,71455
19.5821,71459
19.583,71463
19.5839,71467
19.5849,71471
19.5858,71475
19.5868,71479
19.5877,71483
19.5887,71487
19.5896,71491
19.5906,71495
19.5915,71499
19.5924,71503
19.5934,71507
19.5943,71511
19.5953,71515
19.5962,71519
19.5972,71523
19.5981,71527
19.5991,71531
19.6,71535
19.6009,71539
19.6019,71543
19.6028,71547
19.6038,71551
19.6047,71555
19.6057,71559
19.6066,71563
19.6075,71567
19.6085,71571
19.6094,71575
19.6104,71579
19.6113,71583
19.6123,71587
19.6132,71591
19.6142,71595
19.6151,71599
19.616,71603
19.617,71607
19.6179,71611
19.6189,71615
19.6198,71619
19.6208,71623
19.6217,71627
19.6227,71631
19.6236,71635
19.6245,71639
19.6255,71643
19.6264,71647
19.6274,71651
19.6283,71655
19.6293,71659
19.6302,71663
19.6311,71667
19.6321,71671
19.633,71675
19.634,71679
19.6349,71683
19.6359,71687
19.6368,71691
19.6378,71695
19.6387,71699
19.6396,71703
19.6406,71707
19.6415,71711
19.6425,71715
19.6434,71719
19.6444,71723
19.6453,71727
19.6463,71731
19.6472,71735
19.6481,71739
19.6491,71743
19.65,71747
19.651,71751
19.6519,71755
19.6529,71759
19.6538,71763
19.6547,71767
19.6557,71771
19.6566,71775
19.6576,71779
19.6585,71783
19.6595,71787
19.6604,71791
19.6614,71795
19.6623,71799
19.6632,71803
19.6642,71807
19.6651,71811
19.6661,71815
19.667,71819
19.668,71823
19.6689,71827
19.6699,71830
19.6708,71833
19.6717,71836
19.6727,71839
19.6736,71842
19.6746,71845
19.6755,71848
19.6765,71851
19.6774,71854
19.6783,71857
19.6793,71860
19.6802,71863
19.6812,71866
19.6821,71869
19.6831,71872
19.684,71875
19.685,71878
19.6859,71881
19.6868,71884
19.6878,71887
19.6887,71890
19.6897,71893
19.6906,71896
19.6916,71899
19.6925,71902
19.6935,71905
19.6944,71908
19.6953,71911
19.6963,71914
19.6972,71917
19.6982,71920
19.6991,71923
19.7001,71926
19.701,71929
19.7019,71932
19.7029,71935
19.7038,71938
19.7048,71941
19.7057,71944
19.7067,71947
19.7076,71950
19.7086,71953
19.7095,71956
19.7104,71959
19.7114,71962
19.7123,71965
19.7133,71968
19.7142,71971
19.7152,71974
19.7161,71977
19.7171,71980
19.718,71983
19.7189,71986
19.7199,71989
19.7208,71992
19.7218,71995
19.7227,71998
19.7237,72001
19.7246,72004
19.7255,72007
19.7265,72010
19.7274,72013
19.7284,72016
19.7293,72019
19.7303,72022
19.7312,72025
19.7322,72028
19.7331,72031
19.734,72034
19.735,72037
19.7359,72040
19.7369,72043
19.7378,72046
19.7388,72049
19.7397,72052
19.7407,72055
19.7416,72058
19.7425,72061
19.7435,72064
19.7444,72067
19.7454,72070
19.7463,72073
19.7473,72076
19.7482,72079
19.7491,72082
19.7501,72085
19.751,72088
19.752,72091
19.7529,72094
19.7539,72097
19.7548,72100
19.7558,72103
19.7567,72106
19.7576,72109
19.7586,72112
19.7595,72115
19.7605,72118
19.7614,72121
19.7624,72124
19.7633,72127
19.7643,72130
19.7652,72133
19.7661,72136
19.7671,72139
19.768,72142
19.769,72145
19.7699,72148
19.7709,72151
19.7718,72154
19.7727,72157
19.7737,72160
19.7746,72163
19.7756,72166
19.7765,72169
19.7775,72172
19.7784,72175
19.7794,72178
19.7803,72181
19.7812,72184
19.7822,72187
19.7831,72190
19.7841,72193
19.785,72196
19.786,72199
19.7869,72202
19.7879,72205
19.7888,72208
19.7897,72211
19.7907,72214
19.7916,72217
19.7926,72220
19.7935,72223
19.7945,72226
19.7954,72229
19.7963,72232
19.7973,72235
19.7982,72238
19.7992,72241
19.8001,72244
19.8011,72247
19.802,72250
19.803,72253
19.8039,72256
19.8048,72259
19.8058,72262
19.8067,72265
19.8077,72268
19.8086,72271
19.8096,72274
19.8105,72277
19.8115,72280
19.8124,72283
19.8133,72286
19.8143,72289
19.8152,72292
19.8162,72295
19.8171,72298
19.8181,72301
19.819,72304
19.8199,72307
19.8209,72310
19.8218,72313
19.8228,72316
19.8237,72319
19.8247,72322
19.8256,72325
19.8266,72328
19.8275,72331
19.8284,72334
19.8294,72337
19.8303,72340
19.8313,72343
19.8322,72346
19.8332,72349
19.8341,72352
19.8351,72355
19.836,72358
19.8369,72361
19.8379,72364
19.8388,72367
19.8398,72370
19.8407,72373
19.8417,72376
19.8426,72379
19.8435,72382
19.8445,72385
19.8454,72388
19.8464,72391
19.8473,72394
19.8483,72397
19.8492,72400
19.8502,72403
19.8511,72406
19.852,72409
19.853,72412
19.8539,72415
19.8549,72418
19.8558,72421
19.8568,72424
19.8577,72427
19.8587,72430
19.8596,72433
19.8605,72436
19.8615,72439
19.8624,72442
19.8634,72445
19.8643,72448
19.8653,72451
19.8662,72454
19.8671,72457
19.8681,72460
19.869,72463
19.87,72466
19.8709,72469
19.8719,72472
19.8728,72475
19.8738,72478
19.8747,72481
19.8756,72484
19.8766,72487
19.8775,72490
19.8785,72493
19.8794,72496
19.8804,72499
19.8813,72502
19.8823,72505
19.8832,72508
19.8841,72511
19.8851,72514
19.886,72517
19.887,72520
19.8879,72523
19.8889,72526
19.8898,72529
19.8907,72532
19.8917,72535
19.8926,72538
19.8936,72541
19.8945,72544
19.8955,72547
19.8964,72550
19.8974,72553
19.8983,72556
19.8992,72559
19.9002,72562
19.9011,72565
19.9021,72568
19.903,72571
19.904,72574
19.9049,72577
19.9059,72580
19.9068,72583
19.9077,72586
19.9087,72589
19.9096,72592
19.9106,72595
19.9115,72598
19.9125,72601
19.9134,72604
19.9143,72607
19.9153,72610
19.9162,72613
19.9172,72616
19.9181,72619
19.9191,72622
19.92,72625
19.921,72628
19.9219,72631
19.9228,72634
19.9238,72637
19.9247,72640
19.9257,72643
19.9266,72646
19.9276,72649
19.9285,72652
19.9295,72655
19.9304,72658
19.9313,72661
19.9323,72664
19.9332,72667
19.9342,72670
19.9351,72673
19.9361,72676
19.937,72679
19.9379,72682
19.9389,72685
19.9398,72688
19.9408,72691
19.9417,72694
19.9427,72697
19.9436,72700
19.9446,72703
19.9455,72706
19.9464,72709
19.9474,72712
19.9483,72715
19.9493,72718
19.9502,72721
19.9512,72724
19.9521,72727
19.9531,72730
19.954,72733
19.9549,72736
19.9559,72739
19.9568,72742
19.9578,72745
19.9587,72748
19.9597,72751
19.9606,72754
19.9615,72757
19.9625,72760
19.9634,72763
19.9644,72766
19.9653,72769
19.9663,72772
19.9672,72775
19.9682,72778
19.9691,72781
19.97,72784
19.971,72787
19.9719,72790
19.9729,72793
19.9738,72796
19.9748,72799
19.9757,72802
19.9767,72805
19.9776,72808
19.9785,72811
19.9795,72814
19.9804,72817
19.9814,72820
19.9823,72823
19.9833,72826
19.9842,72829
19.9851,72832
19.9861,72835
19.987,72838
19.988,72841
19.9889,72844
19.9899,72847
19.9908,72850
19.9918,72853
19.9927,72856
19.9936,72859
19.9946,72862
19.9955,72865
19.9965,72868
19.9974,72871
19.9984,72874
19.9993,72877
