0.120046,1
0.120046,0
0.160608,1
0.160608,0
0.161552,1
0.161552,0
0.162496,1
0.162496,0
0.16344,1
0.16344,0
0.164384,1
0.164384,0
0.201123,1
0.201123,0
0.202067,1
0.202067,0
0.203011,1
0.203011,0
0.203955,1
0.203955,0
0.204899,1
0.204899,0
0.205843,1
0.205843,0
0.206787,1
0.206787,0
0.241638,1
0.241638,0
0.242582,1
0.242582,0
0.243526,1
0.243526,0
0.24447,1
0.24447,0
0.245414,1
0.245414,0
0.246358,1
0.246358,0
0.247302,1
0.247302,0
0.248246,1
0.248246,0
0.24919,1
0.24919,0
0.250134,1
0.250134,0
0.251078,1
0.251078,0
0.282626,1
0.282626,0
0.28357,1
0.28357,0
0.284514,1
0.284514,0
0.285458,1
0.285458,0
0.286402,1
0.286402,0
0.287346,1
0.287346,0
0.28829,1
0.28829,0
0.289234,1
0.289234,0
0.290178,1
0.290178,0
0.291122,1
0.291122,0
0.292066,1
0.292066,0
0.29301,1
0.29301,0
0.293954,1
0.293954,0
0.294898,1
0.294898,0
0.295842,1
0.295842,0
0.296786,1
0.296786,0
0.323141,1
0.323141,0
0.324085,1
0.324085,0
0.325029,1
0.325029,0
0.325973,1
0.325973,0
0.326917,1
0.326917,0
0.327861,1
0.327861,0
0.328805,1
0.328805,0
0.329749,1
0.329749,0
0.330693,1
0.330693,0
0.331637,1
0.331637,0
0.332581,1
0.332581,0
0.333525,1
0.333525,0
0.334469,1
0.334469,0
0.335413,1
0.335413,0
0.336357,1
0.336357,0
0.337301,1
0.337301,0
0.338245,1
0.338245,0
0.339189,1
0.339189,0
0.340133,1
0.340133,0
0.341077,1
0.341077,0
0.342021,1
0.342021,0
0.342965,1
0.342965,0
0.343909,1
0.343909,0
0.344853,1
0.344853,0
0.363656,1
0.363656,0
0.3646,1
0.3646,0
0.365544,1
0.365544,0
0.366488,1
0.366488,0
0.367432,1
0.367432,0
0.368376,1
0.368376,0
0.36932,1
0.36932,0
0.370264,1
0.370264,0
0.371208,1
0.371208,0
0.372152,1
0.372152,0
0.373096,1
0.373096,0
0.37404,1
0.37404,0
0.374984,1
0.374984,0
0.375928,1
0.375928,0
0.376872,1
0.376872,0
0.377816,1
0.377816,0
0.37876,1
0.37876,0
0.379704,1
0.379704,0
0.380648,1
0.380648,0
0.381592,1
0.381592,0
0.382536,1
0.382536,0
0.38348,1
0.38348,0
0.384424,1
0.384424,0
0.385368,1
0.385368,0
0.386312,1
0.386312,0
0.387256,1
0.387256,0
0.3882,1
0.3882,0
0.389144,1
0.389144,0
0.390088,1
0.390088,0
0.391032,1
0.391032,0
0.391976,1
0.391976,0
0.39292,1
0.39292,0
0.393864,1
0.393864,0
0.394808,1
0.394808,0
0.395752,1
0.395752,0
0.396696,1
0.396696,0
0.404171,1
0.404171,0
0.405115,1
0.405115,0
0.406059,1
0.406059,0
0.407003,1
0.407003,0
0.407947,1
0.407947,0
0.408891,1
0.408891,0
0.409835,1
0.409835,0
0.410779,1
0.410779,0
0.411723,1
0.411723,0
0.412667,1
0.412667,0
0.413611,1
0.413611,0
0.414555,1
0.414555,0
0.415499,1
0.415499,0
0.416443,1
0.416443,0
0.417387,1
0.417387,0
0.418331,1
0.418331,0
0.419275,1
0.419275,0
0.420219,1
0.420219,0
0.421163,1
0.421163,0
0.422107,1
0.422107,0
0.423051,1
0.423051,0
0.423995,1
0.423995,0
0.424939,1
0.424939,0
0.425883,1
0.425883,0
0.426827,1
0.426827,0
0.427771,1
0.427771,0
0.428715,1
0.428715,0
0.429659,1
0.429659,0
0.430603,1
0.430603,0
0.431547,1
0.431547,0
0.432491,1
0.432491,0
0.433435,1
0.433435,0
0.434379,1
0.434379,0
0.435323,1
0.435323,0
0.436267,1
0.436267,0
0.437211,1
0.437211,0
0.438155,1
0.438155,0
0.439099,1
0.439099,0
0.440043,1
0.440043,0
0.440987,1
0.440987,0
0.441931,1
0.441931,0
0.442875,1
0.442875,0
0.443819,1
0.443819,0
0.444763,1
0.444763,0
0.445707,1
0.445707,0
0.446651,1
0.446651,0
0.447595,1
0.447595,0
0.448539,1
0.448539,0
0.449483,1
0.449483,0
0.450427,1
0.450427,0
0.451371,1
0.451371,0
0.452315,1
0.452315,0
0.453259,1
0.453259,0
0.454203,1
0.454203,0
0.455147,1
0.455147,0
0.456091,1
0.456091,0
0.457035,1
0.457035,0
0.457979,1
0.457979,0
0.458923,1
0.458923,0
0.459867,1
0.459867,0
0.460811,1
0.460811,0
0.461755,1
0.461755,0
0.462699,1
0.462699,0
0.463643,1
0.463643,0
0.464587,1
0.464587,0
0.465531,1
0.465531,0
0.466475,1
0.466475,0
0.467419,1
0.467419,0
0.468363,1
0.468363,0
0.469307,1
0.469307,0
0.470251,1
0.470251,0
0.471195,1
0.471195,0
0.472139,1
0.472139,0
0.473083,1
0.473083,0
0.474027,1
0.474027,0
0.474971,1
0.474971,0
0.475915,1
0.475915,0
0.476859,1
0.476859,0
0.477803,1
0.477803,0
0.478747,1
0.478747,0
0.479691,1
0.479691,0
0.480635,1
0.480635,0
0.481579,1
0.481579,0
0.482523,1
0.482523,0
0.483467,1
0.483467,0
0.484411,1
0.484411,0
0.485355,1
0.485355,0
0.486299,1
0.486299,0
0.487243,1
0.487243,0
0.488187,1
0.488187,0
0.489131,1
0.489131,0
0.490075,1
0.490075,0
0.491019,1
0.491019,0
0.491963,1
0.491963,0
0.492907,1
0.492907,0
0.493851,1
0.493851,0
0.494795,1
0.494795,0
0.495739,1
0.495739,0
0.496683,1
0.496683,0
0.497627,1
0.497627,0
0.498571,1
0.498571,0
0.499515,1
0.499515,0
0.500459,1
0.500459,0
0.501403,1
0.501403,0
0.502347,1
0.502347,0
0.503291,1
0.503291,0
0.504235,1
0.504235,0
0.505179,1
0.505179,0
0.506123,1
0.506123,0
0.507067,1
0.507067,0
0.508011,1
0.508011,0
0.508955,1
0.508955,0
0.509899,1
0.509899,0
0.510843,1
0.510843,0
0.511787,1
0.511787,0
0.512731,1
0.512731,0
0.513675,1
0.513675,0
0.514619,1
0.514619,0
0.515563,1
0.515563,0
0.516507,1
0.516507,0
0.517451,1
0.517451,0
0.518395,1
0.518395,0
0.519339,1
0.519339,0
0.520283,1
0.520283,0
0.521227,1
0.521227,0
0.522171,1
0.522171,0
0.523115,1
0.523115,0
0.524059,1
0.524059,0
0.525003,1
0.525003,0
0.525947,1
0.525947,0
0.526891,1
0.526891,0
0.527835,1
0.527835,0
0.528779,1
0.528779,0
0.529723,1
0.529723,0
0.530667,1
0.530667,0
0.531611,1
0.531611,0
0.532555,1
0.532555,0
0.533499,1
0.533499,0
0.534443,1
0.534443,0
0.535387,1
0.535387,0
0.536331,1
0.536331,0
0.537275,1
0.537275,0
0.538219,1
0.538219,0
0.539163,1
0.539163,0
0.540107,1
0.540107,0
0.541051,1
0.541051,0
0.541995,1
0.541995,0
0.542939,1
0.542939,0
0.543883,1
0.543883,0
0.544827,1
0.544827,0
0.545771,1
0.545771,0
0.546715,1
0.546715,0
0.547659,1
0.547659,0
0.548603,1
0.548603,0
0.549547,1
0.549547,0
0.550491,1
0.550491,0
0.551435,1
0.551435,0
0.552379,1
0.552379,0
0.553323,1
0.553323,0
0.554267,1
0.554267,0
0.555211,1
0.555211,0
0.556155,1
0.556155,0
0.557099,1
0.557099,0
0.558043,1
0.558043,0
0.558987,1
0.558987,0
0.559931,1
0.559931,0
0.560875,1
0.560875,0
0.561819,1
0.561819,0
0.562763,1
0.562763,0
0.563707,1
0.563707,0
0.564651,1
0.564651,0
0.565595,1
0.565595,0
0.566539,1
0.566539,0
0.567483,1
0.567483,0
0.568427,1
0.568427,0
0.569371,1
0.569371,0
0.570315,1
0.570315,0
0.571259,1
0.571259,0
0.572203,1
0.572203,0
0.573147,1
0.573147,0
0.574091,1
0.574091,0
0.575035,1
0.575035,0
0.575979,1
0.575979,0
0.576923,1
0.576923,0
0.577867,1
0.577867,0
0.578811,1
0.578811,0
0.579755,1
0.579755,0
0.580699,1
0.580699,0
0.581643,1
0.581643,0
0.582587,1
0.582587,0
0.583531,1
0.583531,0
0.584475,1
0.584475,0
0.585419,1
0.585419,0
0.586363,1
0.586363,0
0.587307,1
0.587307,0
0.588251,1
0.588251,0
0.589195,1
0.589195,0
0.590139,1
0.590139,0
0.591083,1
0.591083,0
0.592027,1
0.592027,0
0.592971,1
0.592971,0
0.593915,1
0.593915,0
0.594859,1
0.594859,0
0.595803,1
0.595803,0
0.596747,1
0.596747,0
0.597691,1
0.597691,0
0.598635,1
0.598635,0
0.599579,1
0.599579,0
0.600523,1
0.600523,0
0.601467,1
0.601467,0
0.602411,1
0.602411,0
0.603355,1
0.603355,0
0.604299,1
0.604299,0
0.605243,1
0.605243,0
0.606187,1
0.606187,0
0.607131,1
0.607131,0
0.608075,1
0.608075,0
0.609019,1
0.609019,0
0.609963,1
0.609963,0
0.610907,1
0.610907,0
0.611851,1
0.611851,0
0.612795,1
0.612795,0
0.613739,1
0.613739,0
0.614683,1
0.614683,0
0.615627,1
0.615627,0
0.616571,1
0.616571,0
0.617515,1
0.617515,0
0.618459,1
0.618459,0
0.619403,1
0.619403,0
0.620347,1
0.620347,0
0.621291,1
0.621291,0
0.622235,1
0.622235,0
0.623179,1
0.623179,0
0.624123,1
0.624123,0
0.625067,1
0.625067,0
0.626011,1
0.626011,0
0.626955,1
0.626955,0
0.627899,1
0.627899,0
0.628843,1
0.628843,0
0.629787,1
0.629787,0
0.630731,1
0.630731,0
0.631675,1
0.631675,0
0.632619,1
0.632619,0
0.633563,1
0.633563,0
0.634507,1
0.634507,0
0.635451,1
0.635451,0
0.636395,1
0.636395,0
0.637339,1
0.637339,0
0.638283,1
0.638283,0
0.639227,1
0.639227,0
0.640171,1
0.640171,0
0.641115,1
0.641115,0
0.642059,1
0.642059,0
0.643003,1
0.643003,0
0.643947,1
0.643947,0
0.644891,1
0.644891,0
0.645701,1
0.645701,0
0.646606,1
0.646606,0
0.64755,1
0.64755,0
0.648437,1
0.648437,0
0.649342,1
0.649342,0
0.650248,1
0.650248,0
0.651154,1
0.651154,0
0.652059,1
0.652059,0
0.652965,1
0.652965,0
0.65387,1
0.65387,0
0.654776,1
0.654776,0
0.655682,1
0.655682,0
0.656587,1
0.656587,0
0.657474,1
0.657474,0
0.658379,1
0.658379,0
0.659285,1
0.659285,0
0.66019,1
0.66019,0
0.661096,1
0.661096,0
0.662002,1
0.662002,0
0.662907,1
0.662907,0
0.663813,1
0.663813,0
0.664718,1
0.664718,0
0.665624,1
0.665624,0
0.66653,1
0.66653,0
0.667474,1
0.667474,0
0.66836,1
0.66836,0
0.669266,1
0.669266,0
0.670171,1
0.670171,0
0.671077,1
0.671077,0
0.671982,1
0.671982,0
0.672888,1
0.672888,0
0.673794,1
0.673794,0
0.674699,1
0.674699,0
0.675605,1
0.675605,0
0.67651,1
0.67651,0
0.677416,1
0.677416,0
0.678302,1
0.678302,0
0.678736,1
0.678736,0
0.679208,1
0.679208,0
0.679642,1
0.679642,0
0.680114,1
0.680114,0
0.680547,1
0.680547,0
0.681019,1
0.681019,0
0.681453,1
0.681453,0
0.681925,1
0.681925,0
0.682358,1
0.682358,0
0.68283,1
0.68283,0
0.683264,1
0.683264,0
0.683736,1
0.683736,0
0.68417,1
0.68417,0
0.684642,1
0.684642,0
0.685075,1
0.685075,0
0.685547,1
0.685547,0
0.685981,1
0.685981,0
0.686453,1
0.686453,0
0.686925,1
0.686925,0
0.687339,1
0.687339,0
0.687811,1
0.687811,0
0.688245,1
0.688245,0
0.688717,1
0.688717,0
0.68915,1
0.68915,0
0.689622,1
0.689622,0
0.690056,1
0.690056,0
0.690528,1
0.690528,0
0.690962,1
0.690962,0
0.691434,1
0.691434,0
0.691867,1
0.691867,0
0.692339,1
0.692339,0
0.692773,1
0.692773,0
0.693245,1
0.693245,0
0.693678,1
0.693678,0
0.69415,1
0.69415,0
0.694584,1
0.694584,0
0.695056,1
0.695056,0
0.69549,1
0.69549,0
0.695962,1
0.695962,0
0.696395,1
0.696395,0
0.696867,1
0.696867,0
0.697339,1
0.697339,0
0.697754,1
0.697754,0
0.698226,1
0.698226,0
0.698659,1
0.698659,0
0.699131,1
0.699131,0
0.699565,1
0.699565,0
0.700037,1
0.700037,0
0.70047,1
0.70047,0
0.700942,1
0.700942,0
0.701376,1
0.701376,0
0.701848,1
0.701848,0
0.702282,1
0.702282,0
0.702754,1
0.702754,0
0.703187,1
0.703187,0
0.703659,1
0.703659,0
0.704093,1
0.704093,0
0.704565,1
0.704565,0
0.704998,1
0.704998,0
0.70547,1
0.70547,0
0.705904,1
0.705904,0
0.706376,1
0.706376,0
0.70681,1
0.70681,0
0.707282,1
0.707282,0
0.707754,1
0.707754,0
0.708168,1
0.708168,0
0.70864,1
0.70864,0
0.709074,1
0.709074,0
0.709546,1
0.709546,0
0.709979,1
0.709979,0
0.710451,1
0.710451,0
0.710885,1
0.710885,0
0.711357,1
0.711357,0
0.71179,1
0.71179,0
0.712262,1
0.712262,0
0.712696,1
0.712696,0
0.713168,1
0.713168,0
0.713602,1
0.713602,0
0.714074,1
0.714074,0
0.714507,1
0.714507,0
0.714979,1
0.714979,0
0.715413,1
0.715413,0
0.715885,1
0.715885,0
0.716318,1
0.716318,0
0.71679,1
0.71679,0
0.717262,1
0.717262,0
0.717677,1
0.717677,0
0.718149,1
0.718149,0
0.718582,1
0.718582,0
0.719054,1
0.719054,0
0.719488,1
0.719488,0
0.71996,1
0.71996,0
0.720394,1
0.720394,0
0.720866,1
0.720866,0
0.721299,1
0.721299,0
0.721771,1
0.721771,0
0.722205,1
0.722205,0
0.722677,1
0.722677,0
0.72311,1
0.72311,0
0.723582,1
0.723582,0
0.724016,1
0.724016,0
0.724488,1
0.724488,0
0.724922,1
0.724922,0
0.725394,1
0.725394,0
0.725827,1
0.725827,0
0.726299,1
0.726299,0
0.726733,1
0.726733,0
0.727205,1
0.727205,0
0.727677,1
0.727677,0
0.728091,1
0.728091,0
0.728563,1
0.728563,0
0.728997,1
0.728997,0
0.729469,1
0.729469,0
0.729902,1
0.729902,0
0.730374,1
0.730374,0
0.730808,1
0.730808,0
0.73128,1
0.73128,0
0.731714,1
0.731714,0
0.732186,1
0.732186,0
0.732619,1
0.732619,0
0.733091,1
0.733091,0
0.733525,1
0.733525,0
0.733997,1
0.733997,0
0.73443,1
0.73443,0
0.734902,1
0.734902,0
0.735336,1
0.735336,0
0.735808,1
0.735808,0
0.736242,1
0.736242,0
0.736714,1
0.736714,0
0.737147,1
0.737147,0
0.737619,1
0.737619,0
0.738091,1
0.738091,0
0.738506,1
0.738506,0
0.738978,1
0.738978,0
0.739411,1
0.739411,0
0.739883,1
0.739883,0
0.740317,1
0.740317,0
0.740789,1
0.740789,0
0.741222,1
0.741222,0
0.741694,1
0.741694,0
0.742128,1
0.742128,0
0.7426,1
0.7426,0
0.743034,1
0.743034,0
0.743506,1
0.743506,0
0.743939,1
0.743939,0
0.744411,1
0.744411,0
0.744845,1
0.744845,0
0.745317,1
0.745317,0
0.74575,1
0.74575,0
0.746222,1
0.746222,0
0.746656,1
0.746656,0
0.747128,1
0.747128,0
0.7476,1
0.7476,0
0.748014,1
0.748014,0
0.748486,1
0.748486,0
0.74892,1
0.74892,0
0.749392,1
0.749392,0
0.749826,1
0.749826,0
0.750298,1
0.750298,0
0.750731,1
0.750731,0
0.751203,1
0.751203,0
0.751637,1
0.751637,0
0.752109,1
0.752109,0
0.752542,1
0.752542,0
0.753014,1
0.753014,0
0.753448,1
0.753448,0
0.75392,1
0.75392,0
0.754354,1
0.754354,0
0.754826,1
0.754826,0
0.755259,1
0.755259,0
0.755731,1
0.755731,0
0.756165,1
0.756165,0
0.756637,1
0.756637,0
0.75707,1
0.75707,0
0.757542,1
0.757542,0
0.758014,1
0.758014,0
0.758429,1
0.758429,0
0.758901,1
0.758901,0
0.759334,1
0.759334,0
0.759806,1
0.759806,0
0.76024,1
0.76024,0
0.760712,1
0.760712,0
0.761146,1
0.761146,0
0.761618,1
0.761618,0
0.762051,1
0.762051,0
0.762523,1
0.762523,0
0.762957,1
0.762957,0
0.763429,1
0.763429,0
0.763862,1
0.763862,0
0.764334,1
0.764334,0
0.764768,1
0.764768,0
0.76524,1
0.76524,0
0.765674,1
0.765674,0
0.766146,1
0.766146,0
0.766579,1
0.766579,0
0.767051,1
0.767051,0
0.767485,1
0.767485,0
0.767957,1
0.767957,0
0.76839,1
0.76839,0
0.768862,1
0.768862,0
0.769296,1
0.769296,0
0.769768,1
0.769768,0
0.770202,1
0.770202,0
0.770674,1
0.770674,0
0.771107,1
0.771107,0
0.771579,1
0.771579,0
0.772013,1
0.772013,0
0.772485,1
0.772485,0
0.772918,1
0.772918,0
0.77339,1
0.77339,0
0.773824,1
0.773824,0
0.774296,1
0.774296,0
0.77473,1
0.77473,0
0.775202,1
0.775202,0
0.775635,1
0.775635,0
0.776107,1
0.776107,0
0.776541,1
0.776541,0
0.777013,1
0.777013,0
0.777446,1
0.777446,0
0.777918,1
0.777918,0
0.77839,1
0.77839,0
0.778824,1
0.778824,0
0.779296,1
0.779296,0
0.77973,1
0.77973,0
0.780202,1
0.780202,0
0.780635,1
0.780635,0
0.781107,1
0.781107,0
0.781541,1
0.781541,0
0.782013,1
0.782013,0
0.782446,1
0.782446,0
0.782918,1
0.782918,0
0.783352,1
0.783352,0
0.783824,1
0.783824,0
0.784258,1
0.784258,0
0.78473,1
0.78473,0
0.785163,1
0.785163,0
0.785635,1
0.785635,0
0.786069,1
0.786069,0
0.786541,1
0.786541,0
0.786974,1
0.786974,0
0.787446,1
0.787446,0
0.78788,1
0.78788,0
0.788352,1
0.788352,0
0.788786,1
0.788786,0
0.789258,1
0.789258,0
0.789691,1
0.789691,0
0.790163,1
0.790163,0
0.790597,1
0.790597,0
0.791069,1
0.791069,0
0.791502,1
0.791502,0
0.791974,1
0.791974,0
0.792408,1
0.792408,0
0.79288,1
0.79288,0
0.793314,1
0.793314,0
0.793786,1
0.793786,0
0.794258,1
0.794258,0
0.79473,1
0.79473,0
0.795202,1
0.795202,0
0.795674,1
0.795674,0
0.796146,1
0.796146,0
0.796618,1
0.796618,0
0.79709,1
0.79709,0
0.797562,1
0.797562,0
0.798034,1
0.798034,0
0.798506,1
0.798506,0
0.798978,1
0.798978,0
0.79945,1
0.79945,0
0.799922,1
0.799922,0
0.800394,1
0.800394,0
0.800866,1
0.800866,0
0.801338,1
0.801338,0
0.80181,1
0.80181,0
0.802282,1
0.802282,0
0.802754,1
0.802754,0
0.803226,1
0.803226,0
0.803698,1
0.803698,0
0.80417,1
0.80417,0
0.804642,1
0.804642,0
0.805114,1
0.805114,0
0.805586,1
0.805586,0
0.806058,1
0.806058,0
0.80653,1
0.80653,0
0.807002,1
0.807002,0
0.807474,1
0.807474,0
0.807946,1
0.807946,0
0.808418,1
0.808418,0
0.80889,1
0.80889,0
0.809362,1
0.809362,0
0.809834,1
0.809834,0
0.810306,1
0.810306,0
0.810778,1
0.810778,0
0.81125,1
0.81125,0
0.811722,1
0.811722,0
0.812194,1
0.812194,0
0.812666,1
0.812666,0
0.813138,1
0.813138,0
0.81361,1
0.81361,0
0.814082,1
0.814082,0
0.814554,1
0.814554,0
0.815026,1
0.815026,0
0.815498,1
0.815498,0
0.81597,1
0.81597,0
0.816442,1
0.816442,0
0.816914,1
0.816914,0
0.817386,1
0.817386,0
0.817858,1
0.817858,0
0.81833,1
0.81833,0
0.818802,1
0.818802,0
0.819274,1
0.819274,0
0.819746,1
0.819746,0
0.820218,1
0.820218,0
0.82069,1
0.82069,0
0.821162,1
0.821162,0
0.821634,1
0.821634,0
0.822106,1
0.822106,0
0.822578,1
0.822578,0
0.82305,1
0.82305,0
0.823522,1
0.823522,0
0.823994,1
0.823994,0
0.824466,1
0.824466,0
0.824938,1
0.824938,0
0.82541,1
0.82541,0
0.825882,1
0.825882,0
0.826354,1
0.826354,0
0.826826,1
0.826826,0
0.827298,1
0.827298,0
0.82777,1
0.82777,0
0.828242,1
0.828242,0
0.828714,1
0.828714,0
0.829186,1
0.829186,0
0.829658,1
0.829658,0
0.83013,1
0.83013,0
0.830602,1
0.830602,0
0.831074,1
0.831074,0
0.831546,1
0.831546,0
0.832018,1
0.832018,0
0.83249,1
0.83249,0
0.832962,1
0.832962,0
0.833434,1
0.833434,0
0.833906,1
0.833906,0
0.834378,1
0.834378,0
0.83485,1
0.83485,0
0.835322,1
0.835322,0
0.835755,1
0.835755,0
0.868757,1
0.868757,0
0.869701,1
0.869701,0
0.870645,1
0.870645,0
0.871589,1
0.871589,0
0.872533,1
0.872533,0
0.873477,1
0.873477,0
0.874421,1
0.874421,0
0.875365,1
0.875365,0
0.876309,1
0.876309,0
0.877253,1
0.877253,0
0.878197,1
0.878197,0
0.879141,1
0.879141,0
0.880085,1
0.880085,0
0.881029,1
0.881029,0
0.881973,1
0.881973,0
0.882917,1
0.882917,0
0.883861,1
0.883861,0
0.884805,1
0.884805,0
0.885749,1
0.885749,0
0.886693,1
0.886693,0
0.887637,1
0.887637,0
0.888581,1
0.888581,0
0.889525,1
0.889525,0
0.890469,1
0.890469,0
0.891413,1
0.891413,0
0.892357,1
0.892357,0
0.893301,1
0.893301,0
0.894245,1
0.894245,0
0.895189,1
0.895189,0
0.896133,1
0.896133,0
0.897077,1
0.897077,0
0.898021,1
0.898021,0
0.898965,1
0.898965,0
0.899909,1
0.899909,0
0.900853,1
0.900853,0
0.901797,1
0.901797,0
0.902741,1
0.902741,0
0.903685,1
0.903685,0
0.904629,1
0.904629,0
0.905573,1
0.905573,0
0.906517,1
0.906517,0
0.907461,1
0.907461,0
0.908405,1
0.908405,0
0.909349,1
0.909349,0
0.910293,1
0.910293,0
0.911237,1
0.911237,0
0.912181,1
0.912181,0
0.913125,1
0.913125,0
0.914069,1
0.914069,0
0.915013,1
0.915013,0
0.915957,1
0.915957,0
0.916901,1
0.916901,0
0.917845,1
0.917845,0
0.918789,1
0.918789,0
0.919733,1
0.919733,0
0.920677,1
0.920677,0
0.921621,1
0.921621,0
0.922565,1
0.922565,0
0.923509,1
0.923509,0
0.924453,1
0.924453,0
0.925397,1
0.925397,0
0.926341,1
0.926341,0
0.927285,1
0.927285,0
0.928229,1
0.928229,0
0.929173,1
0.929173,0
0.930117,1
0.930117,0
0.931061,1
0.931061,0
0.932005,1
0.932005,0
0.932949,1
0.932949,0
0.933893,1
0.933893,0
0.934837,1
0.934837,0
0.935781,1
0.935781,0
0.936725,1
0.936725,0
0.937669,1
0.937669,0
0.938613,1
0.938613,0
0.939557,1
0.939557,0
0.940501,1
0.940501,0
0.941445,1
0.941445,0
0.942389,1
0.942389,0
0.943333,1
0.943333,0
0.944277,1
0.944277,0
0.945221,1
0.945221,0
0.946165,1
0.946165,0
0.947109,1
0.947109,0
0.948053,1
0.948053,0
0.948997,1
0.948997,0
0.949941,1
0.949941,0
0.950885,1
0.950885,0
0.951829,1
0.951829,0
0.952773,1
0.952773,0
0.953717,1
0.953717,0
0.954661,1
0.954661,0
0.955605,1
0.955605,0
0.956549,1
0.956549,0
0.957493,1
0.957493,0
0.958437,1
0.958437,0
0.959381,1
0.959381,0
0.960325,1
0.960325,0
0.961269,1
0.961269,0
0.962213,1
0.962213,0
0.963157,1
0.963157,0
0.964101,1
0.964101,0
0.965045,1
0.965045,0
0.965989,1
0.965989,0
0.966933,1
0.966933,0
0.967877,1
0.967877,0
0.968821,1
0.968821,0
0.969765,1
0.969765,0
0.970709,1
0.970709,0
0.971653,1
0.971653,0
0.972597,1
0.972597,0
0.973541,1
0.973541,0
0.974485,1
0.974485,0
0.975429,1
0.975429,0
0.976373,1
0.976373,0
0.977317,1
0.977317,0
0.978261,1
0.978261,0
0.979205,1
0.979205,0
0.980149,1
0.980149,0
0.981093,1
0.981093,0
0.982037,1
0.982037,0
0.982981,1
0.982981,0
0.983925,1
0.983925,0
0.984869,1
0.984869,0
0.985813,1
0.985813,0
0.986757,1
0.986757,0
0.987701,1
0.987701,0
0.988645,1
0.988645,0
0.989589,1
0.989589,0
0.990533,1
0.990533,0
0.991477,1
0.991477,0
0.992421,1
0.992421,0
0.993365,1
0.993365,0
0.994309,1
0.994309,0
0.995253,1
0.995253,0
0.996197,1
0.996197,0
0.997141,1
0.997141,0
0.998085,1
0.998085,0
0.999029,1
0.999029,0
0.999973,1
0.999973,0
1.00092,1
1.00092,0
1.00186,1
1.00186,0
1.0028,1
1.0028,0
1.00375,1
1.00375,0
1.00469,1
1.00469,0
1.00564,1
1.00564,0
1.00658,1
1.00658,0
1.00752,1
1.00752,0
1.00847,1
1.00847,0
1.00941,1
1.00941,0
1.01036,1
1.01036,0
1.0113,1
1.0113,0
1.01224,1
1.01224,0
1.01319,1
1.01319,0
1.01413,1
1.01413,0
1.01508,1
1.01508,0
1.01602,1
1.01602,0
1.01696,1
1.01696,0
1.01791,1
1.01791,0
1.01885,1
1.01885,0
1.0198,1
1.0198,0
1.02074,1
1.02074,0
1.02168,1
1.02168,0
1.02263,1
1.02263,0
1.02357,1
1.02357,0
1.02452,1
1.02452,0
1.02546,1
1.02546,0
1.0264,1
1.0264,0
1.02735,1
1.02735,0
1.02829,1
1.02829,0
1.02924,1
1.02924,0
1.03018,1
1.03018,0
1.03112,1
1.03112,0
1.03207,1
1.03207,0
1.03301,1
1.03301,0
1.03396,1
1.03396,0
1.0349,1
1.0349,0
1.03584,1
1.03584,0
1.03679,1
1.03679,0
1.03773,1
1.03773,0
1.03868,1
1.03868,0
1.03962,1
1.03962,0
1.04056,1
1.04056,0
1.04151,1
1.04151,0
1.04245,1
1.04245,0
1.0434,1
1.0434,0
1.04434,1
1.04434,0
1.04528,1
1.04528,0
1.04623,1
1.04623,0
1.04717,1
1.04717,0
1.04812,1
1.04812,0
1.04906,1
1.04906,0
1.05,1
1.05,0
1.05095,1
1.05095,0
1.05189,1
1.05189,0
1.05284,1
1.05284,0
1.05378,1
1.05378,0
1.05472,1
1.05472,0
1.05567,1
1.05567,0
1.05661,1
1.05661,0
1.05756,1
1.05756,0
1.0585,1
1.0585,0
1.05944,1
1.05944,0
1.06039,1
1.06039,0
1.06133,1
1.06133,0
1.06228,1
1.06228,0
1.06322,1
1.06322,0
1.06416,1
1.06416,0
1.06511,1
1.06511,0
1.06605,1
1.06605,0
1.067,1
1.067,0
1.06794,1
1.06794,0
1.06888,1
1.06888,0
1.06983,1
1.06983,0
1.07077,1
1.07077,0
1.07172,1
1.07172,0
1.07266,1
1.07266,0
1.0736,1
1.0736,0
1.07455,1
1.07455,0
1.07549,1
1.07549,0
1.07644,1
1.07644,0
1.07738,1
1.07738,0
1.07832,1
1.07832,0
1.07927,1
1.07927,0
1.08021,1
1.08021,0
1.08116,1
1.08116,0
1.0821,1
1.0821,0
1.08304,1
1.08304,0
1.08399,1
1.08399,0
1.08493,1
1.08493,0
1.08588,1
1.08588,0
1.08682,1
1.08682,0
1.08776,1
1.08776,0
1.08871,1
1.08871,0
1.08965,1
1.08965,0
1.0906,1
1.0906,0
1.09154,1
1.09154,0
1.09248,1
1.09248,0
1.09343,1
1.09343,0
1.09437,1
1.09437,0
1.09532,1
1.09532,0
1.09626,1
1.09626,0
1.0972,1
1.0972,0
1.09815,1
1.09815,0
1.09909,1
1.09909,0
1.10004,1
1.10004,0
1.10098,1
1.10098,0
1.10192,1
1.10192,0
1.10287,1
1.10287,0
1.10381,1
1.10381,0
1.10476,1
1.10476,0
1.1057,1
1.1057,0
1.10664,1
1.10664,0
1.10759,1
1.10759,0
1.10853,1
1.10853,0
1.10948,1
1.10948,0
1.11042,1
1.11042,0
1.11136,1
1.11136,0
1.11231,1
1.11231,0
1.11325,1
1.11325,0
1.1142,1
1.1142,0
1.11514,1
1.11514,0
1.11608,1
1.11608,0
1.11703,1
1.11703,0
1.11797,1
1.11797,0
1.11892,1
1.11892,0
1.11986,1
1.11986,0
1.1208,1
1.1208,0
1.12175,1
1.12175,0
1.12269,1
1.12269,0
1.12364,1
1.12364,0
1.12458,1
1.12458,0
1.12552,1
1.12552,0
1.12647,1
1.12647,0
1.12741,1
1.12741,0
1.12836,1
1.12836,0
1.1293,1
1.1293,0
1.13024,1
1.13024,0
1.13119,1
1.13119,0
1.13213,1
1.13213,0
1.13308,1
1.13308,0
1.13402,1
1.13402,0
1.13496,1
1.13496,0
1.13591,1
1.13591,0
1.13685,1
1.13685,0
1.1378,1
1.1378,0
1.13874,1
1.13874,0
1.13968,1
1.13968,0
1.14063,1
1.14063,0
1.14157,1
1.14157,0
1.14252,1
1.14252,0
1.14346,1
1.14346,0
1.1444,1
1.1444,0
1.14535,1
1.14535,0
1.14629,1
1.14629,0
1.14724,1
1.14724,0
1.14818,1
1.14818,0
1.14912,1
1.14912,0
1.15007,1
1.15007,0
1.15101,1
1.15101,0
1.15196,1
1.15196,0
1.1529,1
1.1529,0
1.15384,1
1.15384,0
1.15479,1
1.15479,0
1.15573,1
1.15573,0
1.15668,1
1.15668,0
1.15762,1
1.15762,0
1.15856,1
1.15856,0
1.15951,1
1.15951,0
1.16045,1
1.16045,0
1.1614,1
1.1614,0
1.16234,1
1.16234,0
1.16328,1
1.16328,0
1.16423,1
1.16423,0
1.16517,1
1.16517,0
1.16612,1
1.16612,0
1.16706,1
1.16706,0
1.168,1
1.168,0
1.16895,1
1.16895,0
1.16989,1
1.16989,0
1.17084,1
1.17084,0
1.17178,1
1.17178,0
1.17272,1
1.17272,0
1.17367,1
1.17367,0
1.17461,1
1.17461,0
1.17556,1
1.17556,0
1.1765,1
1.1765,0
1.17744,1
1.17744,0
1.17839,1
1.17839,0
1.17933,1
1.17933,0
1.18028,1
1.18028,0
1.18122,1
1.18122,0
1.18216,1
1.18216,0
1.18311,1
1.18311,0
1.18405,1
1.18405,0
1.185,1
1.185,0
1.18594,1
1.18594,0
1.18688,1
1.18688,0
1.18783,1
1.18783,0
1.18877,1
1.18877,0
1.18972,1
1.18972,0
1.19066,1
1.19066,0
1.1916,1
1.1916,0
1.19255,1
1.19255,0
1.19349,1
1.19349,0
1.19444,1
1.19444,0
1.19538,1
1.19538,0
1.19632,1
1.19632,0
1.19727,1
1.19727,0
1.19821,1
1.19821,0
1.19916,1
1.19916,0
1.2001,1
1.2001,0
1.20104,1
1.20104,0
1.20199,1
1.20199,0
1.20293,1
1.20293,0
1.20388,1
1.20388,0
1.20482,1
1.20482,0
1.20576,1
1.20576,0
1.20671,1
1.20671,0
1.20765,1
1.20765,0
1.2086,1
1.2086,0
1.20954,1
1.20954,0
1.21048,1
1.21048,0
1.21143,1
1.21143,0
1.21237,1
1.21237,0
1.21332,1
1.21332,0
1.21426,1
1.21426,0
1.2152,1
1.2152,0
1.21615,1
1.21615,0
1.21709,1
1.21709,0
1.21804,1
1.21804,0
1.21898,1
1.21898,0
1.21992,1
1.21992,0
1.22087,1
1.22087,0
1.22181,1
1.22181,0
1.22276,1
1.22276,0
1.2237,1
1.2237,0
1.22464,1
1.22464,0
1.22559,1
1.22559,0
1.22653,1
1.22653,0
1.22748,1
1.22748,0
1.22842,1
1.22842,0
1.22936,1
1.22936,0
1.23031,1
1.23031,0
1.23125,1
1.23125,0
1.2322,1
1.2322,0
1.23314,1
1.23314,0
1.23408,1
1.23408,0
1.23503,1
1.23503,0
1.23597,1
1.23597,0
1.23692,1
1.23692,0
1.23786,1
1.23786,0
1.2388,1
1.2388,0
1.23975,1
1.23975,0
1.24069,1
1.24069,0
1.24164,1
1.24164,0
1.24258,1
1.24258,0
1.24352,1
1.24352,0
1.24447,1
1.24447,0
1.24541,1
1.24541,0
1.24636,1
1.24636,0
1.2473,1
1.2473,0
1.24824,1
1.24824,0
1.24919,1
1.24919,0
1.25013,1
1.25013,0
1.25108,1
1.25108,0
1.25202,1
1.25202,0
1.25296,1
1.25296,0
1.25391,1
1.25391,0
1.25485,1
1.25485,0
1.2558,1
1.2558,0
1.25674,1
1.25674,0
1.25768,1
1.25768,0
1.25863,1
1.25863,0
1.25957,1
1.25957,0
1.26052,1
1.26052,0
1.26146,1
1.26146,0
1.2624,1
1.2624,0
1.26335,1
1.26335,0
1.26429,1
1.26429,0
1.26524,1
1.26524,0
1.26618,1
1.26618,0
1.26712,1
1.26712,0
1.26807,1
1.26807,0
1.26901,1
1.26901,0
1.26996,1
1.26996,0
1.2709,1
1.2709,0
1.27184,1
1.27184,0
1.27279,1
1.27279,0
1.27373,1
1.27373,0
1.27468,1
1.27468,0
1.27562,1
1.27562,0
1.27656,1
1.27656,0
1.27751,1
1.27751,0
1.27845,1
1.27845,0
1.2794,1
1.2794,0
1.28034,1
1.28034,0
1.28128,1
1.28128,0
1.28223,1
1.28223,0
1.28317,1
1.28317,0
1.28412,1
1.28412,0
1.28506,1
1.28506,0
1.286,1
1.286,0
1.28695,1
1.28695,0
1.28789,1
1.28789,0
1.28884,1
1.28884,0
1.28978,1
1.28978,0
1.29072,1
1.29072,0
1.29167,1
1.29167,0
1.29261,1
1.29261,0
1.29356,1
1.29356,0
1.2945,1
1.2945,0
1.29544,1
1.29544,0
1.29639,1
1.29639,0
1.29733,1
1.29733,0
1.29828,1
1.29828,0
1.29922,1
1.29922,0
1.30016,1
1.30016,0
1.30111,1
1.30111,0
1.30205,1
1.30205,0
1.303,1
1.303,0
1.30394,1
1.30394,0
1.30488,1
1.30488,0
1.30583,1
1.30583,0
1.30677,1
1.30677,0
1.30772,1
1.30772,0
1.30866,1
1.30866,0
1.3096,1
1.3096,0
1.31055,1
1.31055,0
1.31149,1
1.31149,0
1.31244,1
1.31244,0
1.31338,1
1.31338,0
1.31432,1
1.31432,0
1.31527,1
1.31527,0
1.31621,1
1.31621,0
1.31716,1
1.31716,0
1.3181,1
1.3181,0
1.31904,1
1.31904,0
1.31999,1
1.31999,0
1.32093,1
1.32093,0
1.32188,1
1.32188,0
1.32282,1
1.32282,0
1.32376,1
1.32376,0
1.32471,1
1.32471,0
1.32565,1
1.32565,0
1.3266,1
1.3266,0
1.32754,1
1.32754,0
1.32848,1
1.32848,0
1.32943,1
1.32943,0
1.33037,1
1.33037,0
1.33132,1
1.33132,0
1.33226,1
1.33226,0
1.3332,1
1.3332,0
1.33415,1
1.33415,0
1.33509,1
1.33509,0
1.33604,1
1.33604,0
1.33698,1
1.33698,0
1.33792,1
1.33792,0
1.33887,1
1.33887,0
1.33981,1
1.33981,0
1.34076,1
1.34076,0
1.3417,1
1.3417,0
1.34264,1
1.34264,0
1.34359,1
1.34359,0
1.34453,1
1.34453,0
1.34548,1
1.34548,0
1.34642,1
1.34642,0
1.34736,1
1.34736,0
1.34831,1
1.34831,0
1.34925,1
1.34925,0
1.3502,1
1.3502,0
1.35114,1
1.35114,0
1.35208,1
1.35208,0
1.35303,1
1.35303,0
1.35397,1
1.35397,0
1.35492,1
1.35492,0
1.35586,1
1.35586,0
1.3568,1
1.3568,0
1.35775,1
1.35775,0
1.35869,1
1.35869,0
1.35964,1
1.35964,0
1.36058,1
1.36058,0
1.36152,1
1.36152,0
1.36247,1
1.36247,0
1.36341,1
1.36341,0
1.36436,1
1.36436,0
1.3653,1
1.3653,0
1.36624,1
1.36624,0
1.36719,1
1.36719,0
1.36813,1
1.36813,0
1.36908,1
1.36908,0
1.37002,1
1.37002,0
1.37096,1
1.37096,0
1.37191,1
1.37191,0
1.37285,1
1.37285,0
1.3738,1
1.3738,0
1.37474,1
1.37474,0
1.37568,1
1.37568,0
1.37663,1
1.37663,0
1.37757,1
1.37757,0
1.37852,1
1.37852,0
1.37946,1
1.37946,0
1.3804,1
1.3804,0
1.38135,1
1.38135,0
1.38229,1
1.38229,0
1.38324,1
1.38324,0
1.38418,1
1.38418,0
1.38512,1
1.38512,0
1.38607,1
1.38607,0
1.38701,1
1.38701,0
1.38796,1
1.38796,0
1.3889,1
1.3889,0
1.38984,1
1.38984,0
1.39079,1
1.39079,0
1.39173,1
1.39173,0
1.39268,1
1.39268,0
1.39362,1
1.39362,0
1.39456,1
1.39456,0
1.39551,1
1.39551,0
1.39645,1
1.39645,0
1.3974,1
1.3974,0
1.39834,1
1.39834,0
1.39928,1
1.39928,0
1.40023,1
1.40023,0
1.40117,1
1.40117,0
1.40212,1
1.40212,0
1.40306,1
1.40306,0
1.404,1
1.404,0
1.40495,1
1.40495,0
1.40589,1
1.40589,0
1.40684,1
1.40684,0
1.40778,1
1.40778,0
1.40872,1
1.40872,0
1.40967,1
1.40967,0
1.41061,1
1.41061,0
1.41156,1
1.41156,0
1.4125,1
1.4125,0
1.41344,1
1.41344,0
1.41439,1
1.41439,0
1.41533,1
1.41533,0
1.41628,1
1.41628,0
1.41722,1
1.41722,0
1.41816,1
1.41816,0
1.41911,1
1.41911,0
1.42005,1
1.42005,0
1.421,1
1.421,0
1.42194,1
1.42194,0
1.42288,1
1.42288,0
1.42383,1
1.42383,0
1.42477,1
1.42477,0
1.42572,1
1.42572,0
1.42666,1
1.42666,0
1.4276,1
1.4276,0
1.42855,1
1.42855,0
1.42949,1
1.42949,0
1.43044,1
1.43044,0
1.43138,1
1.43138,0
1.43232,1
1.43232,0
1.43327,1
1.43327,0
1.43421,1
1.43421,0
1.43516,1
1.43516,0
1.4361,1
1.4361,0
1.43704,1
1.43704,0
1.43799,1
1.43799,0
1.43893,1
1.43893,0
1.43988,1
1.43988,0
1.44082,1
1.44082,0
1.44176,1
1.44176,0
1.44271,1
1.44271,0
1.44365,1
1.44365,0
1.4446,1
1.4446,0
1.44554,1
1.44554,0
1.44648,1
1.44648,0
1.44743,1
1.44743,0
1.44837,1
1.44837,0
1.44932,1
1.44932,0
1.45026,1
1.45026,0
1.4512,1
1.4512,0
1.45215,1
1.45215,0
1.45309,1
1.45309,0
1.45404,1
1.45404,0
1.45498,1
1.45498,0
1.45592,1
1.45592,0
1.45687,1
1.45687,0
1.45781,1
1.45781,0
1.45876,1
1.45876,0
1.4597,1
1.4597,0
1.46064,1
1.46064,0
1.46159,1
1.46159,0
1.46253,1
1.46253,0
1.46348,1
1.46348,0
1.46442,1
1.46442,0
1.46536,1
1.46536,0
1.46631,1
1.46631,0
1.46725,1
1.46725,0
1.4682,1
1.4682,0
1.46914,1
1.46914,0
1.47008,1
1.47008,0
1.47103,1
1.47103,0
1.47197,1
1.47197,0
1.47292,1
1.47292,0
1.47386,1
1.47386,0
1.4748,1
1.4748,0
1.47575,1
1.47575,0
1.47669,1
1.47669,0
1.47764,1
1.47764,0
1.47858,1
1.47858,0
1.47952,1
1.47952,0
1.48047,1
1.48047,0
1.48141,1
1.48141,0
1.48236,1
1.48236,0
1.4833,1
1.4833,0
1.48424,1
1.48424,0
1.48519,1
1.48519,0
1.48613,1
1.48613,0
1.48708,1
1.48708,0
1.48802,1
1.48802,0
1.48896,1
1.48896,0
1.48991,1
1.48991,0
1.49085,1
1.49085,0
1.4918,1
1.4918,0
1.49274,1
1.49274,0
1.49368,1
1.49368,0
1.49463,1
1.49463,0
1.49557,1
1.49557,0
1.49652,1
1.49652,0
1.49746,1
1.49746,0
1.4984,1
1.4984,0
1.49935,1
1.49935,0
1.50029,1
1.50029,0
1.50124,1
1.50124,0
1.50218,1
1.50218,0
1.50312,1
1.50312,0
1.50407,1
1.50407,0
1.50501,1
1.50501,0
1.50596,1
1.50596,0
1.5069,1
1.5069,0
1.50784,1
1.50784,0
1.50879,1
1.50879,0
1.50973,1
1.50973,0
1.51068,1
1.51068,0
1.51162,1
1.51162,0
1.51256,1
1.51256,0
1.51351,1
1.51351,0
1.51445,1
1.51445,0
1.5154,1
1.5154,0
1.51634,1
1.51634,0
1.51728,1
1.51728,0
1.51823,1
1.51823,0
1.51917,1
1.51917,0
1.52012,1
1.52012,0
1.52106,1
1.52106,0
1.522,1
1.522,0
1.52295,1
1.52295,0
1.52389,1
1.52389,0
1.52484,1
1.52484,0
1.52578,1
1.52578,0
1.52672,1
1.52672,0
1.52767,1
1.52767,0
1.52861,1
1.52861,0
1.52956,1
1.52956,0
1.5305,1
1.5305,0
1.53144,1
1.53144,0
1.53239,1
1.53239,0
1.53333,1
1.53333,0
1.53428,1
1.53428,0
1.53522,1
1.53522,0
1.53616,1
1.53616,0
1.53711,1
1.53711,0
1.53805,1
1.53805,0
1.539,1
1.539,0
1.53994,1
1.53994,0
1.54088,1
1.54088,0
1.54183,1
1.54183,0
1.54277,1
1.54277,0
1.54372,1
1.54372,0
1.54466,1
1.54466,0
1.5456,1
1.5456,0
1.54655,1
1.54655,0
1.54749,1
1.54749,0
1.54844,1
1.54844,0
1.54938,1
1.54938,0
1.55032,1
1.55032,0
1.55127,1
1.55127,0
1.55221,1
1.55221,0
1.55316,1
1.55316,0
1.5541,1
1.5541,0
1.55504,1
1.55504,0
1.55599,1
1.55599,0
1.55693,1
1.55693,0
1.55788,1
1.55788,0
1.55882,1
1.55882,0
1.55976,1
1.55976,0
1.56071,1
1.56071,0
1.56165,1
1.56165,0
1.5626,1
1.5626,0
1.56354,1
1.56354,0
1.56448,1
1.56448,0
1.56543,1
1.56543,0
1.56637,1
1.56637,0
1.56732,1
1.56732,0
1.56826,1
1.56826,0
1.5692,1
1.5692,0
1.57015,1
1.57015,0
1.57109,1
1.57109,0
1.57204,1
1.57204,0
1.57298,1
1.57298,0
1.57392,1
1.57392,0
1.57487,1
1.57487,0
1.57581,1
1.57581,0
1.57676,1
1.57676,0
1.5777,1
1.5777,0
1.57864,1
1.57864,0
1.57959,1
1.57959,0
1.58053,1
1.58053,0
1.58148,1
1.58148,0
1.58242,1
1.58242,0
1.58336,1
1.58336,0
1.58431,1
1.58431,0
1.58525,1
1.58525,0
1.5862,1
1.5862,0
1.58714,1
1.58714,0
1.58808,1
1.58808,0
1.58903,1
1.58903,0
1.58997,1
1.58997,0
1.59092,1
1.59092,0
1.59186,1
1.59186,0
1.5928,1
1.5928,0
1.59375,1
1.59375,0
1.59469,1
1.59469,0
1.59564,1
1.59564,0
1.59658,1
1.59658,0
1.59752,1
1.59752,0
1.59847,1
1.59847,0
1.59941,1
1.59941,0
1.60036,1
1.60036,0
1.6013,1
1.6013,0
1.60224,1
1.60224,0
1.60319,1
1.60319,0
1.60413,1
1.60413,0
1.60508,1
1.60508,0
1.60602,1
1.60602,0
1.60696,1
1.60696,0
1.60791,1
1.60791,0
1.60885,1
1.60885,0
1.6098,1
1.6098,0
1.61074,1
1.61074,0
1.61168,1
1.61168,0
1.61263,1
1.61263,0
1.61357,1
1.61357,0
1.61452,1
1.61452,0
1.61546,1
1.61546,0
1.6164,1
1.6164,0
1.61735,1
1.61735,0
1.61829,1
1.61829,0
1.61924,1
1.61924,0
1.62018,1
1.62018,0
1.62112,1
1.62112,0
1.62207,1
1.62207,0
1.62301,1
1.62301,0
1.62396,1
1.62396,0
1.6249,1
1.6249,0
1.62584,1
1.62584,0
1.62679,1
1.62679,0
1.62773,1
1.62773,0
1.62868,1
1.62868,0
1.62962,1
1.62962,0
1.63056,1
1.63056,0
1.63151,1
1.63151,0
1.63245,1
1.63245,0
1.6334,1
1.6334,0
1.63434,1
1.63434,0
1.63528,1
1.63528,0
1.63623,1
1.63623,0
1.63717,1
1.63717,0
1.63812,1
1.63812,0
1.63906,1
1.63906,0
1.64,1
1.64,0
1.64095,1
1.64095,0
1.64189,1
1.64189,0
1.64284,1
1.64284,0
1.64378,1
1.64378,0
1.64472,1
1.64472,0
1.64567,1
1.64567,0
1.64661,1
1.64661,0
1.64756,1
1.64756,0
1.6485,1
1.6485,0
1.64944,1
1.64944,0
1.65039,1
1.65039,0
1.65133,1
1.65133,0
1.65228,1
1.65228,0
1.65322,1
1.65322,0
1.65416,1
1.65416,0
1.65511,1
1.65511,0
1.65605,1
1.65605,0
1.657,1
1.657,0
1.65794,1
1.65794,0
1.65888,1
1.65888,0
1.65983,1
1.65983,0
1.66077,1
1.66077,0
1.66172,1
1.66172,0
1.66266,1
1.66266,0
1.6636,1
1.6636,0
1.66455,1
1.66455,0
1.66549,1
1.66549,0
1.66644,1
1.66644,0
1.66738,1
1.66738,0
1.66832,1
1.66832,0
1.66927,1
1.66927,0
1.67021,1
1.67021,0
1.67116,1
1.67116,0
1.6721,1
1.6721,0
1.67304,1
1.67304,0
1.67399,1
1.67399,0
1.67493,1
1.67493,0
1.67588,1
1.67588,0
1.67682,1
1.67682,0
1.67776,1
1.67776,0
1.67871,1
1.67871,0
1.67965,1
1.67965,0
1.6806,1
1.6806,0
1.68154,1
1.68154,0
1.68248,1
1.68248,0
1.68343,1
1.68343,0
1.68437,1
1.68437,0
1.68532,1
1.68532,0
1.68626,1
1.68626,0
1.6872,1
1.6872,0
1.68815,1
1.68815,0
1.68909,1
1.68909,0
1.69004,1
1.69004,0
1.69098,1
1.69098,0
1.69192,1
1.69192,0
1.69287,1
1.69287,0
1.69381,1
1.69381,0
1.69476,1
1.69476,0
1.6957,1
1.6957,0
1.69664,1
1.69664,0
1.69759,1
1.69759,0
1.69853,1
1.69853,0
1.69948,1
1.69948,0
1.70042,1
1.70042,0
1.70136,1
1.70136,0
1.70231,1
1.70231,0
1.70325,1
1.70325,0
1.7042,1
1.7042,0
1.70514,1
1.70514,0
1.70608,1
1.70608,0
1.70703,1
1.70703,0
1.70797,1
1.70797,0
1.70892,1
1.70892,0
1.70986,1
1.70986,0
1.7108,1
1.7108,0
1.71175,1
1.71175,0
1.71269,1
1.71269,0
1.71364,1
1.71364,0
1.71458,1
1.71458,0
1.71552,1
1.71552,0
1.71647,1
1.71647,0
1.71741,1
1.71741,0
1.71836,1
1.71836,0
1.7193,1
1.7193,0
1.72024,1
1.72024,0
1.72119,1
1.72119,0
1.72213,1
1.72213,0
1.72308,1
1.72308,0
1.72402,1
1.72402,0
1.72496,1
1.72496,0
1.72591,1
1.72591,0
1.72685,1
1.72685,0
1.7278,1
1.7278,0
1.72874,1
1.72874,0
1.72968,1
1.72968,0
1.73063,1
1.73063,0
1.73157,1
1.73157,0
1.73252,1
1.73252,0
1.73346,1
1.73346,0
1.7344,1
1.7344,0
1.73535,1
1.73535,0
1.73629,1
1.73629,0
1.73724,1
1.73724,0
1.73818,1
1.73818,0
1.73912,1
1.73912,0
1.74007,1
1.74007,0
1.74101,1
1.74101,0
1.74196,1
1.74196,0
1.7429,1
1.7429,0
1.74384,1
1.74384,0
1.74479,1
1.74479,0
1.74573,1
1.74573,0
1.74668,1
1.74668,0
1.74762,1
1.74762,0
1.74856,1
1.74856,0
1.74951,1
1.74951,0
1.75045,1
1.75045,0
1.7514,1
1.7514,0
1.75234,1
1.75234,0
1.75328,1
1.75328,0
1.75423,1
1.75423,0
1.75517,1
1.75517,0
1.75612,1
1.75612,0
1.75706,1
1.75706,0
1.758,1
1.758,0
1.75895,1
1.75895,0
1.75989,1
1.75989,0
1.76084,1
1.76084,0
1.76178,1
1.76178,0
1.76272,1
1.76272,0
1.76367,1
1.76367,0
1.76461,1
1.76461,0
1.76556,1
1.76556,0
1.7665,1
1.7665,0
1.76744,1
1.76744,0
1.76839,1
1.76839,0
1.76933,1
1.76933,0
1.77028,1
1.77028,0
1.77122,1
1.77122,0
1.77216,1
1.77216,0
1.77311,1
1.77311,0
1.77405,1
1.77405,0
1.775,1
1.775,0
1.77594,1
1.77594,0
1.77688,1
1.77688,0
1.77783,1
1.77783,0
1.77877,1
1.77877,0
1.77972,1
1.77972,0
1.78066,1
1.78066,0
1.7816,1
1.7816,0
1.78255,1
1.78255,0
1.78349,1
1.78349,0
1.78444,1
1.78444,0
1.78538,1
1.78538,0
1.78632,1
1.78632,0
1.78727,1
1.78727,0
1.78821,1
1.78821,0
1.78916,1
1.78916,0
1.7901,1
1.7901,0
1.79104,1
1.79104,0
1.79199,1
1.79199,0
1.79293,1
1.79293,0
1.79388,1
1.79388,0
1.79482,1
1.79482,0
1.79576,1
1.79576,0
1.79671,1
1.79671,0
1.79765,1
1.79765,0
1.7986,1
1.7986,0
1.79954,1
1.79954,0
1.80048,1
1.80048,0
1.80143,1
1.80143,0
1.80237,1
1.80237,0
1.80332,1
1.80332,0
1.80426,1
1.80426,0
1.8052,1
1.8052,0
1.80615,1
1.80615,0
1.80709,1
1.80709,0
1.80804,1
1.80804,0
1.80898,1
1.80898,0
1.80992,1
1.80992,0
1.81087,1
1.81087,0
1.81181,1
1.81181,0
1.81276,1
1.81276,0
1.8137,1
1.8137,0
1.81464,1
1.81464,0
1.81559,1
1.81559,0
1.81653,1
1.81653,0
1.81748,1
1.81748,0
1.81842,1
1.81842,0
1.81936,1
1.81936,0
1.82031,1
1.82031,0
1.82125,1
1.82125,0
1.8222,1
1.8222,0
1.82314,1
1.82314,0
1.82408,1
1.82408,0
1.82503,1
1.82503,0
1.82597,1
1.82597,0
1.82692,1
1.82692,0
1.82786,1
1.82786,0
1.8288,1
1.8288,0
1.82975,1
1.82975,0
1.83069,1
1.83069,0
1.83164,1
1.83164,0
1.83258,1
1.83258,0
1.83352,1
1.83352,0
1.83447,1
1.83447,0
1.83541,1
1.83541,0
1.83636,1
1.83636,0
1.8373,1
1.8373,0
1.83824,1
1.83824,0
1.83919,1
1.83919,0
1.84013,1
1.84013,0
1.84108,1
1.84108,0
1.84202,1
1.84202,0
1.84296,1
1.84296,0
1.84391,1
1.84391,0
1.84485,1
1.84485,0
1.8458,1
1.8458,0
1.84674,1
1.84674,0
1.84768,1
1.84768,0
1.84863,1
1.84863,0
1.84957,1
1.84957,0
1.85052,1
1.85052,0
1.85146,1
1.85146,0
1.8524,1
1.8524,0
1.85335,1
1.85335,0
1.85429,1
1.85429,0
1.85524,1
1.85524,0
1.85618,1
1.85618,0
1.85712,1
1.85712,0
1.85807,1
1.85807,0
1.85901,1
1.85901,0
1.85996,1
1.85996,0
1.8609,1
1.8609,0
1.86184,1
1.86184,0
1.86279,1
1.86279,0
1.86373,1
1.86373,0
1.86468,1
1.86468,0
1.86562,1
1.86562,0
1.86656,1
1.86656,0
1.86751,1
1.86751,0
1.86845,1
1.86845,0
1.8694,1
1.8694,0
1.87034,1
1.87034,0
1.87128,1
1.87128,0
1.87223,1
1.87223,0
1.87317,1
1.87317,0
1.87412,1
1.87412,0
1.87506,1
1.87506,0
1.876,1
1.876,0
1.87695,1
1.87695,0
1.87789,1
1.87789,0
1.87884,1
1.87884,0
1.87978,1
1.87978,0
1.88072,1
1.88072,0
1.88167,1
1.88167,0
1.88261,1
1.88261,0
1.88356,1
1.88356,0
1.8845,1
1.8845,0
1.88544,1
1.88544,0
1.88639,1
1.88639,0
1.88733,1
1.88733,0
1.88828,1
1.88828,0
1.88922,1
1.88922,0
1.89016,1
1.89016,0
1.89111,1
1.89111,0
1.89205,1
1.89205,0
1.893,1
1.893,0
1.89394,1
1.89394,0
1.89488,1
1.89488,0
1.89583,1
1.89583,0
1.89677,1
1.89677,0
1.89772,1
1.89772,0
1.89866,1
1.89866,0
1.8996,1
1.8996,0
1.90055,1
1.90055,0
1.90149,1
1.90149,0
1.90244,1
1.90244,0
1.90338,1
1.90338,0
1.90432,1
1.90432,0
1.90527,1
1.90527,0
1.90621,1
1.90621,0
1.90716,1
1.90716,0
1.9081,1
1.9081,0
1.90904,1
1.90904,0
1.90999,1
1.90999,0
1.91093,1
1.91093,0
1.91188,1
1.91188,0
1.91282,1
1.91282,0
1.91376,1
1.91376,0
1.91471,1
1.91471,0
1.91565,1
1.91565,0
1.9166,1
1.9166,0
1.91754,1
1.91754,0
1.91848,1
1.91848,0
1.91943,1
1.91943,0
1.92037,1
1.92037,0
1.92132,1
1.92132,0
1.92226,1
1.92226,0
1.9232,1
1.9232,0
1.92415,1
1.92415,0
1.92509,1
1.92509,0
1.92604,1
1.92604,0
1.92698,1
1.92698,0
1.92792,1
1.92792,0
1.92887,1
1.92887,0
1.92981,1
1.92981,0
1.93076,1
1.93076,0
1.9317,1
1.9317,0
1.93264,1
1.93264,0
1.93359,1
1.93359,0
1.93453,1
1.93453,0
1.93548,1
1.93548,0
1.93642,1
1.93642,0
1.93736,1
1.93736,0
1.93831,1
1.93831,0
1.93925,1
1.93925,0
1.9402,1
1.9402,0
1.94114,1
1.94114,0
1.94208,1
1.94208,0
1.94303,1
1.94303,0
1.94397,1
1.94397,0
1.94492,1
1.94492,0
1.94586,1
1.94586,0
1.9468,1
1.9468,0
1.94775,1
1.94775,0
1.94869,1
1.94869,0
1.94964,1
1.94964,0
1.95058,1
1.95058,0
1.95152,1
1.95152,0
1.95247,1
1.95247,0
1.95341,1
1.95341,0
1.95436,1
1.95436,0
1.9553,1
1.9553,0
1.95624,1
1.95624,0
1.95719,1
1.95719,0
1.95813,1
1.95813,0
1.95908,1
1.95908,0
1.96002,1
1.96002,0
1.96096,1
1.96096,0
1.96191,1
1.96191,0
1.96285,1
1.96285,0
1.9638,1
1.9638,0
1.96474,1
1.96474,0
1.96568,1
1.96568,0
1.96663,1
1.96663,0
1.96757,1
1.96757,0
1.96852,1
1.96852,0
1.96946,1
1.96946,0
1.9704,1
1.9704,0
1.97135,1
1.97135,0
1.97229,1
1.97229,0
1.97324,1
1.97324,0
1.97418,1
1.97418,0
1.97512,1
1.97512,0
1.97607,1
1.97607,0
1.97701,1
1.97701,0
1.97796,1
1.97796,0
1.9789,1
1.9789,0
1.97984,1
1.97984,0
1.98079,1
1.98079,0
1.98173,1
1.98173,0
1.98268,1
1.98268,0
1.98362,1
1.98362,0
1.98456,1
1.98456,0
1.98551,1
1.98551,0
1.98645,1
1.98645,0
1.9874,1
1.9874,0
1.98834,1
1.98834,0
1.98928,1
1.98928,0
1.99023,1
1.99023,0
1.99117,1
1.99117,0
1.99212,1
1.99212,0
1.99306,1
1.99306,0
1.994,1
1.994,0
1.99495,1
1.99495,0
1.99589,1
1.99589,0
1.99684,1
1.99684,0
1.99778,1
1.99778,0
1.99872,1
1.99872,0
1.99967,1
1.99967,0
2.00061,1
2.00061,0
2.00156,1
2.00156,0
2.0025,1
2.0025,0
2.00344,1
2.00344,0
2.00439,1
2.00439,0
2.00533,1
2.00533,0
2.00628,1
2.00628,0
2.00722,1
2.00722,0
2.00816,1
2.00816,0
2.00911,1
2.00911,0
2.01005,1
2.01005,0
2.011,1
2.011,0
2.01194,1
2.01194,0
2.01288,1
2.01288,0
2.01383,1
2.01383,0
2.01477,1
2.01477,0
2.01572,1
2.01572,0
2.01666,1
2.01666,0
2.0176,1
2.0176,0
2.01855,1
2.01855,0
2.01949,1
2.01949,0
2.02044,1
2.02044,0
2.02138,1
2.02138,0
2.02232,1
2.02232,0
2.02327,1
2.02327,0
2.02421,1
2.02421,0
2.02516,1
2.02516,0
2.0261,1
2.0261,0
2.02704,1
2.02704,0
2.02799,1
2.02799,0
2.02893,1
2.02893,0
2.02988,1
2.02988,0
2.03082,1
2.03082,0
2.03176,1
2.03176,0
2.03271,1
2.03271,0
2.03365,1
2.03365,0
2.0346,1
2.0346,0
2.03554,1
2.03554,0
2.03648,1
2.03648,0
2.03743,1
2.03743,0
2.03837,1
2.03837,0
2.03932,1
2.03932,0
2.04026,1
2.04026,0
2.0412,1
2.0412,0
2.04215,1
2.04215,0
2.04309,1
2.04309,0
2.04404,1
2.04404,0
2.04498,1
2.04498,0
2.04592,1
2.04592,0
2.04687,1
2.04687,0
2.04781,1
2.04781,0
2.04876,1
2.04876,0
2.0497,1
2.0497,0
2.05064,1
2.05064,0
2.05159,1
2.05159,0
2.05253,1
2.05253,0
2.05348,1
2.05348,0
2.05442,1
2.05442,0
2.05536,1
2.05536,0
2.05631,1
2.05631,0
2.05725,1
2.05725,0
2.0582,1
2.0582,0
2.05914,1
2.05914,0
2.06008,1
2.06008,0
2.06103,1
2.06103,0
2.06197,1
2.06197,0
2.06292,1
2.06292,0
2.06386,1
2.06386,0
2.0648,1
2.0648,0
2.06575,1
2.06575,0
2.06669,1
2.06669,0
2.06764,1
2.06764,0
2.06858,1
2.06858,0
2.06952,1
2.06952,0
2.07047,1
2.07047,0
2.07141,1
2.07141,0
2.07236,1
2.07236,0
2.0733,1
2.0733,0
2.07424,1
2.07424,0
2.07519,1
2.07519,0
2.07613,1
2.07613,0
2.07708,1
2.07708,0
2.07802,1
2.07802,0
2.07896,1
2.07896,0
2.07991,1
2.07991,0
2.08085,1
2.08085,0
2.0818,1
2.0818,0
2.08274,1
2.08274,0
2.08368,1
2.08368,0
2.08463,1
2.08463,0
2.08557,1
2.08557,0
2.08652,1
2.08652,0
2.08746,1
2.08746,0
2.0884,1
2.0884,0
2.08935,1
2.08935,0
2.09029,1
2.09029,0
2.09124,1
2.09124,0
2.09218,1
2.09218,0
2.09312,1
2.09312,0
2.09407,1
2.09407,0
2.09501,1
2.09501,0
2.09596,1
2.09596,0
2.0969,1
2.0969,0
2.09784,1
2.09784,0
2.09879,1
2.09879,0
2.09973,1
2.09973,0
2.10068,1
2.10068,0
2.10162,1
2.10162,0
2.10256,1
2.10256,0
2.10351,1
2.10351,0
2.10445,1
2.10445,0
2.1054,1
2.1054,0
2.10634,1
2.10634,0
2.10728,1
2.10728,0
2.10823,1
2.10823,0
2.10917,1
2.10917,0
2.11012,1
2.11012,0
2.11106,1
2.11106,0
2.112,1
2.112,0
2.11295,1
2.11295,0
2.11389,1
2.11389,0
2.11484,1
2.11484,0
2.11578,1
2.11578,0
2.11672,1
2.11672,0
2.11767,1
2.11767,0
2.11861,1
2.11861,0
2.11956,1
2.11956,0
2.1205,1
2.1205,0
2.12144,1
2.12144,0
2.12239,1
2.12239,0
2.12333,1
2.12333,0
2.12428,1
2.12428,0
2.12522,1
2.12522,0
2.12616,1
2.12616,0
2.12711,1
2.12711,0
2.12805,1
2.12805,0
2.129,1
2.129,0
2.12994,1
2.12994,0
2.13088,1
2.13088,0
2.13183,1
2.13183,0
2.13277,1
2.13277,0
2.13372,1
2.13372,0
2.13466,1
2.13466,0
2.1356,1
2.1356,0
2.13655,1
2.13655,0
2.13749,1
2.13749,0
2.13844,1
2.13844,0
2.13938,1
2.13938,0
2.14032,1
2.14032,0
2.14127,1
2.14127,0
2.14221,1
2.14221,0
2.14316,1
2.14316,0
2.1441,1
2.1441,0
2.14504,1
2.14504,0
2.14599,1
2.14599,0
2.14693,1
2.14693,0
2.14788,1
2.14788,0
2.14882,1
2.14882,0
2.14976,1
2.14976,0
2.15071,1
2.15071,0
2.15165,1
2.15165,0
2.1526,1
2.1526,0
2.15354,1
2.15354,0
2.15448,1
2.15448,0
2.15543,1
2.15543,0
2.15637,1
2.15637,0
2.15732,1
2.15732,0
2.15826,1
2.15826,0
2.1592,1
2.1592,0
2.16015,1
2.16015,0
2.16109,1
2.16109,0
2.16204,1
2.16204,0
2.16298,1
2.16298,0
2.16392,1
2.16392,0
2.16487,1
2.16487,0
2.16581,1
2.16581,0
2.16676,1
2.16676,0
2.1677,1
2.1677,0
2.16864,1
2.16864,0
2.16959,1
2.16959,0
2.17053,1
2.17053,0
2.17148,1
2.17148,0
2.17242,1
2.17242,0
2.17336,1
2.17336,0
2.17431,1
2.17431,0
2.17525,1
2.17525,0
2.1762,1
2.1762,0
2.17714,1
2.17714,0
2.17808,1
2.17808,0
2.17903,1
2.17903,0
2.17997,1
2.17997,0
2.18092,1
2.18092,0
2.18186,1
2.18186,0
2.1828,1
2.1828,0
2.18375,1
2.18375,0
2.18469,1
2.18469,0
2.18564,1
2.18564,0
2.18658,1
2.18658,0
2.18752,1
2.18752,0
2.18847,1
2.18847,0
2.18941,1
2.18941,0
2.19036,1
2.19036,0
2.1913,1
2.1913,0
2.19224,1
2.19224,0
2.19319,1
2.19319,0
2.19413,1
2.19413,0
2.19508,1
2.19508,0
2.19602,1
2.19602,0
2.19696,1
2.19696,0
2.19791,1
2.19791,0
2.19885,1
2.19885,0
2.1998,1
2.1998,0
2.20074,1
2.20074,0
2.20168,1
2.20168,0
2.20263,1
2.20263,0
2.20357,1
2.20357,0
2.20452,1
2.20452,0
2.20546,1
2.20546,0
2.2064,1
2.2064,0
2.20735,1
2.20735,0
2.20829,1
2.20829,0
2.20924,1
2.20924,0
2.21018,1
2.21018,0
2.21112,1
2.21112,0
2.21207,1
2.21207,0
2.21301,1
2.21301,0
2.21396,1
2.21396,0
2.2149,1
2.2149,0
2.21584,1
2.21584,0
2.21679,1
2.21679,0
2.21773,1
2.21773,0
2.21868,1
2.21868,0
2.21962,1
2.21962,0
2.22056,1
2.22056,0
2.22151,1
2.22151,0
2.22245,1
2.22245,0
2.2234,1
2.2234,0
2.22434,1
2.22434,0
2.22528,1
2.22528,0
2.22623,1
2.22623,0
2.22717,1
2.22717,0
2.22812,1
2.22812,0
2.22906,1
2.22906,0
2.23,1
2.23,0
2.23095,1
2.23095,0
2.23189,1
2.23189,0
2.23284,1
2.23284,0
2.23378,1
2.23378,0
2.23472,1
2.23472,0
2.23567,1
2.23567,0
2.23661,1
2.23661,0
2.23756,1
2.23756,0
2.2385,1
2.2385,0
2.23944,1
2.23944,0
2.24039,1
2.24039,0
2.24133,1
2.24133,0
2.24228,1
2.24228,0
2.24322,1
2.24322,0
2.24416,1
2.24416,0
2.24511,1
2.24511,0
2.24605,1
2.24605,0
2.247,1
2.247,0
2.24794,1
2.24794,0
2.24888,1
2.24888,0
2.24983,1
2.24983,0
2.25077,1
2.25077,0
2.25172,1
2.25172,0
2.25266,1
2.25266,0
2.2536,1
2.2536,0
2.25455,1
2.25455,0
2.25549,1
2.25549,0
2.25644,1
2.25644,0
2.25738,1
2.25738,0
2.25832,1
2.25832,0
2.25927,1
2.25927,0
2.26021,1
2.26021,0
2.26116,1
2.26116,0
2.2621,1
2.2621,0
2.26304,1
2.26304,0
2.26399,1
2.26399,0
2.26493,1
2.26493,0
2.26588,1
2.26588,0
2.26682,1
2.26682,0
2.26776,1
2.26776,0
2.26871,1
2.26871,0
2.26965,1
2.26965,0
2.2706,1
2.2706,0
2.27154,1
2.27154,0
2.27248,1
2.27248,0
2.27343,1
2.27343,0
2.27437,1
2.27437,0
2.27532,1
2.27532,0
2.27626,1
2.27626,0
2.2772,1
2.2772,0
2.27815,1
2.27815,0
2.27909,1
2.27909,0
2.28004,1
2.28004,0
2.28098,1
2.28098,0
2.28192,1
2.28192,0
2.28287,1
2.28287,0
2.28381,1
2.28381,0
2.28476,1
2.28476,0
2.2857,1
2.2857,0
2.28664,1
2.28664,0
2.28759,1
2.28759,0
2.28853,1
2.28853,0
2.28948,1
2.28948,0
2.29042,1
2.29042,0
2.29136,1
2.29136,0
2.29231,1
2.29231,0
2.29325,1
2.29325,0
2.2942,1
2.2942,0
2.29514,1
2.29514,0
2.29608,1
2.29608,0
2.29703,1
2.29703,0
2.29797,1
2.29797,0
2.29892,1
2.29892,0
2.29986,1
2.29986,0
2.3008,1
2.3008,0
2.30175,1
2.30175,0
2.30269,1
2.30269,0
2.30364,1
2.30364,0
2.30458,1
2.30458,0
2.30552,1
2.30552,0
2.30647,1
2.30647,0
2.30741,1
2.30741,0
2.30836,1
2.30836,0
2.3093,1
2.3093,0
2.31024,1
2.31024,0
2.31119,1
2.31119,0
2.31213,1
2.31213,0
2.31308,1
2.31308,0
2.31402,1
2.31402,0
2.31496,1
2.31496,0
2.31591,1
2.31591,0
2.31685,1
2.31685,0
2.3178,1
2.3178,0
2.31874,1
2.31874,0
2.31968,1
2.31968,0
2.32063,1
2.32063,0
2.32157,1
2.32157,0
2.32252,1
2.32252,0
2.32346,1
2.32346,0
2.3244,1
2.3244,0
2.32535,1
2.32535,0
2.32629,1
2.32629,0
2.32724,1
2.32724,0
2.32818,1
2.32818,0
2.32912,1
2.32912,0
2.33007,1
2.33007,0
2.33101,1
2.33101,0
2.33196,1
2.33196,0
2.3329,1
2.3329,0
2.33384,1
2.33384,0
2.33479,1
2.33479,0
2.33573,1
2.33573,0
2.33668,1
2.33668,0
2.33762,1
2.33762,0
2.33856,1
2.33856,0
2.33951,1
2.33951,0
2.34045,1
2.34045,0
2.3414,1
2.3414,0
2.34234,1
2.34234,0
2.34328,1
2.34328,0
2.34423,1
2.34423,0
2.34517,1
2.34517,0
2.34612,1
2.34612,0
2.34706,1
2.34706,0
2.348,1
2.348,0
2.34895,1
2.34895,0
2.34989,1
2.34989,0
2.35084,1
2.35084,0
2.35178,1
2.35178,0
2.35272,1
2.35272,0
2.35367,1
2.35367,0
2.35461,1
2.35461,0
2.35556,1
2.35556,0
2.3565,1
2.3565,0
2.35744,1
2.35744,0
2.35839,1
2.35839,0
2.35933,1
2.35933,0
2.36028,1
2.36028,0
2.36122,1
2.36122,0
2.36216,1
2.36216,0
2.36311,1
2.36311,0
2.36405,1
2.36405,0
2.365,1
2.365,0
2.36594,1
2.36594,0
2.36688,1
2.36688,0
2.36783,1
2.36783,0
2.36877,1
2.36877,0
2.36972,1
2.36972,0
2.37066,1
2.37066,0
2.3716,1
2.3716,0
2.37255,1
2.37255,0
2.37349,1
2.37349,0
2.37444,1
2.37444,0
2.37538,1
2.37538,0
2.37632,1
2.37632,0
2.37727,1
2.37727,0
2.37821,1
2.37821,0
2.37916,1
2.37916,0
2.3801,1
2.3801,0
2.38104,1
2.38104,0
2.38199,1
2.38199,0
2.38293,1
2.38293,0
2.38388,1
2.38388,0
2.38482,1
2.38482,0
2.38576,1
2.38576,0
2.38671,1
2.38671,0
2.38765,1
2.38765,0
2.3886,1
2.3886,0
2.38954,1
2.38954,0
2.39048,1
2.39048,0
2.39143,1
2.39143,0
2.39237,1
2.39237,0
2.39332,1
2.39332,0
2.39426,1
2.39426,0
2.3952,1
2.3952,0
2.39615,1
2.39615,0
2.39709,1
2.39709,0
2.39804,1
2.39804,0
2.39898,1
2.39898,0
2.39992,1
2.39992,0
2.40087,1
2.40087,0
2.40181,1
2.40181,0
2.40276,1
2.40276,0
2.4037,1
2.4037,0
2.40464,1
2.40464,0
2.40559,1
2.40559,0
2.40653,1
2.40653,0
2.40748,1
2.40748,0
2.40842,1
2.40842,0
2.40936,1
2.40936,0
2.41031,1
2.41031,0
2.41125,1
2.41125,0
2.4122,1
2.4122,0
2.41314,1
2.41314,0
2.41408,1
2.41408,0
2.41503,1
2.41503,0
2.41597,1
2.41597,0
2.41692,1
2.41692,0
2.41786,1
2.41786,0
2.4188,1
2.4188,0
2.41975,1
2.41975,0
2.42069,1
2.42069,0
2.42164,1
2.42164,0
2.42258,1
2.42258,0
2.42352,1
2.42352,0
2.42447,1
2.42447,0
2.42541,1
2.42541,0
2.42636,1
2.42636,0
2.4273,1
2.4273,0
2.42824,1
2.42824,0
2.42919,1
2.42919,0
2.43013,1
2.43013,0
2.43108,1
2.43108,0
2.43202,1
2.43202,0
2.43296,1
2.43296,0
2.43391,1
2.43391,0
2.43485,1
2.43485,0
2.4358,1
2.4358,0
2.43674,1
2.43674,0
2.43768,1
2.43768,0
2.43863,1
2.43863,0
2.43957,1
2.43957,0
2.44052,1
2.44052,0
2.44146,1
2.44146,0
2.4424,1
2.4424,0
2.44335,1
2.44335,0
2.44429,1
2.44429,0
2.44524,1
2.44524,0
2.44618,1
2.44618,0
2.44712,1
2.44712,0
2.44807,1
2.44807,0
2.44901,1
2.44901,0
2.44996,1
2.44996,0
2.4509,1
2.4509,0
2.45184,1
2.45184,0
2.45279,1
2.45279,0
2.45373,1
2.45373,0
2.45468,1
2.45468,0
2.45562,1
2.45562,0
2.45656,1
2.45656,0
2.45751,1
2.45751,0
2.45845,1
2.45845,0
2.4594,1
2.4594,0
2.46034,1
2.46034,0
2.46128,1
2.46128,0
2.46223,1
2.46223,0
2.46317,1
2.46317,0
2.46412,1
2.46412,0
2.46506,1
2.46506,0
2.466,1
2.466,0
2.46695,1
2.46695,0
2.46789,1
2.46789,0
2.46884,1
2.46884,0
2.46978,1
2.46978,0
2.47072,1
2.47072,0
2.47167,1
2.47167,0
2.47261,1
2.47261,0
2.47356,1
2.47356,0
2.4745,1
2.4745,0
2.47544,1
2.47544,0
2.47639,1
2.47639,0
2.47733,1
2.47733,0
2.47828,1
2.47828,0
2.47922,1
2.47922,0
2.48016,1
2.48016,0
2.48111,1
2.48111,0
2.48205,1
2.48205,0
2.483,1
2.483,0
2.48394,1
2.48394,0
2.48488,1
2.48488,0
2.48583,1
2.48583,0
2.48677,1
2.48677,0
2.48772,1
2.48772,0
2.48866,1
2.48866,0
2.4896,1
2.4896,0
2.49055,1
2.49055,0
2.49149,1
2.49149,0
2.49244,1
2.49244,0
2.49338,1
2.49338,0
2.49432,1
2.49432,0
2.49527,1
2.49527,0
2.49621,1
2.49621,0
2.49716,1
2.49716,0
2.4981,1
2.4981,0
2.49904,1
2.49904,0
2.49999,1
2.49999,0
2.50093,1
2.50093,0
2.50188,1
2.50188,0
2.50282,1
2.50282,0
2.50376,1
2.50376,0
2.50471,1
2.50471,0
2.50565,1
2.50565,0
2.5066,1
2.5066,0
2.50754,1
2.50754,0
2.50848,1
2.50848,0
2.50943,1
2.50943,0
2.51037,1
2.51037,0
2.51132,1
2.51132,0
2.51226,1
2.51226,0
2.5132,1
2.5132,0
2.51415,1
2.51415,0
2.51509,1
2.51509,0
2.51604,1
2.51604,0
2.51698,1
2.51698,0
2.51792,1
2.51792,0
2.51887,1
2.51887,0
2.51981,1
2.51981,0
2.52076,1
2.52076,0
2.5217,1
2.5217,0
2.52264,1
2.52264,0
2.52359,1
2.52359,0
2.52453,1
2.52453,0
2.52548,1
2.52548,0
2.52642,1
2.52642,0
2.52736,1
2.52736,0
2.52831,1
2.52831,0
2.52925,1
2.52925,0
2.5302,1
2.5302,0
2.53114,1
2.53114,0
2.53208,1
2.53208,0
2.53303,1
2.53303,0
2.53397,1
2.53397,0
2.53492,1
2.53492,0
2.53586,1
2.53586,0
2.5368,1
2.5368,0
2.53775,1
2.53775,0
2.53869,1
2.53869,0
2.53964,1
2.53964,0
2.54058,1
2.54058,0
2.54152,1
2.54152,0
2.54247,1
2.54247,0
2.54341,1
2.54341,0
2.54436,1
2.54436,0
2.5453,1
2.5453,0
2.54624,1
2.54624,0
2.54719,1
2.54719,0
2.54813,1
2.54813,0
2.54908,1
2.54908,0
2.55002,1
2.55002,0
2.55096,1
2.55096,0
2.55191,1
2.55191,0
2.55285,1
2.55285,0
2.5538,1
2.5538,0
2.55474,1
2.55474,0
2.55568,1
2.55568,0
2.55663,1
2.55663,0
2.55757,1
2.55757,0
2.55852,1
2.55852,0
2.55946,1
2.55946,0
2.5604,1
2.5604,0
2.56135,1
2.56135,0
2.56229,1
2.56229,0
2.56324,1
2.56324,0
2.56418,1
2.56418,0
2.56512,1
2.56512,0
2.56607,1
2.56607,0
2.56701,1
2.56701,0
2.56796,1
2.56796,0
2.5689,1
2.5689,0
2.56984,1
2.56984,0
2.57079,1
2.57079,0
2.57173,1
2.57173,0
2.57268,1
2.57268,0
2.57362,1
2.57362,0
2.57456,1
2.57456,0
2.57551,1
2.57551,0
2.57645,1
2.57645,0
2.5774,1
2.5774,0
2.57834,1
2.57834,0
2.57928,1
2.57928,0
2.58023,1
2.58023,0
2.58117,1
2.58117,0
2.58212,1
2.58212,0
2.58306,1
2.58306,0
2.584,1
2.584,0
2.58495,1
2.58495,0
2.58589,1
2.58589,0
2.58684,1
2.58684,0
2.58778,1
2.58778,0
2.58872,1
2.58872,0
2.58967,1
2.58967,0
2.59061,1
2.59061,0
2.59156,1
2.59156,0
2.5925,1
2.5925,0
2.59344,1
2.59344,0
2.59439,1
2.59439,0
2.59533,1
2.59533,0
2.59628,1
2.59628,0
2.59722,1
2.59722,0
2.59816,1
2.59816,0
2.59911,1
2.59911,0
2.60005,1
2.60005,0
2.601,1
2.601,0
2.60194,1
2.60194,0
2.60288,1
2.60288,0
2.60383,1
2.60383,0
2.60477,1
2.60477,0
2.60572,1
2.60572,0
2.60666,1
2.60666,0
2.6076,1
2.6076,0
2.60855,1
2.60855,0
2.60949,1
2.60949,0
2.61044,1
2.61044,0
2.61138,1
2.61138,0
2.61232,1
2.61232,0
2.61327,1
2.61327,0
2.61421,1
2.61421,0
2.61516,1
2.61516,0
2.6161,1
2.6161,0
2.61704,1
2.61704,0
2.61799,1
2.61799,0
2.61893,1
2.61893,0
2.61988,1
2.61988,0
2.62082,1
2.62082,0
2.62176,1
2.62176,0
2.62271,1
2.62271,0
2.62365,1
2.62365,0
2.6246,1
2.6246,0
2.62554,1
2.62554,0
2.62648,1
2.62648,0
2.62743,1
2.62743,0
2.62837,1
2.62837,0
2.62932,1
2.62932,0
2.63026,1
2.63026,0
2.6312,1
2.6312,0
2.63215,1
2.63215,0
2.63309,1
2.63309,0
2.63404,1
2.63404,0
2.63498,1
2.63498,0
2.63592,1
2.63592,0
2.63687,1
2.63687,0
2.63781,1
2.63781,0
2.63876,1
2.63876,0
2.6397,1
2.6397,0
2.64064,1
2.64064,0
2.64159,1
2.64159,0
2.64253,1
2.64253,0
2.64348,1
2.64348,0
2.64442,1
2.64442,0
2.64536,1
2.64536,0
2.64631,1
2.64631,0
2.64725,1
2.64725,0
2.6482,1
2.6482,0
2.64914,1
2.64914,0
2.65008,1
2.65008,0
2.65103,1
2.65103,0
2.65197,1
2.65197,0
2.65292,1
2.65292,0
2.65386,1
2.65386,0
2.6548,1
2.6548,0
2.65575,1
2.65575,0
2.65669,1
2.65669,0
2.65764,1
2.65764,0
2.65858,1
2.65858,0
2.65952,1
2.65952,0
2.66047,1
2.66047,0
2.66141,1
2.66141,0
2.66236,1
2.66236,0
2.6633,1
2.6633,0
2.66424,1
2.66424,0
2.66519,1
2.66519,0
2.66613,1
2.66613,0
2.66708,1
2.66708,0
2.66802,1
2.66802,0
2.66896,1
2.66896,0
2.66991,1
2.66991,0
2.67085,1
2.67085,0
2.6718,1
2.6718,0
2.67274,1
2.67274,0
2.67368,1
2.67368,0
2.67463,1
2.67463,0
2.67557,1
2.67557,0
2.67652,1
2.67652,0
2.67746,1
2.67746,0
2.6784,1
2.6784,0
2.67935,1
2.67935,0
2.68029,1
2.68029,0
2.68124,1
2.68124,0
2.68218,1
2.68218,0
2.68312,1
2.68312,0
2.68407,1
2.68407,0
2.68501,1
2.68501,0
2.68596,1
2.68596,0
2.6869,1
2.6869,0
2.68784,1
2.68784,0
2.68879,1
2.68879,0
2.68973,1
2.68973,0
2.69068,1
2.69068,0
2.69162,1
2.69162,0
2.69256,1
2.69256,0
2.69351,1
2.69351,0
2.69445,1
2.69445,0
2.6954,1
2.6954,0
2.69634,1
2.69634,0
2.69728,1
2.69728,0
2.69823,1
2.69823,0
2.69917,1
2.69917,0
2.70012,1
2.70012,0
2.70106,1
2.70106,0
2.702,1
2.702,0
2.70295,1
2.70295,0
2.70389,1
2.70389,0
2.70484,1
2.70484,0
2.70578,1
2.70578,0
2.70672,1
2.70672,0
2.70767,1
2.70767,0
2.70861,1
2.70861,0
2.70956,1
2.70956,0
2.7105,1
2.7105,0
2.71144,1
2.71144,0
2.71239,1
2.71239,0
2.71333,1
2.71333,0
2.71428,1
2.71428,0
2.71522,1
2.71522,0
2.71616,1
2.71616,0
2.71711,1
2.71711,0
2.71805,1
2.71805,0
2.719,1
2.719,0
2.71994,1
2.71994,0
2.72088,1
2.72088,0
2.72183,1
2.72183,0
2.72277,1
2.72277,0
2.72372,1
2.72372,0
2.72466,1
2.72466,0
2.7256,1
2.7256,0
2.72655,1
2.72655,0
2.72749,1
2.72749,0
2.72844,1
2.72844,0
2.72938,1
2.72938,0
2.73032,1
2.73032,0
2.73127,1
2.73127,0
2.73221,1
2.73221,0
2.73316,1
2.73316,0
2.7341,1
2.7341,0
2.73504,1
2.73504,0
2.73599,1
2.73599,0
2.73693,1
2.73693,0
2.73788,1
2.73788,0
2.73882,1
2.73882,0
2.73976,1
2.73976,0
2.74071,1
2.74071,0
2.74165,1
2.74165,0
2.7426,1
2.7426,0
2.74354,1
2.74354,0
2.74448,1
2.74448,0
2.74543,1
2.74543,0
2.74637,1
2.74637,0
2.74732,1
2.74732,0
2.74826,1
2.74826,0
2.7492,1
2.7492,0
2.75015,1
2.75015,0
2.75109,1
2.75109,0
2.75204,1
2.75204,0
2.75298,1
2.75298,0
2.75392,1
2.75392,0
2.75487,1
2.75487,0
2.75581,1
2.75581,0
2.75676,1
2.75676,0
2.7577,1
2.7577,0
2.75864,1
2.75864,0
2.75959,1
2.75959,0
2.76053,1
2.76053,0
2.76148,1
2.76148,0
2.76242,1
2.76242,0
2.76336,1
2.76336,0
2.76431,1
2.76431,0
2.76525,1
2.76525,0
2.7662,1
2.7662,0
2.76714,1
2.76714,0
2.76808,1
2.76808,0
2.76903,1
2.76903,0
2.76997,1
2.76997,0
2.77092,1
2.77092,0
2.77186,1
2.77186,0
2.7728,1
2.7728,0
2.77375,1
2.77375,0
2.77469,1
2.77469,0
2.77564,1
2.77564,0
2.77658,1
2.77658,0
2.77752,1
2.77752,0
2.77847,1
2.77847,0
2.77941,1
2.77941,0
2.78036,1
2.78036,0
2.7813,1
2.7813,0
2.78224,1
2.78224,0
2.78319,1
2.78319,0
2.78413,1
2.78413,0
2.78508,1
2.78508,0
2.78602,1
2.78602,0
2.78696,1
2.78696,0
2.78791,1
2.78791,0
2.78885,1
2.78885,0
2.7898,1
2.7898,0
2.79074,1
2.79074,0
2.79168,1
2.79168,0
2.79263,1
2.79263,0
2.79357,1
2.79357,0
2.79452,1
2.79452,0
2.79546,1
2.79546,0
2.7964,1
2.7964,0
2.79735,1
2.79735,0
2.79829,1
2.79829,0
2.79924,1
2.79924,0
2.80018,1
2.80018,0
2.80112,1
2.80112,0
2.80207,1
2.80207,0
2.80301,1
2.80301,0
2.80396,1
2.80396,0
2.8049,1
2.8049,0
2.80584,1
2.80584,0
2.80679,1
2.80679,0
2.80773,1
2.80773,0
2.80868,1
2.80868,0
2.80962,1
2.80962,0
2.81056,1
2.81056,0
2.81151,1
2.81151,0
2.81245,1
2.81245,0
2.8134,1
2.8134,0
2.81434,1
2.81434,0
2.81528,1
2.81528,0
2.81623,1
2.81623,0
2.81717,1
2.81717,0
2.81812,1
2.81812,0
2.81906,1
2.81906,0
2.82,1
2.82,0
2.82095,1
2.82095,0
2.82189,1
2.82189,0
2.82284,1
2.82284,0
2.82378,1
2.82378,0
2.82472,1
2.82472,0
2.82567,1
2.82567,0
2.82661,1
2.82661,0
2.82756,1
2.82756,0
2.8285,1
2.8285,0
2.82944,1
2.82944,0
2.83039,1
2.83039,0
2.83133,1
2.83133,0
2.83228,1
2.83228,0
2.83322,1
2.83322,0
2.83416,1
2.83416,0
2.83511,1
2.83511,0
2.83605,1
2.83605,0
2.837,1
2.837,0
2.83794,1
2.83794,0
2.83888,1
2.83888,0
2.83983,1
2.83983,0
2.84077,1
2.84077,0
2.84172,1
2.84172,0
2.84266,1
2.84266,0
2.8436,1
2.8436,0
2.84455,1
2.84455,0
2.84549,1
2.84549,0
2.84644,1
2.84644,0
2.84738,1
2.84738,0
2.84832,1
2.84832,0
2.84927,1
2.84927,0
2.85021,1
2.85021,0
2.85116,1
2.85116,0
2.8521,1
2.8521,0
2.85304,1
2.85304,0
2.85399,1
2.85399,0
2.85493,1
2.85493,0
2.85588,1
2.85588,0
2.85682,1
2.85682,0
2.85776,1
2.85776,0
2.85871,1
2.85871,0
2.85965,1
2.85965,0
2.8606,1
2.8606,0
2.86154,1
2.86154,0
2.86248,1
2.86248,0
2.86343,1
2.86343,0
2.86437,1
2.86437,0
2.86532,1
2.86532,0
2.86626,1
2.86626,0
2.8672,1
2.8672,0
2.86815,1
2.86815,0
2.86909,1
2.86909,0
2.87004,1
2.87004,0
2.87098,1
2.87098,0
2.87192,1
2.87192,0
2.87287,1
2.87287,0
2.87381,1
2.87381,0
2.87476,1
2.87476,0
2.8757,1
2.8757,0
2.87664,1
2.87664,0
2.87759,1
2.87759,0
2.87853,1
2.87853,0
2.87948,1
2.87948,0
2.88042,1
2.88042,0
2.88136,1
2.88136,0
2.88231,1
2.88231,0
2.88325,1
2.88325,0
2.8842,1
2.8842,0
2.88514,1
2.88514,0
2.88608,1
2.88608,0
2.88703,1
2.88703,0
2.88797,1
2.88797,0
2.88892,1
2.88892,0
2.88986,1
2.88986,0
2.8908,1
2.8908,0
2.89175,1
2.89175,0
2.89269,1
2.89269,0
2.89364,1
2.89364,0
2.89458,1
2.89458,0
2.89552,1
2.89552,0
2.89647,1
2.89647,0
2.89741,1
2.89741,0
2.89836,1
2.89836,0
2.8993,1
2.8993,0
2.90024,1
2.90024,0
2.90119,1
2.90119,0
2.90213,1
2.90213,0
2.90308,1
2.90308,0
2.90402,1
2.90402,0
2.90496,1
2.90496,0
2.90591,1
2.90591,0
2.90685,1
2.90685,0
2.9078,1
2.9078,0
2.90874,1
2.90874,0
2.90968,1
2.90968,0
2.91063,1
2.91063,0
2.91157,1
2.91157,0
2.91252,1
2.91252,0
2.91346,1
2.91346,0
2.9144,1
2.9144,0
2.91535,1
2.91535,0
2.91629,1
2.91629,0
2.91724,1
2.91724,0
2.91818,1
2.91818,0
2.91912,1
2.91912,0
2.92007,1
2.92007,0
2.92101,1
2.92101,0
2.92196,1
2.92196,0
2.9229,1
2.9229,0
2.92384,1
2.92384,0
2.92479,1
2.92479,0
2.92573,1
2.92573,0
2.92668,1
2.92668,0
2.92762,1
2.92762,0
2.92856,1
2.92856,0
2.92951,1
2.92951,0
2.93045,1
2.93045,0
2.9314,1
2.9314,0
2.93234,1
2.93234,0
2.93328,1
2.93328,0
2.93423,1
2.93423,0
2.93517,1
2.93517,0
2.93612,1
2.93612,0
2.93706,1
2.93706,0
2.938,1
2.938,0
2.93895,1
2.93895,0
2.93989,1
2.93989,0
2.94084,1
2.94084,0
2.94178,1
2.94178,0
2.94272,1
2.94272,0
2.94367,1
2.94367,0
2.94461,1
2.94461,0
2.94556,1
2.94556,0
2.9465,1
2.9465,0
2.94744,1
2.94744,0
2.94839,1
2.94839,0
2.94933,1
2.94933,0
2.95028,1
2.95028,0
2.95122,1
2.95122,0
2.95216,1
2.95216,0
2.95311,1
2.95311,0
2.95405,1
2.95405,0
2.955,1
2.955,0
2.95594,1
2.95594,0
2.95688,1
2.95688,0
2.95783,1
2.95783,0
2.95877,1
2.95877,0
2.95972,1
2.95972,0
2.96066,1
2.96066,0
2.9616,1
2.9616,0
2.96255,1
2.96255,0
2.96349,1
2.96349,0
2.96444,1
2.96444,0
2.96538,1
2.96538,0
2.96632,1
2.96632,0
2.96727,1
2.96727,0
2.96821,1
2.96821,0
2.96916,1
2.96916,0
2.9701,1
2.9701,0
2.97104,1
2.97104,0
2.97199,1
2.97199,0
2.97293,1
2.97293,0
2.97388,1
2.97388,0
2.97482,1
2.97482,0
2.97576,1
2.97576,0
2.97671,1
2.97671,0
2.97765,1
2.97765,0
2.9786,1
2.9786,0
2.97954,1
2.97954,0
2.98048,1
2.98048,0
2.98143,1
2.98143,0
2.98237,1
2.98237,0
2.98332,1
2.98332,0
2.98426,1
2.98426,0
2.9852,1
2.9852,0
2.98615,1
2.98615,0
2.98709,1
2.98709,0
2.98804,1
2.98804,0
2.98898,1
2.98898,0
2.98992,1
2.98992,0
2.99087,1
2.99087,0
2.99181,1
2.99181,0
2.99276,1
2.99276,0
2.9937,1
2.9937,0
2.99464,1
2.99464,0
2.99559,1
2.99559,0
2.99653,1
2.99653,0
2.99748,1
2.99748,0
2.99842,1
2.99842,0
2.99936,1
2.99936,0
3.00031,1
3.00031,0
3.00125,1
3.00125,0
3.0022,1
3.0022,0
3.00314,1
3.00314,0
3.00408,1
3.00408,0
3.00503,1
3.00503,0
3.00597,1
3.00597,0
3.00692,1
3.00692,0
3.00786,1
3.00786,0
3.0088,1
3.0088,0
3.00975,1
3.00975,0
3.01069,1
3.01069,0
3.01164,1
3.01164,0
3.01258,1
3.01258,0
3.01352,1
3.01352,0
3.01447,1
3.01447,0
3.01541,1
3.01541,0
3.01636,1
3.01636,0
3.0173,1
3.0173,0
3.01824,1
3.01824,0
3.01919,1
3.01919,0
3.02013,1
3.02013,0
3.02108,1
3.02108,0
3.02202,1
3.02202,0
3.02296,1
3.02296,0
3.02391,1
3.02391,0
3.02485,1
3.02485,0
3.0258,1
3.0258,0
3.02674,1
3.02674,0
3.02768,1
3.02768,0
3.02863,1
3.02863,0
3.02957,1
3.02957,0
3.03052,1
3.03052,0
3.03146,1
3.03146,0
3.0324,1
3.0324,0
3.03335,1
3.03335,0
3.03429,1
3.03429,0
3.03524,1
3.03524,0
3.03618,1
3.03618,0
3.03712,1
3.03712,0
3.03807,1
3.03807,0
3.03901,1
3.03901,0
3.03996,1
3.03996,0
3.0409,1
3.0409,0
3.04184,1
3.04184,0
3.04279,1
3.04279,0
3.04373,1
3.04373,0
3.04468,1
3.04468,0
3.04562,1
3.04562,0
3.04656,1
3.04656,0
3.04751,1
3.04751,0
3.04845,1
3.04845,0
3.0494,1
3.0494,0
3.05034,1
3.05034,0
3.05128,1
3.05128,0
3.05223,1
3.05223,0
3.05317,1
3.05317,0
3.05412,1
3.05412,0
3.05506,1
3.05506,0
3.056,1
3.056,0
3.05695,1
3.05695,0
3.05789,1
3.05789,0
3.05884,1
3.05884,0
3.05978,1
3.05978,0
3.06072,1
3.06072,0
3.06167,1
3.06167,0
3.06261,1
3.06261,0
3.06356,1
3.06356,0
3.0645,1
3.0645,0
3.06544,1
3.06544,0
3.06639,1
3.06639,0
3.06733,1
3.06733,0
3.06828,1
3.06828,0
3.06922,1
3.06922,0
3.07016,1
3.07016,0
3.07111,1
3.07111,0
3.07205,1
3.07205,0
3.073,1
3.073,0
3.07394,1
3.07394,0
3.07488,1
3.07488,0
3.07583,1
3.07583,0
3.07677,1
3.07677,0
3.07772,1
3.07772,0
3.07866,1
3.07866,0
3.0796,1
3.0796,0
3.08055,1
3.08055,0
3.08149,1
3.08149,0
3.08244,1
3.08244,0
3.08338,1
3.08338,0
3.08432,1
3.08432,0
3.08527,1
3.08527,0
3.08621,1
3.08621,0
3.08716,1
3.08716,0
3.0881,1
3.0881,0
3.08904,1
3.08904,0
3.08999,1
3.08999,0
3.09093,1
3.09093,0
3.09188,1
3.09188,0
3.09282,1
3.09282,0
3.09376,1
3.09376,0
3.09471,1
3.09471,0
3.09565,1
3.09565,0
3.0966,1
3.0966,0
3.09754,1
3.09754,0
3.09848,1
3.09848,0
3.09943,1
3.09943,0
3.10037,1
3.10037,0
3.10132,1
3.10132,0
3.10226,1
3.10226,0
3.1032,1
3.1032,0
3.10415,1
3.10415,0
3.10509,1
3.10509,0
3.10604,1
3.10604,0
3.10698,1
3.10698,0
3.10792,1
3.10792,0
3.10887,1
3.10887,0
3.10981,1
3.10981,0
3.11076,1
3.11076,0
3.1117,1
3.1117,0
3.11264,1
3.11264,0
3.11359,1
3.11359,0
3.11453,1
3.11453,0
3.11548,1
3.11548,0
3.11642,1
3.11642,0
3.11736,1
3.11736,0
3.11831,1
3.11831,0
3.11925,1
3.11925,0
3.1202,1
3.1202,0
3.12114,1
3.12114,0
3.12208,1
3.12208,0
3.12303,1
3.12303,0
3.12397,1
3.12397,0
3.12492,1
3.12492,0
3.12586,1
3.12586,0
3.1268,1
3.1268,0
3.12775,1
3.12775,0
3.12869,1
3.12869,0
3.12964,1
3.12964,0
3.13058,1
3.13058,0
3.13152,1
3.13152,0
3.13247,1
3.13247,0
3.13341,1
3.13341,0
3.13436,1
3.13436,0
3.1353,1
3.1353,0
3.13624,1
3.13624,0
3.13719,1
3.13719,0
3.13813,1
3.13813,0
3.13908,1
3.13908,0
3.14002,1
3.14002,0
3.14096,1
3.14096,0
3.14191,1
3.14191,0
3.14285,1
3.14285,0
3.1438,1
3.1438,0
3.14474,1
3.14474,0
3.14568,1
3.14568,0
3.14663,1
3.14663,0
3.14757,1
3.14757,0
3.14852,1
3.14852,0
3.14946,1
3.14946,0
3.1504,1
3.1504,0
3.15135,1
3.15135,0
3.15229,1
3.15229,0
3.15324,1
3.15324,0
3.15418,1
3.15418,0
3.15512,1
3.15512,0
3.15607,1
3.15607,0
3.15701,1
3.15701,0
3.15796,1
3.15796,0
3.1589,1
3.1589,0
3.15984,1
3.15984,0
3.16079,1
3.16079,0
3.16173,1
3.16173,0
3.16268,1
3.16268,0
3.16362,1
3.16362,0
3.16456,1
3.16456,0
3.16551,1
3.16551,0
3.16645,1
3.16645,0
3.1674,1
3.1674,0
3.16834,1
3.16834,0
3.16928,1
3.16928,0
3.17023,1
3.17023,0
3.17117,1
3.17117,0
3.17212,1
3.17212,0
3.17306,1
3.17306,0
3.174,1
3.174,0
3.17495,1
3.17495,0
3.17589,1
3.17589,0
3.17684,1
3.17684,0
3.17778,1
3.17778,0
3.17872,1
3.17872,0
3.17967,1
3.17967,0
3.18061,1
3.18061,0
3.18156,1
3.18156,0
3.1825,1
3.1825,0
3.18344,1
3.18344,0
3.18439,1
3.18439,0
3.18533,1
3.18533,0
3.18628,1
3.18628,0
3.18722,1
3.18722,0
3.18816,1
3.18816,0
3.18911,1
3.18911,0
3.19005,1
3.19005,0
3.191,1
3.191,0
3.19194,1
3.19194,0
3.19288,1
3.19288,0
3.19383,1
3.19383,0
3.19477,1
3.19477,0
3.19572,1
3.19572,0
3.19666,1
3.19666,0
3.1976,1
3.1976,0
3.19855,1
3.19855,0
3.19949,1
3.19949,0
3.20044,1
3.20044,0
3.20138,1
3.20138,0
3.20232,1
3.20232,0
3.20327,1
3.20327,0
3.20421,1
3.20421,0
3.20516,1
3.20516,0
3.2061,1
3.2061,0
3.20704,1
3.20704,0
3.20799,1
3.20799,0
3.20893,1
3.20893,0
3.20988,1
3.20988,0
3.21082,1
3.21082,0
3.21176,1
3.21176,0
3.21271,1
3.21271,0
3.21365,1
3.21365,0
3.2146,1
3.2146,0
3.21554,1
3.21554,0
3.21648,1
3.21648,0
3.21743,1
3.21743,0
3.21837,1
3.21837,0
3.21932,1
3.21932,0
3.22026,1
3.22026,0
3.2212,1
3.2212,0
3.22215,1
3.22215,0
3.22309,1
3.22309,0
3.22404,1
3.22404,0
3.22498,1
3.22498,0
3.22592,1
3.22592,0
3.22687,1
3.22687,0
3.22781,1
3.22781,0
3.22876,1
3.22876,0
3.2297,1
3.2297,0
3.23064,1
3.23064,0
3.23159,1
3.23159,0
3.23253,1
3.23253,0
3.23348,1
3.23348,0
3.23442,1
3.23442,0
3.23536,1
3.23536,0
3.23631,1
3.23631,0
3.23725,1
3.23725,0
3.2382,1
3.2382,0
3.23914,1
3.23914,0
3.24008,1
3.24008,0
3.24103,1
3.24103,0
3.24197,1
3.24197,0
3.24292,1
3.24292,0
3.24386,1
3.24386,0
3.2448,1
3.2448,0
3.24575,1
3.24575,0
3.24669,1
3.24669,0
3.24764,1
3.24764,0
3.24858,1
3.24858,0
3.24952,1
3.24952,0
3.25047,1
3.25047,0
3.25141,1
3.25141,0
3.25236,1
3.25236,0
3.2533,1
3.2533,0
3.25424,1
3.25424,0
3.25519,1
3.25519,0
3.25613,1
3.25613,0
3.25708,1
3.25708,0
3.25802,1
3.25802,0
3.25896,1
3.25896,0
3.25991,1
3.25991,0
3.26085,1
3.26085,0
3.2618,1
3.2618,0
3.26274,1
3.26274,0
3.26368,1
3.26368,0
3.26463,1
3.26463,0
3.26557,1
3.26557,0
3.26652,1
3.26652,0
3.26746,1
3.26746,0
3.2684,1
3.2684,0
3.26935,1
3.26935,0
3.27029,1
3.27029,0
3.27124,1
3.27124,0
3.27218,1
3.27218,0
3.27312,1
3.27312,0
3.27407,1
3.27407,0
3.27501,1
3.27501,0
3.27596,1
3.27596,0
3.2769,1
3.2769,0
3.27784,1
3.27784,0
3.27879,1
3.27879,0
3.27973,1
3.27973,0
3.28068,1
3.28068,0
3.28162,1
3.28162,0
3.28256,1
3.28256,0
3.28351,1
3.28351,0
3.28445,1
3.28445,0
3.2854,1
3.2854,0
3.28634,1
3.28634,0
3.28728,1
3.28728,0
3.28823,1
3.28823,0
3.28917,1
3.28917,0
3.29012,1
3.29012,0
3.29106,1
3.29106,0
3.292,1
3.292,0
3.29295,1
3.29295,0
3.29389,1
3.29389,0
3.29484,1
3.29484,0
3.29578,1
3.29578,0
3.29672,1
3.29672,0
3.29767,1
3.29767,0
3.29861,1
3.29861,0
3.29956,1
3.29956,0
3.3005,1
3.3005,0
3.30144,1
3.30144,0
3.30239,1
3.30239,0
3.30333,1
3.30333,0
3.30428,1
3.30428,0
3.30522,1
3.30522,0
3.30616,1
3.30616,0
3.30711,1
3.30711,0
3.30805,1
3.30805,0
3.309,1
3.309,0
3.30994,1
3.30994,0
3.31088,1
3.31088,0
3.31183,1
3.31183,0
3.31277,1
3.31277,0
3.31372,1
3.31372,0
3.31466,1
3.31466,0
3.3156,1
3.3156,0
3.31655,1
3.31655,0
3.31749,1
3.31749,0
3.31844,1
3.31844,0
3.31938,1
3.31938,0
3.32032,1
3.32032,0
3.32127,1
3.32127,0
3.32221,1
3.32221,0
3.32316,1
3.32316,0
3.3241,1
3.3241,0
3.32504,1
3.32504,0
3.32599,1
3.32599,0
3.32693,1
3.32693,0
3.32788,1
3.32788,0
3.32882,1
3.32882,0
3.32976,1
3.32976,0
3.33071,1
3.33071,0
3.33165,1
3.33165,0
3.3326,1
3.3326,0
3.33354,1
3.33354,0
3.33448,1
3.33448,0
3.33543,1
3.33543,0
3.33637,1
3.33637,0
3.33732,1
3.33732,0
3.33826,1
3.33826,0
3.3392,1
3.3392,0
3.34015,1
3.34015,0
3.34109,1
3.34109,0
3.34204,1
3.34204,0
3.34298,1
3.34298,0
3.34392,1
3.34392,0
3.34487,1
3.34487,0
3.34581,1
3.34581,0
3.34676,1
3.34676,0
3.3477,1
3.3477,0
3.34864,1
3.34864,0
3.34959,1
3.34959,0
3.35053,1
3.35053,0
3.35148,1
3.35148,0
3.35242,1
3.35242,0
3.35336,1
3.35336,0
3.35431,1
3.35431,0
3.35525,1
3.35525,0
3.3562,1
3.3562,0
3.35714,1
3.35714,0
3.35808,1
3.35808,0
3.35903,1
3.35903,0
3.35997,1
3.35997,0
3.36092,1
3.36092,0
3.36186,1
3.36186,0
3.3628,1
3.3628,0
3.36375,1
3.36375,0
3.36469,1
3.36469,0
3.36564,1
3.36564,0
3.36658,1
3.36658,0
3.36752,1
3.36752,0
3.36847,1
3.36847,0
3.36941,1
3.36941,0
3.37036,1
3.37036,0
3.3713,1
3.3713,0
3.37224,1
3.37224,0
3.37319,1
3.37319,0
3.37413,1
3.37413,0
3.37508,1
3.37508,0
3.37602,1
3.37602,0
3.37696,1
3.37696,0
3.37791,1
3.37791,0
3.37885,1
3.37885,0
3.3798,1
3.3798,0
3.38074,1
3.38074,0
3.38168,1
3.38168,0
3.38263,1
3.38263,0
3.38357,1
3.38357,0
3.38452,1
3.38452,0
3.38546,1
3.38546,0
3.3864,1
3.3864,0
3.38735,1
3.38735,0
3.38829,1
3.38829,0
3.38924,1
3.38924,0
3.39018,1
3.39018,0
3.39112,1
3.39112,0
3.39207,1
3.39207,0
3.39301,1
3.39301,0
3.39396,1
3.39396,0
3.3949,1
3.3949,0
3.39584,1
3.39584,0
3.39679,1
3.39679,0
3.39773,1
3.39773,0
3.39868,1
3.39868,0
3.39962,1
3.39962,0
3.40056,1
3.40056,0
3.40151,1
3.40151,0
3.40245,1
3.40245,0
3.4034,1
3.4034,0
3.40434,1
3.40434,0
3.40528,1
3.40528,0
3.40623,1
3.40623,0
3.40717,1
3.40717,0
3.40812,1
3.40812,0
3.40906,1
3.40906,0
3.41,1
3.41,0
3.41095,1
3.41095,0
3.41189,1
3.41189,0
3.41284,1
3.41284,0
3.41378,1
3.41378,0
3.41472,1
3.41472,0
3.41567,1
3.41567,0
3.41661,1
3.41661,0
3.41756,1
3.41756,0
3.4185,1
3.4185,0
3.41944,1
3.41944,0
3.42039,1
3.42039,0
3.42133,1
3.42133,0
3.42228,1
3.42228,0
3.42322,1
3.42322,0
3.42416,1
3.42416,0
3.42511,1
3.42511,0
3.42605,1
3.42605,0
3.427,1
3.427,0
3.42794,1
3.42794,0
3.42888,1
3.42888,0
3.42983,1
3.42983,0
3.43077,1
3.43077,0
3.43172,1
3.43172,0
3.43266,1
3.43266,0
3.4336,1
3.4336,0
3.43455,1
3.43455,0
3.43549,1
3.43549,0
3.43644,1
3.43644,0
3.43738,1
3.43738,0
3.43832,1
3.43832,0
3.43927,1
3.43927,0
3.44021,1
3.44021,0
3.44116,1
3.44116,0
3.4421,1
3.4421,0
3.44304,1
3.44304,0
3.44399,1
3.44399,0
3.44493,1
3.44493,0
3.44588,1
3.44588,0
3.44682,1
3.44682,0
3.44776,1
3.44776,0
3.44871,1
3.44871,0
3.44965,1
3.44965,0
3.4506,1
3.4506,0
3.45154,1
3.45154,0
3.45248,1
3.45248,0
3.45343,1
3.45343,0
3.45437,1
3.45437,0
3.45532,1
3.45532,0
3.45626,1
3.45626,0
3.4572,1
3.4572,0
3.45815,1
3.45815,0
3.45909,1
3.45909,0
3.46004,1
3.46004,0
3.46098,1
3.46098,0
3.46192,1
3.46192,0
3.46287,1
3.46287,0
3.46381,1
3.46381,0
3.46476,1
3.46476,0
3.4657,1
3.4657,0
3.46664,1
3.46664,0
3.46759,1
3.46759,0
3.46853,1
3.46853,0
3.46948,1
3.46948,0
3.47042,1
3.47042,0
3.47136,1
3.47136,0
3.47231,1
3.47231,0
3.47325,1
3.47325,0
3.4742,1
3.4742,0
3.47514,1
3.47514,0
3.47608,1
3.47608,0
3.47703,1
3.47703,0
3.47797,1
3.47797,0
3.47892,1
3.47892,0
3.47986,1
3.47986,0
3.4808,1
3.4808,0
3.48175,1
3.48175,0
3.48269,1
3.48269,0
3.48364,1
3.48364,0
3.48458,1
3.48458,0
3.48552,1
3.48552,0
3.48647,1
3.48647,0
3.48741,1
3.48741,0
3.48836,1
3.48836,0
3.4893,1
3.4893,0
3.49024,1
3.49024,0
3.49119,1
3.49119,0
3.49213,1
3.49213,0
3.49308,1
3.49308,0
3.49402,1
3.49402,0
3.49496,1
3.49496,0
3.49591,1
3.49591,0
3.49685,1
3.49685,0
3.4978,1
3.4978,0
3.49874,1
3.49874,0
3.49968,1
3.49968,0
3.50063,1
3.50063,0
3.50157,1
3.50157,0
3.50252,1
3.50252,0
3.50346,1
3.50346,0
3.5044,1
3.5044,0
3.50535,1
3.50535,0
3.50629,1
3.50629,0
3.50724,1
3.50724,0
3.50818,1
3.50818,0
3.50912,1
3.50912,0
3.51007,1
3.51007,0
3.51101,1
3.51101,0
3.51196,1
3.51196,0
3.5129,1
3.5129,0
3.51384,1
3.51384,0
3.51479,1
3.51479,0
3.51573,1
3.51573,0
3.51668,1
3.51668,0
3.51762,1
3.51762,0
3.51856,1
3.51856,0
3.51951,1
3.51951,0
3.52045,1
3.52045,0
3.5214,1
3.5214,0
3.52234,1
3.52234,0
3.52328,1
3.52328,0
3.52423,1
3.52423,0
3.52517,1
3.52517,0
3.52612,1
3.52612,0
3.52706,1
3.52706,0
3.528,1
3.528,0
3.52895,1
3.52895,0
3.52989,1
3.52989,0
3.53084,1
3.53084,0
3.53178,1
3.53178,0
3.53272,1
3.53272,0
3.53367,1
3.53367,0
3.53461,1
3.53461,0
3.53556,1
3.53556,0
3.5365,1
3.5365,0
3.53744,1
3.53744,0
3.53839,1
3.53839,0
3.53933,1
3.53933,0
3.54028,1
3.54028,0
3.54122,1
3.54122,0
3.54216,1
3.54216,0
3.54311,1
3.54311,0
3.54405,1
3.54405,0
3.545,1
3.545,0
3.54594,1
3.54594,0
3.54688,1
3.54688,0
3.54783,1
3.54783,0
3.54877,1
3.54877,0
3.54972,1
3.54972,0
3.55066,1
3.55066,0
3.5516,1
3.5516,0
3.55255,1
3.55255,0
3.55349,1
3.55349,0
3.55444,1
3.55444,0
3.55538,1
3.55538,0
3.55632,1
3.55632,0
3.55727,1
3.55727,0
3.55821,1
3.55821,0
3.55916,1
3.55916,0
3.5601,1
3.5601,0
3.56104,1
3.56104,0
3.56199,1
3.56199,0
3.56293,1
3.56293,0
3.56388,1
3.56388,0
3.56482,1
3.56482,0
3.56576,1
3.56576,0
3.56671,1
3.56671,0
3.56765,1
3.56765,0
3.5686,1
3.5686,0
3.56954,1
3.56954,0
3.57048,1
3.57048,0
3.57143,1
3.57143,0
3.57237,1
3.57237,0
3.57332,1
3.57332,0
3.57426,1
3.57426,0
3.5752,1
3.5752,0
3.57615,1
3.57615,0
3.57709,1
3.57709,0
3.57804,1
3.57804,0
3.57898,1
3.57898,0
3.57992,1
3.57992,0
3.58087,1
3.58087,0
3.58181,1
3.58181,0
3.58276,1
3.58276,0
3.5837,1
3.5837,0
3.58464,1
3.58464,0
3.58559,1
3.58559,0
3.58653,1
3.58653,0
3.58748,1
3.58748,0
3.58842,1
3.58842,0
3.58936,1
3.58936,0
3.59031,1
3.59031,0
3.59125,1
3.59125,0
3.5922,1
3.5922,0
3.59314,1
3.59314,0
3.59408,1
3.59408,0
3.59503,1
3.59503,0
3.59597,1
3.59597,0
3.59692,1
3.59692,0
3.59786,1
3.59786,0
3.5988,1
3.5988,0
3.59975,1
3.59975,0
3.60069,1
3.60069,0
3.60164,1
3.60164,0
3.60258,1
3.60258,0
3.60352,1
3.60352,0
3.60447,1
3.60447,0
3.60541,1
3.60541,0
3.60636,1
3.60636,0
3.6073,1
3.6073,0
3.60824,1
3.60824,0
3.60919,1
3.60919,0
3.61013,1
3.61013,0
3.61108,1
3.61108,0
3.61202,1
3.61202,0
3.61296,1
3.61296,0
3.61391,1
3.61391,0
3.61485,1
3.61485,0
3.6158,1
3.6158,0
3.61674,1
3.61674,0
3.61768,1
3.61768,0
3.61863,1
3.61863,0
3.61957,1
3.61957,0
3.62052,1
3.62052,0
3.62146,1
3.62146,0
3.6224,1
3.6224,0
3.62335,1
3.62335,0
3.62429,1
3.62429,0
3.62524,1
3.62524,0
3.62618,1
3.62618,0
3.62712,1
3.62712,0
3.62807,1
3.62807,0
3.62901,1
3.62901,0
3.62996,1
3.62996,0
3.6309,1
3.6309,0
3.63184,1
3.63184,0
3.63279,1
3.63279,0
3.63373,1
3.63373,0
3.63468,1
3.63468,0
3.63562,1
3.63562,0
3.63656,1
3.63656,0
3.63751,1
3.63751,0
3.63845,1
3.63845,0
3.6394,1
3.6394,0
3.64034,1
3.64034,0
3.64128,1
3.64128,0
3.64223,1
3.64223,0
3.64317,1
3.64317,0
3.64412,1
3.64412,0
3.64506,1
3.64506,0
3.646,1
3.646,0
3.64695,1
3.64695,0
3.64789,1
3.64789,0
3.64884,1
3.64884,0
3.64978,1
3.64978,0
3.65072,1
3.65072,0
3.65167,1
3.65167,0
3.65261,1
3.65261,0
3.65356,1
3.65356,0
3.6545,1
3.6545,0
3.65544,1
3.65544,0
3.65639,1
3.65639,0
3.65733,1
3.65733,0
3.65828,1
3.65828,0
3.65922,1
3.65922,0
3.66016,1
3.66016,0
3.66111,1
3.66111,0
3.66205,1
3.66205,0
3.663,1
3.663,0
3.66394,1
3.66394,0
3.66488,1
3.66488,0
3.66583,1
3.66583,0
3.66677,1
3.66677,0
3.66772,1
3.66772,0
3.66866,1
3.66866,0
3.6696,1
3.6696,0
3.67055,1
3.67055,0
3.67149,1
3.67149,0
3.67244,1
3.67244,0
3.67338,1
3.67338,0
3.67432,1
3.67432,0
3.67527,1
3.67527,0
3.67621,1
3.67621,0
3.67716,1
3.67716,0
3.6781,1
3.6781,0
3.67904,1
3.67904,0
3.67999,1
3.67999,0
3.68093,1
3.68093,0
3.68188,1
3.68188,0
3.68282,1
3.68282,0
3.68376,1
3.68376,0
3.68471,1
3.68471,0
3.68565,1
3.68565,0
3.6866,1
3.6866,0
3.68754,1
3.68754,0
3.68848,1
3.68848,0
3.68943,1
3.68943,0
3.69037,1
3.69037,0
3.69132,1
3.69132,0
3.69226,1
3.69226,0
3.6932,1
3.6932,0
3.69415,1
3.69415,0
3.69509,1
3.69509,0
3.69604,1
3.69604,0
3.69698,1
3.69698,0
3.69792,1
3.69792,0
3.69887,1
3.69887,0
3.69981,1
3.69981,0
3.70076,1
3.70076,0
3.7017,1
3.7017,0
3.70264,1
3.70264,0
3.70359,1
3.70359,0
3.70453,1
3.70453,0
3.70548,1
3.70548,0
3.70642,1
3.70642,0
3.70736,1
3.70736,0
3.70831,1
3.70831,0
3.70925,1
3.70925,0
3.7102,1
3.7102,0
3.71114,1
3.71114,0
3.71208,1
3.71208,0
3.71303,1
3.71303,0
3.71397,1
3.71397,0
3.71492,1
3.71492,0
3.71586,1
3.71586,0
3.7168,1
3.7168,0
3.71775,1
3.71775,0
3.71869,1
3.71869,0
3.71964,1
3.71964,0
3.72058,1
3.72058,0
3.72152,1
3.72152,0
3.72247,1
3.72247,0
3.72341,1
3.72341,0
3.72436,1
3.72436,0
3.7253,1
3.7253,0
3.72624,1
3.72624,0
3.72719,1
3.72719,0
3.72813,1
3.72813,0
3.72908,1
3.72908,0
3.73002,1
3.73002,0
3.73096,1
3.73096,0
3.73191,1
3.73191,0
3.73285,1
3.73285,0
3.7338,1
3.7338,0
3.73474,1
3.73474,0
3.73568,1
3.73568,0
3.73663,1
3.73663,0
3.73757,1
3.73757,0
3.73852,1
3.73852,0
3.73946,1
3.73946,0
3.7404,1
3.7404,0
3.74135,1
3.74135,0
3.74229,1
3.74229,0
3.74324,1
3.74324,0
3.74418,1
3.74418,0
3.74512,1
3.74512,0
3.74607,1
3.74607,0
3.74701,1
3.74701,0
3.74796,1
3.74796,0
3.7489,1
3.7489,0
3.74984,1
3.74984,0
3.75079,1
3.75079,0
3.75173,1
3.75173,0
3.75268,1
3.75268,0
3.75362,1
3.75362,0
3.75456,1
3.75456,0
3.75551,1
3.75551,0
3.75645,1
3.75645,0
3.7574,1
3.7574,0
3.75834,1
3.75834,0
3.75928,1
3.75928,0
3.76023,1
3.76023,0
3.76117,1
3.76117,0
3.76212,1
3.76212,0
3.76306,1
3.76306,0
3.764,1
3.764,0
3.76495,1
3.76495,0
3.76589,1
3.76589,0
3.76684,1
3.76684,0
3.76778,1
3.76778,0
3.76872,1
3.76872,0
3.76967,1
3.76967,0
3.77061,1
3.77061,0
3.77156,1
3.77156,0
3.7725,1
3.7725,0
3.77344,1
3.77344,0
3.77439,1
3.77439,0
3.77533,1
3.77533,0
3.77628,1
3.77628,0
3.77722,1
3.77722,0
3.77816,1
3.77816,0
3.77911,1
3.77911,0
3.78005,1
3.78005,0
3.781,1
3.781,0
3.78194,1
3.78194,0
3.78288,1
3.78288,0
3.78383,1
3.78383,0
3.78477,1
3.78477,0
3.78572,1
3.78572,0
3.78666,1
3.78666,0
3.7876,1
3.7876,0
3.78855,1
3.78855,0
3.78949,1
3.78949,0
3.79044,1
3.79044,0
3.79138,1
3.79138,0
3.79232,1
3.79232,0
3.79327,1
3.79327,0
3.79421,1
3.79421,0
3.79516,1
3.79516,0
3.7961,1
3.7961,0
3.79704,1
3.79704,0
3.79799,1
3.79799,0
3.79893,1
3.79893,0
3.79988,1
3.79988,0
3.80082,1
3.80082,0
3.80176,1
3.80176,0
3.80271,1
3.80271,0
3.80365,1
3.80365,0
3.8046,1
3.8046,0
3.80554,1
3.80554,0
3.80648,1
3.80648,0
3.80743,1
3.80743,0
3.80837,1
3.80837,0
3.80932,1
3.80932,0
3.81026,1
3.81026,0
3.8112,1
3.8112,0
3.81215,1
3.81215,0
3.81309,1
3.81309,0
3.81404,1
3.81404,0
3.81498,1
3.81498,0
3.81592,1
3.81592,0
3.81687,1
3.81687,0
3.81781,1
3.81781,0
3.81876,1
3.81876,0
3.8197,1
3.8197,0
3.82064,1
3.82064,0
3.82159,1
3.82159,0
3.82253,1
3.82253,0
3.82348,1
3.82348,0
3.82442,1
3.82442,0
3.82536,1
3.82536,0
3.82631,1
3.82631,0
3.82725,1
3.82725,0
3.8282,1
3.8282,0
3.82914,1
3.82914,0
3.83008,1
3.83008,0
3.83103,1
3.83103,0
3.83197,1
3.83197,0
3.83292,1
3.83292,0
3.83386,1
3.83386,0
3.8348,1
3.8348,0
3.83575,1
3.83575,0
3.83669,1
3.83669,0
3.83764,1
3.83764,0
3.83858,1
3.83858,0
3.83952,1
3.83952,0
3.84047,1
3.84047,0
3.84141,1
3.84141,0
3.84236,1
3.84236,0
3.8433,1
3.8433,0
3.84424,1
3.84424,0
3.84519,1
3.84519,0
3.84613,1
3.84613,0
3.84708,1
3.84708,0
3.84802,1
3.84802,0
3.84896,1
3.84896,0
3.84991,1
3.84991,0
3.85085,1
3.85085,0
3.8518,1
3.8518,0
3.85274,1
3.85274,0
3.85368,1
3.85368,0
3.85463,1
3.85463,0
3.85557,1
3.85557,0
3.85652,1
3.85652,0
3.85746,1
3.85746,0
3.8584,1
3.8584,0
3.85935,1
3.85935,0
3.86029,1
3.86029,0
3.86124,1
3.86124,0
3.86218,1
3.86218,0
3.86312,1
3.86312,0
3.86407,1
3.86407,0
3.86501,1
3.86501,0
3.86596,1
3.86596,0
3.8669,1
3.8669,0
3.86784,1
3.86784,0
3.86879,1
3.86879,0
3.86973,1
3.86973,0
3.87068,1
3.87068,0
3.87162,1
3.87162,0
3.87256,1
3.87256,0
3.87351,1
3.87351,0
3.87445,1
3.87445,0
3.8754,1
3.8754,0
3.87634,1
3.87634,0
3.87728,1
3.87728,0
3.87823,1
3.87823,0
3.87917,1
3.87917,0
3.88012,1
3.88012,0
3.88106,1
3.88106,0
3.882,1
3.882,0
3.88295,1
3.88295,0
3.88389,1
3.88389,0
3.88484,1
3.88484,0
3.88578,1
3.88578,0
3.88672,1
3.88672,0
3.88767,1
3.88767,0
3.88861,1
3.88861,0
3.88956,1
3.88956,0
3.8905,1
3.8905,0
3.89144,1
3.89144,0
3.89239,1
3.89239,0
3.89333,1
3.89333,0
3.89428,1
3.89428,0
3.89522,1
3.89522,0
3.89616,1
3.89616,0
3.89711,1
3.89711,0
3.89805,1
3.89805,0
3.899,1
3.899,0
3.89994,1
3.89994,0
3.90088,1
3.90088,0
3.90183,1
3.90183,0
3.90277,1
3.90277,0
3.90372,1
3.90372,0
3.90466,1
3.90466,0
3.9056,1
3.9056,0
3.90655,1
3.90655,0
3.90749,1
3.90749,0
3.90844,1
3.90844,0
3.90938,1
3.90938,0
3.91032,1
3.91032,0
3.91127,1
3.91127,0
3.91221,1
3.91221,0
3.91316,1
3.91316,0
3.9141,1
3.9141,0
3.91504,1
3.91504,0
3.91599,1
3.91599,0
3.91693,1
3.91693,0
3.91788,1
3.91788,0
3.91882,1
3.91882,0
3.91976,1
3.91976,0
3.92071,1
3.92071,0
3.92165,1
3.92165,0
3.9226,1
3.9226,0
3.92354,1
3.92354,0
3.92448,1
3.92448,0
3.92543,1
3.92543,0
3.92637,1
3.92637,0
3.92732,1
3.92732,0
3.92826,1
3.92826,0
3.9292,1
3.9292,0
3.93015,1
3.93015,0
3.93109,1
3.93109,0
3.93204,1
3.93204,0
3.93298,1
3.93298,0
3.93392,1
3.93392,0
3.93487,1
3.93487,0
3.93581,1
3.93581,0
3.93676,1
3.93676,0
3.9377,1
3.9377,0
3.93864,1
3.93864,0
3.93959,1
3.93959,0
3.94053,1
3.94053,0
3.94148,1
3.94148,0
3.94242,1
3.94242,0
3.94336,1
3.94336,0
3.94431,1
3.94431,0
3.94525,1
3.94525,0
3.9462,1
3.9462,0
3.94714,1
3.94714,0
3.94808,1
3.94808,0
3.94903,1
3.94903,0
3.94997,1
3.94997,0
3.95092,1
3.95092,0
3.95186,1
3.95186,0
3.9528,1
3.9528,0
3.95375,1
3.95375,0
3.95469,1
3.95469,0
3.95564,1
3.95564,0
3.95658,1
3.95658,0
3.95752,1
3.95752,0
3.95847,1
3.95847,0
3.95941,1
3.95941,0
3.96036,1
3.96036,0
3.9613,1
3.9613,0
3.96224,1
3.96224,0
3.96319,1
3.96319,0
3.96413,1
3.96413,0
3.96508,1
3.96508,0
3.96602,1
3.96602,0
3.96696,1
3.96696,0
3.96791,1
3.96791,0
3.96885,1
3.96885,0
3.9698,1
3.9698,0
3.97074,1
3.97074,0
3.97168,1
3.97168,0
3.97263,1
3.97263,0
3.97357,1
3.97357,0
3.97452,1
3.97452,0
3.97546,1
3.97546,0
3.9764,1
3.9764,0
3.97735,1
3.97735,0
3.97829,1
3.97829,0
3.97924,1
3.97924,0
3.98018,1
3.98018,0
3.98112,1
3.98112,0
3.98207,1
3.98207,0
3.98301,1
3.98301,0
3.98396,1
3.98396,0
3.9849,1
3.9849,0
3.98584,1
3.98584,0
3.98679,1
3.98679,0
3.98773,1
3.98773,0
3.98868,1
3.98868,0
3.98962,1
3.98962,0
3.99056,1
3.99056,0
3.99151,1
3.99151,0
3.99245,1
3.99245,0
3.9934,1
3.9934,0
3.99434,1
3.99434,0
3.99528,1
3.99528,0
3.99623,1
3.99623,0
3.99717,1
3.99717,0
3.99812,1
3.99812,0
3.99906,1
3.99906,0
4,1
4,0
4.00095,1
4.00095,0
4.00189,1
4.00189,0
4.00284,1
4.00284,0
4.00378,1
4.00378,0
4.00472,1
4.00472,0
4.00567,1
4.00567,0
4.00661,1
4.00661,0
4.00756,1
4.00756,0
4.0085,1
4.0085,0
4.00944,1
4.00944,0
4.01039,1
4.01039,0
4.01133,1
4.01133,0
4.01228,1
4.01228,0
4.01322,1
4.01322,0
4.01416,1
4.01416,0
4.01511,1
4.01511,0
4.01605,1
4.01605,0
4.017,1
4.017,0
4.01794,1
4.01794,0
4.01888,1
4.01888,0
4.01983,1
4.01983,0
4.02077,1
4.02077,0
4.02172,1
4.02172,0
4.02266,1
4.02266,0
4.0236,1
4.0236,0
4.02455,1
4.02455,0
4.02549,1
4.02549,0
4.02644,1
4.02644,0
4.02738,1
4.02738,0
4.02832,1
4.02832,0
4.02927,1
4.02927,0
4.03021,1
4.03021,0
4.03116,1
4.03116,0
4.0321,1
4.0321,0
4.03304,1
4.03304,0
4.03399,1
4.03399,0
4.03493,1
4.03493,0
4.03588,1
4.03588,0
4.03682,1
4.03682,0
4.03776,1
4.03776,0
4.03871,1
4.03871,0
4.03965,1
4.03965,0
4.0406,1
4.0406,0
4.04154,1
4.04154,0
4.04248,1
4.04248,0
4.04343,1
4.04343,0
4.04437,1
4.04437,0
4.04532,1
4.04532,0
4.04626,1
4.04626,0
4.0472,1
4.0472,0
4.04815,1
4.04815,0
4.04909,1
4.04909,0
4.05004,1
4.05004,0
4.05098,1
4.05098,0
4.05192,1
4.05192,0
4.05287,1
4.05287,0
4.05381,1
4.05381,0
4.05476,1
4.05476,0
4.0557,1
4.0557,0
4.05664,1
4.05664,0
4.05759,1
4.05759,0
4.05853,1
4.05853,0
4.05948,1
4.05948,0
4.06042,1
4.06042,0
4.06136,1
4.06136,0
4.06231,1
4.06231,0
4.06325,1
4.06325,0
4.0642,1
4.0642,0
4.06514,1
4.06514,0
4.06608,1
4.06608,0
4.06703,1
4.06703,0
4.06797,1
4.06797,0
4.06892,1
4.06892,0
4.06986,1
4.06986,0
4.0708,1
4.0708,0
4.07175,1
4.07175,0
4.07269,1
4.07269,0
4.07364,1
4.07364,0
4.07458,1
4.07458,0
4.07552,1
4.07552,0
4.07647,1
4.07647,0
4.07741,1
4.07741,0
4.07836,1
4.07836,0
4.0793,1
4.0793,0
4.08024,1
4.08024,0
4.08119,1
4.08119,0
4.08213,1
4.08213,0
4.08308,1
4.08308,0
4.08402,1
4.08402,0
4.08496,1
4.08496,0
4.08591,1
4.08591,0
4.08685,1
4.08685,0
4.0878,1
4.0878,0
4.08874,1
4.08874,0
4.08968,1
4.08968,0
4.09063,1
4.09063,0
4.09157,1
4.09157,0
4.09252,1
4.09252,0
4.09346,1
4.09346,0
4.0944,1
4.0944,0
4.09535,1
4.09535,0
4.09629,1
4.09629,0
4.09724,1
4.09724,0
4.09818,1
4.09818,0
4.09912,1
4.09912,0
4.10007,1
4.10007,0
4.10101,1
4.10101,0
4.10196,1
4.10196,0
4.1029,1
4.1029,0
4.10384,1
4.10384,0
4.10479,1
4.10479,0
4.10573,1
4.10573,0
4.10668,1
4.10668,0
4.10762,1
4.10762,0
4.10856,1
4.10856,0
4.10951,1
4.10951,0
4.11045,1
4.11045,0
4.1114,1
4.1114,0
4.11234,1
4.11234,0
4.11328,1
4.11328,0
4.11423,1
4.11423,0
4.11517,1
4.11517,0
4.11612,1
4.11612,0
4.11706,1
4.11706,0
4.118,1
4.118,0
4.11895,1
4.11895,0
4.11989,1
4.11989,0
4.12084,1
4.12084,0
4.12178,1
4.12178,0
4.12272,1
4.12272,0
4.12367,1
4.12367,0
4.12461,1
4.12461,0
4.12556,1
4.12556,0
4.1265,1
4.1265,0
4.12744,1
4.12744,0
4.12839,1
4.12839,0
4.12933,1
4.12933,0
4.13028,1
4.13028,0
4.13122,1
4.13122,0
4.13216,1
4.13216,0
4.13311,1
4.13311,0
4.13405,1
4.13405,0
4.135,1
4.135,0
4.13594,1
4.13594,0
4.13688,1
4.13688,0
4.13783,1
4.13783,0
4.13877,1
4.13877,0
4.13972,1
4.13972,0
4.14066,1
4.14066,0
4.1416,1
4.1416,0
4.14255,1
4.14255,0
4.14349,1
4.14349,0
4.14444,1
4.14444,0
4.14538,1
4.14538,0
4.14632,1
4.14632,0
4.14727,1
4.14727,0
4.14821,1
4.14821,0
4.14916,1
4.14916,0
4.1501,1
4.1501,0
4.15104,1
4.15104,0
4.15199,1
4.15199,0
4.15293,1
4.15293,0
4.15388,1
4.15388,0
4.15482,1
4.15482,0
4.15576,1
4.15576,0
4.15671,1
4.15671,0
4.15765,1
4.15765,0
4.1586,1
4.1586,0
4.15954,1
4.15954,0
4.16048,1
4.16048,0
4.16143,1
4.16143,0
4.16237,1
4.16237,0
4.16332,1
4.16332,0
4.16426,1
4.16426,0
4.1652,1
4.1652,0
4.16615,1
4.16615,0
4.16709,1
4.16709,0
4.16804,1
4.16804,0
4.16898,1
4.16898,0
4.16992,1
4.16992,0
4.17087,1
4.17087,0
4.17181,1
4.17181,0
4.17276,1
4.17276,0
4.1737,1
4.1737,0
4.17464,1
4.17464,0
4.17559,1
4.17559,0
4.17653,1
4.17653,0
4.17748,1
4.17748,0
4.17842,1
4.17842,0
4.17936,1
4.17936,0
4.18031,1
4.18031,0
4.18125,1
4.18125,0
4.1822,1
4.1822,0
4.18314,1
4.18314,0
4.18408,1
4.18408,0
4.18503,1
4.18503,0
4.18597,1
4.18597,0
4.18692,1
4.18692,0
4.18786,1
4.18786,0
4.1888,1
4.1888,0
4.18975,1
4.18975,0
4.19069,1
4.19069,0
4.19164,1
4.19164,0
4.19258,1
4.19258,0
4.19352,1
4.19352,0
4.19447,1
4.19447,0
4.19541,1
4.19541,0
4.19636,1
4.19636,0
4.1973,1
4.1973,0
4.19824,1
4.19824,0
4.19919,1
4.19919,0
4.20013,1
4.20013,0
4.20108,1
4.20108,0
4.20202,1
4.20202,0
4.20296,1
4.20296,0
4.20391,1
4.20391,0
4.20485,1
4.20485,0
4.2058,1
4.2058,0
4.20674,1
4.20674,0
4.20768,1
4.20768,0
4.20863,1
4.20863,0
4.20957,1
4.20957,0
4.21052,1
4.21052,0
4.21146,1
4.21146,0
4.2124,1
4.2124,0
4.21335,1
4.21335,0
4.21429,1
4.21429,0
4.21524,1
4.21524,0
4.21618,1
4.21618,0
4.21712,1
4.21712,0
4.21807,1
4.21807,0
4.21901,1
4.21901,0
4.21996,1
4.21996,0
4.2209,1
4.2209,0
4.22184,1
4.22184,0
4.22279,1
4.22279,0
4.22373,1
4.22373,0
4.22468,1
4.22468,0
4.22562,1
4.22562,0
4.22656,1
4.22656,0
4.22751,1
4.22751,0
4.22845,1
4.22845,0
4.2294,1
4.2294,0
4.23034,1
4.23034,0
4.23128,1
4.23128,0
4.23223,1
4.23223,0
4.23317,1
4.23317,0
4.23412,1
4.23412,0
4.23506,1
4.23506,0
4.236,1
4.236,0
4.23695,1
4.23695,0
4.23789,1
4.23789,0
4.23884,1
4.23884,0
4.23978,1
4.23978,0
4.24072,1
4.24072,0
4.24167,1
4.24167,0
4.24261,1
4.24261,0
4.24356,1
4.24356,0
4.2445,1
4.2445,0
4.24544,1
4.24544,0
4.24639,1
4.24639,0
4.24733,1
4.24733,0
4.24828,1
4.24828,0
4.24922,1
4.24922,0
4.25016,1
4.25016,0
4.25111,1
4.25111,0
4.25205,1
4.25205,0
4.253,1
4.253,0
4.25394,1
4.25394,0
4.25488,1
4.25488,0
4.25583,1
4.25583,0
4.25677,1
4.25677,0
4.25772,1
4.25772,0
4.25866,1
4.25866,0
4.2596,1
4.2596,0
4.26055,1
4.26055,0
4.26149,1
4.26149,0
4.26244,1
4.26244,0
4.26338,1
4.26338,0
4.26432,1
4.26432,0
4.26527,1
4.26527,0
4.26621,1
4.26621,0
4.26716,1
4.26716,0
4.2681,1
4.2681,0
4.26904,1
4.26904,0
4.26999,1
4.26999,0
4.27093,1
4.27093,0
4.27188,1
4.27188,0
4.27282,1
4.27282,0
4.27376,1
4.27376,0
4.27471,1
4.27471,0
4.27565,1
4.27565,0
4.2766,1
4.2766,0
4.27754,1
4.27754,0
4.27848,1
4.27848,0
4.27943,1
4.27943,0
4.28037,1
4.28037,0
4.28132,1
4.28132,0
4.28226,1
4.28226,0
4.2832,1
4.2832,0
4.28415,1
4.28415,0
4.28509,1
4.28509,0
4.28604,1
4.28604,0
4.28698,1
4.28698,0
4.28792,1
4.28792,0
4.28887,1
4.28887,0
4.28981,1
4.28981,0
4.29076,1
4.29076,0
4.2917,1
4.2917,0
4.29264,1
4.29264,0
4.29359,1
4.29359,0
4.29453,1
4.29453,0
4.29548,1
4.29548,0
4.29642,1
4.29642,0
4.29736,1
4.29736,0
4.29831,1
4.29831,0
4.29925,1
4.29925,0
4.3002,1
4.3002,0
4.30114,1
4.30114,0
4.30208,1
4.30208,0
4.30303,1
4.30303,0
4.30397,1
4.30397,0
4.30492,1
4.30492,0
4.30586,1
4.30586,0
4.3068,1
4.3068,0
4.30775,1
4.30775,0
4.30869,1
4.30869,0
4.30964,1
4.30964,0
4.31058,1
4.31058,0
4.31152,1
4.31152,0
4.31247,1
4.31247,0
4.31341,1
4.31341,0
4.31436,1
4.31436,0
4.3153,1
4.3153,0
4.31624,1
4.31624,0
4.31719,1
4.31719,0
4.31813,1
4.31813,0
4.31908,1
4.31908,0
4.32002,1
4.32002,0
4.32096,1
4.32096,0
4.32191,1
4.32191,0
4.32285,1
4.32285,0
4.3238,1
4.3238,0
4.32474,1
4.32474,0
4.32568,1
4.32568,0
4.32663,1
4.32663,0
4.32757,1
4.32757,0
4.32852,1
4.32852,0
4.32946,1
4.32946,0
4.3304,1
4.3304,0
4.33135,1
4.33135,0
4.33229,1
4.33229,0
4.33324,1
4.33324,0
4.33418,1
4.33418,0
4.33512,1
4.33512,0
4.33607,1
4.33607,0
4.33701,1
4.33701,0
4.33796,1
4.33796,0
4.3389,1
4.3389,0
4.33984,1
4.33984,0
4.34079,1
4.34079,0
4.34173,1
4.34173,0
4.34268,1
4.34268,0
4.34362,1
4.34362,0
4.34456,1
4.34456,0
4.34551,1
4.34551,0
4.34645,1
4.34645,0
4.3474,1
4.3474,0
4.34834,1
4.34834,0
4.34928,1
4.34928,0
4.35023,1
4.35023,0
4.35117,1
4.35117,0
4.35212,1
4.35212,0
4.35306,1
4.35306,0
4.354,1
4.354,0
4.35495,1
4.35495,0
4.35589,1
4.35589,0
4.35684,1
4.35684,0
4.35778,1
4.35778,0
4.35872,1
4.35872,0
4.35967,1
4.35967,0
4.36061,1
4.36061,0
4.36156,1
4.36156,0
4.3625,1
4.3625,0
4.36344,1
4.36344,0
4.36439,1
4.36439,0
4.36533,1
4.36533,0
4.36628,1
4.36628,0
4.36722,1
4.36722,0
4.36816,1
4.36816,0
4.36911,1
4.36911,0
4.37005,1
4.37005,0
4.371,1
4.371,0
4.37194,1
4.37194,0
4.37288,1
4.37288,0
4.37383,1
4.37383,0
4.37477,1
4.37477,0
4.37572,1
4.37572,0
4.37666,1
4.37666,0
4.3776,1
4.3776,0
4.37855,1
4.37855,0
4.37949,1
4.37949,0
4.38044,1
4.38044,0
4.38138,1
4.38138,0
4.38232,1
4.38232,0
4.38327,1
4.38327,0
4.38421,1
4.38421,0
4.38516,1
4.38516,0
4.3861,1
4.3861,0
4.38704,1
4.38704,0
4.38799,1
4.38799,0
4.38893,1
4.38893,0
4.38988,1
4.38988,0
4.39082,1
4.39082,0
4.39176,1
4.39176,0
4.39271,1
4.39271,0
4.39365,1
4.39365,0
4.3946,1
4.3946,0
4.39554,1
4.39554,0
4.39648,1
4.39648,0
4.39743,1
4.39743,0
4.39837,1
4.39837,0
4.39932,1
4.39932,0
4.40026,1
4.40026,0
4.4012,1
4.4012,0
4.40215,1
4.40215,0
4.40309,1
4.40309,0
4.40404,1
4.40404,0
4.40498,1
4.40498,0
4.40592,1
4.40592,0
4.40687,1
4.40687,0
4.40781,1
4.40781,0
4.40876,1
4.40876,0
4.4097,1
4.4097,0
4.41064,1
4.41064,0
4.41159,1
4.41159,0
4.41253,1
4.41253,0
4.41348,1
4.41348,0
4.41442,1
4.41442,0
4.41536,1
4.41536,0
4.41631,1
4.41631,0
4.41725,1
4.41725,0
4.4182,1
4.4182,0
4.41914,1
4.41914,0
4.42008,1
4.42008,0
4.42103,1
4.42103,0
4.42197,1
4.42197,0
4.42292,1
4.42292,0
4.42386,1
4.42386,0
4.4248,1
4.4248,0
4.42575,1
4.42575,0
4.42669,1
4.42669,0
4.42764,1
4.42764,0
4.42858,1
4.42858,0
4.42952,1
4.42952,0
4.43047,1
4.43047,0
4.43141,1
4.43141,0
4.43236,1
4.43236,0
4.4333,1
4.4333,0
4.43424,1
4.43424,0
4.43519,1
4.43519,0
4.43613,1
4.43613,0
4.43708,1
4.43708,0
4.43802,1
4.43802,0
4.43896,1
4.43896,0
4.43991,1
4.43991,0
4.44085,1
4.44085,0
4.4418,1
4.4418,0
4.44274,1
4.44274,0
4.44368,1
4.44368,0
4.44463,1
4.44463,0
4.44557,1
4.44557,0
4.44652,1
4.44652,0
4.44746,1
4.44746,0
4.4484,1
4.4484,0
4.44935,1
4.44935,0
4.45029,1
4.45029,0
4.45124,1
4.45124,0
4.45218,1
4.45218,0
4.45312,1
4.45312,0
4.45407,1
4.45407,0
4.45501,1
4.45501,0
4.45596,1
4.45596,0
4.4569,1
4.4569,0
4.45784,1
4.45784,0
4.45879,1
4.45879,0
4.45973,1
4.45973,0
4.46068,1
4.46068,0
4.46162,1
4.46162,0
4.46256,1
4.46256,0
4.46351,1
4.46351,0
4.46445,1
4.46445,0
4.4654,1
4.4654,0
4.46634,1
4.46634,0
4.46728,1
4.46728,0
4.46823,1
4.46823,0
4.46917,1
4.46917,0
4.47012,1
4.47012,0
4.47106,1
4.47106,0
4.472,1
4.472,0
4.47295,1
4.47295,0
4.47389,1
4.47389,0
4.47484,1
4.47484,0
4.47578,1
4.47578,0
4.47672,1
4.47672,0
4.47767,1
4.47767,0
4.47861,1
4.47861,0
4.47956,1
4.47956,0
4.4805,1
4.4805,0
4.48144,1
4.48144,0
4.48239,1
4.48239,0
4.48333,1
4.48333,0
4.48428,1
4.48428,0
4.48522,1
4.48522,0
4.48616,1
4.48616,0
4.48711,1
4.48711,0
4.48805,1
4.48805,0
4.489,1
4.489,0
4.48994,1
4.48994,0
4.49088,1
4.49088,0
4.49183,1
4.49183,0
4.49277,1
4.49277,0
4.49372,1
4.49372,0
4.49466,1
4.49466,0
4.4956,1
4.4956,0
4.49655,1
4.49655,0
4.49749,1
4.49749,0
4.49844,1
4.49844,0
4.49938,1
4.49938,0
4.50032,1
4.50032,0
4.50127,1
4.50127,0
4.50221,1
4.50221,0
4.50316,1
4.50316,0
4.5041,1
4.5041,0
4.50504,1
4.50504,0
4.50599,1
4.50599,0
4.50693,1
4.50693,0
4.50788,1
4.50788,0
4.50882,1
4.50882,0
4.50976,1
4.50976,0
4.51071,1
4.51071,0
4.51165,1
4.51165,0
4.5126,1
4.5126,0
4.51354,1
4.51354,0
4.51448,1
4.51448,0
4.51543,1
4.51543,0
4.51637,1
4.51637,0
4.51732,1
4.51732,0
4.51826,1
4.51826,0
4.5192,1
4.5192,0
4.52015,1
4.52015,0
4.52109,1
4.52109,0
4.52204,1
4.52204,0
4.52298,1
4.52298,0
4.52392,1
4.52392,0
4.52487,1
4.52487,0
4.52581,1
4.52581,0
4.52676,1
4.52676,0
4.5277,1
4.5277,0
4.52864,1
4.52864,0
4.52959,1
4.52959,0
4.53053,1
4.53053,0
4.53148,1
4.53148,0
4.53242,1
4.53242,0
4.53336,1
4.53336,0
4.53431,1
4.53431,0
4.53525,1
4.53525,0
4.5362,1
4.5362,0
4.53714,1
4.53714,0
4.53808,1
4.53808,0
4.53903,1
4.53903,0
4.53997,1
4.53997,0
4.54092,1
4.54092,0
4.54186,1
4.54186,0
4.5428,1
4.5428,0
4.54375,1
4.54375,0
4.54469,1
4.54469,0
4.54564,1
4.54564,0
4.54658,1
4.54658,0
4.54752,1
4.54752,0
4.54847,1
4.54847,0
4.54941,1
4.54941,0
4.55036,1
4.55036,0
4.5513,1
4.5513,0
4.55224,1
4.55224,0
4.55319,1
4.55319,0
4.55413,1
4.55413,0
4.55508,1
4.55508,0
4.55602,1
4.55602,0
4.55696,1
4.55696,0
4.55791,1
4.55791,0
4.55885,1
4.55885,0
4.5598,1
4.5598,0
4.56074,1
4.56074,0
4.56168,1
4.56168,0
4.56263,1
4.56263,0
4.56357,1
4.56357,0
4.56452,1
4.56452,0
4.56546,1
4.56546,0
4.5664,1
4.5664,0
4.56735,1
4.56735,0
4.56829,1
4.56829,0
4.56924,1
4.56924,0
4.57018,1
4.57018,0
4.57112,1
4.57112,0
4.57207,1
4.57207,0
4.57301,1
4.57301,0
4.57396,1
4.57396,0
4.5749,1
4.5749,0
4.57584,1
4.57584,0
4.57679,1
4.57679,0
4.57773,1
4.57773,0
4.57868,1
4.57868,0
4.57962,1
4.57962,0
4.58056,1
4.58056,0
4.58151,1
4.58151,0
4.58245,1
4.58245,0
4.5834,1
4.5834,0
4.58434,1
4.58434,0
4.58528,1
4.58528,0
4.58623,1
4.58623,0
4.58717,1
4.58717,0
4.58812,1
4.58812,0
4.58906,1
4.58906,0
4.59,1
4.59,0
4.59095,1
4.59095,0
4.59189,1
4.59189,0
4.59284,1
4.59284,0
4.59378,1
4.59378,0
4.59472,1
4.59472,0
4.59567,1
4.59567,0
4.59661,1
4.59661,0
4.59756,1
4.59756,0
4.5985,1
4.5985,0
4.59944,1
4.59944,0
4.60039,1
4.60039,0
4.60133,1
4.60133,0
4.60228,1
4.60228,0
4.60322,1
4.60322,0
4.60416,1
4.60416,0
4.60511,1
4.60511,0
4.60605,1
4.60605,0
4.607,1
4.607,0
4.60794,1
4.60794,0
4.60888,1
4.60888,0
4.60983,1
4.60983,0
4.61077,1
4.61077,0
4.61172,1
4.61172,0
4.61266,1
4.61266,0
4.6136,1
4.6136,0
4.61455,1
4.61455,0
4.61549,1
4.61549,0
4.61644,1
4.61644,0
4.61738,1
4.61738,0
4.61832,1
4.61832,0
4.61927,1
4.61927,0
4.62021,1
4.62021,0
4.62116,1
4.62116,0
4.6221,1
4.6221,0
4.62304,1
4.62304,0
4.62399,1
4.62399,0
4.62493,1
4.62493,0
4.62588,1
4.62588,0
4.62682,1
4.62682,0
4.62776,1
4.62776,0
4.62871,1
4.62871,0
4.62965,1
4.62965,0
4.6306,1
4.6306,0
4.63154,1
4.63154,0
4.63248,1
4.63248,0
4.63343,1
4.63343,0
4.63437,1
4.63437,0
4.63532,1
4.63532,0
4.63626,1
4.63626,0
4.6372,1
4.6372,0
4.63815,1
4.63815,0
4.63909,1
4.63909,0
4.64004,1
4.64004,0
4.64098,1
4.64098,0
4.64192,1
4.64192,0
4.64287,1
4.64287,0
4.64381,1
4.64381,0
4.64476,1
4.64476,0
4.6457,1
4.6457,0
4.64664,1
4.64664,0
4.64759,1
4.64759,0
4.64853,1
4.64853,0
4.64948,1
4.64948,0
4.65042,1
4.65042,0
4.65136,1
4.65136,0
4.65231,1
4.65231,0
4.65325,1
4.65325,0
4.6542,1
4.6542,0
4.65514,1
4.65514,0
4.65608,1
4.65608,0
4.65703,1
4.65703,0
4.65797,1
4.65797,0
4.65892,1
4.65892,0
4.65986,1
4.65986,0
4.6608,1
4.6608,0
4.66175,1
4.66175,0
4.66269,1
4.66269,0
4.66364,1
4.66364,0
4.66458,1
4.66458,0
4.66552,1
4.66552,0
4.66647,1
4.66647,0
4.66741,1
4.66741,0
4.66836,1
4.66836,0
4.6693,1
4.6693,0
4.67024,1
4.67024,0
4.67119,1
4.67119,0
4.67213,1
4.67213,0
4.67308,1
4.67308,0
4.67402,1
4.67402,0
4.67496,1
4.67496,0
4.67591,1
4.67591,0
4.67685,1
4.67685,0
4.6778,1
4.6778,0
4.67874,1
4.67874,0
4.67968,1
4.67968,0
4.68063,1
4.68063,0
4.68157,1
4.68157,0
4.68252,1
4.68252,0
4.68346,1
4.68346,0
4.6844,1
4.6844,0
4.68535,1
4.68535,0
4.68629,1
4.68629,0
4.68724,1
4.68724,0
4.68818,1
4.68818,0
4.68912,1
4.68912,0
4.69007,1
4.69007,0
4.69101,1
4.69101,0
4.69196,1
4.69196,0
4.6929,1
4.6929,0
4.69384,1
4.69384,0
4.69479,1
4.69479,0
4.69573,1
4.69573,0
4.69668,1
4.69668,0
4.69762,1
4.69762,0
4.69856,1
4.69856,0
4.69951,1
4.69951,0
4.70045,1
4.70045,0
4.7014,1
4.7014,0
4.70234,1
4.70234,0
4.70328,1
4.70328,0
4.70423,1
4.70423,0
4.70517,1
4.70517,0
4.70612,1
4.70612,0
4.70706,1
4.70706,0
4.708,1
4.708,0
4.70895,1
4.70895,0
4.70989,1
4.70989,0
4.71084,1
4.71084,0
4.71178,1
4.71178,0
4.71272,1
4.71272,0
4.71367,1
4.71367,0
4.71461,1
4.71461,0
4.71556,1
4.71556,0
4.7165,1
4.7165,0
4.71744,1
4.71744,0
4.71839,1
4.71839,0
4.71933,1
4.71933,0
4.72028,1
4.72028,0
4.72122,1
4.72122,0
4.72216,1
4.72216,0
4.72311,1
4.72311,0
4.72405,1
4.72405,0
4.725,1
4.725,0
4.72594,1
4.72594,0
4.72688,1
4.72688,0
4.72783,1
4.72783,0
4.72877,1
4.72877,0
4.72972,1
4.72972,0
4.73066,1
4.73066,0
4.7316,1
4.7316,0
4.73255,1
4.73255,0
4.73349,1
4.73349,0
4.73444,1
4.73444,0
4.73538,1
4.73538,0
4.73632,1
4.73632,0
4.73727,1
4.73727,0
4.73821,1
4.73821,0
4.73916,1
4.73916,0
4.7401,1
4.7401,0
4.74104,1
4.74104,0
4.74199,1
4.74199,0
4.74293,1
4.74293,0
4.74388,1
4.74388,0
4.74482,1
4.74482,0
4.74576,1
4.74576,0
4.74671,1
4.74671,0
4.74765,1
4.74765,0
4.7486,1
4.7486,0
4.74954,1
4.74954,0
4.75048,1
4.75048,0
4.75143,1
4.75143,0
4.75237,1
4.75237,0
4.75332,1
4.75332,0
4.75426,1
4.75426,0
4.7552,1
4.7552,0
4.75615,1
4.75615,0
4.75709,1
4.75709,0
4.75804,1
4.75804,0
4.75898,1
4.75898,0
4.75992,1
4.75992,0
4.76087,1
4.76087,0
4.76181,1
4.76181,0
4.76276,1
4.76276,0
4.7637,1
4.7637,0
4.76464,1
4.76464,0
4.76559,1
4.76559,0
4.76653,1
4.76653,0
4.76748,1
4.76748,0
4.76842,1
4.76842,0
4.76936,1
4.76936,0
4.77031,1
4.77031,0
4.77125,1
4.77125,0
4.7722,1
4.7722,0
4.77314,1
4.77314,0
4.77408,1
4.77408,0
4.77503,1
4.77503,0
4.77597,1
4.77597,0
4.77692,1
4.77692,0
4.77786,1
4.77786,0
4.7788,1
4.7788,0
4.77975,1
4.77975,0
4.78069,1
4.78069,0
4.78164,1
4.78164,0
4.78258,1
4.78258,0
4.78352,1
4.78352,0
4.78447,1
4.78447,0
4.78541,1
4.78541,0
4.78636,1
4.78636,0
4.7873,1
4.7873,0
4.78824,1
4.78824,0
4.78919,1
4.78919,0
4.79013,1
4.79013,0
4.79108,1
4.79108,0
4.79202,1
4.79202,0
4.79296,1
4.79296,0
4.79391,1
4.79391,0
4.79485,1
4.79485,0
4.7958,1
4.7958,0
4.79674,1
4.79674,0
4.79768,1
4.79768,0
4.79863,1
4.79863,0
4.79957,1
4.79957,0
4.80052,1
4.80052,0
4.80146,1
4.80146,0
4.8024,1
4.8024,0
4.80335,1
4.80335,0
4.80429,1
4.80429,0
4.80524,1
4.80524,0
4.80618,1
4.80618,0
4.80712,1
4.80712,0
4.80807,1
4.80807,0
4.80901,1
4.80901,0
4.80996,1
4.80996,0
4.8109,1
4.8109,0
4.81184,1
4.81184,0
4.81279,1
4.81279,0
4.81373,1
4.81373,0
4.81468,1
4.81468,0
4.81562,1
4.81562,0
4.81656,1
4.81656,0
4.81751,1
4.81751,0
4.81845,1
4.81845,0
4.8194,1
4.8194,0
4.82034,1
4.82034,0
4.82128,1
4.82128,0
4.82223,1
4.82223,0
4.82317,1
4.82317,0
4.82412,1
4.82412,0
4.82506,1
4.82506,0
4.826,1
4.826,0
4.82695,1
4.82695,0
4.82789,1
4.82789,0
4.82884,1
4.82884,0
4.82978,1
4.82978,0
4.83072,1
4.83072,0
4.83167,1
4.83167,0
4.83261,1
4.83261,0
4.83356,1
4.83356,0
4.8345,1
4.8345,0
4.83544,1
4.83544,0
4.83639,1
4.83639,0
4.83733,1
4.83733,0
4.83828,1
4.83828,0
4.83922,1
4.83922,0
4.84016,1
4.84016,0
4.84111,1
4.84111,0
4.84205,1
4.84205,0
4.843,1
4.843,0
4.84394,1
4.84394,0
4.84488,1
4.84488,0
4.84583,1
4.84583,0
4.84677,1
4.84677,0
4.84772,1
4.84772,0
4.84866,1
4.84866,0
4.8496,1
4.8496,0
4.85055,1
4.85055,0
4.85149,1
4.85149,0
4.85244,1
4.85244,0
4.85338,1
4.85338,0
4.85432,1
4.85432,0
4.85527,1
4.85527,0
4.85621,1
4.85621,0
4.85716,1
4.85716,0
4.8581,1
4.8581,0
4.85904,1
4.85904,0
4.85999,1
4.85999,0
4.86093,1
4.86093,0
4.86188,1
4.86188,0
4.86282,1
4.86282,0
4.86376,1
4.86376,0
4.86471,1
4.86471,0
4.86565,1
4.86565,0
4.8666,1
4.8666,0
4.86754,1
4.86754,0
4.86848,1
4.86848,0
4.86943,1
4.86943,0
4.87037,1
4.87037,0
4.87132,1
4.87132,0
4.87226,1
4.87226,0
4.8732,1
4.8732,0
4.87415,1
4.87415,0
4.87509,1
4.87509,0
4.87604,1
4.87604,0
4.87698,1
4.87698,0
4.87792,1
4.87792,0
4.87887,1
4.87887,0
4.87981,1
4.87981,0
4.88076,1
4.88076,0
4.8817,1
4.8817,0
4.88264,1
4.88264,0
4.88359,1
4.88359,0
4.88453,1
4.88453,0
4.88548,1
4.88548,0
4.88642,1
4.88642,0
4.88736,1
4.88736,0
4.88831,1
4.88831,0
4.88925,1
4.88925,0
4.8902,1
4.8902,0
4.89114,1
4.89114,0
4.89208,1
4.89208,0
4.89303,1
4.89303,0
4.89397,1
4.89397,0
4.89492,1
4.89492,0
4.89586,1
4.89586,0
4.8968,1
4.8968,0
4.89775,1
4.89775,0
4.89869,1
4.89869,0
4.89964,1
4.89964,0
4.90058,1
4.90058,0
4.90152,1
4.90152,0
4.90247,1
4.90247,0
4.90341,1
4.90341,0
4.90436,1
4.90436,0
4.9053,1
4.9053,0
4.90624,1
4.90624,0
4.90719,1
4.90719,0
4.90813,1
4.90813,0
4.90908,1
4.90908,0
4.91002,1
4.91002,0
4.91096,1
4.91096,0
4.91191,1
4.91191,0
4.91285,1
4.91285,0
4.9138,1
4.9138,0
4.91474,1
4.91474,0
4.91568,1
4.91568,0
4.91663,1
4.91663,0
4.91757,1
4.91757,0
4.91852,1
4.91852,0
4.91946,1
4.91946,0
4.9204,1
4.9204,0
4.92135,1
4.92135,0
4.92229,1
4.92229,0
4.92324,1
4.92324,0
4.92418,1
4.92418,0
4.92512,1
4.92512,0
4.92607,1
4.92607,0
4.92701,1
4.92701,0
4.92796,1
4.92796,0
4.9289,1
4.9289,0
4.92984,1
4.92984,0
4.93079,1
4.93079,0
4.93173,1
4.93173,0
4.93268,1
4.93268,0
4.93362,1
4.93362,0
4.93456,1
4.93456,0
4.93551,1
4.93551,0
4.93645,1
4.93645,0
4.9374,1
4.9374,0
4.93834,1
4.93834,0
4.93928,1
4.93928,0
4.94023,1
4.94023,0
4.94117,1
4.94117,0
4.94212,1
4.94212,0
4.94306,1
4.94306,0
4.944,1
4.944,0
4.94495,1
4.94495,0
4.94589,1
4.94589,0
4.94684,1
4.94684,0
4.94778,1
4.94778,0
4.94872,1
4.94872,0
4.94967,1
4.94967,0
4.95061,1
4.95061,0
4.95156,1
4.95156,0
4.9525,1
4.9525,0
4.95344,1
4.95344,0
4.95439,1
4.95439,0
4.95533,1
4.95533,0
4.95628,1
4.95628,0
4.95722,1
4.95722,0
4.95816,1
4.95816,0
4.95911,1
4.95911,0
4.96005,1
4.96005,0
4.961,1
4.961,0
4.96194,1
4.96194,0
4.96288,1
4.96288,0
4.96383,1
4.96383,0
4.96477,1
4.96477,0
4.96572,1
4.96572,0
4.96666,1
4.96666,0
4.9676,1
4.9676,0
4.96855,1
4.96855,0
4.96949,1
4.96949,0
4.97044,1
4.97044,0
4.97138,1
4.97138,0
4.97232,1
4.97232,0
4.97327,1
4.97327,0
4.97421,1
4.97421,0
4.97516,1
4.97516,0
4.9761,1
4.9761,0
4.97704,1
4.97704,0
4.97799,1
4.97799,0
4.97893,1
4.97893,0
4.97988,1
4.97988,0
4.98082,1
4.98082,0
4.98176,1
4.98176,0
4.98271,1
4.98271,0
4.98365,1
4.98365,0
4.9846,1
4.9846,0
4.98554,1
4.98554,0
4.98648,1
4.98648,0
4.98743,1
4.98743,0
4.98837,1
4.98837,0
4.98932,1
4.98932,0
4.99026,1
4.99026,0
4.9912,1
4.9912,0
4.99215,1
4.99215,0
4.99309,1
4.99309,0
4.99404,1
4.99404,0
4.99498,1
4.99498,0
4.99592,1
4.99592,0
4.99687,1
4.99687,0
4.99781,1
4.99781,0
4.99876,1
4.99876,0
4.9997,1
4.9997,0
5.00064,1
5.00064,0
5.00159,1
5.00159,0
5.00253,1
5.00253,0
5.00348,1
5.00348,0
5.00442,1
5.00442,0
5.00536,1
5.00536,0
5.00631,1
5.00631,0
5.00725,1
5.00725,0
5.0082,1
5.0082,0
5.00914,1
5.00914,0
5.01008,1
5.01008,0
5.01103,1
5.01103,0
5.01197,1
5.01197,0
5.01292,1
5.01292,0
5.01386,1
5.01386,0
5.0148,1
5.0148,0
5.01575,1
5.01575,0
5.01669,1
5.01669,0
5.01764,1
5.01764,0
5.01858,1
5.01858,0
5.01952,1
5.01952,0
5.02047,1
5.02047,0
5.02141,1
5.02141,0
5.02236,1
5.02236,0
5.0233,1
5.0233,0
5.02424,1
5.02424,0
5.02519,1
5.02519,0
5.02613,1
5.02613,0
5.02708,1
5.02708,0
5.02802,1
5.02802,0
5.02896,1
5.02896,0
5.02991,1
5.02991,0
5.03085,1
5.03085,0
5.0318,1
5.0318,0
5.03274,1
5.03274,0
5.03368,1
5.03368,0
5.03463,1
5.03463,0
5.03557,1
5.03557,0
5.03652,1
5.03652,0
5.03746,1
5.03746,0
5.0384,1
5.0384,0
5.03935,1
5.03935,0
5.04029,1
5.04029,0
5.04124,1
5.04124,0
5.04218,1
5.04218,0
5.04312,1
5.04312,0
5.04407,1
5.04407,0
5.04501,1
5.04501,0
5.04596,1
5.04596,0
5.0469,1
5.0469,0
5.04784,1
5.04784,0
5.04879,1
5.04879,0
5.04973,1
5.04973,0
5.05068,1
5.05068,0
5.05162,1
5.05162,0
5.05256,1
5.05256,0
5.05351,1
5.05351,0
5.05445,1
5.05445,0
5.0554,1
5.0554,0
5.05634,1
5.05634,0
5.05728,1
5.05728,0
5.05823,1
5.05823,0
5.05917,1
5.05917,0
5.06012,1
5.06012,0
5.06106,1
5.06106,0
5.062,1
5.062,0
5.06295,1
5.06295,0
5.06389,1
5.06389,0
5.06484,1
5.06484,0
5.06578,1
5.06578,0
5.06672,1
5.06672,0
5.06767,1
5.06767,0
5.06861,1
5.06861,0
5.06956,1
5.06956,0
5.0705,1
5.0705,0
5.07144,1
5.07144,0
5.07239,1
5.07239,0
5.07333,1
5.07333,0
5.07428,1
5.07428,0
5.07522,1
5.07522,0
5.07616,1
5.07616,0
5.07711,1
5.07711,0
5.07805,1
5.07805,0
5.079,1
5.079,0
5.07994,1
5.07994,0
5.08088,1
5.08088,0
5.08183,1
5.08183,0
5.08277,1
5.08277,0
5.08372,1
5.08372,0
5.08466,1
5.08466,0
5.0856,1
5.0856,0
5.08655,1
5.08655,0
5.08749,1
5.08749,0
5.08844,1
5.08844,0
5.08938,1
5.08938,0
5.09032,1
5.09032,0
5.09127,1
5.09127,0
5.09221,1
5.09221,0
5.09316,1
5.09316,0
5.0941,1
5.0941,0
5.09504,1
5.09504,0
5.09599,1
5.09599,0
5.09693,1
5.09693,0
5.09788,1
5.09788,0
5.09882,1
5.09882,0
5.09976,1
5.09976,0
5.10071,1
5.10071,0
5.10165,1
5.10165,0
5.1026,1
5.1026,0
5.10354,1
5.10354,0
5.10448,1
5.10448,0
5.10543,1
5.10543,0
5.10637,1
5.10637,0
5.10732,1
5.10732,0
5.10826,1
5.10826,0
5.1092,1
5.1092,0
5.11015,1
5.11015,0
5.11109,1
5.11109,0
5.11204,1
5.11204,0
5.11298,1
5.11298,0
5.11392,1
5.11392,0
5.11487,1
5.11487,0
5.11581,1
5.11581,0
5.11676,1
5.11676,0
5.1177,1
5.1177,0
5.11864,1
5.11864,0
5.11959,1
5.11959,0
5.12053,1
5.12053,0
5.12148,1
5.12148,0
5.12242,1
5.12242,0
5.12336,1
5.12336,0
5.12431,1
5.12431,0
5.12525,1
5.12525,0
5.1262,1
5.1262,0
5.12714,1
5.12714,0
5.12808,1
5.12808,0
5.12903,1
5.12903,0
5.12997,1
5.12997,0
5.13092,1
5.13092,0
5.13186,1
5.13186,0
5.1328,1
5.1328,0
5.13375,1
5.13375,0
5.13469,1
5.13469,0
5.13564,1
5.13564,0
5.13658,1
5.13658,0
5.13752,1
5.13752,0
5.13847,1
5.13847,0
5.13941,1
5.13941,0
5.14036,1
5.14036,0
5.1413,1
5.1413,0
5.14224,1
5.14224,0
5.14319,1
5.14319,0
5.14413,1
5.14413,0
5.14508,1
5.14508,0
5.14602,1
5.14602,0
5.14696,1
5.14696,0
5.14791,1
5.14791,0
5.14885,1
5.14885,0
5.1498,1
5.1498,0
5.15074,1
5.15074,0
5.15168,1
5.15168,0
5.15263,1
5.15263,0
5.15357,1
5.15357,0
5.15452,1
5.15452,0
5.15546,1
5.15546,0
5.1564,1
5.1564,0
5.15735,1
5.15735,0
5.15829,1
5.15829,0
5.15924,1
5.15924,0
5.16018,1
5.16018,0
5.16112,1
5.16112,0
5.16207,1
5.16207,0
5.16301,1
5.16301,0
5.16396,1
5.16396,0
5.1649,1
5.1649,0
5.16584,1
5.16584,0
5.16679,1
5.16679,0
5.16773,1
5.16773,0
5.16868,1
5.16868,0
5.16962,1
5.16962,0
5.17056,1
5.17056,0
5.17151,1
5.17151,0
5.17245,1
5.17245,0
5.1734,1
5.1734,0
5.17434,1
5.17434,0
5.17528,1
5.17528,0
5.17623,1
5.17623,0
5.17717,1
5.17717,0
5.17812,1
5.17812,0
5.17906,1
5.17906,0
5.18,1
5.18,0
5.18095,1
5.18095,0
5.18189,1
5.18189,0
5.18284,1
5.18284,0
5.18378,1
5.18378,0
5.18472,1
5.18472,0
5.18567,1
5.18567,0
5.18661,1
5.18661,0
5.18756,1
5.18756,0
5.1885,1
5.1885,0
5.18944,1
5.18944,0
5.19039,1
5.19039,0
5.19133,1
5.19133,0
5.19228,1
5.19228,0
5.19322,1
5.19322,0
5.19416,1
5.19416,0
5.19511,1
5.19511,0
5.19605,1
5.19605,0
5.197,1
5.197,0
5.19794,1
5.19794,0
5.19888,1
5.19888,0
5.19983,1
5.19983,0
5.20077,1
5.20077,0
5.20172,1
5.20172,0
5.20266,1
5.20266,0
5.2036,1
5.2036,0
5.20455,1
5.20455,0
5.20549,1
5.20549,0
5.20644,1
5.20644,0
5.20738,1
5.20738,0
5.20832,1
5.20832,0
5.20927,1
5.20927,0
5.21021,1
5.21021,0
5.21116,1
5.21116,0
5.2121,1
5.2121,0
5.21304,1
5.21304,0
5.21399,1
5.21399,0
5.21493,1
5.21493,0
5.21588,1
5.21588,0
5.21682,1
5.21682,0
5.21776,1
5.21776,0
5.21871,1
5.21871,0
5.21965,1
5.21965,0
5.2206,1
5.2206,0
5.22154,1
5.22154,0
5.22248,1
5.22248,0
5.22343,1
5.22343,0
5.22437,1
5.22437,0
5.22532,1
5.22532,0
5.22626,1
5.22626,0
5.2272,1
5.2272,0
5.22815,1
5.22815,0
5.22909,1
5.22909,0
5.23004,1
5.23004,0
5.23098,1
5.23098,0
5.23192,1
5.23192,0
5.23287,1
5.23287,0
5.23381,1
5.23381,0
5.23476,1
5.23476,0
5.2357,1
5.2357,0
5.23664,1
5.23664,0
5.23759,1
5.23759,0
5.23853,1
5.23853,0
5.23948,1
5.23948,0
5.24042,1
5.24042,0
5.24136,1
5.24136,0
5.24231,1
5.24231,0
5.24325,1
5.24325,0
5.2442,1
5.2442,0
5.24514,1
5.24514,0
5.24608,1
5.24608,0
5.24703,1
5.24703,0
5.24797,1
5.24797,0
5.24892,1
5.24892,0
5.24986,1
5.24986,0
5.2508,1
5.2508,0
5.25175,1
5.25175,0
5.25269,1
5.25269,0
5.25364,1
5.25364,0
5.25458,1
5.25458,0
5.25552,1
5.25552,0
5.25647,1
5.25647,0
5.25741,1
5.25741,0
5.25836,1
5.25836,0
5.2593,1
5.2593,0
5.26024,1
5.26024,0
5.26119,1
5.26119,0
5.26213,1
5.26213,0
5.26308,1
5.26308,0
5.26402,1
5.26402,0
5.26496,1
5.26496,0
5.26591,1
5.26591,0
5.26685,1
5.26685,0
5.2678,1
5.2678,0
5.26874,1
5.26874,0
5.26968,1
5.26968,0
5.27063,1
5.27063,0
5.27157,1
5.27157,0
5.27252,1
5.27252,0
5.27346,1
5.27346,0
5.2744,1
5.2744,0
5.27535,1
5.27535,0
5.27629,1
5.27629,0
5.27724,1
5.27724,0
5.27818,1
5.27818,0
5.27912,1
5.27912,0
5.28007,1
5.28007,0
5.28101,1
5.28101,0
5.28196,1
5.28196,0
5.2829,1
5.2829,0
5.28384,1
5.28384,0
5.28479,1
5.28479,0
5.28573,1
5.28573,0
5.28668,1
5.28668,0
5.28762,1
5.28762,0
5.28856,1
5.28856,0
5.28951,1
5.28951,0
5.29045,1
5.29045,0
5.2914,1
5.2914,0
5.29234,1
5.29234,0
5.29328,1
5.29328,0
5.29423,1
5.29423,0
5.29517,1
5.29517,0
5.29612,1
5.29612,0
5.29706,1
5.29706,0
5.298,1
5.298,0
5.29895,1
5.29895,0
5.29989,1
5.29989,0
5.30084,1
5.30084,0
5.30178,1
5.30178,0
5.30272,1
5.30272,0
5.30367,1
5.30367,0
5.30461,1
5.30461,0
5.30556,1
5.30556,0
5.3065,1
5.3065,0
5.30744,1
5.30744,0
5.30839,1
5.30839,0
5.30933,1
5.30933,0
5.31028,1
5.31028,0
5.31122,1
5.31122,0
5.31216,1
5.31216,0
5.31311,1
5.31311,0
5.31405,1
5.31405,0
5.315,1
5.315,0
5.31594,1
5.31594,0
5.31688,1
5.31688,0
5.31783,1
5.31783,0
5.31877,1
5.31877,0
5.31972,1
5.31972,0
5.32066,1
5.32066,0
5.3216,1
5.3216,0
5.32255,1
5.32255,0
5.32349,1
5.32349,0
5.32444,1
5.32444,0
5.32538,1
5.32538,0
5.32632,1
5.32632,0
5.32727,1
5.32727,0
5.32821,1
5.32821,0
5.32916,1
5.32916,0
5.3301,1
5.3301,0
5.33104,1
5.33104,0
5.33199,1
5.33199,0
5.33293,1
5.33293,0
5.33388,1
5.33388,0
5.33482,1
5.33482,0
5.33576,1
5.33576,0
5.33671,1
5.33671,0
5.33765,1
5.33765,0
5.3386,1
5.3386,0
5.33954,1
5.33954,0
5.34048,1
5.34048,0
5.34143,1
5.34143,0
5.34237,1
5.34237,0
5.34332,1
5.34332,0
5.34426,1
5.34426,0
5.3452,1
5.3452,0
5.34615,1
5.34615,0
5.34709,1
5.34709,0
5.34804,1
5.34804,0
5.34898,1
5.34898,0
5.34992,1
5.34992,0
5.35087,1
5.35087,0
5.35181,1
5.35181,0
5.35276,1
5.35276,0
5.3537,1
5.3537,0
5.35464,1
5.35464,0
5.35559,1
5.35559,0
5.35653,1
5.35653,0
5.35748,1
5.35748,0
5.35842,1
5.35842,0
5.35936,1
5.35936,0
5.36031,1
5.36031,0
5.36125,1
5.36125,0
5.3622,1
5.3622,0
5.36314,1
5.36314,0
5.36408,1
5.36408,0
5.36503,1
5.36503,0
5.36597,1
5.36597,0
5.36692,1
5.36692,0
5.36786,1
5.36786,0
5.3688,1
5.3688,0
5.36975,1
5.36975,0
5.37069,1
5.37069,0
5.37164,1
5.37164,0
5.37258,1
5.37258,0
5.37352,1
5.37352,0
5.37447,1
5.37447,0
5.37541,1
5.37541,0
5.37636,1
5.37636,0
5.3773,1
5.3773,0
5.37824,1
5.37824,0
5.37919,1
5.37919,0
5.38013,1
5.38013,0
5.38108,1
5.38108,0
5.38202,1
5.38202,0
5.38296,1
5.38296,0
5.38391,1
5.38391,0
5.38485,1
5.38485,0
5.3858,1
5.3858,0
5.38674,1
5.38674,0
5.38768,1
5.38768,0
5.38863,1
5.38863,0
5.38957,1
5.38957,0
5.39052,1
5.39052,0
5.39146,1
5.39146,0
5.3924,1
5.3924,0
5.39335,1
5.39335,0
5.39429,1
5.39429,0
5.39524,1
5.39524,0
5.39618,1
5.39618,0
5.39712,1
5.39712,0
5.39807,1
5.39807,0
5.39901,1
5.39901,0
5.39996,1
5.39996,0
5.4009,1
5.4009,0
5.40184,1
5.40184,0
5.40279,1
5.40279,0
5.40373,1
5.40373,0
5.40468,1
5.40468,0
5.40562,1
5.40562,0
5.40656,1
5.40656,0
5.40751,1
5.40751,0
5.40845,1
5.40845,0
5.4094,1
5.4094,0
5.41034,1
5.41034,0
5.41128,1
5.41128,0
5.41223,1
5.41223,0
5.41317,1
5.41317,0
5.41412,1
5.41412,0
5.41506,1
5.41506,0
5.416,1
5.416,0
5.41695,1
5.41695,0
5.41789,1
5.41789,0
5.41884,1
5.41884,0
5.41978,1
5.41978,0
5.42072,1
5.42072,0
5.42167,1
5.42167,0
5.42261,1
5.42261,0
5.42356,1
5.42356,0
5.4245,1
5.4245,0
5.42544,1
5.42544,0
5.42639,1
5.42639,0
5.42733,1
5.42733,0
5.42828,1
5.42828,0
5.42922,1
5.42922,0
5.43016,1
5.43016,0
5.43111,1
5.43111,0
5.43205,1
5.43205,0
5.433,1
5.433,0
5.43394,1
5.43394,0
5.43488,1
5.43488,0
5.43583,1
5.43583,0
5.43677,1
5.43677,0
5.43772,1
5.43772,0
5.43866,1
5.43866,0
5.4396,1
5.4396,0
5.44055,1
5.44055,0
5.44149,1
5.44149,0
5.44244,1
5.44244,0
5.44338,1
5.44338,0
5.44432,1
5.44432,0
5.44527,1
5.44527,0
5.44621,1
5.44621,0
5.44716,1
5.44716,0
5.4481,1
5.4481,0
5.44904,1
5.44904,0
5.44999,1
5.44999,0
5.45093,1
5.45093,0
5.45188,1
5.45188,0
5.45282,1
5.45282,0
5.45376,1
5.45376,0
5.45471,1
5.45471,0
5.45565,1
5.45565,0
5.4566,1
5.4566,0
5.45754,1
5.45754,0
5.45848,1
5.45848,0
5.45943,1
5.45943,0
5.46037,1
5.46037,0
5.46132,1
5.46132,0
5.46226,1
5.46226,0
5.4632,1
5.4632,0
5.46415,1
5.46415,0
5.46509,1
5.46509,0
5.46604,1
5.46604,0
5.46698,1
5.46698,0
5.46792,1
5.46792,0
5.46887,1
5.46887,0
5.46981,1
5.46981,0
5.47076,1
5.47076,0
5.4717,1
5.4717,0
5.47264,1
5.47264,0
5.47359,1
5.47359,0
5.47453,1
5.47453,0
5.47548,1
5.47548,0
5.47642,1
5.47642,0
5.47736,1
5.47736,0
5.47831,1
5.47831,0
5.47925,1
5.47925,0
5.4802,1
5.4802,0
5.48114,1
5.48114,0
5.48208,1
5.48208,0
5.48303,1
5.48303,0
5.48397,1
5.48397,0
5.48492,1
5.48492,0
5.48586,1
5.48586,0
5.4868,1
5.4868,0
5.48775,1
5.48775,0
5.48869,1
5.48869,0
5.48964,1
5.48964,0
5.49058,1
5.49058,0
5.49152,1
5.49152,0
5.49247,1
5.49247,0
5.49341,1
5.49341,0
5.49436,1
5.49436,0
5.4953,1
5.4953,0
5.49624,1
5.49624,0
5.49719,1
5.49719,0
5.49813,1
5.49813,0
5.49908,1
5.49908,0
5.50002,1
5.50002,0
5.50096,1
5.50096,0
5.50191,1
5.50191,0
5.50285,1
5.50285,0
5.5038,1
5.5038,0
5.50474,1
5.50474,0
5.50568,1
5.50568,0
5.50663,1
5.50663,0
5.50757,1
5.50757,0
5.50852,1
5.50852,0
5.50946,1
5.50946,0
5.5104,1
5.5104,0
5.51135,1
5.51135,0
5.51229,1
5.51229,0
5.51324,1
5.51324,0
5.51418,1
5.51418,0
5.51512,1
5.51512,0
5.51607,1
5.51607,0
5.51701,1
5.51701,0
5.51796,1
5.51796,0
5.5189,1
5.5189,0
5.51984,1
5.51984,0
5.52079,1
5.52079,0
5.52173,1
5.52173,0
5.52268,1
5.52268,0
5.52362,1
5.52362,0
5.52456,1
5.52456,0
5.52551,1
5.52551,0
5.52645,1
5.52645,0
5.5274,1
5.5274,0
5.52834,1
5.52834,0
5.52928,1
5.52928,0
5.53023,1
5.53023,0
5.53117,1
5.53117,0
5.53212,1
5.53212,0
5.53306,1
5.53306,0
5.534,1
5.534,0
5.53495,1
5.53495,0
5.53589,1
5.53589,0
5.53684,1
5.53684,0
5.53778,1
5.53778,0
5.53872,1
5.53872,0
5.53967,1
5.53967,0
5.54061,1
5.54061,0
5.54156,1
5.54156,0
5.5425,1
5.5425,0
5.54344,1
5.54344,0
5.54439,1
5.54439,0
5.54533,1
5.54533,0
5.54628,1
5.54628,0
5.54722,1
5.54722,0
5.54816,1
5.54816,0
5.54911,1
5.54911,0
5.55005,1
5.55005,0
5.551,1
5.551,0
5.55194,1
5.55194,0
5.55288,1
5.55288,0
5.55383,1
5.55383,0
5.55477,1
5.55477,0
5.55572,1
5.55572,0
5.55666,1
5.55666,0
5.5576,1
5.5576,0
5.55855,1
5.55855,0
5.55949,1
5.55949,0
5.56044,1
5.56044,0
5.56138,1
5.56138,0
5.56232,1
5.56232,0
5.56327,1
5.56327,0
5.56421,1
5.56421,0
5.56516,1
5.56516,0
5.5661,1
5.5661,0
5.56704,1
5.56704,0
5.56799,1
5.56799,0
5.56893,1
5.56893,0
5.56988,1
5.56988,0
5.57082,1
5.57082,0
5.57176,1
5.57176,0
5.57271,1
5.57271,0
5.57365,1
5.57365,0
5.5746,1
5.5746,0
5.57554,1
5.57554,0
5.57648,1
5.57648,0
5.57743,1
5.57743,0
5.57837,1
5.57837,0
5.57932,1
5.57932,0
5.58026,1
5.58026,0
5.5812,1
5.5812,0
5.58215,1
5.58215,0
5.58309,1
5.58309,0
5.58404,1
5.58404,0
5.58498,1
5.58498,0
5.58592,1
5.58592,0
5.58687,1
5.58687,0
5.58781,1
5.58781,0
5.58876,1
5.58876,0
5.5897,1
5.5897,0
5.59064,1
5.59064,0
5.59159,1
5.59159,0
5.59253,1
5.59253,0
5.59348,1
5.59348,0
5.59442,1
5.59442,0
5.59536,1
5.59536,0
5.59631,1
5.59631,0
5.59725,1
5.59725,0
5.5982,1
5.5982,0
5.59914,1
5.59914,0
5.60008,1
5.60008,0
5.60103,1
5.60103,0
5.60197,1
5.60197,0
5.60292,1
5.60292,0
5.60386,1
5.60386,0
5.6048,1
5.6048,0
5.60575,1
5.60575,0
5.60669,1
5.60669,0
5.60764,1
5.60764,0
5.60858,1
5.60858,0
5.60952,1
5.60952,0
5.61047,1
5.61047,0
5.61141,1
5.61141,0
5.61236,1
5.61236,0
5.6133,1
5.6133,0
5.61424,1
5.61424,0
5.61519,1
5.61519,0
5.61613,1
5.61613,0
5.61708,1
5.61708,0
5.61802,1
5.61802,0
5.61896,1
5.61896,0
5.61991,1
5.61991,0
5.62085,1
5.62085,0
5.6218,1
5.6218,0
5.62274,1
5.62274,0
5.62368,1
5.62368,0
5.62463,1
5.62463,0
5.62557,1
5.62557,0
5.62652,1
5.62652,0
5.62746,1
5.62746,0
5.6284,1
5.6284,0
5.62935,1
5.62935,0
5.63029,1
5.63029,0
5.63124,1
5.63124,0
5.63218,1
5.63218,0
5.63312,1
5.63312,0
5.63407,1
5.63407,0
5.63501,1
5.63501,0
5.63596,1
5.63596,0
5.6369,1
5.6369,0
5.63784,1
5.63784,0
5.63879,1
5.63879,0
5.63973,1
5.63973,0
5.64068,1
5.64068,0
5.64162,1
5.64162,0
5.64256,1
5.64256,0
5.64351,1
5.64351,0
5.64445,1
5.64445,0
5.6454,1
5.6454,0
5.64634,1
5.64634,0
5.64728,1
5.64728,0
5.64823,1
5.64823,0
5.64917,1
5.64917,0
5.65012,1
5.65012,0
5.65106,1
5.65106,0
5.652,1
5.652,0
5.65295,1
5.65295,0
5.65389,1
5.65389,0
5.65484,1
5.65484,0
5.65578,1
5.65578,0
5.65672,1
5.65672,0
5.65767,1
5.65767,0
5.65861,1
5.65861,0
5.65956,1
5.65956,0
5.6605,1
5.6605,0
5.66144,1
5.66144,0
5.66239,1
5.66239,0
5.66333,1
5.66333,0
5.66428,1
5.66428,0
5.66522,1
5.66522,0
5.66616,1
5.66616,0
5.66711,1
5.66711,0
5.66805,1
5.66805,0
5.669,1
5.669,0
5.66994,1
5.66994,0
5.67088,1
5.67088,0
5.67183,1
5.67183,0
5.67277,1
5.67277,0
5.67372,1
5.67372,0
5.67466,1
5.67466,0
5.6756,1
5.6756,0
5.67655,1
5.67655,0
5.67749,1
5.67749,0
5.67844,1
5.67844,0
5.67938,1
5.67938,0
5.68032,1
5.68032,0
5.68127,1
5.68127,0
5.68221,1
5.68221,0
5.68316,1
5.68316,0
5.6841,1
5.6841,0
5.68504,1
5.68504,0
5.68599,1
5.68599,0
5.68693,1
5.68693,0
5.68788,1
5.68788,0
5.68882,1
5.68882,0
5.68976,1
5.68976,0
5.69071,1
5.69071,0
5.69165,1
5.69165,0
5.6926,1
5.6926,0
5.69354,1
5.69354,0
5.69448,1
5.69448,0
5.69543,1
5.69543,0
5.69637,1
5.69637,0
5.69732,1
5.69732,0
5.69826,1
5.69826,0
5.6992,1
5.6992,0
5.70015,1
5.70015,0
5.70109,1
5.70109,0
5.70204,1
5.70204,0
5.70298,1
5.70298,0
5.70392,1
5.70392,0
5.70487,1
5.70487,0
5.70581,1
5.70581,0
5.70676,1
5.70676,0
5.7077,1
5.7077,0
5.70864,1
5.70864,0
5.70959,1
5.70959,0
5.71053,1
5.71053,0
5.71148,1
5.71148,0
5.71242,1
5.71242,0
5.71336,1
5.71336,0
5.71431,1
5.71431,0
5.71525,1
5.71525,0
5.7162,1
5.7162,0
5.71714,1
5.71714,0
5.71808,1
5.71808,0
5.71903,1
5.71903,0
5.71997,1
5.71997,0
5.72092,1
5.72092,0
5.72186,1
5.72186,0
5.7228,1
5.7228,0
5.72375,1
5.72375,0
5.72469,1
5.72469,0
5.72564,1
5.72564,0
5.72658,1
5.72658,0
5.72752,1
5.72752,0
5.72847,1
5.72847,0
5.72941,1
5.72941,0
5.73036,1
5.73036,0
5.7313,1
5.7313,0
5.73224,1
5.73224,0
5.73319,1
5.73319,0
5.73413,1
5.73413,0
5.73508,1
5.73508,0
5.73602,1
5.73602,0
5.73696,1
5.73696,0
5.73791,1
5.73791,0
5.73885,1
5.73885,0
5.7398,1
5.7398,0
5.74074,1
5.74074,0
5.74168,1
5.74168,0
5.74263,1
5.74263,0
5.74357,1
5.74357,0
5.74452,1
5.74452,0
5.74546,1
5.74546,0
5.7464,1
5.7464,0
5.74735,1
5.74735,0
5.74829,1
5.74829,0
5.74924,1
5.74924,0
5.75018,1
5.75018,0
5.75112,1
5.75112,0
5.75207,1
5.75207,0
5.75301,1
5.75301,0
5.75396,1
5.75396,0
5.7549,1
5.7549,0
5.75584,1
5.75584,0
5.75679,1
5.75679,0
5.75773,1
5.75773,0
5.75868,1
5.75868,0
5.75962,1
5.75962,0
5.76056,1
5.76056,0
5.76151,1
5.76151,0
5.76245,1
5.76245,0
5.7634,1
5.7634,0
5.76434,1
5.76434,0
5.76528,1
5.76528,0
5.76623,1
5.76623,0
5.76717,1
5.76717,0
5.76812,1
5.76812,0
5.76906,1
5.76906,0
5.77,1
5.77,0
5.77095,1
5.77095,0
5.77189,1
5.77189,0
5.77284,1
5.77284,0
5.77378,1
5.77378,0
5.77472,1
5.77472,0
5.77567,1
5.77567,0
5.77661,1
5.77661,0
5.77756,1
5.77756,0
5.7785,1
5.7785,0
5.77944,1
5.77944,0
5.78039,1
5.78039,0
5.78133,1
5.78133,0
5.78228,1
5.78228,0
5.78322,1
5.78322,0
5.78416,1
5.78416,0
5.78511,1
5.78511,0
5.78605,1
5.78605,0
5.787,1
5.787,0
5.78794,1
5.78794,0
5.78888,1
5.78888,0
5.78983,1
5.78983,0
5.79077,1
5.79077,0
5.79172,1
5.79172,0
5.79266,1
5.79266,0
5.7936,1
5.7936,0
5.79455,1
5.79455,0
5.79549,1
5.79549,0
5.79644,1
5.79644,0
5.79738,1
5.79738,0
5.79832,1
5.79832,0
5.79927,1
5.79927,0
5.80021,1
5.80021,0
5.80116,1
5.80116,0
5.8021,1
5.8021,0
5.80304,1
5.80304,0
5.80399,1
5.80399,0
5.80493,1
5.80493,0
5.80588,1
5.80588,0
5.80682,1
5.80682,0
5.80776,1
5.80776,0
5.80871,1
5.80871,0
5.80965,1
5.80965,0
5.8106,1
5.8106,0
5.81154,1
5.81154,0
5.81248,1
5.81248,0
5.81343,1
5.81343,0
5.81437,1
5.81437,0
5.81532,1
5.81532,0
5.81626,1
5.81626,0
5.8172,1
5.8172,0
5.81815,1
5.81815,0
5.81909,1
5.81909,0
5.82004,1
5.82004,0
5.82098,1
5.82098,0
5.82192,1
5.82192,0
5.82287,1
5.82287,0
5.82381,1
5.82381,0
5.82476,1
5.82476,0
5.8257,1
5.8257,0
5.82664,1
5.82664,0
5.82759,1
5.82759,0
5.82853,1
5.82853,0
5.82948,1
5.82948,0
5.83042,1
5.83042,0
5.83136,1
5.83136,0
5.83231,1
5.83231,0
5.83325,1
5.83325,0
5.8342,1
5.8342,0
5.83514,1
5.83514,0
5.83608,1
5.83608,0
5.83703,1
5.83703,0
5.83797,1
5.83797,0
5.83892,1
5.83892,0
5.83986,1
5.83986,0
5.8408,1
5.8408,0
5.84175,1
5.84175,0
5.84269,1
5.84269,0
5.84364,1
5.84364,0
5.84458,1
5.84458,0
5.84552,1
5.84552,0
5.84647,1
5.84647,0
5.84741,1
5.84741,0
5.84836,1
5.84836,0
5.8493,1
5.8493,0
5.85024,1
5.85024,0
5.85119,1
5.85119,0
5.85213,1
5.85213,0
5.85308,1
5.85308,0
5.85402,1
5.85402,0
5.85496,1
5.85496,0
5.85591,1
5.85591,0
5.85685,1
5.85685,0
5.8578,1
5.8578,0
5.85874,1
5.85874,0
5.85968,1
5.85968,0
5.86063,1
5.86063,0
5.86157,1
5.86157,0
5.86252,1
5.86252,0
5.86346,1
5.86346,0
5.8644,1
5.8644,0
5.86535,1
5.86535,0
5.86629,1
5.86629,0
5.86724,1
5.86724,0
5.86818,1
5.86818,0
5.86912,1
5.86912,0
5.87007,1
5.87007,0
5.87101,1
5.87101,0
5.87196,1
5.87196,0
5.8729,1
5.8729,0
5.87384,1
5.87384,0
5.87479,1
5.87479,0
5.87573,1
5.87573,0
5.87668,1
5.87668,0
5.87762,1
5.87762,0
5.87856,1
5.87856,0
5.87951,1
5.87951,0
5.88045,1
5.88045,0
5.8814,1
5.8814,0
5.88234,1
5.88234,0
5.88328,1
5.88328,0
5.88423,1
5.88423,0
5.88517,1
5.88517,0
5.88612,1
5.88612,0
5.88706,1
5.88706,0
5.888,1
5.888,0
5.88895,1
5.88895,0
5.88989,1
5.88989,0
5.89084,1
5.89084,0
5.89178,1
5.89178,0
5.89272,1
5.89272,0
5.89367,1
5.89367,0
5.89461,1
5.89461,0
5.89556,1
5.89556,0
5.8965,1
5.8965,0
5.89744,1
5.89744,0
5.89839,1
5.89839,0
5.89933,1
5.89933,0
5.90028,1
5.90028,0
5.90122,1
5.90122,0
5.90216,1
5.90216,0
5.90311,1
5.90311,0
5.90405,1
5.90405,0
5.905,1
5.905,0
5.90594,1
5.90594,0
5.90688,1
5.90688,0
5.90783,1
5.90783,0
5.90877,1
5.90877,0
5.90972,1
5.90972,0
5.91066,1
5.91066,0
5.9116,1
5.9116,0
5.91255,1
5.91255,0
5.91349,1
5.91349,0
5.91444,1
5.91444,0
5.91538,1
5.91538,0
5.91632,1
5.91632,0
5.91727,1
5.91727,0
5.91821,1
5.91821,0
5.91916,1
5.91916,0
5.9201,1
5.9201,0
5.92104,1
5.92104,0
5.92199,1
5.92199,0
5.92293,1
5.92293,0
5.92388,1
5.92388,0
5.92482,1
5.92482,0
5.92576,1
5.92576,0
5.92671,1
5.92671,0
5.92765,1
5.92765,0
5.9286,1
5.9286,0
5.92954,1
5.92954,0
5.93048,1
5.93048,0
5.93143,1
5.93143,0
5.93237,1
5.93237,0
5.93332,1
5.93332,0
5.93426,1
5.93426,0
5.9352,1
5.9352,0
5.93615,1
5.93615,0
5.93709,1
5.93709,0
5.93804,1
5.93804,0
5.93898,1
5.93898,0
5.93992,1
5.93992,0
5.94087,1
5.94087,0
5.94181,1
5.94181,0
5.94276,1
5.94276,0
5.9437,1
5.9437,0
5.94464,1
5.94464,0
5.94559,1
5.94559,0
5.94653,1
5.94653,0
5.94748,1
5.94748,0
5.94842,1
5.94842,0
5.94936,1
5.94936,0
5.95031,1
5.95031,0
5.95125,1
5.95125,0
5.9522,1
5.9522,0
5.95314,1
5.95314,0
5.95408,1
5.95408,0
5.95503,1
5.95503,0
5.95597,1
5.95597,0
5.95692,1
5.95692,0
5.95786,1
5.95786,0
5.9588,1
5.9588,0
5.95975,1
5.95975,0
5.96069,1
5.96069,0
5.96164,1
5.96164,0
5.96258,1
5.96258,0
5.96352,1
5.96352,0
5.96447,1
5.96447,0
5.96541,1
5.96541,0
5.96636,1
5.96636,0
5.9673,1
5.9673,0
5.96824,1
5.96824,0
5.96919,1
5.96919,0
5.97013,1
5.97013,0
5.97108,1
5.97108,0
5.97202,1
5.97202,0
5.97296,1
5.97296,0
5.97391,1
5.97391,0
5.97485,1
5.97485,0
5.9758,1
5.9758,0
5.97674,1
5.97674,0
5.97768,1
5.97768,0
5.97863,1
5.97863,0
5.97957,1
5.97957,0
5.98052,1
5.98052,0
5.98146,1
5.98146,0
5.9824,1
5.9824,0
5.98335,1
5.98335,0
5.98429,1
5.98429,0
5.98524,1
5.98524,0
5.98618,1
5.98618,0
5.98712,1
5.98712,0
5.98807,1
5.98807,0
5.98901,1
5.98901,0
5.98996,1
5.98996,0
5.9909,1
5.9909,0
5.99184,1
5.99184,0
5.99279,1
5.99279,0
5.99373,1
5.99373,0
5.99468,1
5.99468,0
5.99562,1
5.99562,0
5.99656,1
5.99656,0
5.99751,1
5.99751,0
5.99845,1
5.99845,0
5.9994,1
5.9994,0
6.00034,1
6.00034,0
6.00128,1
6.00128,0
6.00223,1
6.00223,0
6.00317,1
6.00317,0
6.00412,1
6.00412,0
6.00506,1
6.00506,0
6.006,1
6.006,0
6.00695,1
6.00695,0
6.00789,1
6.00789,0
6.00884,1
6.00884,0
6.00978,1
6.00978,0
6.01072,1
6.01072,0
6.01167,1
6.01167,0
6.01261,1
6.01261,0
6.01356,1
6.01356,0
6.0145,1
6.0145,0
6.01544,1
6.01544,0
6.01639,1
6.01639,0
6.01733,1
6.01733,0
6.01828,1
6.01828,0
6.01922,1
6.01922,0
6.02016,1
6.02016,0
6.02111,1
6.02111,0
6.02205,1
6.02205,0
6.023,1
6.023,0
6.02394,1
6.02394,0
6.02488,1
6.02488,0
6.02583,1
6.02583,0
6.02677,1
6.02677,0
6.02772,1
6.02772,0
6.02866,1
6.02866,0
6.0296,1
6.0296,0
6.03055,1
6.03055,0
6.03149,1
6.03149,0
6.03244,1
6.03244,0
6.03338,1
6.03338,0
6.03432,1
6.03432,0
6.03527,1
6.03527,0
6.03621,1
6.03621,0
6.03716,1
6.03716,0
6.0381,1
6.0381,0
6.03904,1
6.03904,0
6.03999,1
6.03999,0
6.04093,1
6.04093,0
6.04188,1
6.04188,0
6.04282,1
6.04282,0
6.04376,1
6.04376,0
6.04471,1
6.04471,0
6.04565,1
6.04565,0
6.0466,1
6.0466,0
6.04754,1
6.04754,0
6.04848,1
6.04848,0
6.04943,1
6.04943,0
6.05037,1
6.05037,0
6.05132,1
6.05132,0
6.05226,1
6.05226,0
6.0532,1
6.0532,0
6.05415,1
6.05415,0
6.05509,1
6.05509,0
6.05604,1
6.05604,0
6.05698,1
6.05698,0
6.05792,1
6.05792,0
6.05887,1
6.05887,0
6.05981,1
6.05981,0
6.06076,1
6.06076,0
6.0617,1
6.0617,0
6.06264,1
6.06264,0
6.06359,1
6.06359,0
6.06453,1
6.06453,0
6.06548,1
6.06548,0
6.06642,1
6.06642,0
6.06736,1
6.06736,0
6.06831,1
6.06831,0
6.06925,1
6.06925,0
6.0702,1
6.0702,0
6.07114,1
6.07114,0
6.07208,1
6.07208,0
6.07303,1
6.07303,0
6.07397,1
6.07397,0
6.07492,1
6.07492,0
6.07586,1
6.07586,0
6.0768,1
6.0768,0
6.07775,1
6.07775,0
6.07869,1
6.07869,0
6.07964,1
6.07964,0
6.08058,1
6.08058,0
6.08152,1
6.08152,0
6.08247,1
6.08247,0
6.08341,1
6.08341,0
6.08436,1
6.08436,0
6.0853,1
6.0853,0
6.08624,1
6.08624,0
6.08719,1
6.08719,0
6.08813,1
6.08813,0
6.08908,1
6.08908,0
6.09002,1
6.09002,0
6.09096,1
6.09096,0
6.09191,1
6.09191,0
6.09285,1
6.09285,0
6.0938,1
6.0938,0
6.09474,1
6.09474,0
6.09568,1
6.09568,0
6.09663,1
6.09663,0
6.09757,1
6.09757,0
6.09852,1
6.09852,0
6.09946,1
6.09946,0
6.1004,1
6.1004,0
6.10135,1
6.10135,0
6.10229,1
6.10229,0
6.10324,1
6.10324,0
6.10418,1
6.10418,0
6.10512,1
6.10512,0
6.10607,1
6.10607,0
6.10701,1
6.10701,0
6.10796,1
6.10796,0
6.1089,1
6.1089,0
6.10984,1
6.10984,0
6.11079,1
6.11079,0
6.11173,1
6.11173,0
6.11268,1
6.11268,0
6.11362,1
6.11362,0
6.11456,1
6.11456,0
6.11551,1
6.11551,0
6.11645,1
6.11645,0
6.1174,1
6.1174,0
6.11834,1
6.11834,0
6.11928,1
6.11928,0
6.12023,1
6.12023,0
6.12117,1
6.12117,0
6.12212,1
6.12212,0
6.12306,1
6.12306,0
6.124,1
6.124,0
6.12495,1
6.12495,0
6.12589,1
6.12589,0
6.12684,1
6.12684,0
6.12778,1
6.12778,0
6.12872,1
6.12872,0
6.12967,1
6.12967,0
6.13061,1
6.13061,0
6.13156,1
6.13156,0
6.1325,1
6.1325,0
6.13344,1
6.13344,0
6.13439,1
6.13439,0
6.13533,1
6.13533,0
6.13628,1
6.13628,0
6.13722,1
6.13722,0
6.13816,1
6.13816,0
6.13911,1
6.13911,0
6.14005,1
6.14005,0
6.141,1
6.141,0
6.14194,1
6.14194,0
6.14288,1
6.14288,0
6.14383,1
6.14383,0
6.14477,1
6.14477,0
6.14572,1
6.14572,0
6.14666,1
6.14666,0
6.1476,1
6.1476,0
6.14855,1
6.14855,0
6.14949,1
6.14949,0
6.15044,1
6.15044,0
6.15138,1
6.15138,0
6.15232,1
6.15232,0
6.15327,1
6.15327,0
6.15421,1
6.15421,0
6.15516,1
6.15516,0
6.1561,1
6.1561,0
6.15704,1
6.15704,0
6.15799,1
6.15799,0
6.15893,1
6.15893,0
6.15988,1
6.15988,0
6.16082,1
6.16082,0
6.16176,1
6.16176,0
6.16271,1
6.16271,0
6.16365,1
6.16365,0
6.1646,1
6.1646,0
6.16554,1
6.16554,0
6.16648,1
6.16648,0
6.16743,1
6.16743,0
6.16837,1
6.16837,0
6.16932,1
6.16932,0
6.17026,1
6.17026,0
6.1712,1
6.1712,0
6.17215,1
6.17215,0
6.17309,1
6.17309,0
6.17404,1
6.17404,0
6.17498,1
6.17498,0
6.17592,1
6.17592,0
6.17687,1
6.17687,0
6.17781,1
6.17781,0
6.17876,1
6.17876,0
6.1797,1
6.1797,0
6.18064,1
6.18064,0
6.18159,1
6.18159,0
6.18253,1
6.18253,0
6.18348,1
6.18348,0
6.18442,1
6.18442,0
6.18536,1
6.18536,0
6.18631,1
6.18631,0
6.18725,1
6.18725,0
6.1882,1
6.1882,0
6.18914,1
6.18914,0
6.19008,1
6.19008,0
6.19103,1
6.19103,0
6.19197,1
6.19197,0
6.19292,1
6.19292,0
6.19386,1
6.19386,0
6.1948,1
6.1948,0
6.19575,1
6.19575,0
6.19669,1
6.19669,0
6.19764,1
6.19764,0
6.19858,1
6.19858,0
6.19952,1
6.19952,0
6.20047,1
6.20047,0
6.20141,1
6.20141,0
6.20236,1
6.20236,0
6.2033,1
6.2033,0
6.20424,1
6.20424,0
6.20519,1
6.20519,0
6.20613,1
6.20613,0
6.20708,1
6.20708,0
6.20802,1
6.20802,0
6.20896,1
6.20896,0
6.20991,1
6.20991,0
6.21085,1
6.21085,0
6.2118,1
6.2118,0
6.21274,1
6.21274,0
6.21368,1
6.21368,0
6.21463,1
6.21463,0
6.21557,1
6.21557,0
6.21652,1
6.21652,0
6.21746,1
6.21746,0
6.2184,1
6.2184,0
6.21935,1
6.21935,0
6.22029,1
6.22029,0
6.22124,1
6.22124,0
6.22218,1
6.22218,0
6.22312,1
6.22312,0
6.22407,1
6.22407,0
6.22501,1
6.22501,0
6.22596,1
6.22596,0
6.2269,1
6.2269,0
6.22784,1
6.22784,0
6.22879,1
6.22879,0
6.22973,1
6.22973,0
6.23068,1
6.23068,0
6.23162,1
6.23162,0
6.23256,1
6.23256,0
6.23351,1
6.23351,0
6.23445,1
6.23445,0
6.2354,1
6.2354,0
6.23634,1
6.23634,0
6.23728,1
6.23728,0
6.23823,1
6.23823,0
6.23917,1
6.23917,0
6.24012,1
6.24012,0
6.24106,1
6.24106,0
6.242,1
6.242,0
6.24295,1
6.24295,0
6.24389,1
6.24389,0
6.24484,1
6.24484,0
6.24578,1
6.24578,0
6.24672,1
6.24672,0
6.24767,1
6.24767,0
6.24861,1
6.24861,0
6.24956,1
6.24956,0
6.2505,1
6.2505,0
6.25144,1
6.25144,0
6.25239,1
6.25239,0
6.25333,1
6.25333,0
6.25428,1
6.25428,0
6.25522,1
6.25522,0
6.25616,1
6.25616,0
6.25711,1
6.25711,0
6.25805,1
6.25805,0
6.259,1
6.259,0
6.25994,1
6.25994,0
6.26088,1
6.26088,0
6.26183,1
6.26183,0
6.26277,1
6.26277,0
6.26372,1
6.26372,0
6.26466,1
6.26466,0
6.2656,1
6.2656,0
6.26655,1
6.26655,0
6.26749,1
6.26749,0
6.26844,1
6.26844,0
6.26938,1
6.26938,0
6.27032,1
6.27032,0
6.27127,1
6.27127,0
6.27221,1
6.27221,0
6.27316,1
6.27316,0
6.2741,1
6.2741,0
6.27504,1
6.27504,0
6.27599,1
6.27599,0
6.27693,1
6.27693,0
6.27788,1
6.27788,0
6.27882,1
6.27882,0
6.27976,1
6.27976,0
6.28071,1
6.28071,0
6.28165,1
6.28165,0
6.2826,1
6.2826,0
6.28354,1
6.28354,0
6.28448,1
6.28448,0
6.28543,1
6.28543,0
6.28637,1
6.28637,0
6.28732,1
6.28732,0
6.28826,1
6.28826,0
6.2892,1
6.2892,0
6.29015,1
6.29015,0
6.29109,1
6.29109,0
6.29204,1
6.29204,0
6.29298,1
6.29298,0
6.29392,1
6.29392,0
6.29487,1
6.29487,0
6.29581,1
6.29581,0
6.29676,1
6.29676,0
6.2977,1
6.2977,0
6.29864,1
6.29864,0
6.29959,1
6.29959,0
6.30053,1
6.30053,0
6.30148,1
6.30148,0
6.30242,1
6.30242,0
6.30336,1
6.30336,0
6.30431,1
6.30431,0
6.30525,1
6.30525,0
6.3062,1
6.3062,0
6.30714,1
6.30714,0
6.30808,1
6.30808,0
6.30903,1
6.30903,0
6.30997,1
6.30997,0
6.31092,1
6.31092,0
6.31186,1
6.31186,0
6.3128,1
6.3128,0
6.31375,1
6.31375,0
6.31469,1
6.31469,0
6.31564,1
6.31564,0
6.31658,1
6.31658,0
6.31752,1
6.31752,0
6.31847,1
6.31847,0
6.31941,1
6.31941,0
6.32036,1
6.32036,0
6.3213,1
6.3213,0
6.32224,1
6.32224,0
6.32319,1
6.32319,0
6.32413,1
6.32413,0
6.32508,1
6.32508,0
6.32602,1
6.32602,0
6.32696,1
6.32696,0
6.32791,1
6.32791,0
6.32885,1
6.32885,0
6.3298,1
6.3298,0
6.33074,1
6.33074,0
6.33168,1
6.33168,0
6.33263,1
6.33263,0
6.33357,1
6.33357,0
6.33452,1
6.33452,0
6.33546,1
6.33546,0
6.3364,1
6.3364,0
6.33735,1
6.33735,0
6.33829,1
6.33829,0
6.33924,1
6.33924,0
6.34018,1
6.34018,0
6.34112,1
6.34112,0
6.34207,1
6.34207,0
6.34301,1
6.34301,0
6.34396,1
6.34396,0
6.3449,1
6.3449,0
6.34584,1
6.34584,0
6.34679,1
6.34679,0
6.34773,1
6.34773,0
6.34868,1
6.34868,0
6.34962,1
6.34962,0
6.35056,1
6.35056,0
6.35151,1
6.35151,0
6.35245,1
6.35245,0
6.3534,1
6.3534,0
6.35434,1
6.35434,0
6.35528,1
6.35528,0
6.35623,1
6.35623,0
6.35717,1
6.35717,0
6.35812,1
6.35812,0
6.35906,1
6.35906,0
6.36,1
6.36,0
6.36095,1
6.36095,0
6.36189,1
6.36189,0
6.36284,1
6.36284,0
6.36378,1
6.36378,0
6.36472,1
6.36472,0
6.36567,1
6.36567,0
6.36661,1
6.36661,0
6.36756,1
6.36756,0
6.3685,1
6.3685,0
6.36944,1
6.36944,0
6.37039,1
6.37039,0
6.37133,1
6.37133,0
6.37228,1
6.37228,0
6.37322,1
6.37322,0
6.37416,1
6.37416,0
6.37511,1
6.37511,0
6.37605,1
6.37605,0
6.377,1
6.377,0
6.37794,1
6.37794,0
6.37888,1
6.37888,0
6.37983,1
6.37983,0
6.38077,1
6.38077,0
6.38172,1
6.38172,0
6.38266,1
6.38266,0
6.3836,1
6.3836,0
6.38455,1
6.38455,0
6.38549,1
6.38549,0
6.38644,1
6.38644,0
6.38738,1
6.38738,0
6.38832,1
6.38832,0
6.38927,1
6.38927,0
6.39021,1
6.39021,0
6.39116,1
6.39116,0
6.3921,1
6.3921,0
6.39304,1
6.39304,0
6.39399,1
6.39399,0
6.39493,1
6.39493,0
6.39588,1
6.39588,0
6.39682,1
6.39682,0
6.39776,1
6.39776,0
6.39871,1
6.39871,0
6.39965,1
6.39965,0
6.4006,1
6.4006,0
6.40154,1
6.40154,0
6.40248,1
6.40248,0
6.40343,1
6.40343,0
6.40437,1
6.40437,0
6.40532,1
6.40532,0
6.40626,1
6.40626,0
6.4072,1
6.4072,0
6.40815,1
6.40815,0
6.40909,1
6.40909,0
6.41004,1
6.41004,0
6.41098,1
6.41098,0
6.41192,1
6.41192,0
6.41287,1
6.41287,0
6.41381,1
6.41381,0
6.41476,1
6.41476,0
6.4157,1
6.4157,0
6.41664,1
6.41664,0
6.41759,1
6.41759,0
6.41853,1
6.41853,0
6.41948,1
6.41948,0
6.42042,1
6.42042,0
6.42136,1
6.42136,0
6.42231,1
6.42231,0
6.42325,1
6.42325,0
6.4242,1
6.4242,0
6.42514,1
6.42514,0
6.42608,1
6.42608,0
6.42703,1
6.42703,0
6.42797,1
6.42797,0
6.42892,1
6.42892,0
6.42986,1
6.42986,0
6.4308,1
6.4308,0
6.43175,1
6.43175,0
6.43269,1
6.43269,0
6.43364,1
6.43364,0
6.43458,1
6.43458,0
6.43552,1
6.43552,0
6.43647,1
6.43647,0
6.43741,1
6.43741,0
6.43836,1
6.43836,0
6.4393,1
6.4393,0
6.44024,1
6.44024,0
6.44119,1
6.44119,0
6.44213,1
6.44213,0
6.44308,1
6.44308,0
6.44402,1
6.44402,0
6.44496,1
6.44496,0
6.44591,1
6.44591,0
6.44685,1
6.44685,0
6.4478,1
6.4478,0
6.44874,1
6.44874,0
6.44968,1
6.44968,0
6.45063,1
6.45063,0
6.45157,1
6.45157,0
6.45252,1
6.45252,0
6.45346,1
6.45346,0
6.4544,1
6.4544,0
6.45535,1
6.45535,0
6.45629,1
6.45629,0
6.45724,1
6.45724,0
6.45818,1
6.45818,0
6.45912,1
6.45912,0
6.46007,1
6.46007,0
6.46101,1
6.46101,0
6.46196,1
6.46196,0
6.4629,1
6.4629,0
6.46384,1
6.46384,0
6.46479,1
6.46479,0
6.46573,1
6.46573,0
6.46668,1
6.46668,0
6.46762,1
6.46762,0
6.46856,1
6.46856,0
6.46951,1
6.46951,0
6.47045,1
6.47045,0
6.4714,1
6.4714,0
6.47234,1
6.47234,0
6.47328,1
6.47328,0
6.47423,1
6.47423,0
6.47517,1
6.47517,0
6.47612,1
6.47612,0
6.47706,1
6.47706,0
6.478,1
6.478,0
6.47895,1
6.47895,0
6.47989,1
6.47989,0
6.48084,1
6.48084,0
6.48178,1
6.48178,0
6.48272,1
6.48272,0
6.48367,1
6.48367,0
6.48461,1
6.48461,0
6.48556,1
6.48556,0
6.4865,1
6.4865,0
6.48744,1
6.48744,0
6.48839,1
6.48839,0
6.48933,1
6.48933,0
6.49028,1
6.49028,0
6.49122,1
6.49122,0
6.49216,1
6.49216,0
6.49311,1
6.49311,0
6.49405,1
6.49405,0
6.495,1
6.495,0
6.49594,1
6.49594,0
6.49688,1
6.49688,0
6.49783,1
6.49783,0
6.49877,1
6.49877,0
6.49972,1
6.49972,0
6.50066,1
6.50066,0
6.5016,1
6.5016,0
6.50255,1
6.50255,0
6.50349,1
6.50349,0
6.50444,1
6.50444,0
6.50538,1
6.50538,0
6.50632,1
6.50632,0
6.50727,1
6.50727,0
6.50821,1
6.50821,0
6.50916,1
6.50916,0
6.5101,1
6.5101,0
6.51104,1
6.51104,0
6.51199,1
6.51199,0
6.51293,1
6.51293,0
6.51388,1
6.51388,0
6.51482,1
6.51482,0
6.51576,1
6.51576,0
6.51671,1
6.51671,0
6.51765,1
6.51765,0
6.5186,1
6.5186,0
6.51954,1
6.51954,0
6.52048,1
6.52048,0
6.52143,1
6.52143,0
6.52237,1
6.52237,0
6.52332,1
6.52332,0
6.52426,1
6.52426,0
6.5252,1
6.5252,0
6.52615,1
6.52615,0
6.52709,1
6.52709,0
6.52804,1
6.52804,0
6.52898,1
6.52898,0
6.52992,1
6.52992,0
6.53087,1
6.53087,0
6.53181,1
6.53181,0
6.53276,1
6.53276,0
6.5337,1
6.5337,0
6.53464,1
6.53464,0
6.53559,1
6.53559,0
6.53653,1
6.53653,0
6.53748,1
6.53748,0
6.53842,1
6.53842,0
6.53936,1
6.53936,0
6.54031,1
6.54031,0
6.54125,1
6.54125,0
6.5422,1
6.5422,0
6.54314,1
6.54314,0
6.54408,1
6.54408,0
6.54503,1
6.54503,0
6.54597,1
6.54597,0
6.54692,1
6.54692,0
6.54786,1
6.54786,0
6.5488,1
6.5488,0
6.54975,1
6.54975,0
6.55069,1
6.55069,0
6.55164,1
6.55164,0
6.55258,1
6.55258,0
6.55352,1
6.55352,0
6.55447,1
6.55447,0
6.55541,1
6.55541,0
6.55636,1
6.55636,0
6.5573,1
6.5573,0
6.55824,1
6.55824,0
6.55919,1
6.55919,0
6.56013,1
6.56013,0
6.56108,1
6.56108,0
6.56202,1
6.56202,0
6.56296,1
6.56296,0
6.56391,1
6.56391,0
6.56485,1
6.56485,0
6.5658,1
6.5658,0
6.56674,1
6.56674,0
6.56768,1
6.56768,0
6.56863,1
6.56863,0
6.56957,1
6.56957,0
6.57052,1
6.57052,0
6.57146,1
6.57146,0
6.5724,1
6.5724,0
6.57335,1
6.57335,0
6.57429,1
6.57429,0
6.57524,1
6.57524,0
6.57618,1
6.57618,0
6.57712,1
6.57712,0
6.57807,1
6.57807,0
6.57901,1
6.57901,0
6.57996,1
6.57996,0
6.5809,1
6.5809,0
6.58184,1
6.58184,0
6.58279,1
6.58279,0
6.58373,1
6.58373,0
6.58468,1
6.58468,0
6.58562,1
6.58562,0
6.58656,1
6.58656,0
6.58751,1
6.58751,0
6.58845,1
6.58845,0
6.5894,1
6.5894,0
6.59034,1
6.59034,0
6.59128,1
6.59128,0
6.59223,1
6.59223,0
6.59317,1
6.59317,0
6.59412,1
6.59412,0
6.59506,1
6.59506,0
6.596,1
6.596,0
6.59695,1
6.59695,0
6.59789,1
6.59789,0
6.59884,1
6.59884,0
6.59978,1
6.59978,0
6.60072,1
6.60072,0
6.60167,1
6.60167,0
6.60261,1
6.60261,0
6.60356,1
6.60356,0
6.6045,1
6.6045,0
6.60544,1
6.60544,0
6.60639,1
6.60639,0
6.60733,1
6.60733,0
6.60828,1
6.60828,0
6.60922,1
6.60922,0
6.61016,1
6.61016,0
6.61111,1
6.61111,0
6.61205,1
6.61205,0
6.613,1
6.613,0
6.61394,1
6.61394,0
6.61488,1
6.61488,0
6.61583,1
6.61583,0
6.61677,1
6.61677,0
6.61772,1
6.61772,0
6.61866,1
6.61866,0
6.6196,1
6.6196,0
6.62055,1
6.62055,0
6.62149,1
6.62149,0
6.62244,1
6.62244,0
6.62338,1
6.62338,0
6.62432,1
6.62432,0
6.62527,1
6.62527,0
6.62621,1
6.62621,0
6.62716,1
6.62716,0
6.6281,1
6.6281,0
6.62904,1
6.62904,0
6.62999,1
6.62999,0
6.63093,1
6.63093,0
6.63188,1
6.63188,0
6.63282,1
6.63282,0
6.63376,1
6.63376,0
6.63471,1
6.63471,0
6.63565,1
6.63565,0
6.6366,1
6.6366,0
6.63754,1
6.63754,0
6.63848,1
6.63848,0
6.63943,1
6.63943,0
6.64037,1
6.64037,0
6.64132,1
6.64132,0
6.64226,1
6.64226,0
6.6432,1
6.6432,0
6.64415,1
6.64415,0
6.64509,1
6.64509,0
6.64604,1
6.64604,0
6.64698,1
6.64698,0
6.64792,1
6.64792,0
6.64887,1
6.64887,0
6.64981,1
6.64981,0
6.65076,1
6.65076,0
6.6517,1
6.6517,0
6.65264,1
6.65264,0
6.65359,1
6.65359,0
6.65453,1
6.65453,0
6.65548,1
6.65548,0
6.65642,1
6.65642,0
6.65736,1
6.65736,0
6.65831,1
6.65831,0
6.65925,1
6.65925,0
6.6602,1
6.6602,0
6.66114,1
6.66114,0
6.66208,1
6.66208,0
6.66303,1
6.66303,0
6.66397,1
6.66397,0
6.66492,1
6.66492,0
6.66586,1
6.66586,0
6.6668,1
6.6668,0
6.66775,1
6.66775,0
6.66869,1
6.66869,0
6.66964,1
6.66964,0
6.67058,1
6.67058,0
6.67152,1
6.67152,0
6.67247,1
6.67247,0
6.67341,1
6.67341,0
6.67436,1
6.67436,0
6.6753,1
6.6753,0
6.67624,1
6.67624,0
6.67719,1
6.67719,0
6.67813,1
6.67813,0
6.67908,1
6.67908,0
6.68002,1
6.68002,0
6.68096,1
6.68096,0
6.68191,1
6.68191,0
6.68285,1
6.68285,0
6.6838,1
6.6838,0
6.68474,1
6.68474,0
6.68568,1
6.68568,0
6.68663,1
6.68663,0
6.68757,1
6.68757,0
6.68852,1
6.68852,0
6.68946,1
6.68946,0
6.6904,1
6.6904,0
6.69135,1
6.69135,0
6.69229,1
6.69229,0
6.69324,1
6.69324,0
6.69418,1
6.69418,0
6.69512,1
6.69512,0
6.69607,1
6.69607,0
6.69701,1
6.69701,0
6.69796,1
6.69796,0
6.6989,1
6.6989,0
6.69984,1
6.69984,0
6.70079,1
6.70079,0
6.70173,1
6.70173,0
6.70268,1
6.70268,0
6.70362,1
6.70362,0
6.70456,1
6.70456,0
6.70551,1
6.70551,0
6.70645,1
6.70645,0
6.7074,1
6.7074,0
6.70834,1
6.70834,0
6.70928,1
6.70928,0
6.71023,1
6.71023,0
6.71117,1
6.71117,0
6.71212,1
6.71212,0
6.71306,1
6.71306,0
6.714,1
6.714,0
6.71495,1
6.71495,0
6.71589,1
6.71589,0
6.71684,1
6.71684,0
6.71778,1
6.71778,0
6.71872,1
6.71872,0
6.71967,1
6.71967,0
6.72061,1
6.72061,0
6.72156,1
6.72156,0
6.7225,1
6.7225,0
6.72344,1
6.72344,0
6.72439,1
6.72439,0
6.72533,1
6.72533,0
6.72628,1
6.72628,0
6.72722,1
6.72722,0
6.72816,1
6.72816,0
6.72911,1
6.72911,0
6.73005,1
6.73005,0
6.731,1
6.731,0
6.73194,1
6.73194,0
6.73288,1
6.73288,0
6.73383,1
6.73383,0
6.73477,1
6.73477,0
6.73572,1
6.73572,0
6.73666,1
6.73666,0
6.7376,1
6.7376,0
6.73855,1
6.73855,0
6.73949,1
6.73949,0
6.74044,1
6.74044,0
6.74138,1
6.74138,0
6.74232,1
6.74232,0
6.74327,1
6.74327,0
6.74421,1
6.74421,0
6.74516,1
6.74516,0
6.7461,1
6.7461,0
6.74704,1
6.74704,0
6.74799,1
6.74799,0
6.74893,1
6.74893,0
6.74988,1
6.74988,0
6.75082,1
6.75082,0
6.75176,1
6.75176,0
6.75271,1
6.75271,0
6.75365,1
6.75365,0
6.7546,1
6.7546,0
6.75554,1
6.75554,0
6.75648,1
6.75648,0
6.75743,1
6.75743,0
6.75837,1
6.75837,0
6.75932,1
6.75932,0
6.76026,1
6.76026,0
6.7612,1
6.7612,0
6.76215,1
6.76215,0
6.76309,1
6.76309,0
6.76404,1
6.76404,0
6.76498,1
6.76498,0
6.76592,1
6.76592,0
6.76687,1
6.76687,0
6.76781,1
6.76781,0
6.76876,1
6.76876,0
6.7697,1
6.7697,0
6.77064,1
6.77064,0
6.77159,1
6.77159,0
6.77253,1
6.77253,0
6.77348,1
6.77348,0
6.77442,1
6.77442,0
6.77536,1
6.77536,0
6.77631,1
6.77631,0
6.77725,1
6.77725,0
6.7782,1
6.7782,0
6.77914,1
6.77914,0
6.78008,1
6.78008,0
6.78103,1
6.78103,0
6.78197,1
6.78197,0
6.78292,1
6.78292,0
6.78386,1
6.78386,0
6.7848,1
6.7848,0
6.78575,1
6.78575,0
6.78669,1
6.78669,0
6.78764,1
6.78764,0
6.78858,1
6.78858,0
6.78952,1
6.78952,0
6.79047,1
6.79047,0
6.79141,1
6.79141,0
6.79236,1
6.79236,0
6.7933,1
6.7933,0
6.79424,1
6.79424,0
6.79519,1
6.79519,0
6.79613,1
6.79613,0
6.79708,1
6.79708,0
6.79802,1
6.79802,0
6.79896,1
6.79896,0
6.79991,1
6.79991,0
6.80085,1
6.80085,0
6.8018,1
6.8018,0
6.80274,1
6.80274,0
6.80368,1
6.80368,0
6.80463,1
6.80463,0
6.80557,1
6.80557,0
6.80652,1
6.80652,0
6.80746,1
6.80746,0
6.8084,1
6.8084,0
6.80935,1
6.80935,0
6.81029,1
6.81029,0
6.81124,1
6.81124,0
6.81218,1
6.81218,0
6.81312,1
6.81312,0
6.81407,1
6.81407,0
6.81501,1
6.81501,0
6.81596,1
6.81596,0
6.8169,1
6.8169,0
6.81784,1
6.81784,0
6.81879,1
6.81879,0
6.81973,1
6.81973,0
6.82068,1
6.82068,0
6.82162,1
6.82162,0
6.82256,1
6.82256,0
6.82351,1
6.82351,0
6.82445,1
6.82445,0
6.8254,1
6.8254,0
6.82634,1
6.82634,0
6.82728,1
6.82728,0
6.82823,1
6.82823,0
6.82917,1
6.82917,0
6.83012,1
6.83012,0
6.83106,1
6.83106,0
6.832,1
6.832,0
6.83295,1
6.83295,0
6.83389,1
6.83389,0
6.83484,1
6.83484,0
6.83578,1
6.83578,0
6.83672,1
6.83672,0
6.83767,1
6.83767,0
6.83861,1
6.83861,0
6.83956,1
6.83956,0
6.8405,1
6.8405,0
6.84144,1
6.84144,0
6.84239,1
6.84239,0
6.84333,1
6.84333,0
6.84428,1
6.84428,0
6.84522,1
6.84522,0
6.84616,1
6.84616,0
6.84711,1
6.84711,0
6.84805,1
6.84805,0
6.849,1
6.849,0
6.84994,1
6.84994,0
6.85088,1
6.85088,0
6.85183,1
6.85183,0
6.85277,1
6.85277,0
6.85372,1
6.85372,0
6.85466,1
6.85466,0
6.8556,1
6.8556,0
6.85655,1
6.85655,0
6.85749,1
6.85749,0
6.85844,1
6.85844,0
6.85938,1
6.85938,0
6.86032,1
6.86032,0
6.86127,1
6.86127,0
6.86221,1
6.86221,0
6.86316,1
6.86316,0
6.8641,1
6.8641,0
6.86504,1
6.86504,0
6.86599,1
6.86599,0
6.86693,1
6.86693,0
6.86788,1
6.86788,0
6.86882,1
6.86882,0
6.86976,1
6.86976,0
6.87071,1
6.87071,0
6.87165,1
6.87165,0
6.8726,1
6.8726,0
6.87354,1
6.87354,0
6.87448,1
6.87448,0
6.87543,1
6.87543,0
6.87637,1
6.87637,0
6.87732,1
6.87732,0
6.87826,1
6.87826,0
6.8792,1
6.8792,0
6.88015,1
6.88015,0
6.88109,1
6.88109,0
6.88204,1
6.88204,0
6.88298,1
6.88298,0
6.88392,1
6.88392,0
6.88487,1
6.88487,0
6.88581,1
6.88581,0
6.88676,1
6.88676,0
6.8877,1
6.8877,0
6.88864,1
6.88864,0
6.88959,1
6.88959,0
6.89053,1
6.89053,0
6.89148,1
6.89148,0
6.89242,1
6.89242,0
6.89336,1
6.89336,0
6.89431,1
6.89431,0
6.89525,1
6.89525,0
6.8962,1
6.8962,0
6.89714,1
6.89714,0
6.89808,1
6.89808,0
6.89903,1
6.89903,0
6.89997,1
6.89997,0
6.90092,1
6.90092,0
6.90186,1
6.90186,0
6.9028,1
6.9028,0
6.90375,1
6.90375,0
6.90469,1
6.90469,0
6.90564,1
6.90564,0
6.90658,1
6.90658,0
6.90752,1
6.90752,0
6.90847,1
6.90847,0
6.90941,1
6.90941,0
6.91036,1
6.91036,0
6.9113,1
6.9113,0
6.91224,1
6.91224,0
6.91319,1
6.91319,0
6.91413,1
6.91413,0
6.91508,1
6.91508,0
6.91602,1
6.91602,0
6.91696,1
6.91696,0
6.91791,1
6.91791,0
6.91885,1
6.91885,0
6.9198,1
6.9198,0
6.92074,1
6.92074,0
6.92168,1
6.92168,0
6.92263,1
6.92263,0
6.92357,1
6.92357,0
6.92452,1
6.92452,0
6.92546,1
6.92546,0
6.9264,1
6.9264,0
6.92735,1
6.92735,0
6.92829,1
6.92829,0
6.92924,1
6.92924,0
6.93018,1
6.93018,0
6.93112,1
6.93112,0
6.93207,1
6.93207,0
6.93301,1
6.93301,0
6.93396,1
6.93396,0
6.9349,1
6.9349,0
6.93584,1
6.93584,0
6.93679,1
6.93679,0
6.93773,1
6.93773,0
6.93868,1
6.93868,0
6.93962,1
6.93962,0
6.94056,1
6.94056,0
6.94151,1
6.94151,0
6.94245,1
6.94245,0
6.9434,1
6.9434,0
6.94434,1
6.94434,0
6.94528,1
6.94528,0
6.94623,1
6.94623,0
6.94717,1
6.94717,0
6.94812,1
6.94812,0
6.94906,1
6.94906,0
6.95,1
6.95,0
6.95095,1
6.95095,0
6.95189,1
6.95189,0
6.95284,1
6.95284,0
6.95378,1
6.95378,0
6.95472,1
6.95472,0
6.95567,1
6.95567,0
6.95661,1
6.95661,0
6.95756,1
6.95756,0
6.9585,1
6.9585,0
6.95944,1
6.95944,0
6.96039,1
6.96039,0
6.96133,1
6.96133,0
6.96228,1
6.96228,0
6.96322,1
6.96322,0
6.96416,1
6.96416,0
6.96511,1
6.96511,0
6.96605,1
6.96605,0
6.967,1
6.967,0
6.96794,1
6.96794,0
6.96888,1
6.96888,0
6.96983,1
6.96983,0
6.97077,1
6.97077,0
6.97172,1
6.97172,0
6.97266,1
6.97266,0
6.9736,1
6.9736,0
6.97455,1
6.97455,0
6.97549,1
6.97549,0
6.97644,1
6.97644,0
6.97738,1
6.97738,0
6.97832,1
6.97832,0
6.97927,1
6.97927,0
6.98021,1
6.98021,0
6.98116,1
6.98116,0
6.9821,1
6.9821,0
6.98304,1
6.98304,0
6.98399,1
6.98399,0
6.98493,1
6.98493,0
6.98588,1
6.98588,0
6.98682,1
6.98682,0
6.98776,1
6.98776,0
6.98871,1
6.98871,0
6.98965,1
6.98965,0
6.9906,1
6.9906,0
6.99154,1
6.99154,0
6.99248,1
6.99248,0
6.99343,1
6.99343,0
6.99437,1
6.99437,0
6.99532,1
6.99532,0
6.99626,1
6.99626,0
6.9972,1
6.9972,0
6.99815,1
6.99815,0
6.99909,1
6.99909,0
7.00004,1
7.00004,0
7.00098,1
7.00098,0
7.00192,1
7.00192,0
7.00287,1
7.00287,0
7.00381,1
7.00381,0
7.00476,1
7.00476,0
7.0057,1
7.0057,0
7.00664,1
7.00664,0
7.00759,1
7.00759,0
7.00853,1
7.00853,0
7.00948,1
7.00948,0
7.01042,1
7.01042,0
7.01136,1
7.01136,0
7.01231,1
7.01231,0
7.01325,1
7.01325,0
7.0142,1
7.0142,0
7.01514,1
7.01514,0
7.01608,1
7.01608,0
7.01703,1
7.01703,0
7.01797,1
7.01797,0
7.01892,1
7.01892,0
7.01986,1
7.01986,0
7.0208,1
7.0208,0
7.02175,1
7.02175,0
7.02269,1
7.02269,0
7.02364,1
7.02364,0
7.02458,1
7.02458,0
7.02552,1
7.02552,0
7.02647,1
7.02647,0
7.02741,1
7.02741,0
7.02836,1
7.02836,0
7.0293,1
7.0293,0
7.03024,1
7.03024,0
7.03119,1
7.03119,0
7.03213,1
7.03213,0
7.03308,1
7.03308,0
7.03402,1
7.03402,0
7.03496,1
7.03496,0
7.03591,1
7.03591,0
7.03685,1
7.03685,0
7.0378,1
7.0378,0
7.03874,1
7.03874,0
7.03968,1
7.03968,0
7.04063,1
7.04063,0
7.04157,1
7.04157,0
7.04252,1
7.04252,0
7.04346,1
7.04346,0
7.0444,1
7.0444,0
7.04535,1
7.04535,0
7.04629,1
7.04629,0
7.04724,1
7.04724,0
7.04818,1
7.04818,0
7.04912,1
7.04912,0
7.05007,1
7.05007,0
7.05101,1
7.05101,0
7.05196,1
7.05196,0
7.0529,1
7.0529,0
7.05384,1
7.05384,0
7.05479,1
7.05479,0
7.05573,1
7.05573,0
7.05668,1
7.05668,0
7.05762,1
7.05762,0
7.05856,1
7.05856,0
7.05951,1
7.05951,0
7.06045,1
7.06045,0
7.0614,1
7.0614,0
7.06234,1
7.06234,0
7.06328,1
7.06328,0
7.06423,1
7.06423,0
7.06517,1
7.06517,0
7.06612,1
7.06612,0
7.06706,1
7.06706,0
7.068,1
7.068,0
7.06895,1
7.06895,0
7.06989,1
7.06989,0
7.07084,1
7.07084,0
7.07178,1
7.07178,0
7.07272,1
7.07272,0
7.07367,1
7.07367,0
7.07461,1
7.07461,0
7.07556,1
7.07556,0
7.0765,1
7.0765,0
7.07744,1
7.07744,0
7.07839,1
7.07839,0
7.07933,1
7.07933,0
7.08028,1
7.08028,0
7.08122,1
7.08122,0
7.08216,1
7.08216,0
7.08311,1
7.08311,0
7.08405,1
7.08405,0
7.085,1
7.085,0
7.08594,1
7.08594,0
7.08688,1
7.08688,0
7.08783,1
7.08783,0
7.08877,1
7.08877,0
7.08972,1
7.08972,0
7.09066,1
7.09066,0
7.0916,1
7.0916,0
7.09255,1
7.09255,0
7.09349,1
7.09349,0
7.09444,1
7.09444,0
7.09538,1
7.09538,0
7.09632,1
7.09632,0
7.09727,1
7.09727,0
7.09821,1
7.09821,0
7.09916,1
7.09916,0
7.1001,1
7.1001,0
7.10104,1
7.10104,0
7.10199,1
7.10199,0
7.10293,1
7.10293,0
7.10388,1
7.10388,0
7.10482,1
7.10482,0
7.10576,1
7.10576,0
7.10671,1
7.10671,0
7.10765,1
7.10765,0
7.1086,1
7.1086,0
7.10954,1
7.10954,0
7.11048,1
7.11048,0
7.11143,1
7.11143,0
7.11237,1
7.11237,0
7.11332,1
7.11332,0
7.11426,1
7.11426,0
7.1152,1
7.1152,0
7.11615,1
7.11615,0
7.11709,1
7.11709,0
7.11804,1
7.11804,0
7.11898,1
7.11898,0
7.11992,1
7.11992,0
7.12087,1
7.12087,0
7.12181,1
7.12181,0
7.12276,1
7.12276,0
7.1237,1
7.1237,0
7.12464,1
7.12464,0
7.12559,1
7.12559,0
7.12653,1
7.12653,0
7.12748,1
7.12748,0
7.12842,1
7.12842,0
7.12936,1
7.12936,0
7.13031,1
7.13031,0
7.13125,1
7.13125,0
7.1322,1
7.1322,0
7.13314,1
7.13314,0
7.13408,1
7.13408,0
7.13503,1
7.13503,0
7.13597,1
7.13597,0
7.13692,1
7.13692,0
7.13786,1
7.13786,0
7.1388,1
7.1388,0
7.13975,1
7.13975,0
7.14069,1
7.14069,0
7.14164,1
7.14164,0
7.14258,1
7.14258,0
7.14352,1
7.14352,0
7.14447,1
7.14447,0
7.14541,1
7.14541,0
7.14636,1
7.14636,0
7.1473,1
7.1473,0
7.14824,1
7.14824,0
7.14919,1
7.14919,0
7.15013,1
7.15013,0
7.15108,1
7.15108,0
7.15202,1
7.15202,0
7.15296,1
7.15296,0
7.15391,1
7.15391,0
7.15485,1
7.15485,0
7.1558,1
7.1558,0
7.15674,1
7.15674,0
7.15768,1
7.15768,0
7.15863,1
7.15863,0
7.15957,1
7.15957,0
7.16052,1
7.16052,0
7.16146,1
7.16146,0
7.1624,1
7.1624,0
7.16335,1
7.16335,0
7.16429,1
7.16429,0
7.16524,1
7.16524,0
7.16618,1
7.16618,0
7.16712,1
7.16712,0
7.16807,1
7.16807,0
7.16901,1
7.16901,0
7.16996,1
7.16996,0
7.1709,1
7.1709,0
7.17184,1
7.17184,0
7.17279,1
7.17279,0
7.17373,1
7.17373,0
7.17468,1
7.17468,0
7.17562,1
7.17562,0
7.17656,1
7.17656,0
7.17751,1
7.17751,0
7.17845,1
7.17845,0
7.1794,1
7.1794,0
7.18034,1
7.18034,0
7.18128,1
7.18128,0
7.18223,1
7.18223,0
7.18317,1
7.18317,0
7.18412,1
7.18412,0
7.18506,1
7.18506,0
7.186,1
7.186,0
7.18695,1
7.18695,0
7.18789,1
7.18789,0
7.18884,1
7.18884,0
7.18978,1
7.18978,0
7.19072,1
7.19072,0
7.19167,1
7.19167,0
7.19261,1
7.19261,0
7.19356,1
7.19356,0
7.1945,1
7.1945,0
7.19544,1
7.19544,0
7.19639,1
7.19639,0
7.19733,1
7.19733,0
7.19828,1
7.19828,0
7.19922,1
7.19922,0
7.20016,1
7.20016,0
7.20111,1
7.20111,0
7.20205,1
7.20205,0
7.203,1
7.203,0
7.20394,1
7.20394,0
7.20488,1
7.20488,0
7.20583,1
7.20583,0
7.20677,1
7.20677,0
7.20772,1
7.20772,0
7.20866,1
7.20866,0
7.2096,1
7.2096,0
7.21055,1
7.21055,0
7.21149,1
7.21149,0
7.21244,1
7.21244,0
7.21338,1
7.21338,0
7.21432,1
7.21432,0
7.21527,1
7.21527,0
7.21621,1
7.21621,0
7.21716,1
7.21716,0
7.2181,1
7.2181,0
7.21904,1
7.21904,0
7.21999,1
7.21999,0
7.22093,1
7.22093,0
7.22188,1
7.22188,0
7.22282,1
7.22282,0
7.22376,1
7.22376,0
7.22471,1
7.22471,0
7.22565,1
7.22565,0
7.2266,1
7.2266,0
7.22754,1
7.22754,0
7.22848,1
7.22848,0
7.22943,1
7.22943,0
7.23037,1
7.23037,0
7.23132,1
7.23132,0
7.23226,1
7.23226,0
7.2332,1
7.2332,0
7.23415,1
7.23415,0
7.23509,1
7.23509,0
7.23604,1
7.23604,0
7.23698,1
7.23698,0
7.23792,1
7.23792,0
7.23887,1
7.23887,0
7.23981,1
7.23981,0
7.24076,1
7.24076,0
7.2417,1
7.2417,0
7.24264,1
7.24264,0
7.24359,1
7.24359,0
7.24453,1
7.24453,0
7.24548,1
7.24548,0
7.24642,1
7.24642,0
7.24736,1
7.24736,0
7.24831,1
7.24831,0
7.24925,1
7.24925,0
7.2502,1
7.2502,0
7.25114,1
7.25114,0
7.25208,1
7.25208,0
7.25303,1
7.25303,0
7.25397,1
7.25397,0
7.25492,1
7.25492,0
7.25586,1
7.25586,0
7.2568,1
7.2568,0
7.25775,1
7.25775,0
7.25869,1
7.25869,0
7.25964,1
7.25964,0
7.26058,1
7.26058,0
7.26152,1
7.26152,0
7.26247,1
7.26247,0
7.26341,1
7.26341,0
7.26436,1
7.26436,0
7.2653,1
7.2653,0
7.26624,1
7.26624,0
7.26719,1
7.26719,0
7.26813,1
7.26813,0
7.26908,1
7.26908,0
7.27002,1
7.27002,0
7.27096,1
7.27096,0
7.27191,1
7.27191,0
7.27285,1
7.27285,0
7.2738,1
7.2738,0
7.27474,1
7.27474,0
7.27568,1
7.27568,0
7.27663,1
7.27663,0
7.27757,1
7.27757,0
7.27852,1
7.27852,0
7.27946,1
7.27946,0
7.2804,1
7.2804,0
7.28135,1
7.28135,0
7.28229,1
7.28229,0
7.28324,1
7.28324,0
7.28418,1
7.28418,0
7.28512,1
7.28512,0
7.28607,1
7.28607,0
7.28701,1
7.28701,0
7.28796,1
7.28796,0
7.2889,1
7.2889,0
7.28984,1
7.28984,0
7.29079,1
7.29079,0
7.29173,1
7.29173,0
7.29268,1
7.29268,0
7.29362,1
7.29362,0
7.29456,1
7.29456,0
7.29551,1
7.29551,0
7.29645,1
7.29645,0
7.2974,1
7.2974,0
7.29834,1
7.29834,0
7.29928,1
7.29928,0
7.30023,1
7.30023,0
7.30117,1
7.30117,0
7.30212,1
7.30212,0
7.30306,1
7.30306,0
7.304,1
7.304,0
7.30495,1
7.30495,0
7.30589,1
7.30589,0
7.30684,1
7.30684,0
7.30778,1
7.30778,0
7.30872,1
7.30872,0
7.30967,1
7.30967,0
7.31061,1
7.31061,0
7.31156,1
7.31156,0
7.3125,1
7.3125,0
7.31344,1
7.31344,0
7.31439,1
7.31439,0
7.31533,1
7.31533,0
7.31628,1
7.31628,0
7.31722,1
7.31722,0
7.31816,1
7.31816,0
7.31911,1
7.31911,0
7.32005,1
7.32005,0
7.321,1
7.321,0
7.32194,1
7.32194,0
7.32288,1
7.32288,0
7.32383,1
7.32383,0
7.32477,1
7.32477,0
7.32572,1
7.32572,0
7.32666,1
7.32666,0
7.3276,1
7.3276,0
7.32855,1
7.32855,0
7.32949,1
7.32949,0
7.33044,1
7.33044,0
7.33138,1
7.33138,0
7.33232,1
7.33232,0
7.33327,1
7.33327,0
7.33421,1
7.33421,0
7.33516,1
7.33516,0
7.3361,1
7.3361,0
7.33704,1
7.33704,0
7.33799,1
7.33799,0
7.33893,1
7.33893,0
7.33988,1
7.33988,0
7.34082,1
7.34082,0
7.34176,1
7.34176,0
7.34271,1
7.34271,0
7.34365,1
7.34365,0
7.3446,1
7.3446,0
7.34554,1
7.34554,0
7.34648,1
7.34648,0
7.34743,1
7.34743,0
7.34837,1
7.34837,0
7.34932,1
7.34932,0
7.35026,1
7.35026,0
7.3512,1
7.3512,0
7.35215,1
7.35215,0
7.35309,1
7.35309,0
7.35404,1
7.35404,0
7.35498,1
7.35498,0
7.35592,1
7.35592,0
7.35687,1
7.35687,0
7.35781,1
7.35781,0
7.35876,1
7.35876,0
7.3597,1
7.3597,0
7.36064,1
7.36064,0
7.36159,1
7.36159,0
7.36253,1
7.36253,0
7.36348,1
7.36348,0
7.36442,1
7.36442,0
7.36536,1
7.36536,0
7.36631,1
7.36631,0
7.36725,1
7.36725,0
7.3682,1
7.3682,0
7.36914,1
7.36914,0
7.37008,1
7.37008,0
7.37103,1
7.37103,0
7.37197,1
7.37197,0
7.37292,1
7.37292,0
7.37386,1
7.37386,0
7.3748,1
7.3748,0
7.37575,1
7.37575,0
7.37669,1
7.37669,0
7.37764,1
7.37764,0
7.37858,1
7.37858,0
7.37952,1
7.37952,0
7.38047,1
7.38047,0
7.38141,1
7.38141,0
7.38236,1
7.38236,0
7.3833,1
7.3833,0
7.38424,1
7.38424,0
7.38519,1
7.38519,0
7.38613,1
7.38613,0
7.38708,1
7.38708,0
7.38802,1
7.38802,0
7.38896,1
7.38896,0
7.38991,1
7.38991,0
7.39085,1
7.39085,0
7.3918,1
7.3918,0
7.39274,1
7.39274,0
7.39368,1
7.39368,0
7.39463,1
7.39463,0
7.39557,1
7.39557,0
7.39652,1
7.39652,0
7.39746,1
7.39746,0
7.3984,1
7.3984,0
7.39935,1
7.39935,0
7.40029,1
7.40029,0
7.40124,1
7.40124,0
7.40218,1
7.40218,0
7.40312,1
7.40312,0
7.40407,1
7.40407,0
7.40501,1
7.40501,0
7.40596,1
7.40596,0
7.4069,1
7.4069,0
7.40784,1
7.40784,0
7.40879,1
7.40879,0
7.40973,1
7.40973,0
7.41068,1
7.41068,0
7.41162,1
7.41162,0
7.41256,1
7.41256,0
7.41351,1
7.41351,0
7.41445,1
7.41445,0
7.4154,1
7.4154,0
7.41634,1
7.41634,0
7.41728,1
7.41728,0
7.41823,1
7.41823,0
7.41917,1
7.41917,0
7.42012,1
7.42012,0
7.42106,1
7.42106,0
7.422,1
7.422,0
7.42295,1
7.42295,0
7.42389,1
7.42389,0
7.42484,1
7.42484,0
7.42578,1
7.42578,0
7.42672,1
7.42672,0
7.42767,1
7.42767,0
7.42861,1
7.42861,0
7.42956,1
7.42956,0
7.4305,1
7.4305,0
7.43144,1
7.43144,0
7.43239,1
7.43239,0
7.43333,1
7.43333,0
7.43428,1
7.43428,0
7.43522,1
7.43522,0
7.43616,1
7.43616,0
7.43711,1
7.43711,0
7.43805,1
7.43805,0
7.439,1
7.439,0
7.43994,1
7.43994,0
7.44088,1
7.44088,0
7.44183,1
7.44183,0
7.44277,1
7.44277,0
7.44372,1
7.44372,0
7.44466,1
7.44466,0
7.4456,1
7.4456,0
7.44655,1
7.44655,0
7.44749,1
7.44749,0
7.44844,1
7.44844,0
7.44938,1
7.44938,0
7.45032,1
7.45032,0
7.45127,1
7.45127,0
7.45221,1
7.45221,0
7.45316,1
7.45316,0
7.4541,1
7.4541,0
7.45504,1
7.45504,0
7.45599,1
7.45599,0
7.45693,1
7.45693,0
7.45788,1
7.45788,0
7.45882,1
7.45882,0
7.45976,1
7.45976,0
7.46071,1
7.46071,0
7.46165,1
7.46165,0
7.4626,1
7.4626,0
7.46354,1
7.46354,0
7.46448,1
7.46448,0
7.46543,1
7.46543,0
7.46637,1
7.46637,0
7.46732,1
7.46732,0
7.46826,1
7.46826,0
7.4692,1
7.4692,0
7.47015,1
7.47015,0
7.47109,1
7.47109,0
7.47204,1
7.47204,0
7.47298,1
7.47298,0
7.47392,1
7.47392,0
7.47487,1
7.47487,0
7.47581,1
7.47581,0
7.47676,1
7.47676,0
7.4777,1
7.4777,0
7.47864,1
7.47864,0
7.47959,1
7.47959,0
7.48053,1
7.48053,0
7.48148,1
7.48148,0
7.48242,1
7.48242,0
7.48336,1
7.48336,0
7.48431,1
7.48431,0
7.48525,1
7.48525,0
7.4862,1
7.4862,0
7.48714,1
7.48714,0
7.48808,1
7.48808,0
7.48903,1
7.48903,0
7.48997,1
7.48997,0
7.49092,1
7.49092,0
7.49186,1
7.49186,0
7.4928,1
7.4928,0
7.49375,1
7.49375,0
7.49469,1
7.49469,0
7.49564,1
7.49564,0
7.49658,1
7.49658,0
7.49752,1
7.49752,0
7.49847,1
7.49847,0
7.49941,1
7.49941,0
7.50036,1
7.50036,0
7.5013,1
7.5013,0
7.50224,1
7.50224,0
7.50319,1
7.50319,0
7.50413,1
7.50413,0
7.50508,1
7.50508,0
7.50602,1
7.50602,0
7.50696,1
7.50696,0
7.50791,1
7.50791,0
7.50885,1
7.50885,0
7.5098,1
7.5098,0
7.51074,1
7.51074,0
7.51168,1
7.51168,0
7.51263,1
7.51263,0
7.51357,1
7.51357,0
7.51452,1
7.51452,0
7.51546,1
7.51546,0
7.5164,1
7.5164,0
7.51735,1
7.51735,0
7.51829,1
7.51829,0
7.51924,1
7.51924,0
7.52018,1
7.52018,0
7.52112,1
7.52112,0
7.52207,1
7.52207,0
7.52301,1
7.52301,0
7.52396,1
7.52396,0
7.5249,1
7.5249,0
7.52584,1
7.52584,0
7.52679,1
7.52679,0
7.52773,1
7.52773,0
7.52868,1
7.52868,0
7.52962,1
7.52962,0
7.53056,1
7.53056,0
7.53151,1
7.53151,0
7.53245,1
7.53245,0
7.5334,1
7.5334,0
7.53434,1
7.53434,0
7.53528,1
7.53528,0
7.53623,1
7.53623,0
7.53717,1
7.53717,0
7.53812,1
7.53812,0
7.53906,1
7.53906,0
7.54,1
7.54,0
7.54095,1
7.54095,0
7.54189,1
7.54189,0
7.54284,1
7.54284,0
7.54378,1
7.54378,0
7.54472,1
7.54472,0
7.54567,1
7.54567,0
7.54661,1
7.54661,0
7.54756,1
7.54756,0
7.5485,1
7.5485,0
7.54944,1
7.54944,0
7.55039,1
7.55039,0
7.55133,1
7.55133,0
7.55228,1
7.55228,0
7.55322,1
7.55322,0
7.55416,1
7.55416,0
7.55511,1
7.55511,0
7.55605,1
7.55605,0
7.557,1
7.557,0
7.55794,1
7.55794,0
7.55888,1
7.55888,0
7.55983,1
7.55983,0
7.56077,1
7.56077,0
7.56172,1
7.56172,0
7.56266,1
7.56266,0
7.5636,1
7.5636,0
7.56455,1
7.56455,0
7.56549,1
7.56549,0
7.56644,1
7.56644,0
7.56738,1
7.56738,0
7.56832,1
7.56832,0
7.56927,1
7.56927,0
7.57021,1
7.57021,0
7.57116,1
7.57116,0
7.5721,1
7.5721,0
7.57304,1
7.57304,0
7.57399,1
7.57399,0
7.57493,1
7.57493,0
7.57588,1
7.57588,0
7.57682,1
7.57682,0
7.57776,1
7.57776,0
7.57871,1
7.57871,0
7.57965,1
7.57965,0
7.5806,1
7.5806,0
7.58154,1
7.58154,0
7.58248,1
7.58248,0
7.58343,1
7.58343,0
7.58437,1
7.58437,0
7.58532,1
7.58532,0
7.58626,1
7.58626,0
7.5872,1
7.5872,0
7.58815,1
7.58815,0
7.58909,1
7.58909,0
7.59004,1
7.59004,0
7.59098,1
7.59098,0
7.59192,1
7.59192,0
7.59287,1
7.59287,0
7.59381,1
7.59381,0
7.59476,1
7.59476,0
7.5957,1
7.5957,0
7.59664,1
7.59664,0
7.59759,1
7.59759,0
7.59853,1
7.59853,0
7.59948,1
7.59948,0
7.60042,1
7.60042,0
7.60136,1
7.60136,0
7.60231,1
7.60231,0
7.60325,1
7.60325,0
7.6042,1
7.6042,0
7.60514,1
7.60514,0
7.60608,1
7.60608,0
7.60703,1
7.60703,0
7.60797,1
7.60797,0
7.60892,1
7.60892,0
7.60986,1
7.60986,0
7.6108,1
7.6108,0
7.61175,1
7.61175,0
7.61269,1
7.61269,0
7.61364,1
7.61364,0
7.61458,1
7.61458,0
7.61552,1
7.61552,0
7.61647,1
7.61647,0
7.61741,1
7.61741,0
7.61836,1
7.61836,0
7.6193,1
7.6193,0
7.62024,1
7.62024,0
7.62119,1
7.62119,0
7.62213,1
7.62213,0
7.62308,1
7.62308,0
7.62402,1
7.62402,0
7.62496,1
7.62496,0
7.62591,1
7.62591,0
7.62685,1
7.62685,0
7.6278,1
7.6278,0
7.62874,1
7.62874,0
7.62968,1
7.62968,0
7.63063,1
7.63063,0
7.63157,1
7.63157,0
7.63252,1
7.63252,0
7.63346,1
7.63346,0
7.6344,1
7.6344,0
7.63535,1
7.63535,0
7.63629,1
7.63629,0
7.63724,1
7.63724,0
7.63818,1
7.63818,0
7.63912,1
7.63912,0
7.64007,1
7.64007,0
7.64101,1
7.64101,0
7.64196,1
7.64196,0
7.6429,1
7.6429,0
7.64384,1
7.64384,0
7.64479,1
7.64479,0
7.64573,1
7.64573,0
7.64668,1
7.64668,0
7.64762,1
7.64762,0
7.64856,1
7.64856,0
7.64951,1
7.64951,0
7.65045,1
7.65045,0
7.6514,1
7.6514,0
7.65234,1
7.65234,0
7.65328,1
7.65328,0
7.65423,1
7.65423,0
7.65517,1
7.65517,0
7.65612,1
7.65612,0
7.65706,1
7.65706,0
7.658,1
7.658,0
7.65895,1
7.65895,0
7.65989,1
7.65989,0
7.66084,1
7.66084,0
7.66178,1
7.66178,0
7.66272,1
7.66272,0
7.66367,1
7.66367,0
7.66461,1
7.66461,0
7.66556,1
7.66556,0
7.6665,1
7.6665,0
7.66744,1
7.66744,0
7.66839,1
7.66839,0
7.66933,1
7.66933,0
7.67028,1
7.67028,0
7.67122,1
7.67122,0
7.67216,1
7.67216,0
7.67311,1
7.67311,0
7.67405,1
7.67405,0
7.675,1
7.675,0
7.67594,1
7.67594,0
7.67688,1
7.67688,0
7.67783,1
7.67783,0
7.67877,1
7.67877,0
7.67972,1
7.67972,0
7.68066,1
7.68066,0
7.6816,1
7.6816,0
7.68255,1
7.68255,0
7.68349,1
7.68349,0
7.68444,1
7.68444,0
7.68538,1
7.68538,0
7.68632,1
7.68632,0
7.68727,1
7.68727,0
7.68821,1
7.68821,0
7.68916,1
7.68916,0
7.6901,1
7.6901,0
7.69104,1
7.69104,0
7.69199,1
7.69199,0
7.69293,1
7.69293,0
7.69388,1
7.69388,0
7.69482,1
7.69482,0
7.69576,1
7.69576,0
7.69671,1
7.69671,0
7.69765,1
7.69765,0
7.6986,1
7.6986,0
7.69954,1
7.69954,0
7.70048,1
7.70048,0
7.70143,1
7.70143,0
7.70237,1
7.70237,0
7.70332,1
7.70332,0
7.70426,1
7.70426,0
7.7052,1
7.7052,0
7.70615,1
7.70615,0
7.70709,1
7.70709,0
7.70804,1
7.70804,0
7.70898,1
7.70898,0
7.70992,1
7.70992,0
7.71087,1
7.71087,0
7.71181,1
7.71181,0
7.71276,1
7.71276,0
7.7137,1
7.7137,0
7.71464,1
7.71464,0
7.71559,1
7.71559,0
7.71653,1
7.71653,0
7.71748,1
7.71748,0
7.71842,1
7.71842,0
7.71936,1
7.71936,0
7.72031,1
7.72031,0
7.72125,1
7.72125,0
7.7222,1
7.7222,0
7.72314,1
7.72314,0
7.72408,1
7.72408,0
7.72503,1
7.72503,0
7.72597,1
7.72597,0
7.72692,1
7.72692,0
7.72786,1
7.72786,0
7.7288,1
7.7288,0
7.72975,1
7.72975,0
7.73069,1
7.73069,0
7.73164,1
7.73164,0
7.73258,1
7.73258,0
7.73352,1
7.73352,0
7.73447,1
7.73447,0
7.73541,1
7.73541,0
7.73636,1
7.73636,0
7.7373,1
7.7373,0
7.73824,1
7.73824,0
7.73919,1
7.73919,0
7.74013,1
7.74013,0
7.74108,1
7.74108,0
7.74202,1
7.74202,0
7.74296,1
7.74296,0
7.74391,1
7.74391,0
7.74485,1
7.74485,0
7.7458,1
7.7458,0
7.74674,1
7.74674,0
7.74768,1
7.74768,0
7.74863,1
7.74863,0
7.74957,1
7.74957,0
7.75052,1
7.75052,0
7.75146,1
7.75146,0
7.7524,1
7.7524,0
7.75335,1
7.75335,0
7.75429,1
7.75429,0
7.75524,1
7.75524,0
7.75618,1
7.75618,0
7.75712,1
7.75712,0
7.75807,1
7.75807,0
7.75901,1
7.75901,0
7.75996,1
7.75996,0
7.7609,1
7.7609,0
7.76184,1
7.76184,0
7.76279,1
7.76279,0
7.76373,1
7.76373,0
7.76468,1
7.76468,0
7.76562,1
7.76562,0
7.76656,1
7.76656,0
7.76751,1
7.76751,0
7.76845,1
7.76845,0
7.7694,1
7.7694,0
7.77034,1
7.77034,0
7.77128,1
7.77128,0
7.77223,1
7.77223,0
7.77317,1
7.77317,0
7.77412,1
7.77412,0
7.77506,1
7.77506,0
7.776,1
7.776,0
7.77695,1
7.77695,0
7.77789,1
7.77789,0
7.77884,1
7.77884,0
7.77978,1
7.77978,0
7.78072,1
7.78072,0
7.78167,1
7.78167,0
7.78261,1
7.78261,0
7.78356,1
7.78356,0
7.7845,1
7.7845,0
7.78544,1
7.78544,0
7.78639,1
7.78639,0
7.78733,1
7.78733,0
7.78828,1
7.78828,0
7.78922,1
7.78922,0
7.79016,1
7.79016,0
7.79111,1
7.79111,0
7.79205,1
7.79205,0
7.793,1
7.793,0
7.79394,1
7.79394,0
7.79488,1
7.79488,0
7.79583,1
7.79583,0
7.79677,1
7.79677,0
7.79772,1
7.79772,0
7.79866,1
7.79866,0
7.7996,1
7.7996,0
7.80055,1
7.80055,0
7.80149,1
7.80149,0
7.80244,1
7.80244,0
7.80338,1
7.80338,0
7.80432,1
7.80432,0
7.80527,1
7.80527,0
7.80621,1
7.80621,0
7.80716,1
7.80716,0
7.8081,1
7.8081,0
7.80904,1
7.80904,0
7.80999,1
7.80999,0
7.81093,1
7.81093,0
7.81188,1
7.81188,0
7.81282,1
7.81282,0
7.81376,1
7.81376,0
7.81471,1
7.81471,0
7.81565,1
7.81565,0
7.8166,1
7.8166,0
7.81754,1
7.81754,0
7.81848,1
7.81848,0
7.81943,1
7.81943,0
7.82037,1
7.82037,0
7.82132,1
7.82132,0
7.82226,1
7.82226,0
7.8232,1
7.8232,0
7.82415,1
7.82415,0
7.82509,1
7.82509,0
7.82604,1
7.82604,0
7.82698,1
7.82698,0
7.82792,1
7.82792,0
7.82887,1
7.82887,0
7.82981,1
7.82981,0
7.83076,1
7.83076,0
7.8317,1
7.8317,0
7.83264,1
7.83264,0
7.83359,1
7.83359,0
7.83453,1
7.83453,0
7.83548,1
7.83548,0
7.83642,1
7.83642,0
7.83736,1
7.83736,0
7.83831,1
7.83831,0
7.83925,1
7.83925,0
7.8402,1
7.8402,0
7.84114,1
7.84114,0
7.84208,1
7.84208,0
7.84303,1
7.84303,0
7.84397,1
7.84397,0
7.84492,1
7.84492,0
7.84586,1
7.84586,0
7.8468,1
7.8468,0
7.84775,1
7.84775,0
7.84869,1
7.84869,0
7.84964,1
7.84964,0
7.85058,1
7.85058,0
7.85152,1
7.85152,0
7.85247,1
7.85247,0
7.85341,1
7.85341,0
7.85436,1
7.85436,0
7.8553,1
7.8553,0
7.85624,1
7.85624,0
7.85719,1
7.85719,0
7.85813,1
7.85813,0
7.85908,1
7.85908,0
7.86002,1
7.86002,0
7.86096,1
7.86096,0
7.86191,1
7.86191,0
7.86285,1
7.86285,0
7.8638,1
7.8638,0
7.86474,1
7.86474,0
7.86568,1
7.86568,0
7.86663,1
7.86663,0
7.86757,1
7.86757,0
7.86852,1
7.86852,0
7.86946,1
7.86946,0
7.8704,1
7.8704,0
7.87135,1
7.87135,0
7.87229,1
7.87229,0
7.87324,1
7.87324,0
7.87418,1
7.87418,0
7.87512,1
7.87512,0
7.87607,1
7.87607,0
7.87701,1
7.87701,0
7.87796,1
7.87796,0
7.8789,1
7.8789,0
7.87984,1
7.87984,0
7.88079,1
7.88079,0
7.88173,1
7.88173,0
7.88268,1
7.88268,0
7.88362,1
7.88362,0
7.88456,1
7.88456,0
7.88551,1
7.88551,0
7.88645,1
7.88645,0
7.8874,1
7.8874,0
7.88834,1
7.88834,0
7.88928,1
7.88928,0
7.89023,1
7.89023,0
7.89117,1
7.89117,0
7.89212,1
7.89212,0
7.89306,1
7.89306,0
7.894,1
7.894,0
7.89495,1
7.89495,0
7.89589,1
7.89589,0
7.89684,1
7.89684,0
7.89778,1
7.89778,0
7.89872,1
7.89872,0
7.89967,1
7.89967,0
7.90061,1
7.90061,0
7.90156,1
7.90156,0
7.9025,1
7.9025,0
7.90344,1
7.90344,0
7.90439,1
7.90439,0
7.90533,1
7.90533,0
7.90628,1
7.90628,0
7.90722,1
7.90722,0
7.90816,1
7.90816,0
7.90911,1
7.90911,0
7.91005,1
7.91005,0
7.911,1
7.911,0
7.91194,1
7.91194,0
7.91288,1
7.91288,0
7.91383,1
7.91383,0
7.91477,1
7.91477,0
7.91572,1
7.91572,0
7.91666,1
7.91666,0
7.9176,1
7.9176,0
7.91855,1
7.91855,0
7.91949,1
7.91949,0
7.92044,1
7.92044,0
7.92138,1
7.92138,0
7.92232,1
7.92232,0
7.92327,1
7.92327,0
7.92421,1
7.92421,0
7.92516,1
7.92516,0
7.9261,1
7.9261,0
7.92704,1
7.92704,0
7.92799,1
7.92799,0
7.92893,1
7.92893,0
7.92988,1
7.92988,0
7.93082,1
7.93082,0
7.93176,1
7.93176,0
7.93271,1
7.93271,0
7.93365,1
7.93365,0
7.9346,1
7.9346,0
7.93554,1
7.93554,0
7.93648,1
7.93648,0
7.93743,1
7.93743,0
7.93837,1
7.93837,0
7.93932,1
7.93932,0
7.94026,1
7.94026,0
7.9412,1
7.9412,0
7.94215,1
7.94215,0
7.94309,1
7.94309,0
7.94404,1
7.94404,0
7.94498,1
7.94498,0
7.94592,1
7.94592,0
7.94687,1
7.94687,0
7.94781,1
7.94781,0
7.94876,1
7.94876,0
7.9497,1
7.9497,0
7.95064,1
7.95064,0
7.95159,1
7.95159,0
7.95253,1
7.95253,0
7.95348,1
7.95348,0
7.95442,1
7.95442,0
7.95536,1
7.95536,0
7.95631,1
7.95631,0
7.95725,1
7.95725,0
7.9582,1
7.9582,0
7.95914,1
7.95914,0
7.96008,1
7.96008,0
7.96103,1
7.96103,0
7.96197,1
7.96197,0
7.96292,1
7.96292,0
7.96386,1
7.96386,0
7.9648,1
7.9648,0
7.96575,1
7.96575,0
7.96669,1
7.96669,0
7.96764,1
7.96764,0
7.96858,1
7.96858,0
7.96952,1
7.96952,0
7.97047,1
7.97047,0
7.97141,1
7.97141,0
7.97236,1
7.97236,0
7.9733,1
7.9733,0
7.97424,1
7.97424,0
7.97519,1
7.97519,0
7.97613,1
7.97613,0
7.97708,1
7.97708,0
7.97802,1
7.97802,0
7.97896,1
7.97896,0
7.97991,1
7.97991,0
7.98085,1
7.98085,0
7.9818,1
7.9818,0
7.98274,1
7.98274,0
7.98368,1
7.98368,0
7.98463,1
7.98463,0
7.98557,1
7.98557,0
7.98652,1
7.98652,0
7.98746,1
7.98746,0
7.9884,1
7.9884,0
7.98935,1
7.98935,0
7.99029,1
7.99029,0
7.99124,1
7.99124,0
7.99218,1
7.99218,0
7.99312,1
7.99312,0
7.99407,1
7.99407,0
7.99501,1
7.99501,0
7.99596,1
7.99596,0
7.9969,1
7.9969,0
7.99784,1
7.99784,0
7.99879,1
7.99879,0
7.99973,1
7.99973,0
8.00068,1
8.00068,0
8.00162,1
8.00162,0
8.00256,1
8.00256,0
8.00351,1
8.00351,0
8.00445,1
8.00445,0
8.0054,1
8.0054,0
8.00634,1
8.00634,0
8.00728,1
8.00728,0
8.00823,1
8.00823,0
8.00917,1
8.00917,0
8.01012,1
8.01012,0
8.01106,1
8.01106,0
8.012,1
8.012,0
8.01295,1
8.01295,0
8.01389,1
8.01389,0
8.01484,1
8.01484,0
8.01578,1
8.01578,0
8.01672,1
8.01672,0
8.01767,1
8.01767,0
8.01861,1
8.01861,0
8.01956,1
8.01956,0
8.0205,1
8.0205,0
8.02144,1
8.02144,0
8.02239,1
8.02239,0
8.02333,1
8.02333,0
8.02428,1
8.02428,0
8.02522,1
8.02522,0
8.02616,1
8.02616,0
8.02711,1
8.02711,0
8.02805,1
8.02805,0
8.029,1
8.029,0
8.02994,1
8.02994,0
8.03088,1
8.03088,0
8.03183,1
8.03183,0
8.03277,1
8.03277,0
8.03372,1
8.03372,0
8.03466,1
8.03466,0
8.0356,1
8.0356,0
8.03655,1
8.03655,0
8.03749,1
8.03749,0
8.03844,1
8.03844,0
8.03938,1
8.03938,0
8.04032,1
8.04032,0
8.04127,1
8.04127,0
8.04221,1
8.04221,0
8.04316,1
8.04316,0
8.0441,1
8.0441,0
8.04504,1
8.04504,0
8.04599,1
8.04599,0
8.04693,1
8.04693,0
8.04788,1
8.04788,0
8.04882,1
8.04882,0
8.04976,1
8.04976,0
8.05071,1
8.05071,0
8.05165,1
8.05165,0
8.0526,1
8.0526,0
8.05354,1
8.05354,0
8.05448,1
8.05448,0
8.05543,1
8.05543,0
8.05637,1
8.05637,0
8.05732,1
8.05732,0
8.05826,1
8.05826,0
8.0592,1
8.0592,0
8.06015,1
8.06015,0
8.06109,1
8.06109,0
8.06204,1
8.06204,0
8.06298,1
8.06298,0
8.06392,1
8.06392,0
8.06487,1
8.06487,0
8.06581,1
8.06581,0
8.06676,1
8.06676,0
8.0677,1
8.0677,0
8.06864,1
8.06864,0
8.06959,1
8.06959,0
8.07053,1
8.07053,0
8.07148,1
8.07148,0
8.07242,1
8.07242,0
8.07336,1
8.07336,0
8.07431,1
8.07431,0
8.07525,1
8.07525,0
8.0762,1
8.0762,0
8.07714,1
8.07714,0
8.07808,1
8.07808,0
8.07903,1
8.07903,0
8.07997,1
8.07997,0
8.08092,1
8.08092,0
8.08186,1
8.08186,0
8.0828,1
8.0828,0
8.08375,1
8.08375,0
8.08469,1
8.08469,0
8.08564,1
8.08564,0
8.08658,1
8.08658,0
8.08752,1
8.08752,0
8.08847,1
8.08847,0
8.08941,1
8.08941,0
8.09036,1
8.09036,0
8.0913,1
8.0913,0
8.09224,1
8.09224,0
8.09319,1
8.09319,0
8.09413,1
8.09413,0
8.09508,1
8.09508,0
8.09602,1
8.09602,0
8.09696,1
8.09696,0
8.09791,1
8.09791,0
8.09885,1
8.09885,0
8.0998,1
8.0998,0
8.10074,1
8.10074,0
8.10168,1
8.10168,0
8.10263,1
8.10263,0
8.10357,1
8.10357,0
8.10452,1
8.10452,0
8.10546,1
8.10546,0
8.1064,1
8.1064,0
8.10735,1
8.10735,0
8.10829,1
8.10829,0
8.10924,1
8.10924,0
8.11018,1
8.11018,0
8.11112,1
8.11112,0
8.11207,1
8.11207,0
8.11301,1
8.11301,0
8.11396,1
8.11396,0
8.1149,1
8.1149,0
8.11584,1
8.11584,0
8.11679,1
8.11679,0
8.11773,1
8.11773,0
8.11868,1
8.11868,0
8.11962,1
8.11962,0
8.12056,1
8.12056,0
8.12151,1
8.12151,0
8.12245,1
8.12245,0
8.1234,1
8.1234,0
8.12434,1
8.12434,0
8.12528,1
8.12528,0
8.12623,1
8.12623,0
8.12717,1
8.12717,0
8.12812,1
8.12812,0
8.12906,1
8.12906,0
8.13,1
8.13,0
8.13095,1
8.13095,0
8.13189,1
8.13189,0
8.13284,1
8.13284,0
8.13378,1
8.13378,0
8.13472,1
8.13472,0
8.13567,1
8.13567,0
8.13661,1
8.13661,0
8.13756,1
8.13756,0
8.1385,1
8.1385,0
8.13944,1
8.13944,0
8.14039,1
8.14039,0
8.14133,1
8.14133,0
8.14228,1
8.14228,0
8.14322,1
8.14322,0
8.14416,1
8.14416,0
8.14511,1
8.14511,0
8.14605,1
8.14605,0
8.147,1
8.147,0
8.14794,1
8.14794,0
8.14888,1
8.14888,0
8.14983,1
8.14983,0
8.15077,1
8.15077,0
8.15172,1
8.15172,0
8.15266,1
8.15266,0
8.1536,1
8.1536,0
8.15455,1
8.15455,0
8.15549,1
8.15549,0
8.15644,1
8.15644,0
8.15738,1
8.15738,0
8.15832,1
8.15832,0
8.15927,1
8.15927,0
8.16021,1
8.16021,0
8.16116,1
8.16116,0
8.1621,1
8.1621,0
8.16304,1
8.16304,0
8.16399,1
8.16399,0
8.16493,1
8.16493,0
8.16588,1
8.16588,0
8.16682,1
8.16682,0
8.16776,1
8.16776,0
8.16871,1
8.16871,0
8.16965,1
8.16965,0
8.1706,1
8.1706,0
8.17154,1
8.17154,0
8.17248,1
8.17248,0
8.17343,1
8.17343,0
8.17437,1
8.17437,0
8.17532,1
8.17532,0
8.17626,1
8.17626,0
8.1772,1
8.1772,0
8.17815,1
8.17815,0
8.17909,1
8.17909,0
8.18004,1
8.18004,0
8.18098,1
8.18098,0
8.18192,1
8.18192,0
8.18287,1
8.18287,0
8.18381,1
8.18381,0
8.18476,1
8.18476,0
8.1857,1
8.1857,0
8.18664,1
8.18664,0
8.18759,1
8.18759,0
8.18853,1
8.18853,0
8.18948,1
8.18948,0
8.19042,1
8.19042,0
8.19136,1
8.19136,0
8.19231,1
8.19231,0
8.19325,1
8.19325,0
8.1942,1
8.1942,0
8.19514,1
8.19514,0
8.19608,1
8.19608,0
8.19703,1
8.19703,0
8.19797,1
8.19797,0
8.19892,1
8.19892,0
8.19986,1
8.19986,0
8.2008,1
8.2008,0
8.20175,1
8.20175,0
8.20269,1
8.20269,0
8.20364,1
8.20364,0
8.20458,1
8.20458,0
8.20552,1
8.20552,0
8.20647,1
8.20647,0
8.20741,1
8.20741,0
8.20836,1
8.20836,0
8.2093,1
8.2093,0
8.21024,1
8.21024,0
8.21119,1
8.21119,0
8.21213,1
8.21213,0
8.21308,1
8.21308,0
8.21402,1
8.21402,0
8.21496,1
8.21496,0
8.21591,1
8.21591,0
8.21685,1
8.21685,0
8.2178,1
8.2178,0
8.21874,1
8.21874,0
8.21968,1
8.21968,0
8.22063,1
8.22063,0
8.22157,1
8.22157,0
8.22252,1
8.22252,0
8.22346,1
8.22346,0
8.2244,1
8.2244,0
8.22535,1
8.22535,0
8.22629,1
8.22629,0
8.22724,1
8.22724,0
8.22818,1
8.22818,0
8.22912,1
8.22912,0
8.23007,1
8.23007,0
8.23101,1
8.23101,0
8.23196,1
8.23196,0
8.2329,1
8.2329,0
8.23384,1
8.23384,0
8.23479,1
8.23479,0
8.23573,1
8.23573,0
8.23668,1
8.23668,0
8.23762,1
8.23762,0
8.23856,1
8.23856,0
8.23951,1
8.23951,0
8.24045,1
8.24045,0
8.2414,1
8.2414,0
8.24234,1
8.24234,0
8.24328,1
8.24328,0
8.24423,1
8.24423,0
8.24517,1
8.24517,0
8.24612,1
8.24612,0
8.24706,1
8.24706,0
8.248,1
8.248,0
8.24895,1
8.24895,0
8.24989,1
8.24989,0
8.25084,1
8.25084,0
8.25178,1
8.25178,0
8.25272,1
8.25272,0
8.25367,1
8.25367,0
8.25461,1
8.25461,0
8.25556,1
8.25556,0
8.2565,1
8.2565,0
8.25744,1
8.25744,0
8.25839,1
8.25839,0
8.25933,1
8.25933,0
8.26028,1
8.26028,0
8.26122,1
8.26122,0
8.26216,1
8.26216,0
8.26311,1
8.26311,0
8.26405,1
8.26405,0
8.265,1
8.265,0
8.26594,1
8.26594,0
8.26688,1
8.26688,0
8.26783,1
8.26783,0
8.26877,1
8.26877,0
8.26972,1
8.26972,0
8.27066,1
8.27066,0
8.2716,1
8.2716,0
8.27255,1
8.27255,0
8.27349,1
8.27349,0
8.27444,1
8.27444,0
8.27538,1
8.27538,0
8.27632,1
8.27632,0
8.27727,1
8.27727,0
8.27821,1
8.27821,0
8.27916,1
8.27916,0
8.2801,1
8.2801,0
8.28104,1
8.28104,0
8.28199,1
8.28199,0
8.28293,1
8.28293,0
8.28388,1
8.28388,0
8.28482,1
8.28482,0
8.28576,1
8.28576,0
8.28671,1
8.28671,0
8.28765,1
8.28765,0
8.2886,1
8.2886,0
8.28954,1
8.28954,0
8.29048,1
8.29048,0
8.29143,1
8.29143,0
8.29237,1
8.29237,0
8.29332,1
8.29332,0
8.29426,1
8.29426,0
8.2952,1
8.2952,0
8.29615,1
8.29615,0
8.29709,1
8.29709,0
8.29804,1
8.29804,0
8.29898,1
8.29898,0
8.29992,1
8.29992,0
8.30087,1
8.30087,0
8.30181,1
8.30181,0
8.30276,1
8.30276,0
8.3037,1
8.3037,0
8.30464,1
8.30464,0
8.30559,1
8.30559,0
8.30653,1
8.30653,0
8.30748,1
8.30748,0
8.30842,1
8.30842,0
8.30936,1
8.30936,0
8.31031,1
8.31031,0
8.31125,1
8.31125,0
8.3122,1
8.3122,0
8.31314,1
8.31314,0
8.31408,1
8.31408,0
8.31503,1
8.31503,0
8.31597,1
8.31597,0
8.31692,1
8.31692,0
8.31786,1
8.31786,0
8.3188,1
8.3188,0
8.31975,1
8.31975,0
8.32069,1
8.32069,0
8.32164,1
8.32164,0
8.32258,1
8.32258,0
8.32352,1
8.32352,0
8.32447,1
8.32447,0
8.32541,1
8.32541,0
8.32636,1
8.32636,0
8.3273,1
8.3273,0
8.32824,1
8.32824,0
8.32919,1
8.32919,0
8.33013,1
8.33013,0
8.33108,1
8.33108,0
8.33202,1
8.33202,0
8.33296,1
8.33296,0
8.33391,1
8.33391,0
8.33485,1
8.33485,0
8.3358,1
8.3358,0
8.33674,1
8.33674,0
8.33768,1
8.33768,0
8.33863,1
8.33863,0
8.33957,1
8.33957,0
8.34052,1
8.34052,0
8.34146,1
8.34146,0
8.3424,1
8.3424,0
8.34335,1
8.34335,0
8.34429,1
8.34429,0
8.34524,1
8.34524,0
8.34618,1
8.34618,0
8.34712,1
8.34712,0
8.34807,1
8.34807,0
8.34901,1
8.34901,0
8.34996,1
8.34996,0
8.3509,1
8.3509,0
8.35184,1
8.35184,0
8.35279,1
8.35279,0
8.35373,1
8.35373,0
8.35468,1
8.35468,0
8.35562,1
8.35562,0
8.35656,1
8.35656,0
8.35751,1
8.35751,0
8.35845,1
8.35845,0
8.3594,1
8.3594,0
8.36034,1
8.36034,0
8.36128,1
8.36128,0
8.36223,1
8.36223,0
8.36317,1
8.36317,0
8.36412,1
8.36412,0
8.36506,1
8.36506,0
8.366,1
8.366,0
8.36695,1
8.36695,0
8.36789,1
8.36789,0
8.36884,1
8.36884,0
8.36978,1
8.36978,0
8.37072,1
8.37072,0
8.37167,1
8.37167,0
8.37261,1
8.37261,0
8.37356,1
8.37356,0
8.3745,1
8.3745,0
8.37544,1
8.37544,0
8.37639,1
8.37639,0
8.37733,1
8.37733,0
8.37828,1
8.37828,0
8.37922,1
8.37922,0
8.38016,1
8.38016,0
8.38111,1
8.38111,0
8.38205,1
8.38205,0
8.383,1
8.383,0
8.38394,1
8.38394,0
8.38488,1
8.38488,0
8.38583,1
8.38583,0
8.38677,1
8.38677,0
8.38772,1
8.38772,0
8.38866,1
8.38866,0
8.3896,1
8.3896,0
8.39055,1
8.39055,0
8.39149,1
8.39149,0
8.39244,1
8.39244,0
8.39338,1
8.39338,0
8.39432,1
8.39432,0
8.39527,1
8.39527,0
8.39621,1
8.39621,0
8.39716,1
8.39716,0
8.3981,1
8.3981,0
8.39904,1
8.39904,0
8.39999,1
8.39999,0
8.40093,1
8.40093,0
8.40188,1
8.40188,0
8.40282,1
8.40282,0
8.40376,1
8.40376,0
8.40471,1
8.40471,0
8.40565,1
8.40565,0
8.4066,1
8.4066,0
8.40754,1
8.40754,0
8.40848,1
8.40848,0
8.40943,1
8.40943,0
8.41037,1
8.41037,0
8.41132,1
8.41132,0
8.41226,1
8.41226,0
8.4132,1
8.4132,0
8.41415,1
8.41415,0
8.41509,1
8.41509,0
8.41604,1
8.41604,0
8.41698,1
8.41698,0
8.41792,1
8.41792,0
8.41887,1
8.41887,0
8.41981,1
8.41981,0
8.42076,1
8.42076,0
8.4217,1
8.4217,0
8.42264,1
8.42264,0
8.42359,1
8.42359,0
8.42453,1
8.42453,0
8.42548,1
8.42548,0
8.42642,1
8.42642,0
8.42736,1
8.42736,0
8.42831,1
8.42831,0
8.42925,1
8.42925,0
8.4302,1
8.4302,0
8.43114,1
8.43114,0
8.43208,1
8.43208,0
8.43303,1
8.43303,0
8.43397,1
8.43397,0
8.43492,1
8.43492,0
8.43586,1
8.43586,0
8.4368,1
8.4368,0
8.43775,1
8.43775,0
8.43869,1
8.43869,0
8.43964,1
8.43964,0
8.44058,1
8.44058,0
8.44152,1
8.44152,0
8.44247,1
8.44247,0
8.44341,1
8.44341,0
8.44436,1
8.44436,0
8.4453,1
8.4453,0
8.44624,1
8.44624,0
8.44719,1
8.44719,0
8.44813,1
8.44813,0
8.44908,1
8.44908,0
8.45002,1
8.45002,0
8.45096,1
8.45096,0
8.45191,1
8.45191,0
8.45285,1
8.45285,0
8.4538,1
8.4538,0
8.45474,1
8.45474,0
8.45568,1
8.45568,0
8.45663,1
8.45663,0
8.45757,1
8.45757,0
8.45852,1
8.45852,0
8.45946,1
8.45946,0
8.4604,1
8.4604,0
8.46135,1
8.46135,0
8.46229,1
8.46229,0
8.46324,1
8.46324,0
8.46418,1
8.46418,0
8.46512,1
8.46512,0
8.46607,1
8.46607,0
8.46701,1
8.46701,0
8.46796,1
8.46796,0
8.4689,1
8.4689,0
8.46984,1
8.46984,0
8.47079,1
8.47079,0
8.47173,1
8.47173,0
8.47268,1
8.47268,0
8.47362,1
8.47362,0
8.47456,1
8.47456,0
8.47551,1
8.47551,0
8.47645,1
8.47645,0
8.4774,1
8.4774,0
8.47834,1
8.47834,0
8.47928,1
8.47928,0
8.48023,1
8.48023,0
8.48117,1
8.48117,0
8.48212,1
8.48212,0
8.48306,1
8.48306,0
8.484,1
8.484,0
8.48495,1
8.48495,0
8.48589,1
8.48589,0
8.48684,1
8.48684,0
8.48778,1
8.48778,0
8.48872,1
8.48872,0
8.48967,1
8.48967,0
8.49061,1
8.49061,0
8.49156,1
8.49156,0
8.4925,1
8.4925,0
8.49344,1
8.49344,0
8.49439,1
8.49439,0
8.49533,1
8.49533,0
8.49628,1
8.49628,0
8.49722,1
8.49722,0
8.49816,1
8.49816,0
8.49911,1
8.49911,0
8.50005,1
8.50005,0
8.501,1
8.501,0
8.50194,1
8.50194,0
8.50288,1
8.50288,0
8.50383,1
8.50383,0
8.50477,1
8.50477,0
8.50572,1
8.50572,0
8.50666,1
8.50666,0
8.5076,1
8.5076,0
8.50855,1
8.50855,0
8.50949,1
8.50949,0
8.51044,1
8.51044,0
8.51138,1
8.51138,0
8.51232,1
8.51232,0
8.51327,1
8.51327,0
8.51421,1
8.51421,0
8.51516,1
8.51516,0
8.5161,1
8.5161,0
8.51704,1
8.51704,0
8.51799,1
8.51799,0
8.51893,1
8.51893,0
8.51988,1
8.51988,0
8.52082,1
8.52082,0
8.52176,1
8.52176,0
8.52271,1
8.52271,0
8.52365,1
8.52365,0
8.5246,1
8.5246,0
8.52554,1
8.52554,0
8.52648,1
8.52648,0
8.52743,1
8.52743,0
8.52837,1
8.52837,0
8.52932,1
8.52932,0
8.53026,1
8.53026,0
8.5312,1
8.5312,0
8.53215,1
8.53215,0
8.53309,1
8.53309,0
8.53404,1
8.53404,0
8.53498,1
8.53498,0
8.53592,1
8.53592,0
8.53687,1
8.53687,0
8.53781,1
8.53781,0
8.53876,1
8.53876,0
8.5397,1
8.5397,0
8.54064,1
8.54064,0
8.54159,1
8.54159,0
8.54253,1
8.54253,0
8.54348,1
8.54348,0
8.54442,1
8.54442,0
8.54536,1
8.54536,0
8.54631,1
8.54631,0
8.54725,1
8.54725,0
8.5482,1
8.5482,0
8.54914,1
8.54914,0
8.55008,1
8.55008,0
8.55103,1
8.55103,0
8.55197,1
8.55197,0
8.55292,1
8.55292,0
8.55386,1
8.55386,0
8.5548,1
8.5548,0
8.55575,1
8.55575,0
8.55669,1
8.55669,0
8.55764,1
8.55764,0
8.55858,1
8.55858,0
8.55952,1
8.55952,0
8.56047,1
8.56047,0
8.56141,1
8.56141,0
8.56236,1
8.56236,0
8.5633,1
8.5633,0
8.56424,1
8.56424,0
8.56519,1
8.56519,0
8.56613,1
8.56613,0
8.56708,1
8.56708,0
8.56802,1
8.56802,0
8.56896,1
8.56896,0
8.56991,1
8.56991,0
8.57085,1
8.57085,0
8.5718,1
8.5718,0
8.57274,1
8.57274,0
8.57368,1
8.57368,0
8.57463,1
8.57463,0
8.57557,1
8.57557,0
8.57652,1
8.57652,0
8.57746,1
8.57746,0
8.5784,1
8.5784,0
8.57935,1
8.57935,0
8.58029,1
8.58029,0
8.58124,1
8.58124,0
8.58218,1
8.58218,0
8.58312,1
8.58312,0
8.58407,1
8.58407,0
8.58501,1
8.58501,0
8.58596,1
8.58596,0
8.5869,1
8.5869,0
8.58784,1
8.58784,0
8.58879,1
8.58879,0
8.58973,1
8.58973,0
8.59068,1
8.59068,0
8.59162,1
8.59162,0
8.59256,1
8.59256,0
8.59351,1
8.59351,0
8.59445,1
8.59445,0
8.5954,1
8.5954,0
8.59634,1
8.59634,0
8.59728,1
8.59728,0
8.59823,1
8.59823,0
8.59917,1
8.59917,0
8.60012,1
8.60012,0
8.60106,1
8.60106,0
8.602,1
8.602,0
8.60295,1
8.60295,0
8.60389,1
8.60389,0
8.60484,1
8.60484,0
8.60578,1
8.60578,0
8.60672,1
8.60672,0
8.60767,1
8.60767,0
8.60861,1
8.60861,0
8.60956,1
8.60956,0
8.6105,1
8.6105,0
8.61144,1
8.61144,0
8.61239,1
8.61239,0
8.61333,1
8.61333,0
8.61428,1
8.61428,0
8.61522,1
8.61522,0
8.61616,1
8.61616,0
8.61711,1
8.61711,0
8.61805,1
8.61805,0
8.619,1
8.619,0
8.61994,1
8.61994,0
8.62088,1
8.62088,0
8.62183,1
8.62183,0
8.62277,1
8.62277,0
8.62372,1
8.62372,0
8.62466,1
8.62466,0
8.6256,1
8.6256,0
8.62655,1
8.62655,0
8.62749,1
8.62749,0
8.62844,1
8.62844,0
8.62938,1
8.62938,0
8.63032,1
8.63032,0
8.63127,1
8.63127,0
8.63221,1
8.63221,0
8.63316,1
8.63316,0
8.6341,1
8.6341,0
8.63504,1
8.63504,0
8.63599,1
8.63599,0
8.63693,1
8.63693,0
8.63788,1
8.63788,0
8.63882,1
8.63882,0
8.63976,1
8.63976,0
8.64071,1
8.64071,0
8.64165,1
8.64165,0
8.6426,1
8.6426,0
8.64354,1
8.64354,0
8.64448,1
8.64448,0
8.64543,1
8.64543,0
8.64637,1
8.64637,0
8.64732,1
8.64732,0
8.64826,1
8.64826,0
8.6492,1
8.6492,0
8.65015,1
8.65015,0
8.65109,1
8.65109,0
8.65204,1
8.65204,0
8.65298,1
8.65298,0
8.65392,1
8.65392,0
8.65487,1
8.65487,0
8.65581,1
8.65581,0
8.65676,1
8.65676,0
8.6577,1
8.6577,0
8.65864,1
8.65864,0
8.65959,1
8.65959,0
8.66053,1
8.66053,0
8.66148,1
8.66148,0
8.66242,1
8.66242,0
8.66336,1
8.66336,0
8.66431,1
8.66431,0
8.66525,1
8.66525,0
8.6662,1
8.6662,0
8.66714,1
8.66714,0
8.66808,1
8.66808,0
8.66903,1
8.66903,0
8.66997,1
8.66997,0
8.67092,1
8.67092,0
8.67186,1
8.67186,0
8.6728,1
8.6728,0
8.67375,1
8.67375,0
8.67469,1
8.67469,0
8.67564,1
8.67564,0
8.67658,1
8.67658,0
8.67752,1
8.67752,0
8.67847,1
8.67847,0
8.67941,1
8.67941,0
8.68036,1
8.68036,0
8.6813,1
8.6813,0
8.68224,1
8.68224,0
8.68319,1
8.68319,0
8.68413,1
8.68413,0
8.68508,1
8.68508,0
8.68602,1
8.68602,0
8.68696,1
8.68696,0
8.68791,1
8.68791,0
8.68885,1
8.68885,0
8.6898,1
8.6898,0
8.69074,1
8.69074,0
8.69168,1
8.69168,0
8.69263,1
8.69263,0
8.69357,1
8.69357,0
8.69452,1
8.69452,0
8.69546,1
8.69546,0
8.6964,1
8.6964,0
8.69735,1
8.69735,0
8.69829,1
8.69829,0
8.69924,1
8.69924,0
8.70018,1
8.70018,0
8.70112,1
8.70112,0
8.70207,1
8.70207,0
8.70301,1
8.70301,0
8.70396,1
8.70396,0
8.7049,1
8.7049,0
8.70584,1
8.70584,0
8.70679,1
8.70679,0
8.70773,1
8.70773,0
8.70868,1
8.70868,0
8.70962,1
8.70962,0
8.71056,1
8.71056,0
8.71151,1
8.71151,0
8.71245,1
8.71245,0
8.7134,1
8.7134,0
8.71434,1
8.71434,0
8.71528,1
8.71528,0
8.71623,1
8.71623,0
8.71717,1
8.71717,0
8.71812,1
8.71812,0
8.71906,1
8.71906,0
8.72,1
8.72,0
8.72095,1
8.72095,0
8.72189,1
8.72189,0
8.72284,1
8.72284,0
8.72378,1
8.72378,0
8.72472,1
8.72472,0
8.72567,1
8.72567,0
8.72661,1
8.72661,0
8.72756,1
8.72756,0
8.7285,1
8.7285,0
8.72944,1
8.72944,0
8.73039,1
8.73039,0
8.73133,1
8.73133,0
8.73228,1
8.73228,0
8.73322,1
8.73322,0
8.73416,1
8.73416,0
8.73511,1
8.73511,0
8.73605,1
8.73605,0
8.737,1
8.737,0
8.73794,1
8.73794,0
8.73888,1
8.73888,0
8.73983,1
8.73983,0
8.74077,1
8.74077,0
8.74172,1
8.74172,0
8.74266,1
8.74266,0
8.7436,1
8.7436,0
8.74455,1
8.74455,0
8.74549,1
8.74549,0
8.74644,1
8.74644,0
8.74738,1
8.74738,0
8.74832,1
8.74832,0
8.74927,1
8.74927,0
8.75021,1
8.75021,0
8.75116,1
8.75116,0
8.7521,1
8.7521,0
8.75304,1
8.75304,0
8.75399,1
8.75399,0
8.75493,1
8.75493,0
8.75588,1
8.75588,0
8.75682,1
8.75682,0
8.75776,1
8.75776,0
8.75871,1
8.75871,0
8.75965,1
8.75965,0
8.7606,1
8.7606,0
8.76154,1
8.76154,0
8.76248,1
8.76248,0
8.76343,1
8.76343,0
8.76437,1
8.76437,0
8.76532,1
8.76532,0
8.76626,1
8.76626,0
8.7672,1
8.7672,0
8.76815,1
8.76815,0
8.76909,1
8.76909,0
8.77004,1
8.77004,0
8.77098,1
8.77098,0
8.77192,1
8.77192,0
8.77287,1
8.77287,0
8.77381,1
8.77381,0
8.77476,1
8.77476,0
8.7757,1
8.7757,0
8.77664,1
8.77664,0
8.77759,1
8.77759,0
8.77853,1
8.77853,0
8.77948,1
8.77948,0
8.78042,1
8.78042,0
8.78136,1
8.78136,0
8.78231,1
8.78231,0
8.78325,1
8.78325,0
8.7842,1
8.7842,0
8.78514,1
8.78514,0
8.78608,1
8.78608,0
8.78703,1
8.78703,0
8.78797,1
8.78797,0
8.78892,1
8.78892,0
8.78986,1
8.78986,0
8.7908,1
8.7908,0
8.79175,1
8.79175,0
8.79269,1
8.79269,0
8.79364,1
8.79364,0
8.79458,1
8.79458,0
8.79552,1
8.79552,0
8.79647,1
8.79647,0
8.79741,1
8.79741,0
8.79836,1
8.79836,0
8.7993,1
8.7993,0
8.80024,1
8.80024,0
8.80119,1
8.80119,0
8.80213,1
8.80213,0
8.80308,1
8.80308,0
8.80402,1
8.80402,0
8.80496,1
8.80496,0
8.80591,1
8.80591,0
8.80685,1
8.80685,0
8.8078,1
8.8078,0
8.80874,1
8.80874,0
8.80968,1
8.80968,0
8.81063,1
8.81063,0
8.81157,1
8.81157,0
8.81252,1
8.81252,0
8.81346,1
8.81346,0
8.8144,1
8.8144,0
8.81535,1
8.81535,0
8.81629,1
8.81629,0
8.81724,1
8.81724,0
8.81818,1
8.81818,0
8.81912,1
8.81912,0
8.82007,1
8.82007,0
8.82101,1
8.82101,0
8.82196,1
8.82196,0
8.8229,1
8.8229,0
8.82384,1
8.82384,0
8.82479,1
8.82479,0
8.82573,1
8.82573,0
8.82668,1
8.82668,0
8.82762,1
8.82762,0
8.82856,1
8.82856,0
8.82951,1
8.82951,0
8.83045,1
8.83045,0
8.8314,1
8.8314,0
8.83234,1
8.83234,0
8.83328,1
8.83328,0
8.83423,1
8.83423,0
8.83517,1
8.83517,0
8.83612,1
8.83612,0
8.83706,1
8.83706,0
8.838,1
8.838,0
8.83895,1
8.83895,0
8.83989,1
8.83989,0
8.84084,1
8.84084,0
8.84178,1
8.84178,0
8.84272,1
8.84272,0
8.84367,1
8.84367,0
8.84461,1
8.84461,0
8.84556,1
8.84556,0
8.8465,1
8.8465,0
8.84744,1
8.84744,0
8.84839,1
8.84839,0
8.84933,1
8.84933,0
8.85028,1
8.85028,0
8.85122,1
8.85122,0
8.85216,1
8.85216,0
8.85311,1
8.85311,0
8.85405,1
8.85405,0
8.855,1
8.855,0
8.85594,1
8.85594,0
8.85688,1
8.85688,0
8.85783,1
8.85783,0
8.85877,1
8.85877,0
8.85972,1
8.85972,0
8.86066,1
8.86066,0
8.8616,1
8.8616,0
8.86255,1
8.86255,0
8.86349,1
8.86349,0
8.86444,1
8.86444,0
8.86538,1
8.86538,0
8.86632,1
8.86632,0
8.86727,1
8.86727,0
8.86821,1
8.86821,0
8.86916,1
8.86916,0
8.8701,1
8.8701,0
8.87104,1
8.87104,0
8.87199,1
8.87199,0
8.87293,1
8.87293,0
8.87388,1
8.87388,0
8.87482,1
8.87482,0
8.87576,1
8.87576,0
8.87671,1
8.87671,0
8.87765,1
8.87765,0
8.8786,1
8.8786,0
8.87954,1
8.87954,0
8.88048,1
8.88048,0
8.88143,1
8.88143,0
8.88237,1
8.88237,0
8.88332,1
8.88332,0
8.88426,1
8.88426,0
8.8852,1
8.8852,0
8.88615,1
8.88615,0
8.88709,1
8.88709,0
8.88804,1
8.88804,0
8.88898,1
8.88898,0
8.88992,1
8.88992,0
8.89087,1
8.89087,0
8.89181,1
8.89181,0
8.89276,1
8.89276,0
8.8937,1
8.8937,0
8.89464,1
8.89464,0
8.89559,1
8.89559,0
8.89653,1
8.89653,0
8.89748,1
8.89748,0
8.89842,1
8.89842,0
8.89936,1
8.89936,0
8.90031,1
8.90031,0
8.90125,1
8.90125,0
8.9022,1
8.9022,0
8.90314,1
8.90314,0
8.90408,1
8.90408,0
8.90503,1
8.90503,0
8.90597,1
8.90597,0
8.90692,1
8.90692,0
8.90786,1
8.90786,0
8.9088,1
8.9088,0
8.90975,1
8.90975,0
8.91069,1
8.91069,0
8.91164,1
8.91164,0
8.91258,1
8.91258,0
8.91352,1
8.91352,0
8.91447,1
8.91447,0
8.91541,1
8.91541,0
8.91636,1
8.91636,0
8.9173,1
8.9173,0
8.91824,1
8.91824,0
8.91919,1
8.91919,0
8.92013,1
8.92013,0
8.92108,1
8.92108,0
8.92202,1
8.92202,0
8.92296,1
8.92296,0
8.92391,1
8.92391,0
8.92485,1
8.92485,0
8.9258,1
8.9258,0
8.92674,1
8.92674,0
8.92768,1
8.92768,0
8.92863,1
8.92863,0
8.92957,1
8.92957,0
8.93052,1
8.93052,0
8.93146,1
8.93146,0
8.9324,1
8.9324,0
8.93335,1
8.93335,0
8.93429,1
8.93429,0
8.93524,1
8.93524,0
8.93618,1
8.93618,0
8.93712,1
8.93712,0
8.93807,1
8.93807,0
8.93901,1
8.93901,0
8.93996,1
8.93996,0
8.9409,1
8.9409,0
8.94184,1
8.94184,0
8.94279,1
8.94279,0
8.94373,1
8.94373,0
8.94468,1
8.94468,0
8.94562,1
8.94562,0
8.94656,1
8.94656,0
8.94751,1
8.94751,0
8.94845,1
8.94845,0
8.9494,1
8.9494,0
8.95034,1
8.95034,0
8.95128,1
8.95128,0
8.95223,1
8.95223,0
8.95317,1
8.95317,0
8.95412,1
8.95412,0
8.95506,1
8.95506,0
8.956,1
8.956,0
8.95695,1
8.95695,0
8.95789,1
8.95789,0
8.95884,1
8.95884,0
8.95978,1
8.95978,0
8.96072,1
8.96072,0
8.96167,1
8.96167,0
8.96261,1
8.96261,0
8.96356,1
8.96356,0
8.9645,1
8.9645,0
8.96544,1
8.96544,0
8.96639,1
8.96639,0
8.96733,1
8.96733,0
8.96828,1
8.96828,0
8.96922,1
8.96922,0
8.97016,1
8.97016,0
8.97111,1
8.97111,0
8.97205,1
8.97205,0
8.973,1
8.973,0
8.97394,1
8.97394,0
8.97488,1
8.97488,0
8.97583,1
8.97583,0
8.97677,1
8.97677,0
8.97772,1
8.97772,0
8.97866,1
8.97866,0
8.9796,1
8.9796,0
8.98055,1
8.98055,0
8.98149,1
8.98149,0
8.98244,1
8.98244,0
8.98338,1
8.98338,0
8.98432,1
8.98432,0
8.98527,1
8.98527,0
8.98621,1
8.98621,0
8.98716,1
8.98716,0
8.9881,1
8.9881,0
8.98904,1
8.98904,0
8.98999,1
8.98999,0
8.99093,1
8.99093,0
8.99188,1
8.99188,0
8.99282,1
8.99282,0
8.99376,1
8.99376,0
8.99471,1
8.99471,0
8.99565,1
8.99565,0
8.9966,1
8.9966,0
8.99754,1
8.99754,0
8.99848,1
8.99848,0
8.99943,1
8.99943,0
9.00037,1
9.00037,0
9.00132,1
9.00132,0
9.00226,1
9.00226,0
9.0032,1
9.0032,0
9.00415,1
9.00415,0
9.00509,1
9.00509,0
9.00604,1
9.00604,0
9.00698,1
9.00698,0
9.00792,1
9.00792,0
9.00887,1
9.00887,0
9.00981,1
9.00981,0
9.01076,1
9.01076,0
9.0117,1
9.0117,0
9.01264,1
9.01264,0
9.01359,1
9.01359,0
9.01453,1
9.01453,0
9.01548,1
9.01548,0
9.01642,1
9.01642,0
9.01736,1
9.01736,0
9.01831,1
9.01831,0
9.01925,1
9.01925,0
9.0202,1
9.0202,0
9.02114,1
9.02114,0
9.02208,1
9.02208,0
9.02303,1
9.02303,0
9.02397,1
9.02397,0
9.02492,1
9.02492,0
9.02586,1
9.02586,0
9.0268,1
9.0268,0
9.02775,1
9.02775,0
9.02869,1
9.02869,0
9.02964,1
9.02964,0
9.03058,1
9.03058,0
9.03152,1
9.03152,0
9.03247,1
9.03247,0
9.03341,1
9.03341,0
9.03436,1
9.03436,0
9.0353,1
9.0353,0
9.03624,1
9.03624,0
9.03719,1
9.03719,0
9.03813,1
9.03813,0
9.03908,1
9.03908,0
9.04002,1
9.04002,0
9.04096,1
9.04096,0
9.04191,1
9.04191,0
9.04285,1
9.04285,0
9.0438,1
9.0438,0
9.04474,1
9.04474,0
9.04568,1
9.04568,0
9.04663,1
9.04663,0
9.04757,1
9.04757,0
9.04852,1
9.04852,0
9.04946,1
9.04946,0
9.0504,1
9.0504,0
9.05135,1
9.05135,0
9.05229,1
9.05229,0
9.05324,1
9.05324,0
9.05418,1
9.05418,0
9.05512,1
9.05512,0
9.05607,1
9.05607,0
9.05701,1
9.05701,0
9.05796,1
9.05796,0
9.0589,1
9.0589,0
9.05984,1
9.05984,0
9.06079,1
9.06079,0
9.06173,1
9.06173,0
9.06268,1
9.06268,0
9.06362,1
9.06362,0
9.06456,1
9.06456,0
9.06551,1
9.06551,0
9.06645,1
9.06645,0
9.0674,1
9.0674,0
9.06834,1
9.06834,0
9.06928,1
9.06928,0
9.07023,1
9.07023,0
9.07117,1
9.07117,0
9.07212,1
9.07212,0
9.07306,1
9.07306,0
9.074,1
9.074,0
9.07495,1
9.07495,0
9.07589,1
9.07589,0
9.07684,1
9.07684,0
9.07778,1
9.07778,0
9.07872,1
9.07872,0
9.07967,1
9.07967,0
9.08061,1
9.08061,0
9.08156,1
9.08156,0
9.0825,1
9.0825,0
9.08344,1
9.08344,0
9.08439,1
9.08439,0
9.08533,1
9.08533,0
9.08628,1
9.08628,0
9.08722,1
9.08722,0
9.08816,1
9.08816,0
9.08911,1
9.08911,0
9.09005,1
9.09005,0
9.091,1
9.091,0
9.09194,1
9.09194,0
9.09288,1
9.09288,0
9.09383,1
9.09383,0
9.09477,1
9.09477,0
9.09572,1
9.09572,0
9.09666,1
9.09666,0
9.0976,1
9.0976,0
9.09855,1
9.09855,0
9.09949,1
9.09949,0
9.10044,1
9.10044,0
9.10138,1
9.10138,0
9.10232,1
9.10232,0
9.10327,1
9.10327,0
9.10421,1
9.10421,0
9.10516,1
9.10516,0
9.1061,1
9.1061,0
9.10704,1
9.10704,0
9.10799,1
9.10799,0
9.10893,1
9.10893,0
9.10988,1
9.10988,0
9.11082,1
9.11082,0
9.11176,1
9.11176,0
9.11271,1
9.11271,0
9.11365,1
9.11365,0
9.1146,1
9.1146,0
9.11554,1
9.11554,0
9.11648,1
9.11648,0
9.11743,1
9.11743,0
9.11837,1
9.11837,0
9.11932,1
9.11932,0
9.12026,1
9.12026,0
9.1212,1
9.1212,0
9.12215,1
9.12215,0
9.12309,1
9.12309,0
9.12404,1
9.12404,0
9.12498,1
9.12498,0
9.12592,1
9.12592,0
9.12687,1
9.12687,0
9.12781,1
9.12781,0
9.12876,1
9.12876,0
9.1297,1
9.1297,0
9.13064,1
9.13064,0
9.13159,1
9.13159,0
9.13253,1
9.13253,0
9.13348,1
9.13348,0
9.13442,1
9.13442,0
9.13536,1
9.13536,0
9.13631,1
9.13631,0
9.13725,1
9.13725,0
9.1382,1
9.1382,0
9.13914,1
9.13914,0
9.14008,1
9.14008,0
9.14103,1
9.14103,0
9.14197,1
9.14197,0
9.14292,1
9.14292,0
9.14386,1
9.14386,0
9.1448,1
9.1448,0
9.14575,1
9.14575,0
9.14669,1
9.14669,0
9.14764,1
9.14764,0
9.14858,1
9.14858,0
9.14952,1
9.14952,0
9.15047,1
9.15047,0
9.15141,1
9.15141,0
9.15236,1
9.15236,0
9.1533,1
9.1533,0
9.15424,1
9.15424,0
9.15519,1
9.15519,0
9.15613,1
9.15613,0
9.15708,1
9.15708,0
9.15802,1
9.15802,0
9.15896,1
9.15896,0
9.15991,1
9.15991,0
9.16085,1
9.16085,0
9.1618,1
9.1618,0
9.16274,1
9.16274,0
9.16368,1
9.16368,0
9.16463,1
9.16463,0
9.16557,1
9.16557,0
9.16652,1
9.16652,0
9.16746,1
9.16746,0
9.1684,1
9.1684,0
9.16935,1
9.16935,0
9.17029,1
9.17029,0
9.17124,1
9.17124,0
9.17218,1
9.17218,0
9.17312,1
9.17312,0
9.17407,1
9.17407,0
9.17501,1
9.17501,0
9.17596,1
9.17596,0
9.1769,1
9.1769,0
9.17784,1
9.17784,0
9.17879,1
9.17879,0
9.17973,1
9.17973,0
9.18068,1
9.18068,0
9.18162,1
9.18162,0
9.18256,1
9.18256,0
9.18351,1
9.18351,0
9.18445,1
9.18445,0
9.1854,1
9.1854,0
9.18634,1
9.18634,0
9.18728,1
9.18728,0
9.18823,1
9.18823,0
9.18917,1
9.18917,0
9.19012,1
9.19012,0
9.19106,1
9.19106,0
9.192,1
9.192,0
9.19295,1
9.19295,0
9.19389,1
9.19389,0
9.19484,1
9.19484,0
9.19578,1
9.19578,0
9.19672,1
9.19672,0
9.19767,1
9.19767,0
9.19861,1
9.19861,0
9.19956,1
9.19956,0
9.2005,1
9.2005,0
9.20144,1
9.20144,0
9.20239,1
9.20239,0
9.20333,1
9.20333,0
9.20428,1
9.20428,0
9.20522,1
9.20522,0
9.20616,1
9.20616,0
9.20711,1
9.20711,0
9.20805,1
9.20805,0
9.209,1
9.209,0
9.20994,1
9.20994,0
9.21088,1
9.21088,0
9.21183,1
9.21183,0
9.21277,1
9.21277,0
9.21372,1
9.21372,0
9.21466,1
9.21466,0
9.2156,1
9.2156,0
9.21655,1
9.21655,0
9.21749,1
9.21749,0
9.21844,1
9.21844,0
9.21938,1
9.21938,0
9.22032,1
9.22032,0
9.22127,1
9.22127,0
9.22221,1
9.22221,0
9.22316,1
9.22316,0
9.2241,1
9.2241,0
9.22504,1
9.22504,0
9.22599,1
9.22599,0
9.22693,1
9.22693,0
9.22788,1
9.22788,0
9.22882,1
9.22882,0
9.22976,1
9.22976,0
9.23071,1
9.23071,0
9.23165,1
9.23165,0
9.2326,1
9.2326,0
9.23354,1
9.23354,0
9.23448,1
9.23448,0
9.23543,1
9.23543,0
9.23637,1
9.23637,0
9.23732,1
9.23732,0
9.23826,1
9.23826,0
9.2392,1
9.2392,0
9.24015,1
9.24015,0
9.24109,1
9.24109,0
9.24204,1
9.24204,0
9.24298,1
9.24298,0
9.24392,1
9.24392,0
9.24487,1
9.24487,0
9.24581,1
9.24581,0
9.24676,1
9.24676,0
9.2477,1
9.2477,0
9.24864,1
9.24864,0
9.24959,1
9.24959,0
9.25053,1
9.25053,0
9.25148,1
9.25148,0
9.25242,1
9.25242,0
9.25336,1
9.25336,0
9.25431,1
9.25431,0
9.25525,1
9.25525,0
9.2562,1
9.2562,0
9.25714,1
9.25714,0
9.25808,1
9.25808,0
9.25903,1
9.25903,0
9.25997,1
9.25997,0
9.26092,1
9.26092,0
9.26186,1
9.26186,0
9.2628,1
9.2628,0
9.26375,1
9.26375,0
9.26469,1
9.26469,0
9.26564,1
9.26564,0
9.26658,1
9.26658,0
9.26752,1
9.26752,0
9.26847,1
9.26847,0
9.26941,1
9.26941,0
9.27036,1
9.27036,0
9.2713,1
9.2713,0
9.27224,1
9.27224,0
9.27319,1
9.27319,0
9.27413,1
9.27413,0
9.27508,1
9.27508,0
9.27602,1
9.27602,0
9.27696,1
9.27696,0
9.27791,1
9.27791,0
9.27885,1
9.27885,0
9.2798,1
9.2798,0
9.28074,1
9.28074,0
9.28168,1
9.28168,0
9.28263,1
9.28263,0
9.28357,1
9.28357,0
9.28452,1
9.28452,0
9.28546,1
9.28546,0
9.2864,1
9.2864,0
9.28735,1
9.28735,0
9.28829,1
9.28829,0
9.28924,1
9.28924,0
9.29018,1
9.29018,0
9.29112,1
9.29112,0
9.29207,1
9.29207,0
9.29301,1
9.29301,0
9.29396,1
9.29396,0
9.2949,1
9.2949,0
9.29584,1
9.29584,0
9.29679,1
9.29679,0
9.29773,1
9.29773,0
9.29868,1
9.29868,0
9.29962,1
9.29962,0
9.30056,1
9.30056,0
9.30151,1
9.30151,0
9.30245,1
9.30245,0
9.3034,1
9.3034,0
9.30434,1
9.30434,0
9.30528,1
9.30528,0
9.30623,1
9.30623,0
9.30717,1
9.30717,0
9.30812,1
9.30812,0
9.30906,1
9.30906,0
9.31,1
9.31,0
9.31095,1
9.31095,0
9.31189,1
9.31189,0
9.31284,1
9.31284,0
9.31378,1
9.31378,0
9.31472,1
9.31472,0
9.31567,1
9.31567,0
9.31661,1
9.31661,0
9.31756,1
9.31756,0
9.3185,1
9.3185,0
9.31944,1
9.31944,0
9.32039,1
9.32039,0
9.32133,1
9.32133,0
9.32228,1
9.32228,0
9.32322,1
9.32322,0
9.32416,1
9.32416,0
9.32511,1
9.32511,0
9.32605,1
9.32605,0
9.327,1
9.327,0
9.32794,1
9.32794,0
9.32888,1
9.32888,0
9.32983,1
9.32983,0
9.33077,1
9.33077,0
9.33172,1
9.33172,0
9.33266,1
9.33266,0
9.3336,1
9.3336,0
9.33455,1
9.33455,0
9.33549,1
9.33549,0
9.33644,1
9.33644,0
9.33738,1
9.33738,0
9.33832,1
9.33832,0
9.33927,1
9.33927,0
9.34021,1
9.34021,0
9.34116,1
9.34116,0
9.3421,1
9.3421,0
9.34304,1
9.34304,0
9.34399,1
9.34399,0
9.34493,1
9.34493,0
9.34588,1
9.34588,0
9.34682,1
9.34682,0
9.34776,1
9.34776,0
9.34871,1
9.34871,0
9.34965,1
9.34965,0
9.3506,1
9.3506,0
9.35154,1
9.35154,0
9.35248,1
9.35248,0
9.35343,1
9.35343,0
9.35437,1
9.35437,0
9.35532,1
9.35532,0
9.35626,1
9.35626,0
9.3572,1
9.3572,0
9.35815,1
9.35815,0
9.35909,1
9.35909,0
9.36004,1
9.36004,0
9.36098,1
9.36098,0
9.36192,1
9.36192,0
9.36287,1
9.36287,0
9.36381,1
9.36381,0
9.36476,1
9.36476,0
9.3657,1
9.3657,0
9.36664,1
9.36664,0
9.36759,1
9.36759,0
9.36853,1
9.36853,0
9.36948,1
9.36948,0
9.37042,1
9.37042,0
9.37136,1
9.37136,0
9.37231,1
9.37231,0
9.37325,1
9.37325,0
9.3742,1
9.3742,0
9.37514,1
9.37514,0
9.37608,1
9.37608,0
9.37703,1
9.37703,0
9.37797,1
9.37797,0
9.37892,1
9.37892,0
9.37986,1
9.37986,0
9.3808,1
9.3808,0
9.38175,1
9.38175,0
9.38269,1
9.38269,0
9.38364,1
9.38364,0
9.38458,1
9.38458,0
9.38552,1
9.38552,0
9.38647,1
9.38647,0
9.38741,1
9.38741,0
9.38836,1
9.38836,0
9.3893,1
9.3893,0
9.39024,1
9.39024,0
9.39119,1
9.39119,0
9.39213,1
9.39213,0
9.39308,1
9.39308,0
9.39402,1
9.39402,0
9.39496,1
9.39496,0
9.39591,1
9.39591,0
9.39685,1
9.39685,0
9.3978,1
9.3978,0
9.39874,1
9.39874,0
9.39968,1
9.39968,0
9.40063,1
9.40063,0
9.40157,1
9.40157,0
9.40252,1
9.40252,0
9.40346,1
9.40346,0
9.4044,1
9.4044,0
9.40535,1
9.40535,0
9.40629,1
9.40629,0
9.40724,1
9.40724,0
9.40818,1
9.40818,0
9.40912,1
9.40912,0
9.41007,1
9.41007,0
9.41101,1
9.41101,0
9.41196,1
9.41196,0
9.4129,1
9.4129,0
9.41384,1
9.41384,0
9.41479,1
9.41479,0
9.41573,1
9.41573,0
9.41668,1
9.41668,0
9.41762,1
9.41762,0
9.41856,1
9.41856,0
9.41951,1
9.41951,0
9.42045,1
9.42045,0
9.4214,1
9.4214,0
9.42234,1
9.42234,0
9.42328,1
9.42328,0
9.42423,1
9.42423,0
9.42517,1
9.42517,0
9.42612,1
9.42612,0
9.42706,1
9.42706,0
9.428,1
9.428,0
9.42895,1
9.42895,0
9.42989,1
9.42989,0
9.43084,1
9.43084,0
9.43178,1
9.43178,0
9.43272,1
9.43272,0
9.43367,1
9.43367,0
9.43461,1
9.43461,0
9.43556,1
9.43556,0
9.4365,1
9.4365,0
9.43744,1
9.43744,0
9.43839,1
9.43839,0
9.43933,1
9.43933,0
9.44028,1
9.44028,0
9.44122,1
9.44122,0
9.44216,1
9.44216,0
9.44311,1
9.44311,0
9.44405,1
9.44405,0
9.445,1
9.445,0
9.44594,1
9.44594,0
9.44688,1
9.44688,0
9.44783,1
9.44783,0
9.44877,1
9.44877,0
9.44972,1
9.44972,0
9.45066,1
9.45066,0
9.4516,1
9.4516,0
9.45255,1
9.45255,0
9.45349,1
9.45349,0
9.45444,1
9.45444,0
9.45538,1
9.45538,0
9.45632,1
9.45632,0
9.45727,1
9.45727,0
9.45821,1
9.45821,0
9.45916,1
9.45916,0
9.4601,1
9.4601,0
9.46104,1
9.46104,0
9.46199,1
9.46199,0
9.46293,1
9.46293,0
9.46388,1
9.46388,0
9.46482,1
9.46482,0
9.46576,1
9.46576,0
9.46671,1
9.46671,0
9.46765,1
9.46765,0
9.4686,1
9.4686,0
9.46954,1
9.46954,0
9.47048,1
9.47048,0
9.47143,1
9.47143,0
9.47237,1
9.47237,0
9.47332,1
9.47332,0
9.47426,1
9.47426,0
9.4752,1
9.4752,0
9.47615,1
9.47615,0
9.47709,1
9.47709,0
9.47804,1
9.47804,0
9.47898,1
9.47898,0
9.47992,1
9.47992,0
9.48087,1
9.48087,0
9.48181,1
9.48181,0
9.48276,1
9.48276,0
9.4837,1
9.4837,0
9.48464,1
9.48464,0
9.48559,1
9.48559,0
9.48653,1
9.48653,0
9.48748,1
9.48748,0
9.48842,1
9.48842,0
9.48936,1
9.48936,0
9.49031,1
9.49031,0
9.49125,1
9.49125,0
9.4922,1
9.4922,0
9.49314,1
9.49314,0
9.49408,1
9.49408,0
9.49503,1
9.49503,0
9.49597,1
9.49597,0
9.49692,1
9.49692,0
9.49786,1
9.49786,0
9.4988,1
9.4988,0
9.49975,1
9.49975,0
9.50069,1
9.50069,0
9.50164,1
9.50164,0
9.50258,1
9.50258,0
9.50352,1
9.50352,0
9.50447,1
9.50447,0
9.50541,1
9.50541,0
9.50636,1
9.50636,0
9.5073,1
9.5073,0
9.50824,1
9.50824,0
9.50919,1
9.50919,0
9.51013,1
9.51013,0
9.51108,1
9.51108,0
9.51202,1
9.51202,0
9.51296,1
9.51296,0
9.51391,1
9.51391,0
9.51485,1
9.51485,0
9.5158,1
9.5158,0
9.51674,1
9.51674,0
9.51768,1
9.51768,0
9.51863,1
9.51863,0
9.51957,1
9.51957,0
9.52052,1
9.52052,0
9.52146,1
9.52146,0
9.5224,1
9.5224,0
9.52335,1
9.52335,0
9.52429,1
9.52429,0
9.52524,1
9.52524,0
9.52618,1
9.52618,0
9.52712,1
9.52712,0
9.52807,1
9.52807,0
9.52901,1
9.52901,0
9.52996,1
9.52996,0
9.5309,1
9.5309,0
9.53184,1
9.53184,0
9.53279,1
9.53279,0
9.53373,1
9.53373,0
9.53468,1
9.53468,0
9.53562,1
9.53562,0
9.53656,1
9.53656,0
9.53751,1
9.53751,0
9.53845,1
9.53845,0
9.5394,1
9.5394,0
9.54034,1
9.54034,0
9.54128,1
9.54128,0
9.54223,1
9.54223,0
9.54317,1
9.54317,0
9.54412,1
9.54412,0
9.54506,1
9.54506,0
9.546,1
9.546,0
9.54695,1
9.54695,0
9.54789,1
9.54789,0
9.54884,1
9.54884,0
9.54978,1
9.54978,0
9.55072,1
9.55072,0
9.55167,1
9.55167,0
9.55261,1
9.55261,0
9.55356,1
9.55356,0
9.5545,1
9.5545,0
9.55544,1
9.55544,0
9.55639,1
9.55639,0
9.55733,1
9.55733,0
9.55828,1
9.55828,0
9.55922,1
9.55922,0
9.56016,1
9.56016,0
9.56111,1
9.56111,0
9.56205,1
9.56205,0
9.563,1
9.563,0
9.56394,1
9.56394,0
9.56488,1
9.56488,0
9.56583,1
9.56583,0
9.56677,1
9.56677,0
9.56772,1
9.56772,0
9.56866,1
9.56866,0
9.5696,1
9.5696,0
9.57055,1
9.57055,0
9.57149,1
9.57149,0
9.57244,1
9.57244,0
9.57338,1
9.57338,0
9.57432,1
9.57432,0
9.57527,1
9.57527,0
9.57621,1
9.57621,0
9.57716,1
9.57716,0
9.5781,1
9.5781,0
9.57904,1
9.57904,0
9.57999,1
9.57999,0
9.58093,1
9.58093,0
9.58188,1
9.58188,0
9.58282,1
9.58282,0
9.58376,1
9.58376,0
9.58471,1
9.58471,0
9.58565,1
9.58565,0
9.5866,1
9.5866,0
9.58754,1
9.58754,0
9.58848,1
9.58848,0
9.58943,1
9.58943,0
9.59037,1
9.59037,0
9.59132,1
9.59132,0
9.59226,1
9.59226,0
9.5932,1
9.5932,0
9.59415,1
9.59415,0
9.59509,1
9.59509,0
9.59604,1
9.59604,0
9.59698,1
9.59698,0
9.59792,1
9.59792,0
9.59887,1
9.59887,0
9.59981,1
9.59981,0
9.60076,1
9.60076,0
9.6017,1
9.6017,0
9.60264,1
9.60264,0
9.60359,1
9.60359,0
9.60453,1
9.60453,0
9.60548,1
9.60548,0
9.60642,1
9.60642,0
9.60736,1
9.60736,0
9.60831,1
9.60831,0
9.60925,1
9.60925,0
9.6102,1
9.6102,0
9.61114,1
9.61114,0
9.61208,1
9.61208,0
9.61303,1
9.61303,0
9.61397,1
9.61397,0
9.61492,1
9.61492,0
9.61586,1
9.61586,0
9.6168,1
9.6168,0
9.61775,1
9.61775,0
9.61869,1
9.61869,0
9.61964,1
9.61964,0
9.62058,1
9.62058,0
9.62152,1
9.62152,0
9.62247,1
9.62247,0
9.62341,1
9.62341,0
9.62436,1
9.62436,0
9.6253,1
9.6253,0
9.62624,1
9.62624,0
9.62719,1
9.62719,0
9.62813,1
9.62813,0
9.62908,1
9.62908,0
9.63002,1
9.63002,0
9.63096,1
9.63096,0
9.63191,1
9.63191,0
9.63285,1
9.63285,0
9.6338,1
9.6338,0
9.63474,1
9.63474,0
9.63568,1
9.63568,0
9.63663,1
9.63663,0
9.63757,1
9.63757,0
9.63852,1
9.63852,0
9.63946,1
9.63946,0
9.6404,1
9.6404,0
9.64135,1
9.64135,0
9.64229,1
9.64229,0
9.64324,1
9.64324,0
9.64418,1
9.64418,0
9.64512,1
9.64512,0
9.64607,1
9.64607,0
9.64701,1
9.64701,0
9.64796,1
9.64796,0
9.6489,1
9.6489,0
9.64984,1
9.64984,0
9.65079,1
9.65079,0
9.65173,1
9.65173,0
9.65268,1
9.65268,0
9.65362,1
9.65362,0
9.65456,1
9.65456,0
9.65551,1
9.65551,0
9.65645,1
9.65645,0
9.6574,1
9.6574,0
9.65834,1
9.65834,0
9.65928,1
9.65928,0
9.66023,1
9.66023,0
9.66117,1
9.66117,0
9.66212,1
9.66212,0
9.66306,1
9.66306,0
9.664,1
9.664,0
9.66495,1
9.66495,0
9.66589,1
9.66589,0
9.66684,1
9.66684,0
9.66778,1
9.66778,0
9.66872,1
9.66872,0
9.66967,1
9.66967,0
9.67061,1
9.67061,0
9.67156,1
9.67156,0
9.6725,1
9.6725,0
9.67344,1
9.67344,0
9.67439,1
9.67439,0
9.67533,1
9.67533,0
9.67628,1
9.67628,0
9.67722,1
9.67722,0
9.67816,1
9.67816,0
9.67911,1
9.67911,0
9.68005,1
9.68005,0
9.681,1
9.681,0
9.68194,1
9.68194,0
9.68288,1
9.68288,0
9.68383,1
9.68383,0
9.68477,1
9.68477,0
9.68572,1
9.68572,0
9.68666,1
9.68666,0
9.6876,1
9.6876,0
9.68855,1
9.68855,0
9.68949,1
9.68949,0
9.69044,1
9.69044,0
9.69138,1
9.69138,0
9.69232,1
9.69232,0
9.69327,1
9.69327,0
9.69421,1
9.69421,0
9.69516,1
9.69516,0
9.6961,1
9.6961,0
9.69704,1
9.69704,0
9.69799,1
9.69799,0
9.69893,1
9.69893,0
9.69988,1
9.69988,0
9.70082,1
9.70082,0
9.70176,1
9.70176,0
9.70271,1
9.70271,0
9.70365,1
9.70365,0
9.7046,1
9.7046,0
9.70554,1
9.70554,0
9.70648,1
9.70648,0
9.70743,1
9.70743,0
9.70837,1
9.70837,0
9.70932,1
9.70932,0
9.71026,1
9.71026,0
9.7112,1
9.7112,0
9.71215,1
9.71215,0
9.71309,1
9.71309,0
9.71404,1
9.71404,0
9.71498,1
9.71498,0
9.71592,1
9.71592,0
9.71687,1
9.71687,0
9.71781,1
9.71781,0
9.71876,1
9.71876,0
9.7197,1
9.7197,0
9.72064,1
9.72064,0
9.72159,1
9.72159,0
9.72253,1
9.72253,0
9.72348,1
9.72348,0
9.72442,1
9.72442,0
9.72536,1
9.72536,0
9.72631,1
9.72631,0
9.72725,1
9.72725,0
9.7282,1
9.7282,0
9.72914,1
9.72914,0
9.73008,1
9.73008,0
9.73103,1
9.73103,0
9.73197,1
9.73197,0
9.73292,1
9.73292,0
9.73386,1
9.73386,0
9.7348,1
9.7348,0
9.73575,1
9.73575,0
9.73669,1
9.73669,0
9.73764,1
9.73764,0
9.73858,1
9.73858,0
9.73952,1
9.73952,0
9.74047,1
9.74047,0
9.74141,1
9.74141,0
9.74236,1
9.74236,0
9.7433,1
9.7433,0
9.74424,1
9.74424,0
9.74519,1
9.74519,0
9.74613,1
9.74613,0
9.74708,1
9.74708,0
9.74802,1
9.74802,0
9.74896,1
9.74896,0
9.74991,1
9.74991,0
9.75085,1
9.75085,0
9.7518,1
9.7518,0
9.75274,1
9.75274,0
9.75368,1
9.75368,0
9.75463,1
9.75463,0
9.75557,1
9.75557,0
9.75652,1
9.75652,0
9.75746,1
9.75746,0
9.7584,1
9.7584,0
9.75935,1
9.75935,0
9.76029,1
9.76029,0
9.76124,1
9.76124,0
9.76218,1
9.76218,0
9.76312,1
9.76312,0
9.76407,1
9.76407,0
9.76501,1
9.76501,0
9.76596,1
9.76596,0
9.7669,1
9.7669,0
9.76784,1
9.76784,0
9.76879,1
9.76879,0
9.76973,1
9.76973,0
9.77068,1
9.77068,0
9.77162,1
9.77162,0
9.77256,1
9.77256,0
9.77351,1
9.77351,0
9.77445,1
9.77445,0
9.7754,1
9.7754,0
9.77634,1
9.77634,0
9.77728,1
9.77728,0
9.77823,1
9.77823,0
9.77917,1
9.77917,0
9.78012,1
9.78012,0
9.78106,1
9.78106,0
9.782,1
9.782,0
9.78295,1
9.78295,0
9.78389,1
9.78389,0
9.78484,1
9.78484,0
9.78578,1
9.78578,0
9.78672,1
9.78672,0
9.78767,1
9.78767,0
9.78861,1
9.78861,0
9.78956,1
9.78956,0
9.7905,1
9.7905,0
9.79144,1
9.79144,0
9.79239,1
9.79239,0
9.79333,1
9.79333,0
9.79428,1
9.79428,0
9.79522,1
9.79522,0
9.79616,1
9.79616,0
9.79711,1
9.79711,0
9.79805,1
9.79805,0
9.799,1
9.799,0
9.79994,1
9.79994,0
9.80088,1
9.80088,0
9.80183,1
9.80183,0
9.80277,1
9.80277,0
9.80372,1
9.80372,0
9.80466,1
9.80466,0
9.8056,1
9.8056,0
9.80655,1
9.80655,0
9.80749,1
9.80749,0
9.80844,1
9.80844,0
9.80938,1
9.80938,0
9.81032,1
9.81032,0
9.81127,1
9.81127,0
9.81221,1
9.81221,0
9.81316,1
9.81316,0
9.8141,1
9.8141,0
9.81504,1
9.81504,0
9.81599,1
9.81599,0
9.81693,1
9.81693,0
9.81788,1
9.81788,0
9.81882,1
9.81882,0
9.81976,1
9.81976,0
9.82071,1
9.82071,0
9.82165,1
9.82165,0
9.8226,1
9.8226,0
9.82354,1
9.82354,0
9.82448,1
9.82448,0
9.82543,1
9.82543,0
9.82637,1
9.82637,0
9.82732,1
9.82732,0
9.82826,1
9.82826,0
9.8292,1
9.8292,0
9.83015,1
9.83015,0
9.83109,1
9.83109,0
9.83204,1
9.83204,0
9.83298,1
9.83298,0
9.83392,1
9.83392,0
9.83487,1
9.83487,0
9.83581,1
9.83581,0
9.83676,1
9.83676,0
9.8377,1
9.8377,0
9.83864,1
9.83864,0
9.83959,1
9.83959,0
9.84053,1
9.84053,0
9.84148,1
9.84148,0
9.84242,1
9.84242,0
9.84336,1
9.84336,0
9.84431,1
9.84431,0
9.84525,1
9.84525,0
9.8462,1
9.8462,0
9.84714,1
9.84714,0
9.84808,1
9.84808,0
9.84903,1
9.84903,0
9.84997,1
9.84997,0
9.85092,1
9.85092,0
9.85186,1
9.85186,0
9.8528,1
9.8528,0
9.85375,1
9.85375,0
9.85469,1
9.85469,0
9.85564,1
9.85564,0
9.85658,1
9.85658,0
9.85752,1
9.85752,0
9.85847,1
9.85847,0
9.85941,1
9.85941,0
9.86036,1
9.86036,0
9.8613,1
9.8613,0
9.86224,1
9.86224,0
9.86319,1
9.86319,0
9.86413,1
9.86413,0
9.86508,1
9.86508,0
9.86602,1
9.86602,0
9.86696,1
9.86696,0
9.86791,1
9.86791,0
9.86885,1
9.86885,0
9.8698,1
9.8698,0
9.87074,1
9.87074,0
9.87168,1
9.87168,0
9.87263,1
9.87263,0
9.87357,1
9.87357,0
9.87452,1
9.87452,0
9.87546,1
9.87546,0
9.8764,1
9.8764,0
9.87735,1
9.87735,0
9.87829,1
9.87829,0
9.87924,1
9.87924,0
9.88018,1
9.88018,0
9.88112,1
9.88112,0
9.88207,1
9.88207,0
9.88301,1
9.88301,0
9.88396,1
9.88396,0
9.8849,1
9.8849,0
9.88584,1
9.88584,0
9.88679,1
9.88679,0
9.88773,1
9.88773,0
9.88868,1
9.88868,0
9.88962,1
9.88962,0
9.89056,1
9.89056,0
9.89151,1
9.89151,0
9.89245,1
9.89245,0
9.8934,1
9.8934,0
9.89434,1
9.89434,0
9.89528,1
9.89528,0
9.89623,1
9.89623,0
9.89717,1
9.89717,0
9.89812,1
9.89812,0
9.89906,1
9.89906,0
9.9,1
9.9,0
9.90095,1
9.90095,0
9.90189,1
9.90189,0
9.90284,1
9.90284,0
9.90378,1
9.90378,0
9.90472,1
9.90472,0
9.90567,1
9.90567,0
9.90661,1
9.90661,0
9.90756,1
9.90756,0
9.9085,1
9.9085,0
9.90944,1
9.90944,0
9.91039,1
9.91039,0
9.91133,1
9.91133,0
9.91228,1
9.91228,0
9.91322,1
9.91322,0
9.91416,1
9.91416,0
9.91511,1
9.91511,0
9.91605,1
9.91605,0
9.917,1
9.917,0
9.91794,1
9.91794,0
9.91888,1
9.91888,0
9.91983,1
9.91983,0
9.92077,1
9.92077,0
9.92172,1
9.92172,0
9.92266,1
9.92266,0
9.9236,1
9.9236,0
9.92455,1
9.92455,0
9.92549,1
9.92549,0
9.92644,1
9.92644,0
9.92738,1
9.92738,0
9.92832,1
9.92832,0
9.92927,1
9.92927,0
9.93021,1
9.93021,0
9.93116,1
9.93116,0
9.9321,1
9.9321,0
9.93304,1
9.93304,0
9.93399,1
9.93399,0
9.93493,1
9.93493,0
9.93588,1
9.93588,0
9.93682,1
9.93682,0
9.93776,1
9.93776,0
9.93871,1
9.93871,0
9.93965,1
9.93965,0
9.9406,1
9.9406,0
9.94154,1
9.94154,0
9.94248,1
9.94248,0
9.94343,1
9.94343,0
9.94437,1
9.94437,0
9.94532,1
9.94532,0
9.94626,1
9.94626,0
9.9472,1
9.9472,0
9.94815,1
9.94815,0
9.94909,1
9.94909,0
9.95004,1
9.95004,0
9.95098,1
9.95098,0
9.95192,1
9.95192,0
9.95287,1
9.95287,0
9.95381,1
9.95381,0
9.95476,1
9.95476,0
9.9557,1
9.9557,0
9.95664,1
9.95664,0
9.95759,1
9.95759,0
9.95853,1
9.95853,0
9.95948,1
9.95948,0
9.96042,1
9.96042,0
9.96136,1
9.96136,0
9.96231,1
9.96231,0
9.96325,1
9.96325,0
9.9642,1
9.9642,0
9.96514,1
9.96514,0
9.96608,1
9.96608,0
9.96703,1
9.96703,0
9.96797,1
9.96797,0
9.96892,1
9.96892,0
9.96986,1
9.96986,0
9.9708,1
9.9708,0
9.97175,1
9.97175,0
9.97269,1
9.97269,0
9.97364,1
9.97364,0
9.97458,1
9.97458,0
9.97552,1
9.97552,0
9.97647,1
9.97647,0
9.97741,1
9.97741,0
9.97836,1
9.97836,0
9.9793,1
9.9793,0
9.98024,1
9.98024,0
9.98119,1
9.98119,0
9.98213,1
9.98213,0
9.98308,1
9.98308,0
9.98402,1
9.98402,0
9.98496,1
9.98496,0
9.98591,1
9.98591,0
9.98685,1
9.98685,0
9.9878,1
9.9878,0
9.98874,1
9.98874,0
9.98968,1
9.98968,0
9.99063,1
9.99063,0
9.99157,1
9.99157,0
9.99252,1
9.99252,0
9.99346,1
9.99346,0
9.9944,1
9.9944,0
9.99535,1
9.99535,0
9.99629,1
9.99629,0
9.99724,1
9.99724,0
9.99818,1
9.99818,0
9.99912,1
9.99912,0
10.0001,1
10.0001,0
10.001,1
10.001,0
10.002,1
10.002,0
10.0029,1
10.0029,0
10.0038,1
10.0038,0
10.0048,1
10.0048,0
10.0057,1
10.0057,0
10.0067,1
10.0067,0
10.0076,1
10.0076,0
10.0086,1
10.0086,0
10.0095,1
10.0095,0
10.0105,1
10.0105,0
10.0114,1
10.0114,0
10.0123,1
10.0123,0
10.0133,1
10.0133,0
10.0142,1
10.0142,0
10.0152,1
10.0152,0
10.0161,1
10.0161,0
10.0171,1
10.0171,0
10.018,1
10.018,0
10.0189,1
10.0189,0
10.0199,1
10.0199,0
10.0208,1
10.0208,0
10.0218,1
10.0218,0
10.0227,1
10.0227,0
10.0237,1
10.0237,0
10.0246,1
10.0246,0
10.0256,1
10.0256,0
10.0265,1
10.0265,0
10.0274,1
10.0274,0
10.0284,1
10.0284,0
10.0293,1
10.0293,0
10.0303,1
10.0303,0
10.0312,1
10.0312,0
10.0322,1
10.0322,0
10.0331,1
10.0331,0
10.0341,1
10.0341,0
10.035,1
10.035,0
10.0359,1
10.0359,0
10.0369,1
10.0369,0
10.0378,1
10.0378,0
10.0388,1
10.0388,0
10.0397,1
10.0397,0
10.0407,1
10.0407,0
10.0416,1
10.0416,0
10.0425,1
10.0425,0
10.0435,1
10.0435,0
10.0444,1
10.0444,0
10.0454,1
10.0454,0
10.0463,1
10.0463,0
10.0473,1
10.0473,0
10.0482,1
10.0482,0
10.0492,1
10.0492,0
10.0501,1
10.0501,0
10.051,1
10.051,0
10.052,1
10.052,0
10.0529,1
10.0529,0
10.0539,1
10.0539,0
10.0548,1
10.0548,0
10.0558,1
10.0558,0
10.0567,1
10.0567,0
10.0577,1
10.0577,0
10.0586,1
10.0586,0
10.0595,1
10.0595,0
10.0605,1
10.0605,0
10.0614,1
10.0614,0
10.0624,1
10.0624,0
10.0633,1
10.0633,0
10.0643,1
10.0643,0
10.0652,1
10.0652,0
10.0661,1
10.0661,0
10.0671,1
10.0671,0
10.068,1
10.068,0
10.069,1
10.069,0
10.0699,1
10.0699,0
10.0709,1
10.0709,0
10.0718,1
10.0718,0
10.0728,1
10.0728,0
10.0737,1
10.0737,0
10.0746,1
10.0746,0
10.0756,1
10.0756,0
10.0765,1
10.0765,0
10.0775,1
10.0775,0
10.0784,1
10.0784,0
10.0794,1
10.0794,0
10.0803,1
10.0803,0
10.0813,1
10.0813,0
10.0822,1
10.0822,0
10.0831,1
10.0831,0
10.0841,1
10.0841,0
10.085,1
10.085,0
10.086,1
10.086,0
10.0869,1
10.0869,0
10.0879,1
10.0879,0
10.0888,1
10.0888,0
10.0897,1
10.0897,0
10.0907,1
10.0907,0
10.0916,1
10.0916,0
10.0926,1
10.0926,0
10.0935,1
10.0935,0
10.0945,1
10.0945,0
10.0954,1
10.0954,0
10.0964,1
10.0964,0
10.0973,1
10.0973,0
10.0982,1
10.0982,0
10.0992,1
10.0992,0
10.1001,1
10.1001,0
10.1011,1
10.1011,0
10.102,1
10.102,0
10.103,1
10.103,0
10.1039,1
10.1039,0
10.1049,1
10.1049,0
10.1058,1
10.1058,0
10.1067,1
10.1067,0
10.1077,1
10.1077,0
10.1086,1
10.1086,0
10.1096,1
10.1096,0
10.1105,1
10.1105,0
10.1115,1
10.1115,0
10.1124,1
10.1124,0
10.1133,1
10.1133,0
10.1143,1
10.1143,0
10.1152,1
10.1152,0
10.1162,1
10.1162,0
10.1171,1
10.1171,0
10.1181,1
10.1181,0
10.119,1
10.119,0
10.12,1
10.12,0
10.1209,1
10.1209,0
10.1218,1
10.1218,0
10.1228,1
10.1228,0
10.1237,1
10.1237,0
10.1247,1
10.1247,0
10.1256,1
10.1256,0
10.1266,1
10.1266,0
10.1275,1
10.1275,0
10.1285,1
10.1285,0
10.1294,1
10.1294,0
10.1303,1
10.1303,0
10.1313,1
10.1313,0
10.1322,1
10.1322,0
10.1332,1
10.1332,0
10.1341,1
10.1341,0
10.1351,1
10.1351,0
10.136,1
10.136,0
10.1369,1
10.1369,0
10.1379,1
10.1379,0
10.1388,1
10.1388,0
10.1398,1
10.1398,0
10.1407,1
10.1407,0
10.1417,1
10.1417,0
10.1426,1
10.1426,0
10.1436,1
10.1436,0
10.1445,1
10.1445,0
10.1454,1
10.1454,0
10.1464,1
10.1464,0
10.1473,1
10.1473,0
10.1483,1
10.1483,0
10.1492,1
10.1492,0
10.1502,1
10.1502,0
10.1511,1
10.1511,0
10.1521,1
10.1521,0
10.153,1
10.153,0
10.1539,1
10.1539,0
10.1549,1
10.1549,0
10.1558,1
10.1558,0
10.1568,1
10.1568,0
10.1577,1
10.1577,0
10.1587,1
10.1587,0
10.1596,1
10.1596,0
10.1605,1
10.1605,0
10.1615,1
10.1615,0
10.1624,1
10.1624,0
10.1634,1
10.1634,0
10.1643,1
10.1643,0
10.1653,1
10.1653,0
10.1662,1
10.1662,0
10.1672,1
10.1672,0
10.1681,1
10.1681,0
10.169,1
10.169,0
10.17,1
10.17,0
10.1709,1
10.1709,0
10.1719,1
10.1719,0
10.1728,1
10.1728,0
10.1738,1
10.1738,0
10.1747,1
10.1747,0
10.1757,1
10.1757,0
10.1766,1
10.1766,0
10.1775,1
10.1775,0
10.1785,1
10.1785,0
10.1794,1
10.1794,0
10.1804,1
10.1804,0
10.1813,1
10.1813,0
10.1823,1
10.1823,0
10.1832,1
10.1832,0
10.1841,1
10.1841,0
10.1851,1
10.1851,0
10.186,1
10.186,0
10.187,1
10.187,0
10.1879,1
10.1879,0
10.1889,1
10.1889,0
10.1898,1
10.1898,0
10.1908,1
10.1908,0
10.1917,1
10.1917,0
10.1926,1
10.1926,0
10.1936,1
10.1936,0
10.1945,1
10.1945,0
10.1955,1
10.1955,0
10.1964,1
10.1964,0
10.1974,1
10.1974,0
10.1983,1
10.1983,0
10.1993,1
10.1993,0
10.2002,1
10.2002,0
10.2011,1
10.2011,0
10.2021,1
10.2021,0
10.203,1
10.203,0
10.204,1
10.204,0
10.2049,1
10.2049,0
10.2059,1
10.2059,0
10.2068,1
10.2068,0
10.2077,1
10.2077,0
10.2087,1
10.2087,0
10.2096,1
10.2096,0
10.2106,1
10.2106,0
10.2115,1
10.2115,0
10.2125,1
10.2125,0
10.2134,1
10.2134,0
10.2144,1
10.2144,0
10.2153,1
10.2153,0
10.2162,1
10.2162,0
10.2172,1
10.2172,0
10.2181,1
10.2181,0
10.2191,1
10.2191,0
10.22,1
10.22,0
10.221,1
10.221,0
10.2219,1
10.2219,0
10.2229,1
10.2229,0
10.2238,1
10.2238,0
10.2247,1
10.2247,0
10.2257,1
10.2257,0
10.2266,1
10.2266,0
10.2276,1
10.2276,0
10.2285,1
10.2285,0
10.2295,1
10.2295,0
10.2304,1
10.2304,0
10.2313,1
10.2313,0
10.2323,1
10.2323,0
10.2332,1
10.2332,0
10.2342,1
10.2342,0
10.2351,1
10.2351,0
10.2361,1
10.2361,0
10.237,1
10.237,0
10.238,1
10.238,0
10.2389,1
10.2389,0
10.2398,1
10.2398,0
10.2408,1
10.2408,0
10.2417,1
10.2417,0
10.2427,1
10.2427,0
10.2436,1
10.2436,0
10.2446,1
10.2446,0
10.2455,1
10.2455,0
10.2465,1
10.2465,0
10.2474,1
10.2474,0
10.2483,1
10.2483,0
10.2493,1
10.2493,0
10.2502,1
10.2502,0
10.2512,1
10.2512,0
10.2521,1
10.2521,0
10.2531,1
10.2531,0
10.254,1
10.254,0
10.2549,1
10.2549,0
10.2559,1
10.2559,0
10.2568,1
10.2568,0
10.2578,1
10.2578,0
10.2587,1
10.2587,0
10.2597,1
10.2597,0
10.2606,1
10.2606,0
10.2616,1
10.2616,0
10.2625,1
10.2625,0
10.2634,1
10.2634,0
10.2644,1
10.2644,0
10.2653,1
10.2653,0
10.2663,1
10.2663,0
10.2672,1
10.2672,0
10.2682,1
10.2682,0
10.2691,1
10.2691,0
10.2701,1
10.2701,0
10.271,1
10.271,0
10.2719,1
10.2719,0
10.2729,1
10.2729,0
10.2738,1
10.2738,0
10.2748,1
10.2748,0
10.2757,1
10.2757,0
10.2767,1
10.2767,0
10.2776,1
10.2776,0
10.2785,1
10.2785,0
10.2795,1
10.2795,0
10.2804,1
10.2804,0
10.2814,1
10.2814,0
10.2823,1
10.2823,0
10.2833,1
10.2833,0
10.2842,1
10.2842,0
10.2852,1
10.2852,0
10.2861,1
10.2861,0
10.287,1
10.287,0
10.288,1
10.288,0
10.2889,1
10.2889,0
10.2899,1
10.2899,0
10.2908,1
10.2908,0
10.2918,1
10.2918,0
10.2927,1
10.2927,0
10.2937,1
10.2937,0
10.2946,1
10.2946,0
10.2955,1
10.2955,0
10.2965,1
10.2965,0
10.2974,1
10.2974,0
10.2984,1
10.2984,0
10.2993,1
10.2993,0
10.3003,1
10.3003,0
10.3012,1
10.3012,0
10.3021,1
10.3021,0
10.3031,1
10.3031,0
10.304,1
10.304,0
10.305,1
10.305,0
10.3059,1
10.3059,0
10.3069,1
10.3069,0
10.3078,1
10.3078,0
10.3088,1
10.3088,0
10.3097,1
10.3097,0
10.3106,1
10.3106,0
10.3116,1
10.3116,0
10.3125,1
10.3125,0
10.3135,1
10.3135,0
10.3144,1
10.3144,0
10.3154,1
10.3154,0
10.3163,1
10.3163,0
10.3173,1
10.3173,0
10.3182,1
10.3182,0
10.3191,1
10.3191,0
10.3201,1
10.3201,0
10.321,1
10.321,0
10.322,1
10.322,0
10.3229,1
10.3229,0
10.3239,1
10.3239,0
10.3248,1
10.3248,0
10.3257,1
10.3257,0
10.3267,1
10.3267,0
10.3276,1
10.3276,0
10.3286,1
10.3286,0
10.3295,1
10.3295,0
10.3305,1
10.3305,0
10.3314,1
10.3314,0
10.3324,1
10.3324,0
10.3333,1
10.3333,0
10.3342,1
10.3342,0
10.3352,1
10.3352,0
10.3361,1
10.3361,0
10.3371,1
10.3371,0
10.338,1
10.338,0
10.339,1
10.339,0
10.3399,1
10.3399,0
10.3409,1
10.3409,0
10.3418,1
10.3418,0
10.3427,1
10.3427,0
10.3437,1
10.3437,0
10.3446,1
10.3446,0
10.3456,1
10.3456,0
10.3465,1
10.3465,0
10.3475,1
10.3475,0
10.3484,1
10.3484,0
10.3493,1
10.3493,0
10.3503,1
10.3503,0
10.3512,1
10.3512,0
10.3522,1
10.3522,0
10.3531,1
10.3531,0
10.3541,1
10.3541,0
10.355,1
10.355,0
10.356,1
10.356,0
10.3569,1
10.3569,0
10.3578,1
10.3578,0
10.3588,1
10.3588,0
10.3597,1
10.3597,0
10.3607,1
10.3607,0
10.3616,1
10.3616,0
10.3626,1
10.3626,0
10.3635,1
10.3635,0
10.3645,1
10.3645,0
10.3654,1
10.3654,0
10.3663,1
10.3663,0
10.3673,1
10.3673,0
10.3682,1
10.3682,0
10.3692,1
10.3692,0
10.3701,1
10.3701,0
10.3711,1
10.3711,0
10.372,1
10.372,0
10.3729,1
10.3729,0
10.3739,1
10.3739,0
10.3748,1
10.3748,0
10.3758,1
10.3758,0
10.3767,1
10.3767,0
10.3777,1
10.3777,0
10.3786,1
10.3786,0
10.3796,1
10.3796,0
10.3805,1
10.3805,0
10.3814,1
10.3814,0
10.3824,1
10.3824,0
10.3833,1
10.3833,0
10.3843,1
10.3843,0
10.3852,1
10.3852,0
10.3862,1
10.3862,0
10.3871,1
10.3871,0
10.3881,1
10.3881,0
10.389,1
10.389,0
10.3899,1
10.3899,0
10.3909,1
10.3909,0
10.3918,1
10.3918,0
10.3928,1
10.3928,0
10.3937,1
10.3937,0
10.3947,1
10.3947,0
10.3956,1
10.3956,0
10.3965,1
10.3965,0
10.3975,1
10.3975,0
10.3984,1
10.3984,0
10.3994,1
10.3994,0
10.4003,1
10.4003,0
10.4013,1
10.4013,0
10.4022,1
10.4022,0
10.4032,1
10.4032,0
10.4041,1
10.4041,0
10.405,1
10.405,0
10.406,1
10.406,0
10.4069,1
10.4069,0
10.4079,1
10.4079,0
10.4088,1
10.4088,0
10.4098,1
10.4098,0
10.4107,1
10.4107,0
10.4117,1
10.4117,0
10.4126,1
10.4126,0
10.4135,1
10.4135,0
10.4145,1
10.4145,0
10.4154,1
10.4154,0
10.4164,1
10.4164,0
10.4173,1
10.4173,0
10.4183,1
10.4183,0
10.4192,1
10.4192,0
10.4201,1
10.4201,0
10.4211,1
10.4211,0
10.422,1
10.422,0
10.423,1
10.423,0
10.4239,1
10.4239,0
10.4249,1
10.4249,0
10.4258,1
10.4258,0
10.4268,1
10.4268,0
10.4277,1
10.4277,0
10.4286,1
10.4286,0
10.4296,1
10.4296,0
10.4305,1
10.4305,0
10.4315,1
10.4315,0
10.4324,1
10.4324,0
10.4334,1
10.4334,0
10.4343,1
10.4343,0
10.4353,1
10.4353,0
10.4362,1
10.4362,0
10.4371,1
10.4371,0
10.4381,1
10.4381,0
10.439,1
10.439,0
10.44,1
10.44,0
10.4409,1
10.4409,0
10.4419,1
10.4419,0
10.4428,1
10.4428,0
10.4437,1
10.4437,0
10.4447,1
10.4447,0
10.4456,1
10.4456,0
10.4466,1
10.4466,0
10.4475,1
10.4475,0
10.4485,1
10.4485,0
10.4494,1
10.4494,0
10.4504,1
10.4504,0
10.4513,1
10.4513,0
10.4522,1
10.4522,0
10.4532,1
10.4532,0
10.4541,1
10.4541,0
10.4551,1
10.4551,0
10.456,1
10.456,0
10.457,1
10.457,0
10.4579,1
10.4579,0
10.4589,1
10.4589,0
10.4598,1
10.4598,0
10.4607,1
10.4607,0
10.4617,1
10.4617,0
10.4626,1
10.4626,0
10.4636,1
10.4636,0
10.4645,1
10.4645,0
10.4655,1
10.4655,0
10.4664,1
10.4664,0
10.4673,1
10.4673,0
10.4683,1
10.4683,0
10.4692,1
10.4692,0
10.4702,1
10.4702,0
10.4711,1
10.4711,0
10.4721,1
10.4721,0
10.473,1
10.473,0
10.474,1
10.474,0
10.4749,1
10.4749,0
10.4758,1
10.4758,0
10.4768,1
10.4768,0
10.4777,1
10.4777,0
10.4787,1
10.4787,0
10.4796,1
10.4796,0
10.4806,1
10.4806,0
10.4815,1
10.4815,0
10.4825,1
10.4825,0
10.4834,1
10.4834,0
10.4843,1
10.4843,0
10.4853,1
10.4853,0
10.4862,1
10.4862,0
10.4872,1
10.4872,0
10.4881,1
10.4881,0
10.4891,1
10.4891,0
10.49,1
10.49,0
10.4909,1
10.4909,0
10.4919,1
10.4919,0
10.4928,1
10.4928,0
10.4938,1
10.4938,0
10.4947,1
10.4947,0
10.4957,1
10.4957,0
10.4966,1
10.4966,0
10.4976,1
10.4976,0
10.4985,1
10.4985,0
10.4994,1
10.4994,0
10.5004,1
10.5004,0
10.5013,1
10.5013,0
10.5023,1
10.5023,0
10.5032,1
10.5032,0
10.5042,1
10.5042,0
10.5051,1
10.5051,0
10.5061,1
10.5061,0
10.507,1
10.507,0
10.5079,1
10.5079,0
10.5089,1
10.5089,0
10.5098,1
10.5098,0
10.5108,1
10.5108,0
10.5117,1
10.5117,0
10.5127,1
10.5127,0
10.5136,1
10.5136,0
10.5145,1
10.5145,0
10.5155,1
10.5155,0
10.5164,1
10.5164,0
10.5174,1
10.5174,0
10.5183,1
10.5183,0
10.5193,1
10.5193,0
10.5202,1
10.5202,0
10.5212,1
10.5212,0
10.5221,1
10.5221,0
10.523,1
10.523,0
10.524,1
10.524,0
10.5249,1
10.5249,0
10.5259,1
10.5259,0
10.5268,1
10.5268,0
10.5278,1
10.5278,0
10.5287,1
10.5287,0
10.5297,1
10.5297,0
10.5306,1
10.5306,0
10.5315,1
10.5315,0
10.5325,1
10.5325,0
10.5334,1
10.5334,0
10.5344,1
10.5344,0
10.5353,1
10.5353,0
10.5363,1
10.5363,0
10.5372,1
10.5372,0
10.5381,1
10.5381,0
10.5391,1
10.5391,0
10.54,1
10.54,0
10.541,1
10.541,0
10.5419,1
10.5419,0
10.5429,1
10.5429,0
10.5438,1
10.5438,0
10.5448,1
10.5448,0
10.5457,1
10.5457,0
10.5466,1
10.5466,0
10.5476,1
10.5476,0
10.5485,1
10.5485,0
10.5495,1
10.5495,0
10.5504,1
10.5504,0
10.5514,1
10.5514,0
10.5523,1
10.5523,0
10.5533,1
10.5533,0
10.5542,1
10.5542,0
10.5551,1
10.5551,0
10.5561,1
10.5561,0
10.557,1
10.557,0
10.558,1
10.558,0
10.5589,1
10.5589,0
10.5599,1
10.5599,0
10.5608,1
10.5608,0
10.5617,1
10.5617,0
10.5627,1
10.5627,0
10.5636,1
10.5636,0
10.5646,1
10.5646,0
10.5655,1
10.5655,0
10.5665,1
10.5665,0
10.5674,1
10.5674,0
10.5684,1
10.5684,0
10.5693,1
10.5693,0
10.5702,1
10.5702,0
10.5712,1
10.5712,0
10.5721,1
10.5721,0
10.5731,1
10.5731,0
10.574,1
10.574,0
10.575,1
10.575,0
10.5759,1
10.5759,0
10.5769,1
10.5769,0
10.5778,1
10.5778,0
10.5787,1
10.5787,0
10.5797,1
10.5797,0
10.5806,1
10.5806,0
10.5816,1
10.5816,0
10.5825,1
10.5825,0
10.5835,1
10.5835,0
10.5844,1
10.5844,0
10.5853,1
10.5853,0
10.5863,1
10.5863,0
10.5872,1
10.5872,0
10.5882,1
10.5882,0
10.5891,1
10.5891,0
10.5901,1
10.5901,0
10.591,1
10.591,0
10.592,1
10.592,0
10.5929,1
10.5929,0
10.5938,1
10.5938,0
10.5948,1
10.5948,0
10.5957,1
10.5957,0
10.5967,1
10.5967,0
10.5976,1
10.5976,0
10.5986,1
10.5986,0
10.5995,1
10.5995,0
10.6005,1
10.6005,0
10.6014,1
10.6014,0
10.6023,1
10.6023,0
10.6033,1
10.6033,0
10.6042,1
10.6042,0
10.6052,1
10.6052,0
10.6061,1
10.6061,0
10.6071,1
10.6071,0
10.608,1
10.608,0
10.6089,1
10.6089,0
10.6099,1
10.6099,0
10.6108,1
10.6108,0
10.6118,1
10.6118,0
10.6127,1
10.6127,0
10.6137,1
10.6137,0
10.6146,1
10.6146,0
10.6156,1
10.6156,0
10.6165,1
10.6165,0
10.6174,1
10.6174,0
10.6184,1
10.6184,0
10.6193,1
10.6193,0
10.6203,1
10.6203,0
10.6212,1
10.6212,0
10.6222,1
10.6222,0
10.6231,1
10.6231,0
10.6241,1
10.6241,0
10.625,1
10.625,0
10.6259,1
10.6259,0
10.6269,1
10.6269,0
10.6278,1
10.6278,0
10.6288,1
10.6288,0
10.6297,1
10.6297,0
10.6307,1
10.6307,0
10.6316,1
10.6316,0
10.6325,1
10.6325,0
10.6335,1
10.6335,0
10.6344,1
10.6344,0
10.6354,1
10.6354,0
10.6363,1
10.6363,0
10.6373,1
10.6373,0
10.6382,1
10.6382,0
10.6392,1
10.6392,0
10.6401,1
10.6401,0
10.641,1
10.641,0
10.642,1
10.642,0
10.6429,1
10.6429,0
10.6439,1
10.6439,0
10.6448,1
10.6448,0
10.6458,1
10.6458,0
10.6467,1
10.6467,0
10.6477,1
10.6477,0
10.6486,1
10.6486,0
10.6495,1
10.6495,0
10.6505,1
10.6505,0
10.6514,1
10.6514,0
10.6524,1
10.6524,0
10.6533,1
10.6533,0
10.6543,1
10.6543,0
10.6552,1
10.6552,0
10.6561,1
10.6561,0
10.6571,1
10.6571,0
10.658,1
10.658,0
10.659,1
10.659,0
10.6599,1
10.6599,0
10.6609,1
10.6609,0
10.6618,1
10.6618,0
10.6628,1
10.6628,0
10.6637,1
10.6637,0
10.6646,1
10.6646,0
10.6656,1
10.6656,0
10.6665,1
10.6665,0
10.6675,1
10.6675,0
10.6684,1
10.6684,0
10.6694,1
10.6694,0
10.6703,1
10.6703,0
10.6713,1
10.6713,0
10.6722,1
10.6722,0
10.6731,1
10.6731,0
10.6741,1
10.6741,0
10.675,1
10.675,0
10.676,1
10.676,0
10.6769,1
10.6769,0
10.6779,1
10.6779,0
10.6788,1
10.6788,0
10.6797,1
10.6797,0
10.6807,1
10.6807,0
10.6816,1
10.6816,0
10.6826,1
10.6826,0
10.6835,1
10.6835,0
10.6845,1
10.6845,0
10.6854,1
10.6854,0
10.6864,1
10.6864,0
10.6873,1
10.6873,0
10.6882,1
10.6882,0
10.6892,1
10.6892,0
10.6901,1
10.6901,0
10.6911,1
10.6911,0
10.692,1
10.692,0
10.693,1
10.693,0
10.6939,1
10.6939,0
10.6949,1
10.6949,0
10.6958,1
10.6958,0
10.6967,1
10.6967,0
10.6977,1
10.6977,0
10.6986,1
10.6986,0
10.6996,1
10.6996,0
10.7005,1
10.7005,0
10.7015,1
10.7015,0
10.7024,1
10.7024,0
10.7033,1
10.7033,0
10.7043,1
10.7043,0
10.7052,1
10.7052,0
10.7062,1
10.7062,0
10.7071,1
10.7071,0
10.7081,1
10.7081,0
10.709,1
10.709,0
10.71,1
10.71,0
10.7109,1
10.7109,0
10.7118,1
10.7118,0
10.7128,1
10.7128,0
10.7137,1
10.7137,0
10.7147,1
10.7147,0
10.7156,1
10.7156,0
10.7166,1
10.7166,0
10.7175,1
10.7175,0
10.7185,1
10.7185,0
10.7194,1
10.7194,0
10.7203,1
10.7203,0
10.7213,1
10.7213,0
10.7222,1
10.7222,0
10.7232,1
10.7232,0
10.7241,1
10.7241,0
10.7251,1
10.7251,0
10.726,1
10.726,0
10.7269,1
10.7269,0
10.7279,1
10.7279,0
10.7288,1
10.7288,0
10.7298,1
10.7298,0
10.7307,1
10.7307,0
10.7317,1
10.7317,0
10.7326,1
10.7326,0
10.7336,1
10.7336,0
10.7345,1
10.7345,0
10.7354,1
10.7354,0
10.7364,1
10.7364,0
10.7373,1
10.7373,0
10.7383,1
10.7383,0
10.7392,1
10.7392,0
10.7402,1
10.7402,0
10.7411,1
10.7411,0
10.7421,1
10.7421,0
10.743,1
10.743,0
10.7439,1
10.7439,0
10.7449,1
10.7449,0
10.7458,1
10.7458,0
10.7468,1
10.7468,0
10.7477,1
10.7477,0
10.7487,1
10.7487,0
10.7496,1
10.7496,0
10.7505,1
10.7505,0
10.7515,1
10.7515,0
10.7524,1
10.7524,0
10.7534,1
10.7534,0
10.7543,1
10.7543,0
10.7553,1
10.7553,0
10.7562,1
10.7562,0
10.7572,1
10.7572,0
10.7581,1
10.7581,0
10.759,1
10.759,0
10.76,1
10.76,0
10.7609,1
10.7609,0
10.7619,1
10.7619,0
10.7628,1
10.7628,0
10.7638,1
10.7638,0
10.7647,1
10.7647,0
10.7657,1
10.7657,0
10.7666,1
10.7666,0
10.7675,1
10.7675,0
10.7685,1
10.7685,0
10.7694,1
10.7694,0
10.7704,1
10.7704,0
10.7713,1
10.7713,0
10.7723,1
10.7723,0
10.7732,1
10.7732,0
10.7741,1
10.7741,0
10.7751,1
10.7751,0
10.776,1
10.776,0
10.777,1
10.777,0
10.7779,1
10.7779,0
10.7789,1
10.7789,0
10.7798,1
10.7798,0
10.7808,1
10.7808,0
10.7817,1
10.7817,0
10.7826,1
10.7826,0
10.7836,1
10.7836,0
10.7845,1
10.7845,0
10.7855,1
10.7855,0
10.7864,1
10.7864,0
10.7874,1
10.7874,0
10.7883,1
10.7883,0
10.7893,1
10.7893,0
10.7902,1
10.7902,0
10.7911,1
10.7911,0
10.7921,1
10.7921,0
10.793,1
10.793,0
10.794,1
10.794,0
10.7949,1
10.7949,0
10.7959,1
10.7959,0
10.7968,1
10.7968,0
10.7977,1
10.7977,0
10.7987,1
10.7987,0
10.7996,1
10.7996,0
10.8006,1
10.8006,0
10.8015,1
10.8015,0
10.8025,1
10.8025,0
10.8034,1
10.8034,0
10.8044,1
10.8044,0
10.8053,1
10.8053,0
10.8062,1
10.8062,0
10.8072,1
10.8072,0
10.8081,1
10.8081,0
10.8091,1
10.8091,0
10.81,1
10.81,0
10.811,1
10.811,0
10.8119,1
10.8119,0
10.8129,1
10.8129,0
10.8138,1
10.8138,0
10.8147,1
10.8147,0
10.8157,1
10.8157,0
10.8166,1
10.8166,0
10.8176,1
10.8176,0
10.8185,1
10.8185,0
10.8195,1
10.8195,0
10.8204,1
10.8204,0
10.8213,1
10.8213,0
10.8223,1
10.8223,0
10.8232,1
10.8232,0
10.8242,1
10.8242,0
10.8251,1
10.8251,0
10.8261,1
10.8261,0
10.827,1
10.827,0
10.828,1
10.828,0
10.8289,1
10.8289,0
10.8298,1
10.8298,0
10.8308,1
10.8308,0
10.8317,1
10.8317,0
10.8327,1
10.8327,0
10.8336,1
10.8336,0
10.8346,1
10.8346,0
10.8355,1
10.8355,0
10.8365,1
10.8365,0
10.8374,1
10.8374,0
10.8383,1
10.8383,0
10.8393,1
10.8393,0
10.8402,1
10.8402,0
10.8412,1
10.8412,0
10.8421,1
10.8421,0
10.8431,1
10.8431,0
10.844,1
10.844,0
10.8449,1
10.8449,0
10.8459,1
10.8459,0
10.8468,1
10.8468,0
10.8478,1
10.8478,0
10.8487,1
10.8487,0
10.8497,1
10.8497,0
10.8506,1
10.8506,0
10.8516,1
10.8516,0
10.8525,1
10.8525,0
10.8534,1
10.8534,0
10.8544,1
10.8544,0
10.8553,1
10.8553,0
10.8563,1
10.8563,0
10.8572,1
10.8572,0
10.8582,1
10.8582,0
10.8591,1
10.8591,0
10.8601,1
10.8601,0
10.861,1
10.861,0
10.8619,1
10.8619,0
10.8629,1
10.8629,0
10.8638,1
10.8638,0
10.8648,1
10.8648,0
10.8657,1
10.8657,0
10.8667,1
10.8667,0
10.8676,1
10.8676,0
10.8685,1
10.8685,0
10.8695,1
10.8695,0
10.8704,1
10.8704,0
10.8714,1
10.8714,0
10.8723,1
10.8723,0
10.8733,1
10.8733,0
10.8742,1
10.8742,0
10.8752,1
10.8752,0
10.8761,1
10.8761,0
10.877,1
10.877,0
10.878,1
10.878,0
10.8789,1
10.8789,0
10.8799,1
10.8799,0
10.8808,1
10.8808,0
10.8818,1
10.8818,0
10.8827,1
10.8827,0
10.8837,1
10.8837,0
10.8846,1
10.8846,0
10.8855,1
10.8855,0
10.8865,1
10.8865,0
10.8874,1
10.8874,0
10.8884,1
10.8884,0
10.8893,1
10.8893,0
10.8903,1
10.8903,0
10.8912,1
10.8912,0
10.8921,1
10.8921,0
10.8931,1
10.8931,0
10.894,1
10.894,0
10.895,1
10.895,0
10.8959,1
10.8959,0
10.8969,1
10.8969,0
10.8978,1
10.8978,0
10.8988,1
10.8988,0
10.8997,1
10.8997,0
10.9006,1
10.9006,0
10.9016,1
10.9016,0
10.9025,1
10.9025,0
10.9035,1
10.9035,0
10.9044,1
10.9044,0
10.9054,1
10.9054,0
10.9063,1
10.9063,0
10.9073,1
10.9073,0
10.9082,1
10.9082,0
10.9091,1
10.9091,0
10.9101,1
10.9101,0
10.911,1
10.911,0
10.912,1
10.912,0
10.9129,1
10.9129,0
10.9139,1
10.9139,0
10.9148,1
10.9148,0
10.9157,1
10.9157,0
10.9167,1
10.9167,0
10.9176,1
10.9176,0
10.9186,1
10.9186,0
10.9195,1
10.9195,0
10.9205,1
10.9205,0
10.9214,1
10.9214,0
10.9224,1
10.9224,0
10.9233,1
10.9233,0
10.9242,1
10.9242,0
10.9252,1
10.9252,0
10.9261,1
10.9261,0
10.9271,1
10.9271,0
10.928,1
10.928,0
10.929,1
10.929,0
10.9299,1
10.9299,0
10.9309,1
10.9309,0
10.9318,1
10.9318,0
10.9327,1
10.9327,0
10.9337,1
10.9337,0
10.9346,1
10.9346,0
10.9356,1
10.9356,0
10.9365,1
10.9365,0
10.9375,1
10.9375,0
10.9384,1
10.9384,0
10.9393,1
10.9393,0
10.9403,1
10.9403,0
10.9412,1
10.9412,0
10.9422,1
10.9422,0
10.9431,1
10.9431,0
10.9441,1
10.9441,0
10.945,1
10.945,0
10.946,1
10.946,0
10.9469,1
10.9469,0
10.9478,1
10.9478,0
10.9488,1
10.9488,0
10.9497,1
10.9497,0
10.9507,1
10.9507,0
10.9516,1
10.9516,0
10.9526,1
10.9526,0
10.9535,1
10.9535,0
10.9545,1
10.9545,0
10.9554,1
10.9554,0
10.9563,1
10.9563,0
10.9573,1
10.9573,0
10.9582,1
10.9582,0
10.9592,1
10.9592,0
10.9601,1
10.9601,0
10.9611,1
10.9611,0
10.962,1
10.962,0
10.9629,1
10.9629,0
10.9639,1
10.9639,0
10.9648,1
10.9648,0
10.9658,1
10.9658,0
10.9667,1
10.9667,0
10.9677,1
10.9677,0
10.9686,1
10.9686,0
10.9696,1
10.9696,0
10.9705,1
10.9705,0
10.9714,1
10.9714,0
10.9724,1
10.9724,0
10.9733,1
10.9733,0
10.9743,1
10.9743,0
10.9752,1
10.9752,0
10.9762,1
10.9762,0
10.9771,1
10.9771,0
10.9781,1
10.9781,0
10.979,1
10.979,0
10.9799,1
10.9799,0
10.9809,1
10.9809,0
10.9818,1
10.9818,0
10.9828,1
10.9828,0
10.9837,1
10.9837,0
10.9847,1
10.9847,0
10.9856,1
10.9856,0
10.9865,1
10.9865,0
10.9875,1
10.9875,0
10.9884,1
10.9884,0
10.9894,1
10.9894,0
10.9903,1
10.9903,0
10.9913,1
10.9913,0
10.9922,1
10.9922,0
10.9932,1
10.9932,0
10.9941,1
10.9941,0
10.995,1
10.995,0
10.996,1
10.996,0
10.9969,1
10.9969,0
10.9979,1
10.9979,0
10.9988,1
10.9988,0
10.9998,1
10.9998,0
11.0007,1
11.0007,0
11.0017,1
11.0017,0
11.0026,1
11.0026,0
11.0035,1
11.0035,0
11.0045,1
11.0045,0
11.0054,1
11.0054,0
11.0064,1
11.0064,0
11.0073,1
11.0073,0
11.0083,1
11.0083,0
11.0092,1
11.0092,0
11.0101,1
11.0101,0
11.0111,1
11.0111,0
11.012,1
11.012,0
11.013,1
11.013,0
11.0139,1
11.0139,0
11.0149,1
11.0149,0
11.0158,1
11.0158,0
11.0168,1
11.0168,0
11.0177,1
11.0177,0
11.0186,1
11.0186,0
11.0196,1
11.0196,0
11.0205,1
11.0205,0
11.0215,1
11.0215,0
11.0224,1
11.0224,0
11.0234,1
11.0234,0
11.0243,1
11.0243,0
11.0253,1
11.0253,0
11.0262,1
11.0262,0
11.0271,1
11.0271,0
11.0281,1
11.0281,0
11.029,1
11.029,0
11.03,1
11.03,0
11.0309,1
11.0309,0
11.0319,1
11.0319,0
11.0328,1
11.0328,0
11.0337,1
11.0337,0
11.0347,1
11.0347,0
11.0356,1
11.0356,0
11.0366,1
11.0366,0
11.0375,1
11.0375,0
11.0385,1
11.0385,0
11.0394,1
11.0394,0
11.0404,1
11.0404,0
11.0413,1
11.0413,0
11.0422,1
11.0422,0
11.0432,1
11.0432,0
11.0441,1
11.0441,0
11.0451,1
11.0451,0
11.046,1
11.046,0
11.047,1
11.047,0
11.0479,1
11.0479,0
11.0489,1
11.0489,0
11.0498,1
11.0498,0
11.0507,1
11.0507,0
11.0517,1
11.0517,0
11.0526,1
11.0526,0
11.0536,1
11.0536,0
11.0545,1
11.0545,0
11.0555,1
11.0555,0
11.0564,1
11.0564,0
11.0573,1
11.0573,0
11.0583,1
11.0583,0
11.0592,1
11.0592,0
11.0602,1
11.0602,0
11.0611,1
11.0611,0
11.0621,1
11.0621,0
11.063,1
11.063,0
11.064,1
11.064,0
11.0649,1
11.0649,0
11.0658,1
11.0658,0
11.0668,1
11.0668,0
11.0677,1
11.0677,0
11.0687,1
11.0687,0
11.0696,1
11.0696,0
11.0706,1
11.0706,0
11.0715,1
11.0715,0
11.0725,1
11.0725,0
11.0734,1
11.0734,0
11.0743,1
11.0743,0
11.0753,1
11.0753,0
11.0762,1
11.0762,0
11.0772,1
11.0772,0
11.0781,1
11.0781,0
11.0791,1
11.0791,0
11.08,1
11.08,0
11.0809,1
11.0809,0
11.0819,1
11.0819,0
11.0828,1
11.0828,0
11.0838,1
11.0838,0
11.0847,1
11.0847,0
11.0857,1
11.0857,0
11.0866,1
11.0866,0
11.0876,1
11.0876,0
11.0885,1
11.0885,0
11.0894,1
11.0894,0
11.0904,1
11.0904,0
11.0913,1
11.0913,0
11.0923,1
11.0923,0
11.0932,1
11.0932,0
11.0942,1
11.0942,0
11.0951,1
11.0951,0
11.0961,1
11.0961,0
11.097,1
11.097,0
11.0979,1
11.0979,0
11.0989,1
11.0989,0
11.0998,1
11.0998,0
11.1008,1
11.1008,0
11.1017,1
11.1017,0
11.1027,1
11.1027,0
11.1036,1
11.1036,0
11.1045,1
11.1045,0
11.1055,1
11.1055,0
11.1064,1
11.1064,0
11.1074,1
11.1074,0
11.1083,1
11.1083,0
11.1093,1
11.1093,0
11.1102,1
11.1102,0
11.1112,1
11.1112,0
11.1121,1
11.1121,0
11.113,1
11.113,0
11.114,1
11.114,0
11.1149,1
11.1149,0
11.1159,1
11.1159,0
11.1168,1
11.1168,0
11.1178,1
11.1178,0
11.1187,1
11.1187,0
11.1197,1
11.1197,0
11.1206,1
11.1206,0
11.1215,1
11.1215,0
11.1225,1
11.1225,0
11.1234,1
11.1234,0
11.1244,1
11.1244,0
11.1253,1
11.1253,0
11.1263,1
11.1263,0
11.1272,1
11.1272,0
11.1281,1
11.1281,0
11.1291,1
11.1291,0
11.13,1
11.13,0
11.131,1
11.131,0
11.1319,1
11.1319,0
11.1329,1
11.1329,0
11.1338,1
11.1338,0
11.1348,1
11.1348,0
11.1357,1
11.1357,0
11.1366,1
11.1366,0
11.1376,1
11.1376,0
11.1385,1
11.1385,0
11.1395,1
11.1395,0
11.1404,1
11.1404,0
11.1414,1
11.1414,0
11.1423,1
11.1423,0
11.1433,1
11.1433,0
11.1442,1
11.1442,0
11.1451,1
11.1451,0
11.1461,1
11.1461,0
11.147,1
11.147,0
11.148,1
11.148,0
11.1489,1
11.1489,0
11.1499,1
11.1499,0
11.1508,1
11.1508,0
11.1517,1
11.1517,0
11.1527,1
11.1527,0
11.1536,1
11.1536,0
11.1546,1
11.1546,0
11.1555,1
11.1555,0
11.1565,1
11.1565,0
11.1574,1
11.1574,0
11.1584,1
11.1584,0
11.1593,1
11.1593,0
11.1602,1
11.1602,0
11.1612,1
11.1612,0
11.1621,1
11.1621,0
11.1631,1
11.1631,0
11.164,1
11.164,0
11.165,1
11.165,0
11.1659,1
11.1659,0
11.1669,1
11.1669,0
11.1678,1
11.1678,0
11.1687,1
11.1687,0
11.1697,1
11.1697,0
11.1706,1
11.1706,0
11.1716,1
11.1716,0
11.1725,1
11.1725,0
11.1735,1
11.1735,0
11.1744,1
11.1744,0
11.1753,1
11.1753,0
11.1763,1
11.1763,0
11.1772,1
11.1772,0
11.1782,1
11.1782,0
11.1791,1
11.1791,0
11.1801,1
11.1801,0
11.181,1
11.181,0
11.182,1
11.182,0
11.1829,1
11.1829,0
11.1838,1
11.1838,0
11.1848,1
11.1848,0
11.1857,1
11.1857,0
11.1867,1
11.1867,0
11.1876,1
11.1876,0
11.1886,1
11.1886,0
11.1895,1
11.1895,0
11.1905,1
11.1905,0
11.1914,1
11.1914,0
11.1923,1
11.1923,0
11.1933,1
11.1933,0
11.1942,1
11.1942,0
11.1952,1
11.1952,0
11.1961,1
11.1961,0
11.1971,1
11.1971,0
11.198,1
11.198,0
11.1989,1
11.1989,0
11.1999,1
11.1999,0
11.2008,1
11.2008,0
11.2018,1
11.2018,0
11.2027,1
11.2027,0
11.2037,1
11.2037,0
11.2046,1
11.2046,0
11.2056,1
11.2056,0
11.2065,1
11.2065,0
11.2074,1
11.2074,0
11.2084,1
11.2084,0
11.2093,1
11.2093,0
11.2103,1
11.2103,0
11.2112,1
11.2112,0
11.2122,1
11.2122,0
11.2131,1
11.2131,0
11.2141,1
11.2141,0
11.215,1
11.215,0
11.2159,1
11.2159,0
11.2169,1
11.2169,0
11.2178,1
11.2178,0
11.2188,1
11.2188,0
11.2197,1
11.2197,0
11.2207,1
11.2207,0
11.2216,1
11.2216,0
11.2225,1
11.2225,0
11.2235,1
11.2235,0
11.2244,1
11.2244,0
11.2254,1
11.2254,0
11.2263,1
11.2263,0
11.2273,1
11.2273,0
11.2282,1
11.2282,0
11.2292,1
11.2292,0
11.2301,1
11.2301,0
11.231,1
11.231,0
11.232,1
11.232,0
11.2329,1
11.2329,0
11.2339,1
11.2339,0
11.2348,1
11.2348,0
11.2358,1
11.2358,0
11.2367,1
11.2367,0
11.2377,1
11.2377,0
11.2386,1
11.2386,0
11.2395,1
11.2395,0
11.2405,1
11.2405,0
11.2414,1
11.2414,0
11.2424,1
11.2424,0
11.2433,1
11.2433,0
11.2443,1
11.2443,0
11.2452,1
11.2452,0
11.2461,1
11.2461,0
11.2471,1
11.2471,0
11.248,1
11.248,0
11.249,1
11.249,0
11.2499,1
11.2499,0
11.2509,1
11.2509,0
11.2518,1
11.2518,0
11.2528,1
11.2528,0
11.2537,1
11.2537,0
11.2546,1
11.2546,0
11.2556,1
11.2556,0
11.2565,1
11.2565,0
11.2575,1
11.2575,0
11.2584,1
11.2584,0
11.2594,1
11.2594,0
11.2603,1
11.2603,0
11.2613,1
11.2613,0
11.2622,1
11.2622,0
11.2631,1
11.2631,0
11.2641,1
11.2641,0
11.265,1
11.265,0
11.266,1
11.266,0
11.2669,1
11.2669,0
11.2679,1
11.2679,0
11.2688,1
11.2688,0
11.2697,1
11.2697,0
11.2707,1
11.2707,0
11.2716,1
11.2716,0
11.2726,1
11.2726,0
11.2735,1
11.2735,0
11.2745,1
11.2745,0
11.2754,1
11.2754,0
11.2764,1
11.2764,0
11.2773,1
11.2773,0
11.2782,1
11.2782,0
11.2792,1
11.2792,0
11.2801,1
11.2801,0
11.2811,1
11.2811,0
11.282,1
11.282,0
11.283,1
11.283,0
11.2839,1
11.2839,0
11.2849,1
11.2849,0
11.2858,1
11.2858,0
11.2867,1
11.2867,0
11.2877,1
11.2877,0
11.2886,1
11.2886,0
11.2896,1
11.2896,0
11.2905,1
11.2905,0
11.2915,1
11.2915,0
11.2924,1
11.2924,0
11.2933,1
11.2933,0
11.2943,1
11.2943,0
11.2952,1
11.2952,0
11.2962,1
11.2962,0
11.2971,1
11.2971,0
11.2981,1
11.2981,0
11.299,1
11.299,0
11.3,1
11.3,0
11.3009,1
11.3009,0
11.3018,1
11.3018,0
11.3028,1
11.3028,0
11.3037,1
11.3037,0
11.3047,1
11.3047,0
11.3056,1
11.3056,0
11.3066,1
11.3066,0
11.3075,1
11.3075,0
11.3085,1
11.3085,0
11.3094,1
11.3094,0
11.3103,1
11.3103,0
11.3113,1
11.3113,0
11.3122,1
11.3122,0
11.3132,1
11.3132,0
11.3141,1
11.3141,0
11.3151,1
11.3151,0
11.316,1
11.316,0
11.3169,1
11.3169,0
11.3179,1
11.3179,0
11.3188,1
11.3188,0
11.3198,1
11.3198,0
11.3207,1
11.3207,0
11.3217,1
11.3217,0
11.3226,1
11.3226,0
11.3236,1
11.3236,0
11.3245,1
11.3245,0
11.3254,1
11.3254,0
11.3264,1
11.3264,0
11.3273,1
11.3273,0
11.3283,1
11.3283,0
11.3292,1
11.3292,0
11.3302,1
11.3302,0
11.3311,1
11.3311,0
11.3321,1
11.3321,0
11.333,1
11.333,0
11.3339,1
11.3339,0
11.3349,1
11.3349,0
11.3358,1
11.3358,0
11.3368,1
11.3368,0
11.3377,1
11.3377,0
11.3387,1
11.3387,0
11.3396,1
11.3396,0
11.3405,1
11.3405,0
11.3415,1
11.3415,0
11.3424,1
11.3424,0
11.3434,1
11.3434,0
11.3443,1
11.3443,0
11.3453,1
11.3453,0
11.3462,1
11.3462,0
11.3472,1
11.3472,0
11.3481,1
11.3481,0
11.349,1
11.349,0
11.35,1
11.35,0
11.3509,1
11.3509,0
11.3519,1
11.3519,0
11.3528,1
11.3528,0
11.3538,1
11.3538,0
11.3547,1
11.3547,0
11.3557,1
11.3557,0
11.3566,1
11.3566,0
11.3575,1
11.3575,0
11.3585,1
11.3585,0
11.3594,1
11.3594,0
11.3604,1
11.3604,0
11.3613,1
11.3613,0
11.3623,1
11.3623,0
11.3632,1
11.3632,0
11.3641,1
11.3641,0
11.3651,1
11.3651,0
11.366,1
11.366,0
11.367,1
11.367,0
11.3679,1
11.3679,0
11.3689,1
11.3689,0
11.3698,1
11.3698,0
11.3708,1
11.3708,0
11.3717,1
11.3717,0
11.3726,1
11.3726,0
11.3736,1
11.3736,0
11.3745,1
11.3745,0
11.3755,1
11.3755,0
11.3764,1
11.3764,0
11.3774,1
11.3774,0
11.3783,1
11.3783,0
11.3793,1
11.3793,0
11.3802,1
11.3802,0
11.3811,1
11.3811,0
11.3821,1
11.3821,0
11.383,1
11.383,0
11.384,1
11.384,0
11.3849,1
11.3849,0
11.3859,1
11.3859,0
11.3868,1
11.3868,0
11.3877,1
11.3877,0
11.3887,1
11.3887,0
11.3896,1
11.3896,0
11.3906,1
11.3906,0
11.3915,1
11.3915,0
11.3925,1
11.3925,0
11.3934,1
11.3934,0
11.3944,1
11.3944,0
11.3953,1
11.3953,0
11.3962,1
11.3962,0
11.3972,1
11.3972,0
11.3981,1
11.3981,0
11.3991,1
11.3991,0
11.4,1
11.4,0
11.401,1
11.401,0
11.4019,1
11.4019,0
11.4029,1
11.4029,0
11.4038,1
11.4038,0
11.4047,1
11.4047,0
11.4057,1
11.4057,0
11.4066,1
11.4066,0
11.4076,1
11.4076,0
11.4085,1
11.4085,0
11.4095,1
11.4095,0
11.4104,1
11.4104,0
11.4113,1
11.4113,0
11.4123,1
11.4123,0
11.4132,1
11.4132,0
11.4142,1
11.4142,0
11.4151,1
11.4151,0
11.4161,1
11.4161,0
11.417,1
11.417,0
11.418,1
11.418,0
11.4189,1
11.4189,0
11.4198,1
11.4198,0
11.4208,1
11.4208,0
11.4217,1
11.4217,0
11.4227,1
11.4227,0
11.4236,1
11.4236,0
11.4246,1
11.4246,0
11.4255,1
11.4255,0
11.4265,1
11.4265,0
11.4274,1
11.4274,0
11.4283,1
11.4283,0
11.4293,1
11.4293,0
11.4302,1
11.4302,0
11.4312,1
11.4312,0
11.4321,1
11.4321,0
11.4331,1
11.4331,0
11.434,1
11.434,0
11.4349,1
11.4349,0
11.4359,1
11.4359,0
11.4368,1
11.4368,0
11.4378,1
11.4378,0
11.4387,1
11.4387,0
11.4397,1
11.4397,0
11.4406,1
11.4406,0
11.4416,1
11.4416,0
11.4425,1
11.4425,0
11.4434,1
11.4434,0
11.4444,1
11.4444,0
11.4453,1
11.4453,0
11.4463,1
11.4463,0
11.4472,1
11.4472,0
11.4482,1
11.4482,0
11.4491,1
11.4491,0
11.4501,1
11.4501,0
11.451,1
11.451,0
11.4519,1
11.4519,0
11.4529,1
11.4529,0
11.4538,1
11.4538,0
11.4548,1
11.4548,0
11.4557,1
11.4557,0
11.4567,1
11.4567,0
11.4576,1
11.4576,0
11.4585,1
11.4585,0
11.4595,1
11.4595,0
11.4604,1
11.4604,0
11.4614,1
11.4614,0
11.4623,1
11.4623,0
11.4633,1
11.4633,0
11.4642,1
11.4642,0
11.4652,1
11.4652,0
11.4661,1
11.4661,0
11.467,1
11.467,0
11.468,1
11.468,0
11.4689,1
11.4689,0
11.4699,1
11.4699,0
11.4708,1
11.4708,0
11.4718,1
11.4718,0
11.4727,1
11.4727,0
11.4737,1
11.4737,0
11.4746,1
11.4746,0
11.4755,1
11.4755,0
11.4765,1
11.4765,0
11.4774,1
11.4774,0
11.4784,1
11.4784,0
11.4793,1
11.4793,0
11.4803,1
11.4803,0
11.4812,1
11.4812,0
11.4821,1
11.4821,0
11.4831,1
11.4831,0
11.484,1
11.484,0
11.485,1
11.485,0
11.4859,1
11.4859,0
11.4869,1
11.4869,0
11.4878,1
11.4878,0
11.4888,1
11.4888,0
11.4897,1
11.4897,0
11.4906,1
11.4906,0
11.4916,1
11.4916,0
11.4925,1
11.4925,0
11.4935,1
11.4935,0
11.4944,1
11.4944,0
11.4954,1
11.4954,0
11.4963,1
11.4963,0
11.4973,1
11.4973,0
11.4982,1
11.4982,0
11.4991,1
11.4991,0
11.5001,1
11.5001,0
11.501,1
11.501,0
11.502,1
11.502,0
11.5029,1
11.5029,0
11.5039,1
11.5039,0
11.5048,1
11.5048,0
11.5057,1
11.5057,0
11.5067,1
11.5067,0
11.5076,1
11.5076,0
11.5086,1
11.5086,0
11.5095,1
11.5095,0
11.5105,1
11.5105,0
11.5114,1
11.5114,0
11.5124,1
11.5124,0
11.5133,1
11.5133,0
11.5142,1
11.5142,0
11.5152,1
11.5152,0
11.5161,1
11.5161,0
11.5171,1
11.5171,0
11.518,1
11.518,0
11.519,1
11.519,0
11.5199,1
11.5199,0
11.5209,1
11.5209,0
11.5218,1
11.5218,0
11.5227,1
11.5227,0
11.5237,1
11.5237,0
11.5246,1
11.5246,0
11.5256,1
11.5256,0
11.5265,1
11.5265,0
11.5275,1
11.5275,0
11.5284,1
11.5284,0
11.5293,1
11.5293,0
11.5303,1
11.5303,0
11.5312,1
11.5312,0
11.5322,1
11.5322,0
11.5331,1
11.5331,0
11.5341,1
11.5341,0
11.535,1
11.535,0
11.536,1
11.536,0
11.5369,1
11.5369,0
11.5378,1
11.5378,0
11.5388,1
11.5388,0
11.5397,1
11.5397,0
11.5407,1
11.5407,0
11.5416,1
11.5416,0
11.5426,1
11.5426,0
11.5435,1
11.5435,0
11.5445,1
11.5445,0
11.5454,1
11.5454,0
11.5463,1
11.5463,0
11.5473,1
11.5473,0
11.5482,1
11.5482,0
11.5492,1
11.5492,0
11.5501,1
11.5501,0
11.5511,1
11.5511,0
11.552,1
11.552,0
11.5529,1
11.5529,0
11.5539,1
11.5539,0
11.5548,1
11.5548,0
11.5558,1
11.5558,0
11.5567,1
11.5567,0
11.5577,1
11.5577,0
11.5586,1
11.5586,0
11.5596,1
11.5596,0
11.5605,1
11.5605,0
11.5614,1
11.5614,0
11.5624,1
11.5624,0
11.5633,1
11.5633,0
11.5643,1
11.5643,0
11.5652,1
11.5652,0
11.5662,1
11.5662,0
11.5671,1
11.5671,0
11.5681,1
11.5681,0
11.569,1
11.569,0
11.5699,1
11.5699,0
11.5709,1
11.5709,0
11.5718,1
11.5718,0
11.5728,1
11.5728,0
11.5737,1
11.5737,0
11.5747,1
11.5747,0
11.5756,1
11.5756,0
11.5765,1
11.5765,0
11.5775,1
11.5775,0
11.5784,1
11.5784,0
11.5794,1
11.5794,0
11.5803,1
11.5803,0
11.5813,1
11.5813,0
11.5822,1
11.5822,0
11.5832,1
11.5832,0
11.5841,1
11.5841,0
11.585,1
11.585,0
11.586,1
11.586,0
11.5869,1
11.5869,0
11.5879,1
11.5879,0
11.5888,1
11.5888,0
11.5898,1
11.5898,0
11.5907,1
11.5907,0
11.5917,1
11.5917,0
11.5926,1
11.5926,0
11.5935,1
11.5935,0
11.5945,1
11.5945,0
11.5954,1
11.5954,0
11.5964,1
11.5964,0
11.5973,1
11.5973,0
11.5983,1
11.5983,0
11.5992,1
11.5992,0
11.6001,1
11.6001,0
11.6011,1
11.6011,0
11.602,1
11.602,0
11.603,1
11.603,0
11.6039,1
11.6039,0
11.6049,1
11.6049,0
11.6058,1
11.6058,0
11.6068,1
11.6068,0
11.6077,1
11.6077,0
11.6086,1
11.6086,0
11.6096,1
11.6096,0
11.6105,1
11.6105,0
11.6115,1
11.6115,0
11.6124,1
11.6124,0
11.6134,1
11.6134,0
11.6143,1
11.6143,0
11.6153,1
11.6153,0
11.6162,1
11.6162,0
11.6171,1
11.6171,0
11.6181,1
11.6181,0
11.619,1
11.619,0
11.62,1
11.62,0
11.6209,1
11.6209,0
11.6219,1
11.6219,0
11.6228,1
11.6228,0
11.6237,1
11.6237,0
11.6247,1
11.6247,0
11.6256,1
11.6256,0
11.6266,1
11.6266,0
11.6275,1
11.6275,0
11.6285,1
11.6285,0
11.6294,1
11.6294,0
11.6304,1
11.6304,0
11.6313,1
11.6313,0
11.6322,1
11.6322,0
11.6332,1
11.6332,0
11.6341,1
11.6341,0
11.6351,1
11.6351,0
11.636,1
11.636,0
11.637,1
11.637,0
11.6379,1
11.6379,0
11.6389,1
11.6389,0
11.6398,1
11.6398,0
11.6407,1
11.6407,0
11.6417,1
11.6417,0
11.6426,1
11.6426,0
11.6436,1
11.6436,0
11.6445,1
11.6445,0
11.6455,1
11.6455,0
11.6464,1
11.6464,0
11.6473,1
11.6473,0
11.6483,1
11.6483,0
11.6492,1
11.6492,0
11.6502,1
11.6502,0
11.6511,1
11.6511,0
11.6521,1
11.6521,0
11.653,1
11.653,0
11.654,1
11.654,0
11.6549,1
11.6549,0
11.6558,1
11.6558,0
11.6568,1
11.6568,0
11.6577,1
11.6577,0
11.6587,1
11.6587,0
11.6596,1
11.6596,0
11.6606,1
11.6606,0
11.6615,1
11.6615,0
11.6625,1
11.6625,0
11.6634,1
11.6634,0
11.6643,1
11.6643,0
11.6653,1
11.6653,0
11.6662,1
11.6662,0
11.6672,1
11.6672,0
11.6681,1
11.6681,0
11.6691,1
11.6691,0
11.67,1
11.67,0
11.6709,1
11.6709,0
11.6719,1
11.6719,0
11.6728,1
11.6728,0
11.6738,1
11.6738,0
11.6747,1
11.6747,0
11.6757,1
11.6757,0
11.6766,1
11.6766,0
11.6776,1
11.6776,0
11.6785,1
11.6785,0
11.6794,1
11.6794,0
11.6804,1
11.6804,0
11.6813,1
11.6813,0
11.6823,1
11.6823,0
11.6832,1
11.6832,0
11.6842,1
11.6842,0
11.6851,1
11.6851,0
11.6861,1
11.6861,0
11.687,1
11.687,0
11.6879,1
11.6879,0
11.6889,1
11.6889,0
11.6898,1
11.6898,0
11.6908,1
11.6908,0
11.6917,1
11.6917,0
11.6927,1
11.6927,0
11.6936,1
11.6936,0
11.6945,1
11.6945,0
11.6955,1
11.6955,0
11.6964,1
11.6964,0
11.6974,1
11.6974,0
11.6983,1
11.6983,0
11.6993,1
11.6993,0
11.7002,1
11.7002,0
11.7012,1
11.7012,0
11.7021,1
11.7021,0
11.703,1
11.703,0
11.704,1
11.704,0
11.7049,1
11.7049,0
11.7059,1
11.7059,0
11.7068,1
11.7068,0
11.7078,1
11.7078,0
11.7087,1
11.7087,0
11.7097,1
11.7097,0
11.7106,1
11.7106,0
11.7115,1
11.7115,0
11.7125,1
11.7125,0
11.7134,1
11.7134,0
11.7144,1
11.7144,0
11.7153,1
11.7153,0
11.7163,1
11.7163,0
11.7172,1
11.7172,0
11.7181,1
11.7181,0
11.7191,1
11.7191,0
11.72,1
11.72,0
11.721,1
11.721,0
11.7219,1
11.7219,0
11.7229,1
11.7229,0
11.7238,1
11.7238,0
11.7248,1
11.7248,0
11.7257,1
11.7257,0
11.7266,1
11.7266,0
11.7276,1
11.7276,0
11.7285,1
11.7285,0
11.7295,1
11.7295,0
11.7304,1
11.7304,0
11.7314,1
11.7314,0
11.7323,1
11.7323,0
11.7333,1
11.7333,0
11.7342,1
11.7342,0
11.7351,1
11.7351,0
11.7361,1
11.7361,0
11.737,1
11.737,0
11.738,1
11.738,0
11.7389,1
11.7389,0
11.7399,1
11.7399,0
11.7408,1
11.7408,0
11.7417,1
11.7417,0
11.7427,1
11.7427,0
11.7436,1
11.7436,0
11.7446,1
11.7446,0
11.7455,1
11.7455,0
11.7465,1
11.7465,0
11.7474,1
11.7474,0
11.7484,1
11.7484,0
11.7493,1
11.7493,0
11.7502,1
11.7502,0
11.7512,1
11.7512,0
11.7521,1
11.7521,0
11.7531,1
11.7531,0
11.754,1
11.754,0
11.755,1
11.755,0
11.7559,1
11.7559,0
11.7569,1
11.7569,0
11.7578,1
11.7578,0
11.7587,1
11.7587,0
11.7597,1
11.7597,0
11.7606,1
11.7606,0
11.7616,1
11.7616,0
11.7625,1
11.7625,0
11.7635,1
11.7635,0
11.7644,1
11.7644,0
11.7653,1
11.7653,0
11.7663,1
11.7663,0
11.7672,1
11.7672,0
11.7682,1
11.7682,0
11.7691,1
11.7691,0
11.7701,1
11.7701,0
11.771,1
11.771,0
11.772,1
11.772,0
11.7729,1
11.7729,0
11.7738,1
11.7738,0
11.7748,1
11.7748,0
11.7757,1
11.7757,0
11.7767,1
11.7767,0
11.7776,1
11.7776,0
11.7786,1
11.7786,0
11.7795,1
11.7795,0
11.7805,1
11.7805,0
11.7814,1
11.7814,0
11.7823,1
11.7823,0
11.7833,1
11.7833,0
11.7842,1
11.7842,0
11.7852,1
11.7852,0
11.7861,1
11.7861,0
11.7871,1
11.7871,0
11.788,1
11.788,0
11.7889,1
11.7889,0
11.7899,1
11.7899,0
11.7908,1
11.7908,0
11.7918,1
11.7918,0
11.7927,1
11.7927,0
11.7937,1
11.7937,0
11.7946,1
11.7946,0
11.7956,1
11.7956,0
11.7965,1
11.7965,0
11.7974,1
11.7974,0
11.7984,1
11.7984,0
11.7993,1
11.7993,0
11.8003,1
11.8003,0
11.8012,1
11.8012,0
11.8022,1
11.8022,0
11.8031,1
11.8031,0
11.8041,1
11.8041,0
11.805,1
11.805,0
11.8059,1
11.8059,0
11.8069,1
11.8069,0
11.8078,1
11.8078,0
11.8088,1
11.8088,0
11.8097,1
11.8097,0
11.8107,1
11.8107,0
11.8116,1
11.8116,0
11.8125,1
11.8125,0
11.8135,1
11.8135,0
11.8144,1
11.8144,0
11.8154,1
11.8154,0
11.8163,1
11.8163,0
11.8173,1
11.8173,0
11.8182,1
11.8182,0
11.8192,1
11.8192,0
11.8201,1
11.8201,0
11.821,1
11.821,0
11.822,1
11.822,0
11.8229,1
11.8229,0
11.8239,1
11.8239,0
11.8248,1
11.8248,0
11.8258,1
11.8258,0
11.8267,1
11.8267,0
11.8277,1
11.8277,0
11.8286,1
11.8286,0
11.8295,1
11.8295,0
11.8305,1
11.8305,0
11.8314,1
11.8314,0
11.8324,1
11.8324,0
11.8333,1
11.8333,0
11.8343,1
11.8343,0
11.8352,1
11.8352,0
11.8361,1
11.8361,0
11.8371,1
11.8371,0
11.838,1
11.838,0
11.839,1
11.839,0
11.8399,1
11.8399,0
11.8409,1
11.8409,0
11.8418,1
11.8418,0
11.8428,1
11.8428,0
11.8437,1
11.8437,0
11.8446,1
11.8446,0
11.8456,1
11.8456,0
11.8465,1
11.8465,0
11.8475,1
11.8475,0
11.8484,1
11.8484,0
11.8494,1
11.8494,0
11.8503,1
11.8503,0
11.8513,1
11.8513,0
11.8522,1
11.8522,0
11.8531,1
11.8531,0
11.8541,1
11.8541,0
11.855,1
11.855,0
11.856,1
11.856,0
11.8569,1
11.8569,0
11.8579,1
11.8579,0
11.8588,1
11.8588,0
11.8597,1
11.8597,0
11.8607,1
11.8607,0
11.8616,1
11.8616,0
11.8626,1
11.8626,0
11.8635,1
11.8635,0
11.8645,1
11.8645,0
11.8654,1
11.8654,0
11.8664,1
11.8664,0
11.8673,1
11.8673,0
11.8682,1
11.8682,0
11.8692,1
11.8692,0
11.8701,1
11.8701,0
11.8711,1
11.8711,0
11.872,1
11.872,0
11.873,1
11.873,0
11.8739,1
11.8739,0
11.8749,1
11.8749,0
11.8758,1
11.8758,0
11.8767,1
11.8767,0
11.8777,1
11.8777,0
11.8786,1
11.8786,0
11.8796,1
11.8796,0
11.8805,1
11.8805,0
11.8815,1
11.8815,0
11.8824,1
11.8824,0
11.8833,1
11.8833,0
11.8843,1
11.8843,0
11.8852,1
11.8852,0
11.8862,1
11.8862,0
11.8871,1
11.8871,0
11.8881,1
11.8881,0
11.889,1
11.889,0
11.89,1
11.89,0
11.8909,1
11.8909,0
11.8918,1
11.8918,0
11.8928,1
11.8928,0
11.8937,1
11.8937,0
11.8947,1
11.8947,0
11.8956,1
11.8956,0
11.8966,1
11.8966,0
11.8975,1
11.8975,0
11.8985,1
11.8985,0
11.8994,1
11.8994,0
11.9003,1
11.9003,0
11.9013,1
11.9013,0
11.9022,1
11.9022,0
11.9032,1
11.9032,0
11.9041,1
11.9041,0
11.9051,1
11.9051,0
11.906,1
11.906,0
11.9069,1
11.9069,0
11.9079,1
11.9079,0
11.9088,1
11.9088,0
11.9098,1
11.9098,0
11.9107,1
11.9107,0
11.9117,1
11.9117,0
11.9126,1
11.9126,0
11.9136,1
11.9136,0
11.9145,1
11.9145,0
11.9154,1
11.9154,0
11.9164,1
11.9164,0
11.9173,1
11.9173,0
11.9183,1
11.9183,0
11.9192,1
11.9192,0
11.9202,1
11.9202,0
11.9211,1
11.9211,0
11.9221,1
11.9221,0
11.923,1
11.923,0
11.9239,1
11.9239,0
11.9249,1
11.9249,0
11.9258,1
11.9258,0
11.9268,1
11.9268,0
11.9277,1
11.9277,0
11.9287,1
11.9287,0
11.9296,1
11.9296,0
11.9305,1
11.9305,0
11.9315,1
11.9315,0
11.9324,1
11.9324,0
11.9334,1
11.9334,0
11.9343,1
11.9343,0
11.9353,1
11.9353,0
11.9362,1
11.9362,0
11.9372,1
11.9372,0
11.9381,1
11.9381,0
11.939,1
11.939,0
11.94,1
11.94,0
11.9409,1
11.9409,0
11.9419,1
11.9419,0
11.9428,1
11.9428,0
11.9438,1
11.9438,0
11.9447,1
11.9447,0
11.9457,1
11.9457,0
11.9466,1
11.9466,0
11.9475,1
11.9475,0
11.9485,1
11.9485,0
11.9494,1
11.9494,0
11.9504,1
11.9504,0
11.9513,1
11.9513,0
11.9523,1
11.9523,0
11.9532,1
11.9532,0
11.9541,1
11.9541,0
11.9551,1
11.9551,0
11.956,1
11.956,0
11.957,1
11.957,0
11.9579,1
11.9579,0
11.9589,1
11.9589,0
11.9598,1
11.9598,0
11.9608,1
11.9608,0
11.9617,1
11.9617,0
11.9626,1
11.9626,0
11.9636,1
11.9636,0
11.9645,1
11.9645,0
11.9655,1
11.9655,0
11.9664,1
11.9664,0
11.9674,1
11.9674,0
11.9683,1
11.9683,0
11.9693,1
11.9693,0
11.9702,1
11.9702,0
11.9711,1
11.9711,0
11.9721,1
11.9721,0
11.973,1
11.973,0
11.974,1
11.974,0
11.9749,1
11.9749,0
11.9759,1
11.9759,0
11.9768,1
11.9768,0
11.9777,1
11.9777,0
11.9787,1
11.9787,0
11.9796,1
11.9796,0
11.9806,1
11.9806,0
11.9815,1
11.9815,0
11.9825,1
11.9825,0
11.9834,1
11.9834,0
11.9844,1
11.9844,0
11.9853,1
11.9853,0
11.9862,1
11.9862,0
11.9872,1
11.9872,0
11.9881,1
11.9881,0
11.9891,1
11.9891,0
11.99,1
11.99,0
11.991,1
11.991,0
11.9919,1
11.9919,0
11.9929,1
11.9929,0
11.9938,1
11.9938,0
11.9947,1
11.9947,0
11.9957,1
11.9957,0
11.9966,1
11.9966,0
11.9976,1
11.9976,0
11.9985,1
11.9985,0
11.9995,1
11.9995,0
12.0004,1
12.0004,0
12.0013,1
12.0013,0
12.0023,1
12.0023,0
12.0032,1
12.0032,0
12.0042,1
12.0042,0
12.0051,1
12.0051,0
12.0061,1
12.0061,0
12.007,1
12.007,0
12.008,1
12.008,0
12.0089,1
12.0089,0
12.0098,1
12.0098,0
12.0108,1
12.0108,0
12.0117,1
12.0117,0
12.0127,1
12.0127,0
12.0136,1
12.0136,0
12.0146,1
12.0146,0
12.0155,1
12.0155,0
12.0165,1
12.0165,0
12.0174,1
12.0174,0
12.0183,1
12.0183,0
12.0193,1
12.0193,0
12.0202,1
12.0202,0
12.0212,1
12.0212,0
12.0221,1
12.0221,0
12.0231,1
12.0231,0
12.024,1
12.024,0
12.0249,1
12.0249,0
12.0259,1
12.0259,0
12.0268,1
12.0268,0
12.0278,1
12.0278,0
12.0287,1
12.0287,0
12.0297,1
12.0297,0
12.0306,1
12.0306,0
12.0316,1
12.0316,0
12.0325,1
12.0325,0
12.0334,1
12.0334,0
12.0344,1
12.0344,0
12.0353,1
12.0353,0
12.0363,1
12.0363,0
12.0372,1
12.0372,0
12.0382,1
12.0382,0
12.0391,1
12.0391,0
12.0401,1
12.0401,0
12.041,1
12.041,0
12.0419,1
12.0419,0
12.0429,1
12.0429,0
12.0438,1
12.0438,0
12.0448,1
12.0448,0
12.0457,1
12.0457,0
12.0467,1
12.0467,0
12.0476,1
12.0476,0
12.0485,1
12.0485,0
12.0495,1
12.0495,0
12.0504,1
12.0504,0
12.0514,1
12.0514,0
12.0523,1
12.0523,0
12.0533,1
12.0533,0
12.0542,1
12.0542,0
12.0552,1
12.0552,0
12.0561,1
12.0561,0
12.057,1
12.057,0
12.058,1
12.058,0
12.0589,1
12.0589,0
12.0599,1
12.0599,0
12.0608,1
12.0608,0
12.0618,1
12.0618,0
12.0627,1
12.0627,0
12.0637,1
12.0637,0
12.0646,1
12.0646,0
12.0655,1
12.0655,0
12.0665,1
12.0665,0
12.0674,1
12.0674,0
12.0684,1
12.0684,0
12.0693,1
12.0693,0
12.0703,1
12.0703,0
12.0712,1
12.0712,0
12.0721,1
12.0721,0
12.0731,1
12.0731,0
12.074,1
12.074,0
12.075,1
12.075,0
12.0759,1
12.0759,0
12.0769,1
12.0769,0
12.0778,1
12.0778,0
12.0788,1
12.0788,0
12.0797,1
12.0797,0
12.0806,1
12.0806,0
12.0816,1
12.0816,0
12.0825,1
12.0825,0
12.0835,1
12.0835,0
12.0844,1
12.0844,0
12.0854,1
12.0854,0
12.0863,1
12.0863,0
12.0873,1
12.0873,0
12.0882,1
12.0882,0
12.0891,1
12.0891,0
12.0901,1
12.0901,0
12.091,1
12.091,0
12.092,1
12.092,0
12.0929,1
12.0929,0
12.0939,1
12.0939,0
12.0948,1
12.0948,0
12.0957,1
12.0957,0
12.0967,1
12.0967,0
12.0976,1
12.0976,0
12.0986,1
12.0986,0
12.0995,1
12.0995,0
12.1005,1
12.1005,0
12.1014,1
12.1014,0
12.1024,1
12.1024,0
12.1033,1
12.1033,0
12.1042,1
12.1042,0
12.1052,1
12.1052,0
12.1061,1
12.1061,0
12.1071,1
12.1071,0
12.108,1
12.108,0
12.109,1
12.109,0
12.1099,1
12.1099,0
12.1109,1
12.1109,0
12.1118,1
12.1118,0
12.1127,1
12.1127,0
12.1137,1
12.1137,0
12.1146,1
12.1146,0
12.1156,1
12.1156,0
12.1165,1
12.1165,0
12.1175,1
12.1175,0
12.1184,1
12.1184,0
12.1193,1
12.1193,0
12.1203,1
12.1203,0
12.1212,1
12.1212,0
12.1222,1
12.1222,0
12.1231,1
12.1231,0
12.1241,1
12.1241,0
12.125,1
12.125,0
12.126,1
12.126,0
12.1269,1
12.1269,0
12.1278,1
12.1278,0
12.1288,1
12.1288,0
12.1297,1
12.1297,0
12.1307,1
12.1307,0
12.1316,1
12.1316,0
12.1326,1
12.1326,0
12.1335,1
12.1335,0
12.1345,1
12.1345,0
12.1354,1
12.1354,0
12.1363,1
12.1363,0
12.1373,1
12.1373,0
12.1382,1
12.1382,0
12.1392,1
12.1392,0
12.1401,1
12.1401,0
12.1411,1
12.1411,0
12.142,1
12.142,0
12.1429,1
12.1429,0
12.1439,1
12.1439,0
12.1448,1
12.1448,0
12.1458,1
12.1458,0
12.1467,1
12.1467,0
12.1477,1
12.1477,0
12.1486,1
12.1486,0
12.1496,1
12.1496,0
12.1505,1
12.1505,0
12.1514,1
12.1514,0
12.1524,1
12.1524,0
12.1533,1
12.1533,0
12.1543,1
12.1543,0
12.1552,1
12.1552,0
12.1562,1
12.1562,0
12.1571,1
12.1571,0
12.1581,1
12.1581,0
12.159,1
12.159,0
12.1599,1
12.1599,0
12.1609,1
12.1609,0
12.1618,1
12.1618,0
12.1628,1
12.1628,0
12.1637,1
12.1637,0
12.1647,1
12.1647,0
12.1656,1
12.1656,0
12.1665,1
12.1665,0
12.1675,1
12.1675,0
12.1684,1
12.1684,0
12.1694,1
12.1694,0
12.1703,1
12.1703,0
12.1713,1
12.1713,0
12.1722,1
12.1722,0
12.1732,1
12.1732,0
12.1741,1
12.1741,0
12.175,1
12.175,0
12.176,1
12.176,0
12.1769,1
12.1769,0
12.1779,1
12.1779,0
12.1788,1
12.1788,0
12.1798,1
12.1798,0
12.1807,1
12.1807,0
12.1817,1
12.1817,0
12.1826,1
12.1826,0
12.1835,1
12.1835,0
12.1845,1
12.1845,0
12.1854,1
12.1854,0
12.1864,1
12.1864,0
12.1873,1
12.1873,0
12.1883,1
12.1883,0
12.1892,1
12.1892,0
12.1901,1
12.1901,0
12.1911,1
12.1911,0
12.192,1
12.192,0
12.193,1
12.193,0
12.1939,1
12.1939,0
12.1949,1
12.1949,0
12.1958,1
12.1958,0
12.1968,1
12.1968,0
12.1977,1
12.1977,0
12.1986,1
12.1986,0
12.1996,1
12.1996,0
12.2005,1
12.2005,0
12.2015,1
12.2015,0
12.2024,1
12.2024,0
12.2034,1
12.2034,0
12.2043,1
12.2043,0
12.2053,1
12.2053,0
12.2062,1
12.2062,0
12.2071,1
12.2071,0
12.2081,1
12.2081,0
12.209,1
12.209,0
12.21,1
12.21,0
12.2109,1
12.2109,0
12.2119,1
12.2119,0
12.2128,1
12.2128,0
12.2137,1
12.2137,0
12.2147,1
12.2147,0
12.2156,1
12.2156,0
12.2166,1
12.2166,0
12.2175,1
12.2175,0
12.2185,1
12.2185,0
12.2194,1
12.2194,0
12.2204,1
12.2204,0
12.2213,1
12.2213,0
12.2222,1
12.2222,0
12.2232,1
12.2232,0
12.2241,1
12.2241,0
12.2251,1
12.2251,0
12.226,1
12.226,0
12.227,1
12.227,0
12.2279,1
12.2279,0
12.2289,1
12.2289,0
12.2298,1
12.2298,0
12.2307,1
12.2307,0
12.2317,1
12.2317,0
12.2326,1
12.2326,0
12.2336,1
12.2336,0
12.2345,1
12.2345,0
12.2355,1
12.2355,0
12.2364,1
12.2364,0
12.2373,1
12.2373,0
12.2383,1
12.2383,0
12.2392,1
12.2392,0
12.2402,1
12.2402,0
12.2411,1
12.2411,0
12.2421,1
12.2421,0
12.243,1
12.243,0
12.244,1
12.244,0
12.2449,1
12.2449,0
12.2458,1
12.2458,0
12.2468,1
12.2468,0
12.2477,1
12.2477,0
12.2487,1
12.2487,0
12.2496,1
12.2496,0
12.2506,1
12.2506,0
12.2515,1
12.2515,0
12.2525,1
12.2525,0
12.2534,1
12.2534,0
12.2543,1
12.2543,0
12.2553,1
12.2553,0
12.2562,1
12.2562,0
12.2572,1
12.2572,0
12.2581,1
12.2581,0
12.2591,1
12.2591,0
12.26,1
12.26,0
12.2609,1
12.2609,0
12.2619,1
12.2619,0
12.2628,1
12.2628,0
12.2638,1
12.2638,0
12.2647,1
12.2647,0
12.2657,1
12.2657,0
12.2666,1
12.2666,0
12.2676,1
12.2676,0
12.2685,1
12.2685,0
12.2694,1
12.2694,0
12.2704,1
12.2704,0
12.2713,1
12.2713,0
12.2723,1
12.2723,0
12.2732,1
12.2732,0
12.2742,1
12.2742,0
12.2751,1
12.2751,0
12.2761,1
12.2761,0
12.277,1
12.277,0
12.2779,1
12.2779,0
12.2789,1
12.2789,0
12.2798,1
12.2798,0
12.2808,1
12.2808,0
12.2817,1
12.2817,0
12.2827,1
12.2827,0
12.2836,1
12.2836,0
12.2845,1
12.2845,0
12.2855,1
12.2855,0
12.2864,1
12.2864,0
12.2874,1
12.2874,0
12.2883,1
12.2883,0
12.2893,1
12.2893,0
12.2902,1
12.2902,0
12.2912,1
12.2912,0
12.2921,1
12.2921,0
12.293,1
12.293,0
12.294,1
12.294,0
12.2949,1
12.2949,0
12.2959,1
12.2959,0
12.2968,1
12.2968,0
12.2978,1
12.2978,0
12.2987,1
12.2987,0
12.2997,1
12.2997,0
12.3006,1
12.3006,0
12.3015,1
12.3015,0
12.3025,1
12.3025,0
12.3034,1
12.3034,0
12.3044,1
12.3044,0
12.3053,1
12.3053,0
12.3063,1
12.3063,0
12.3072,1
12.3072,0
12.3081,1
12.3081,0
12.3091,1
12.3091,0
12.31,1
12.31,0
12.311,1
12.311,0
12.3119,1
12.3119,0
12.3129,1
12.3129,0
12.3138,1
12.3138,0
12.3148,1
12.3148,0
12.3157,1
12.3157,0
12.3166,1
12.3166,0
12.3176,1
12.3176,0
12.3185,1
12.3185,0
12.3195,1
12.3195,0
12.3204,1
12.3204,0
12.3214,1
12.3214,0
12.3223,1
12.3223,0
12.3233,1
12.3233,0
12.3242,1
12.3242,0
12.3251,1
12.3251,0
12.3261,1
12.3261,0
12.327,1
12.327,0
12.328,1
12.328,0
12.3289,1
12.3289,0
12.3299,1
12.3299,0
12.3308,1
12.3308,0
12.3317,1
12.3317,0
12.3327,1
12.3327,0
12.3336,1
12.3336,0
12.3346,1
12.3346,0
12.3355,1
12.3355,0
12.3365,1
12.3365,0
12.3374,1
12.3374,0
12.3384,1
12.3384,0
12.3393,1
12.3393,0
12.3402,1
12.3402,0
12.3412,1
12.3412,0
12.3421,1
12.3421,0
12.3431,1
12.3431,0
12.344,1
12.344,0
12.345,1
12.345,0
12.3459,1
12.3459,0
12.3469,1
12.3469,0
12.3478,1
12.3478,0
12.3487,1
12.3487,0
12.3497,1
12.3497,0
12.3506,1
12.3506,0
12.3516,1
12.3516,0
12.3525,1
12.3525,0
12.3535,1
12.3535,0
12.3544,1
12.3544,0
12.3553,1
12.3553,0
12.3563,1
12.3563,0
12.3572,1
12.3572,0
12.3582,1
12.3582,0
12.3591,1
12.3591,0
12.3601,1
12.3601,0
12.361,1
12.361,0
12.362,1
12.362,0
12.3629,1
12.3629,0
12.3638,1
12.3638,0
12.3648,1
12.3648,0
12.3657,1
12.3657,0
12.3667,1
12.3667,0
12.3676,1
12.3676,0
12.3686,1
12.3686,0
12.3695,1
12.3695,0
12.3705,1
12.3705,0
12.3714,1
12.3714,0
12.3723,1
12.3723,0
12.3733,1
12.3733,0
12.3742,1
12.3742,0
12.3752,1
12.3752,0
12.3761,1
12.3761,0
12.3771,1
12.3771,0
12.378,1
12.378,0
12.3789,1
12.3789,0
12.3799,1
12.3799,0
12.3808,1
12.3808,0
12.3818,1
12.3818,0
12.3827,1
12.3827,0
12.3837,1
12.3837,0
12.3846,1
12.3846,0
12.3856,1
12.3856,0
12.3865,1
12.3865,0
12.3874,1
12.3874,0
12.3884,1
12.3884,0
12.3893,1
12.3893,0
12.3903,1
12.3903,0
12.3912,1
12.3912,0
12.3922,1
12.3922,0
12.3931,1
12.3931,0
12.3941,1
12.3941,0
12.395,1
12.395,0
12.3959,1
12.3959,0
12.3969,1
12.3969,0
12.3978,1
12.3978,0
12.3988,1
12.3988,0
12.3997,1
12.3997,0
12.4007,1
12.4007,0
12.4016,1
12.4016,0
12.4025,1
12.4025,0
12.4035,1
12.4035,0
12.4044,1
12.4044,0
12.4054,1
12.4054,0
12.4063,1
12.4063,0
12.4073,1
12.4073,0
12.4082,1
12.4082,0
12.4092,1
12.4092,0
12.4101,1
12.4101,0
12.411,1
12.411,0
12.412,1
12.412,0
12.4129,1
12.4129,0
12.4139,1
12.4139,0
12.4148,1
12.4148,0
12.4158,1
12.4158,0
12.4167,1
12.4167,0
12.4177,1
12.4177,0
12.4186,1
12.4186,0
12.4195,1
12.4195,0
12.4205,1
12.4205,0
12.4214,1
12.4214,0
12.4224,1
12.4224,0
12.4233,1
12.4233,0
12.4243,1
12.4243,0
12.4252,1
12.4252,0
12.4261,1
12.4261,0
12.4271,1
12.4271,0
12.428,1
12.428,0
12.429,1
12.429,0
12.4299,1
12.4299,0
12.4309,1
12.4309,0
12.4318,1
12.4318,0
12.4328,1
12.4328,0
12.4337,1
12.4337,0
12.4346,1
12.4346,0
12.4356,1
12.4356,0
12.4365,1
12.4365,0
12.4375,1
12.4375,0
12.4384,1
12.4384,0
12.4394,1
12.4394,0
12.4403,1
12.4403,0
12.4413,1
12.4413,0
12.4422,1
12.4422,0
12.4431,1
12.4431,0
12.4441,1
12.4441,0
12.445,1
12.445,0
12.446,1
12.446,0
12.4469,1
12.4469,0
12.4479,1
12.4479,0
12.4488,1
12.4488,0
12.4497,1
12.4497,0
12.4507,1
12.4507,0
12.4516,1
12.4516,0
12.4526,1
12.4526,0
12.4535,1
12.4535,0
12.4545,1
12.4545,0
12.4554,1
12.4554,0
12.4564,1
12.4564,0
12.4573,1
12.4573,0
12.4582,1
12.4582,0
12.4592,1
12.4592,0
12.4601,1
12.4601,0
12.4611,1
12.4611,0
12.462,1
12.462,0
12.463,1
12.463,0
12.4639,1
12.4639,0
12.4649,1
12.4649,0
12.4658,1
12.4658,0
12.4667,1
12.4667,0
12.4677,1
12.4677,0
12.4686,1
12.4686,0
12.4696,1
12.4696,0
12.4705,1
12.4705,0
12.4715,1
12.4715,0
12.4724,1
12.4724,0
12.4733,1
12.4733,0
12.4743,1
12.4743,0
12.4752,1
12.4752,0
12.4762,1
12.4762,0
12.4771,1
12.4771,0
12.4781,1
12.4781,0
12.479,1
12.479,0
12.48,1
12.48,0
12.4809,1
12.4809,0
12.4818,1
12.4818,0
12.4828,1
12.4828,0
12.4837,1
12.4837,0
12.4847,1
12.4847,0
12.4856,1
12.4856,0
12.4866,1
12.4866,0
12.4875,1
12.4875,0
12.4885,1
12.4885,0
12.4894,1
12.4894,0
12.4903,1
12.4903,0
12.4913,1
12.4913,0
12.4922,1
12.4922,0
12.4932,1
12.4932,0
12.4941,1
12.4941,0
12.4951,1
12.4951,0
12.496,1
12.496,0
12.4969,1
12.4969,0
12.4979,1
12.4979,0
12.4988,1
12.4988,0
12.4998,1
12.4998,0
12.5007,1
12.5007,0
12.5017,1
12.5017,0
12.5026,1
12.5026,0
12.5036,1
12.5036,0
12.5045,1
12.5045,0
12.5054,1
12.5054,0
12.5064,1
12.5064,0
12.5073,1
12.5073,0
12.5083,1
12.5083,0
12.5092,1
12.5092,0
12.5102,1
12.5102,0
12.5111,1
12.5111,0
12.5121,1
12.5121,0
12.513,1
12.513,0
12.5139,1
12.5139,0
12.5149,1
12.5149,0
12.5158,1
12.5158,0
12.5168,1
12.5168,0
12.5177,1
12.5177,0
12.5187,1
12.5187,0
12.5196,1
12.5196,0
12.5205,1
12.5205,0
12.5215,1
12.5215,0
12.5224,1
12.5224,0
12.5234,1
12.5234,0
12.5243,1
12.5243,0
12.5253,1
12.5253,0
12.5262,1
12.5262,0
12.5272,1
12.5272,0
12.5281,1
12.5281,0
12.529,1
12.529,0
12.53,1
12.53,0
12.5309,1
12.5309,0
12.5319,1
12.5319,0
12.5328,1
12.5328,0
12.5338,1
12.5338,0
12.5347,1
12.5347,0
12.5357,1
12.5357,0
12.5366,1
12.5366,0
12.5375,1
12.5375,0
12.5385,1
12.5385,0
12.5394,1
12.5394,0
12.5404,1
12.5404,0
12.5413,1
12.5413,0
12.5423,1
12.5423,0
12.5432,1
12.5432,0
12.5441,1
12.5441,0
12.5451,1
12.5451,0
12.546,1
12.546,0
12.547,1
12.547,0
12.5479,1
12.5479,0
12.5489,1
12.5489,0
12.5498,1
12.5498,0
12.5508,1
12.5508,0
12.5517,1
12.5517,0
12.5526,1
12.5526,0
12.5536,1
12.5536,0
12.5545,1
12.5545,0
12.5555,1
12.5555,0
12.5564,1
12.5564,0
12.5574,1
12.5574,0
12.5583,1
12.5583,0
12.5593,1
12.5593,0
12.5602,1
12.5602,0
12.5611,1
12.5611,0
12.5621,1
12.5621,0
12.563,1
12.563,0
12.564,1
12.564,0
12.5649,1
12.5649,0
12.5659,1
12.5659,0
12.5668,1
12.5668,0
12.5677,1
12.5677,0
12.5687,1
12.5687,0
12.5696,1
12.5696,0
12.5706,1
12.5706,0
12.5715,1
12.5715,0
12.5725,1
12.5725,0
12.5734,1
12.5734,0
12.5744,1
12.5744,0
12.5753,1
12.5753,0
12.5762,1
12.5762,0
12.5772,1
12.5772,0
12.5781,1
12.5781,0
12.5791,1
12.5791,0
12.58,1
12.58,0
12.581,1
12.581,0
12.5819,1
12.5819,0
12.5829,1
12.5829,0
12.5838,1
12.5838,0
12.5847,1
12.5847,0
12.5857,1
12.5857,0
12.5866,1
12.5866,0
12.5876,1
12.5876,0
12.5885,1
12.5885,0
12.5895,1
12.5895,0
12.5904,1
12.5904,0
12.5913,1
12.5913,0
12.5923,1
12.5923,0
12.5932,1
12.5932,0
12.5942,1
12.5942,0
12.5951,1
12.5951,0
12.5961,1
12.5961,0
12.597,1
12.597,0
12.598,1
12.598,0
12.5989,1
12.5989,0
12.5998,1
12.5998,0
12.6008,1
12.6008,0
12.6017,1
12.6017,0
12.6027,1
12.6027,0
12.6036,1
12.6036,0
12.6046,1
12.6046,0
12.6055,1
12.6055,0
12.6065,1
12.6065,0
12.6074,1
12.6074,0
12.6083,1
12.6083,0
12.6093,1
12.6093,0
12.6102,1
12.6102,0
12.6112,1
12.6112,0
12.6121,1
12.6121,0
12.6131,1
12.6131,0
12.614,1
12.614,0
12.6149,1
12.6149,0
12.6159,1
12.6159,0
12.6168,1
12.6168,0
12.6178,1
12.6178,0
12.6187,1
12.6187,0
12.6197,1
12.6197,0
12.6206,1
12.6206,0
12.6216,1
12.6216,0
12.6225,1
12.6225,0
12.6234,1
12.6234,0
12.6244,1
12.6244,0
12.6253,1
12.6253,0
12.6263,1
12.6263,0
12.6272,1
12.6272,0
12.6282,1
12.6282,0
12.6291,1
12.6291,0
12.6301,1
12.6301,0
12.631,1
12.631,0
12.6319,1
12.6319,0
12.6329,1
12.6329,0
12.6338,1
12.6338,0
12.6348,1
12.6348,0
12.6357,1
12.6357,0
12.6367,1
12.6367,0
12.6376,1
12.6376,0
12.6385,1
12.6385,0
12.6395,1
12.6395,0
12.6404,1
12.6404,0
12.6414,1
12.6414,0
12.6423,1
12.6423,0
12.6433,1
12.6433,0
12.6442,1
12.6442,0
12.6452,1
12.6452,0
12.6461,1
12.6461,0
12.647,1
12.647,0
12.648,1
12.648,0
12.6489,1
12.6489,0
12.6499,1
12.6499,0
12.6508,1
12.6508,0
12.6518,1
12.6518,0
12.6527,1
12.6527,0
12.6537,1
12.6537,0
12.6546,1
12.6546,0
12.6555,1
12.6555,0
12.6565,1
12.6565,0
12.6574,1
12.6574,0
12.6584,1
12.6584,0
12.6593,1
12.6593,0
12.6603,1
12.6603,0
12.6612,1
12.6612,0
12.6621,1
12.6621,0
12.6631,1
12.6631,0
12.664,1
12.664,0
12.665,1
12.665,0
12.6659,1
12.6659,0
12.6669,1
12.6669,0
12.6678,1
12.6678,0
12.6688,1
12.6688,0
12.6697,1
12.6697,0
12.6706,1
12.6706,0
12.6716,1
12.6716,0
12.6725,1
12.6725,0
12.6735,1
12.6735,0
12.6744,1
12.6744,0
12.6754,1
12.6754,0
12.6763,1
12.6763,0
12.6773,1
12.6773,0
12.6782,1
12.6782,0
12.6791,1
12.6791,0
12.6801,1
12.6801,0
12.681,1
12.681,0
12.682,1
12.682,0
12.6829,1
12.6829,0
12.6839,1
12.6839,0
12.6848,1
12.6848,0
12.6857,1
12.6857,0
12.6867,1
12.6867,0
12.6876,1
12.6876,0
12.6886,1
12.6886,0
12.6895,1
12.6895,0
12.6905,1
12.6905,0
12.6914,1
12.6914,0
12.6924,1
12.6924,0
12.6933,1
12.6933,0
12.6942,1
12.6942,0
12.6952,1
12.6952,0
12.6961,1
12.6961,0
12.6971,1
12.6971,0
12.698,1
12.698,0
12.699,1
12.699,0
12.6999,1
12.6999,0
12.7009,1
12.7009,0
12.7018,1
12.7018,0
12.7027,1
12.7027,0
12.7037,1
12.7037,0
12.7046,1
12.7046,0
12.7056,1
12.7056,0
12.7065,1
12.7065,0
12.7075,1
12.7075,0
12.7084,1
12.7084,0
12.7093,1
12.7093,0
12.7103,1
12.7103,0
12.7112,1
12.7112,0
12.7122,1
12.7122,0
12.7131,1
12.7131,0
12.7141,1
12.7141,0
12.715,1
12.715,0
12.716,1
12.716,0
12.7169,1
12.7169,0
12.7178,1
12.7178,0
12.7188,1
12.7188,0
12.7197,1
12.7197,0
12.7207,1
12.7207,0
12.7216,1
12.7216,0
12.7226,1
12.7226,0
12.7235,1
12.7235,0
12.7245,1
12.7245,0
12.7254,1
12.7254,0
12.7263,1
12.7263,0
12.7273,1
12.7273,0
12.7282,1
12.7282,0
12.7292,1
12.7292,0
12.7301,1
12.7301,0
12.7311,1
12.7311,0
12.732,1
12.732,0
12.7329,1
12.7329,0
12.7339,1
12.7339,0
12.7348,1
12.7348,0
12.7358,1
12.7358,0
12.7367,1
12.7367,0
12.7377,1
12.7377,0
12.7386,1
12.7386,0
12.7396,1
12.7396,0
12.7405,1
12.7405,0
12.7414,1
12.7414,0
12.7424,1
12.7424,0
12.7433,1
12.7433,0
12.7443,1
12.7443,0
12.7452,1
12.7452,0
12.7462,1
12.7462,0
12.7471,1
12.7471,0
12.7481,1
12.7481,0
12.749,1
12.749,0
12.7499,1
12.7499,0
12.7509,1
12.7509,0
12.7518,1
12.7518,0
12.7528,1
12.7528,0
12.7537,1
12.7537,0
12.7547,1
12.7547,0
12.7556,1
12.7556,0
12.7565,1
12.7565,0
12.7575,1
12.7575,0
12.7584,1
12.7584,0
12.7594,1
12.7594,0
12.7603,1
12.7603,0
12.7613,1
12.7613,0
12.7622,1
12.7622,0
12.7632,1
12.7632,0
12.7641,1
12.7641,0
12.765,1
12.765,0
12.766,1
12.766,0
12.7669,1
12.7669,0
12.7679,1
12.7679,0
12.7688,1
12.7688,0
12.7698,1
12.7698,0
12.7707,1
12.7707,0
12.7717,1
12.7717,0
12.7726,1
12.7726,0
12.7735,1
12.7735,0
12.7745,1
12.7745,0
12.7754,1
12.7754,0
12.7764,1
12.7764,0
12.7773,1
12.7773,0
12.7783,1
12.7783,0
12.7792,1
12.7792,0
12.7801,1
12.7801,0
12.7811,1
12.7811,0
12.782,1
12.782,0
12.783,1
12.783,0
12.7839,1
12.7839,0
12.7849,1
12.7849,0
12.7858,1
12.7858,0
12.7868,1
12.7868,0
12.7877,1
12.7877,0
12.7886,1
12.7886,0
12.7896,1
12.7896,0
12.7905,1
12.7905,0
12.7915,1
12.7915,0
12.7924,1
12.7924,0
12.7934,1
12.7934,0
12.7943,1
12.7943,0
12.7953,1
12.7953,0
12.7962,1
12.7962,0
12.7971,1
12.7971,0
12.7981,1
12.7981,0
12.799,1
12.799,0
12.8,1
12.8,0
12.8009,1
12.8009,0
12.8019,1
12.8019,0
12.8028,1
12.8028,0
12.8037,1
12.8037,0
12.8047,1
12.8047,0
12.8056,1
12.8056,0
12.8066,1
12.8066,0
12.8075,1
12.8075,0
12.8085,1
12.8085,0
12.8094,1
12.8094,0
12.8104,1
12.8104,0
12.8113,1
12.8113,0
12.8122,1
12.8122,0
12.8132,1
12.8132,0
12.8141,1
12.8141,0
12.8151,1
12.8151,0
12.816,1
12.816,0
12.817,1
12.817,0
12.8179,1
12.8179,0
12.8189,1
12.8189,0
12.8198,1
12.8198,0
12.8207,1
12.8207,0
12.8217,1
12.8217,0
12.8226,1
12.8226,0
12.8236,1
12.8236,0
12.8245,1
12.8245,0
12.8255,1
12.8255,0
12.8264,1
12.8264,0
12.8273,1
12.8273,0
12.8283,1
12.8283,0
12.8292,1
12.8292,0
12.8302,1
12.8302,0
12.8311,1
12.8311,0
12.8321,1
12.8321,0
12.833,1
12.833,0
12.834,1
12.834,0
12.8349,1
12.8349,0
12.8358,1
12.8358,0
12.8368,1
12.8368,0
12.8377,1
12.8377,0
12.8387,1
12.8387,0
12.8396,1
12.8396,0
12.8406,1
12.8406,0
12.8415,1
12.8415,0
12.8425,1
12.8425,0
12.8434,1
12.8434,0
12.8443,1
12.8443,0
12.8453,1
12.8453,0
12.8462,1
12.8462,0
12.8472,1
12.8472,0
12.8481,1
12.8481,0
12.8491,1
12.8491,0
12.85,1
12.85,0
12.8509,1
12.8509,0
12.8519,1
12.8519,0
12.8528,1
12.8528,0
12.8538,1
12.8538,0
12.8547,1
12.8547,0
12.8557,1
12.8557,0
12.8566,1
12.8566,0
12.8576,1
12.8576,0
12.8585,1
12.8585,0
12.8594,1
12.8594,0
12.8604,1
12.8604,0
12.8613,1
12.8613,0
12.8623,1
12.8623,0
12.8632,1
12.8632,0
12.8642,1
12.8642,0
12.8651,1
12.8651,0
12.8661,1
12.8661,0
12.867,1
12.867,0
12.8679,1
12.8679,0
12.8689,1
12.8689,0
12.8698,1
12.8698,0
12.8708,1
12.8708,0
12.8717,1
12.8717,0
12.8727,1
12.8727,0
12.8736,1
12.8736,0
12.8745,1
12.8745,0
12.8755,1
12.8755,0
12.8764,1
12.8764,0
12.8774,1
12.8774,0
12.8783,1
12.8783,0
12.8793,1
12.8793,0
12.8802,1
12.8802,0
12.8812,1
12.8812,0
12.8821,1
12.8821,0
12.883,1
12.883,0
12.884,1
12.884,0
12.8849,1
12.8849,0
12.8859,1
12.8859,0
12.8868,1
12.8868,0
12.8878,1
12.8878,0
12.8887,1
12.8887,0
12.8897,1
12.8897,0
12.8906,1
12.8906,0
12.8915,1
12.8915,0
12.8925,1
12.8925,0
12.8934,1
12.8934,0
12.8944,1
12.8944,0
12.8953,1
12.8953,0
12.8963,1
12.8963,0
12.8972,1
12.8972,0
12.8981,1
12.8981,0
12.8991,1
12.8991,0
12.9,1
12.9,0
12.901,1
12.901,0
12.9019,1
12.9019,0
12.9029,1
12.9029,0
12.9038,1
12.9038,0
12.9048,1
12.9048,0
12.9057,1
12.9057,0
12.9066,1
12.9066,0
12.9076,1
12.9076,0
12.9085,1
12.9085,0
12.9095,1
12.9095,0
12.9104,1
12.9104,0
12.9114,1
12.9114,0
12.9123,1
12.9123,0
12.9133,1
12.9133,0
12.9142,1
12.9142,0
12.9151,1
12.9151,0
12.9161,1
12.9161,0
12.917,1
12.917,0
12.918,1
12.918,0
12.9189,1
12.9189,0
12.9199,1
12.9199,0
12.9208,1
12.9208,0
12.9217,1
12.9217,0
12.9227,1
12.9227,0
12.9236,1
12.9236,0
12.9246,1
12.9246,0
12.9255,1
12.9255,0
12.9265,1
12.9265,0
12.9274,1
12.9274,0
12.9284,1
12.9284,0
12.9293,1
12.9293,0
12.9302,1
12.9302,0
12.9312,1
12.9312,0
12.9321,1
12.9321,0
12.9331,1
12.9331,0
12.934,1
12.934,0
12.935,1
12.935,0
12.9359,1
12.9359,0
12.9369,1
12.9369,0
12.9378,1
12.9378,0
12.9387,1
12.9387,0
12.9397,1
12.9397,0
12.9406,1
12.9406,0
12.9416,1
12.9416,0
12.9425,1
12.9425,0
12.9435,1
12.9435,0
12.9444,1
12.9444,0
12.9453,1
12.9453,0
12.9463,1
12.9463,0
12.9472,1
12.9472,0
12.9482,1
12.9482,0
12.9491,1
12.9491,0
12.9501,1
12.9501,0
12.951,1
12.951,0
12.952,1
12.952,0
12.9529,1
12.9529,0
12.9538,1
12.9538,0
12.9548,1
12.9548,0
12.9557,1
12.9557,0
12.9567,1
12.9567,0
12.9576,1
12.9576,0
12.9586,1
12.9586,0
12.9595,1
12.9595,0
12.9605,1
12.9605,0
12.9614,1
12.9614,0
12.9623,1
12.9623,0
12.9633,1
12.9633,0
12.9642,1
12.9642,0
12.9652,1
12.9652,0
12.9661,1
12.9661,0
12.9671,1
12.9671,0
12.968,1
12.968,0
12.9689,1
12.9689,0
12.9699,1
12.9699,0
12.9708,1
12.9708,0
12.9718,1
12.9718,0
12.9727,1
12.9727,0
12.9737,1
12.9737,0
12.9746,1
12.9746,0
12.9756,1
12.9756,0
12.9765,1
12.9765,0
12.9774,1
12.9774,0
12.9784,1
12.9784,0
12.9793,1
12.9793,0
12.9803,1
12.9803,0
12.9812,1
12.9812,0
12.9822,1
12.9822,0
12.9831,1
12.9831,0
12.9841,1
12.9841,0
12.985,1
12.985,0
12.9859,1
12.9859,0
12.9869,1
12.9869,0
12.9878,1
12.9878,0
12.9888,1
12.9888,0
12.9897,1
12.9897,0
12.9907,1
12.9907,0
12.9916,1
12.9916,0
12.9925,1
12.9925,0
12.9935,1
12.9935,0
12.9944,1
12.9944,0
12.9954,1
12.9954,0
12.9963,1
12.9963,0
12.9973,1
12.9973,0
12.9982,1
12.9982,0
12.9992,1
12.9992,0
13.0001,1
13.0001,0
13.001,1
13.001,0
13.002,1
13.002,0
13.0029,1
13.0029,0
13.0039,1
13.0039,0
13.0048,1
13.0048,0
13.0058,1
13.0058,0
13.0067,1
13.0067,0
13.0077,1
13.0077,0
13.0086,1
13.0086,0
13.0095,1
13.0095,0
13.0105,1
13.0105,0
13.0114,1
13.0114,0
13.0124,1
13.0124,0
13.0133,1
13.0133,0
13.0143,1
13.0143,0
13.0152,1
13.0152,0
13.0161,1
13.0161,0
13.0171,1
13.0171,0
13.018,1
13.018,0
13.019,1
13.019,0
13.0199,1
13.0199,0
13.0209,1
13.0209,0
13.0218,1
13.0218,0
13.0228,1
13.0228,0
13.0237,1
13.0237,0
13.0246,1
13.0246,0
13.0256,1
13.0256,0
13.0265,1
13.0265,0
13.0275,1
13.0275,0
13.0284,1
13.0284,0
13.0294,1
13.0294,0
13.0303,1
13.0303,0
13.0313,1
13.0313,0
13.0322,1
13.0322,0
13.0331,1
13.0331,0
13.0341,1
13.0341,0
13.035,1
13.035,0
13.036,1
13.036,0
13.0369,1
13.0369,0
13.0379,1
13.0379,0
13.0388,1
13.0388,0
13.0397,1
13.0397,0
13.0407,1
13.0407,0
13.0416,1
13.0416,0
13.0426,1
13.0426,0
13.0435,1
13.0435,0
13.0445,1
13.0445,0
13.0454,1
13.0454,0
13.0464,1
13.0464,0
13.0473,1
13.0473,0
13.0482,1
13.0482,0
13.0492,1
13.0492,0
13.0501,1
13.0501,0
13.0511,1
13.0511,0
13.052,1
13.052,0
13.053,1
13.053,0
13.0539,1
13.0539,0
13.0549,1
13.0549,0
13.0558,1
13.0558,0
13.0567,1
13.0567,0
13.0577,1
13.0577,0
13.0586,1
13.0586,0
13.0596,1
13.0596,0
13.0605,1
13.0605,0
13.0615,1
13.0615,0
13.0624,1
13.0624,0
13.0633,1
13.0633,0
13.0643,1
13.0643,0
13.0652,1
13.0652,0
13.0662,1
13.0662,0
13.0671,1
13.0671,0
13.0681,1
13.0681,0
13.069,1
13.069,0
13.07,1
13.07,0
13.0709,1
13.0709,0
13.0718,1
13.0718,0
13.0728,1
13.0728,0
13.0737,1
13.0737,0
13.0747,1
13.0747,0
13.0756,1
13.0756,0
13.0766,1
13.0766,0
13.0775,1
13.0775,0
13.0785,1
13.0785,0
13.0794,1
13.0794,0
13.0803,1
13.0803,0
13.0813,1
13.0813,0
13.0822,1
13.0822,0
13.0832,1
13.0832,0
13.0841,1
13.0841,0
13.0851,1
13.0851,0
13.086,1
13.086,0
13.0869,1
13.0869,0
13.0879,1
13.0879,0
13.0888,1
13.0888,0
13.0898,1
13.0898,0
13.0907,1
13.0907,0
13.0917,1
13.0917,0
13.0926,1
13.0926,0
13.0936,1
13.0936,0
13.0945,1
13.0945,0
13.0954,1
13.0954,0
13.0964,1
13.0964,0
13.0973,1
13.0973,0
13.0983,1
13.0983,0
13.0992,1
13.0992,0
13.1002,1
13.1002,0
13.1011,1
13.1011,0
13.1021,1
13.1021,0
13.103,1
13.103,0
13.1039,1
13.1039,0
13.1049,1
13.1049,0
13.1058,1
13.1058,0
13.1068,1
13.1068,0
13.1077,1
13.1077,0
13.1087,1
13.1087,0
13.1096,1
13.1096,0
13.1105,1
13.1105,0
13.1115,1
13.1115,0
13.1124,1
13.1124,0
13.1134,1
13.1134,0
13.1143,1
13.1143,0
13.1153,1
13.1153,0
13.1162,1
13.1162,0
13.1172,1
13.1172,0
13.1181,1
13.1181,0
13.119,1
13.119,0
13.12,1
13.12,0
13.1209,1
13.1209,0
13.1219,1
13.1219,0
13.1228,1
13.1228,0
13.1238,1
13.1238,0
13.1247,1
13.1247,0
13.1257,1
13.1257,0
13.1266,1
13.1266,0
13.1275,1
13.1275,0
13.1285,1
13.1285,0
13.1294,1
13.1294,0
13.1304,1
13.1304,0
13.1313,1
13.1313,0
13.1323,1
13.1323,0
13.1332,1
13.1332,0
13.1341,1
13.1341,0
13.1351,1
13.1351,0
13.136,1
13.136,0
13.137,1
13.137,0
13.1379,1
13.1379,0
13.1389,1
13.1389,0
13.1398,1
13.1398,0
13.1408,1
13.1408,0
13.1417,1
13.1417,0
13.1426,1
13.1426,0
13.1436,1
13.1436,0
13.1445,1
13.1445,0
13.1455,1
13.1455,0
13.1464,1
13.1464,0
13.1474,1
13.1474,0
13.1483,1
13.1483,0
13.1493,1
13.1493,0
13.1502,1
13.1502,0
13.1511,1
13.1511,0
13.1521,1
13.1521,0
13.153,1
13.153,0
13.154,1
13.154,0
13.1549,1
13.1549,0
13.1559,1
13.1559,0
13.1568,1
13.1568,0
13.1577,1
13.1577,0
13.1587,1
13.1587,0
13.1596,1
13.1596,0
13.1606,1
13.1606,0
13.1615,1
13.1615,0
13.1625,1
13.1625,0
13.1634,1
13.1634,0
13.1644,1
13.1644,0
13.1653,1
13.1653,0
13.1662,1
13.1662,0
13.1672,1
13.1672,0
13.1681,1
13.1681,0
13.1691,1
13.1691,0
13.17,1
13.17,0
13.171,1
13.171,0
13.1719,1
13.1719,0
13.1729,1
13.1729,0
13.1738,1
13.1738,0
13.1747,1
13.1747,0
13.1757,1
13.1757,0
13.1766,1
13.1766,0
13.1776,1
13.1776,0
13.1785,1
13.1785,0
13.1795,1
13.1795,0
13.1804,1
13.1804,0
13.1813,1
13.1813,0
13.1823,1
13.1823,0
13.1832,1
13.1832,0
13.1842,1
13.1842,0
13.1851,1
13.1851,0
13.1861,1
13.1861,0
13.187,1
13.187,0
13.188,1
13.188,0
13.1889,1
13.1889,0
13.1898,1
13.1898,0
13.1908,1
13.1908,0
13.1917,1
13.1917,0
13.1927,1
13.1927,0
13.1936,1
13.1936,0
13.1946,1
13.1946,0
13.1955,1
13.1955,0
13.1965,1
13.1965,0
13.1974,1
13.1974,0
13.1983,1
13.1983,0
13.1993,1
13.1993,0
13.2002,1
13.2002,0
13.2012,1
13.2012,0
13.2021,1
13.2021,0
13.2031,1
13.2031,0
13.204,1
13.204,0
13.2049,1
13.2049,0
13.2059,1
13.2059,0
13.2068,1
13.2068,0
13.2078,1
13.2078,0
13.2087,1
13.2087,0
13.2097,1
13.2097,0
13.2106,1
13.2106,0
13.2116,1
13.2116,0
13.2125,1
13.2125,0
13.2134,1
13.2134,0
13.2144,1
13.2144,0
13.2153,1
13.2153,0
13.2163,1
13.2163,0
13.2172,1
13.2172,0
13.2182,1
13.2182,0
13.2191,1
13.2191,0
13.2201,1
13.2201,0
13.221,1
13.221,0
13.2219,1
13.2219,0
13.2229,1
13.2229,0
13.2238,1
13.2238,0
13.2248,1
13.2248,0
13.2257,1
13.2257,0
13.2267,1
13.2267,0
13.2276,1
13.2276,0
13.2285,1
13.2285,0
13.2295,1
13.2295,0
13.2304,1
13.2304,0
13.2314,1
13.2314,0
13.2323,1
13.2323,0
13.2333,1
13.2333,0
13.2342,1
13.2342,0
13.2352,1
13.2352,0
13.2361,1
13.2361,0
13.237,1
13.237,0
13.238,1
13.238,0
13.2389,1
13.2389,0
13.2399,1
13.2399,0
13.2408,1
13.2408,0
13.2418,1
13.2418,0
13.2427,1
13.2427,0
13.2437,1
13.2437,0
13.2446,1
13.2446,0
13.2455,1
13.2455,0
13.2465,1
13.2465,0
13.2474,1
13.2474,0
13.2484,1
13.2484,0
13.2493,1
13.2493,0
13.2503,1
13.2503,0
13.2512,1
13.2512,0
13.2521,1
13.2521,0
13.2531,1
13.2531,0
13.254,1
13.254,0
13.255,1
13.255,0
13.2559,1
13.2559,0
13.2569,1
13.2569,0
13.2578,1
13.2578,0
13.2588,1
13.2588,0
13.2597,1
13.2597,0
13.2606,1
13.2606,0
13.2616,1
13.2616,0
13.2625,1
13.2625,0
13.2635,1
13.2635,0
13.2644,1
13.2644,0
13.2654,1
13.2654,0
13.2663,1
13.2663,0
13.2673,1
13.2673,0
13.2682,1
13.2682,0
13.2691,1
13.2691,0
13.2701,1
13.2701,0
13.271,1
13.271,0
13.272,1
13.272,0
13.2729,1
13.2729,0
13.2739,1
13.2739,0
13.2748,1
13.2748,0
13.2757,1
13.2757,0
13.2767,1
13.2767,0
13.2776,1
13.2776,0
13.2786,1
13.2786,0
13.2795,1
13.2795,0
13.2805,1
13.2805,0
13.2814,1
13.2814,0
13.2824,1
13.2824,0
13.2833,1
13.2833,0
13.2842,1
13.2842,0
13.2852,1
13.2852,0
13.2861,1
13.2861,0
13.2871,1
13.2871,0
13.288,1
13.288,0
13.289,1
13.289,0
13.2899,1
13.2899,0
13.2909,1
13.2909,0
13.2918,1
13.2918,0
13.2927,1
13.2927,0
13.2937,1
13.2937,0
13.2946,1
13.2946,0
13.2956,1
13.2956,0
13.2965,1
13.2965,0
13.2975,1
13.2975,0
13.2984,1
13.2984,0
13.2993,1
13.2993,0
13.3003,1
13.3003,0
13.3012,1
13.3012,0
13.3022,1
13.3022,0
13.3031,1
13.3031,0
13.3041,1
13.3041,0
13.305,1
13.305,0
13.306,1
13.306,0
13.3069,1
13.3069,0
13.3078,1
13.3078,0
13.3088,1
13.3088,0
13.3097,1
13.3097,0
13.3107,1
13.3107,0
13.3116,1
13.3116,0
13.3126,1
13.3126,0
13.3135,1
13.3135,0
13.3145,1
13.3145,0
13.3154,1
13.3154,0
13.3163,1
13.3163,0
13.3173,1
13.3173,0
13.3182,1
13.3182,0
13.3192,1
13.3192,0
13.3201,1
13.3201,0
13.3211,1
13.3211,0
13.322,1
13.322,0
13.3229,1
13.3229,0
13.3239,1
13.3239,0
13.3248,1
13.3248,0
13.3258,1
13.3258,0
13.3267,1
13.3267,0
13.3277,1
13.3277,0
13.3286,1
13.3286,0
13.3296,1
13.3296,0
13.3305,1
13.3305,0
13.3314,1
13.3314,0
13.3324,1
13.3324,0
13.3333,1
13.3333,0
13.3343,1
13.3343,0
13.3352,1
13.3352,0
13.3362,1
13.3362,0
13.3371,1
13.3371,0
13.3381,1
13.3381,0
13.339,1
13.339,0
13.3399,1
13.3399,0
13.3409,1
13.3409,0
13.3418,1
13.3418,0
13.3428,1
13.3428,0
13.3437,1
13.3437,0
13.3447,1
13.3447,0
13.3456,1
13.3456,0
13.3465,1
13.3465,0
13.3475,1
13.3475,0
13.3484,1
13.3484,0
13.3494,1
13.3494,0
13.3503,1
13.3503,0
13.3513,1
13.3513,0
13.3522,1
13.3522,0
13.3532,1
13.3532,0
13.3541,1
13.3541,0
13.355,1
13.355,0
13.356,1
13.356,0
13.3569,1
13.3569,0
13.3579,1
13.3579,0
13.3588,1
13.3588,0
13.3598,1
13.3598,0
13.3607,1
13.3607,0
13.3617,1
13.3617,0
13.3626,1
13.3626,0
13.3635,1
13.3635,0
13.3645,1
13.3645,0
13.3654,1
13.3654,0
13.3664,1
13.3664,0
13.3673,1
13.3673,0
13.3683,1
13.3683,0
13.3692,1
13.3692,0
13.3701,1
13.3701,0
13.3711,1
13.3711,0
13.372,1
13.372,0
13.373,1
13.373,0
13.3739,1
13.3739,0
13.3749,1
13.3749,0
13.3758,1
13.3758,0
13.3768,1
13.3768,0
13.3777,1
13.3777,0
13.3786,1
13.3786,0
13.3796,1
13.3796,0
13.3805,1
13.3805,0
13.3815,1
13.3815,0
13.3824,1
13.3824,0
13.3834,1
13.3834,0
13.3843,1
13.3843,0
13.3853,1
13.3853,0
13.3862,1
13.3862,0
13.3871,1
13.3871,0
13.3881,1
13.3881,0
13.389,1
13.389,0
13.39,1
13.39,0
13.3909,1
13.3909,0
13.3919,1
13.3919,0
13.3928,1
13.3928,0
13.3937,1
13.3937,0
13.3947,1
13.3947,0
13.3956,1
13.3956,0
13.3966,1
13.3966,0
13.3975,1
13.3975,0
13.3985,1
13.3985,0
13.3994,1
13.3994,0
13.4004,1
13.4004,0
13.4013,1
13.4013,0
13.4022,1
13.4022,0
13.4032,1
13.4032,0
13.4041,1
13.4041,0
13.4051,1
13.4051,0
13.406,1
13.406,0
13.407,1
13.407,0
13.4079,1
13.4079,0
13.4089,1
13.4089,0
13.4098,1
13.4098,0
13.4107,1
13.4107,0
13.4117,1
13.4117,0
13.4126,1
13.4126,0
13.4136,1
13.4136,0
13.4145,1
13.4145,0
13.4155,1
13.4155,0
13.4164,1
13.4164,0
13.4173,1
13.4173,0
13.4183,1
13.4183,0
13.4192,1
13.4192,0
13.4202,1
13.4202,0
13.4211,1
13.4211,0
13.4221,1
13.4221,0
13.423,1
13.423,0
13.424,1
13.424,0
13.4249,1
13.4249,0
13.4258,1
13.4258,0
13.4268,1
13.4268,0
13.4277,1
13.4277,0
13.4287,1
13.4287,0
13.4296,1
13.4296,0
13.4306,1
13.4306,0
13.4315,1
13.4315,0
13.4325,1
13.4325,0
13.4334,1
13.4334,0
13.4343,1
13.4343,0
13.4353,1
13.4353,0
13.4362,1
13.4362,0
13.4372,1
13.4372,0
13.4381,1
13.4381,0
13.4391,1
13.4391,0
13.44,1
13.44,0
13.4409,1
13.4409,0
13.4419,1
13.4419,0
13.4428,1
13.4428,0
13.4438,1
13.4438,0
13.4447,1
13.4447,0
13.4457,1
13.4457,0
13.4466,1
13.4466,0
13.4476,1
13.4476,0
13.4485,1
13.4485,0
13.4494,1
13.4494,0
13.4504,1
13.4504,0
13.4513,1
13.4513,0
13.4523,1
13.4523,0
13.4532,1
13.4532,0
13.4542,1
13.4542,0
13.4551,1
13.4551,0
13.4561,1
13.4561,0
13.457,1
13.457,0
13.4579,1
13.4579,0
13.4589,1
13.4589,0
13.4598,1
13.4598,0
13.4608,1
13.4608,0
13.4617,1
13.4617,0
13.4627,1
13.4627,0
13.4636,1
13.4636,0
13.4645,1
13.4645,0
13.4655,1
13.4655,0
13.4664,1
13.4664,0
13.4674,1
13.4674,0
13.4683,1
13.4683,0
13.4693,1
13.4693,0
13.4702,1
13.4702,0
13.4712,1
13.4712,0
13.4721,1
13.4721,0
13.473,1
13.473,0
13.474,1
13.474,0
13.4749,1
13.4749,0
13.4759,1
13.4759,0
13.4768,1
13.4768,0
13.4778,1
13.4778,0
13.4787,1
13.4787,0
13.4797,1
13.4797,0
13.4806,1
13.4806,0
13.4815,1
13.4815,0
13.4825,1
13.4825,0
13.4834,1
13.4834,0
13.4844,1
13.4844,0
13.4853,1
13.4853,0
13.4863,1
13.4863,0
13.4872,1
13.4872,0
13.4881,1
13.4881,0
13.4891,1
13.4891,0
13.49,1
13.49,0
13.491,1
13.491,0
13.4919,1
13.4919,0
13.4929,1
13.4929,0
13.4938,1
13.4938,0
13.4948,1
13.4948,0
13.4957,1
13.4957,0
13.4966,1
13.4966,0
13.4976,1
13.4976,0
13.4985,1
13.4985,0
13.4995,1
13.4995,0
13.5004,1
13.5004,0
13.5014,1
13.5014,0
13.5023,1
13.5023,0
13.5033,1
13.5033,0
13.5042,1
13.5042,0
13.5051,1
13.5051,0
13.5061,1
13.5061,0
13.507,1
13.507,0
13.508,1
13.508,0
13.5089,1
13.5089,0
13.5099,1
13.5099,0
13.5108,1
13.5108,0
13.5117,1
13.5117,0
13.5127,1
13.5127,0
13.5136,1
13.5136,0
13.5146,1
13.5146,0
13.5155,1
13.5155,0
13.5165,1
13.5165,0
13.5174,1
13.5174,0
13.5184,1
13.5184,0
13.5193,1
13.5193,0
13.5202,1
13.5202,0
13.5212,1
13.5212,0
13.5221,1
13.5221,0
13.5231,1
13.5231,0
13.524,1
13.524,0
13.525,1
13.525,0
13.5259,1
13.5259,0
13.5269,1
13.5269,0
13.5278,1
13.5278,0
13.5287,1
13.5287,0
13.5297,1
13.5297,0
13.5306,1
13.5306,0
13.5316,1
13.5316,0
13.5325,1
13.5325,0
13.5335,1
13.5335,0
13.5344,1
13.5344,0
13.5353,1
13.5353,0
13.5363,1
13.5363,0
13.5372,1
13.5372,0
13.5382,1
13.5382,0
13.5391,1
13.5391,0
13.5401,1
13.5401,0
13.541,1
13.541,0
13.542,1
13.542,0
13.5429,1
13.5429,0
13.5438,1
13.5438,0
13.5448,1
13.5448,0
13.5457,1
13.5457,0
13.5467,1
13.5467,0
13.5476,1
13.5476,0
13.5486,1
13.5486,0
13.5495,1
13.5495,0
13.5505,1
13.5505,0
13.5514,1
13.5514,0
13.5523,1
13.5523,0
13.5533,1
13.5533,0
13.5542,1
13.5542,0
13.5552,1
13.5552,0
13.5561,1
13.5561,0
13.5571,1
13.5571,0
13.558,1
13.558,0
13.5589,1
13.5589,0
13.5599,1
13.5599,0
13.5608,1
13.5608,0
13.5618,1
13.5618,0
13.5627,1
13.5627,0
13.5637,1
13.5637,0
13.5646,1
13.5646,0
13.5656,1
13.5656,0
13.5665,1
13.5665,0
13.5674,1
13.5674,0
13.5684,1
13.5684,0
13.5693,1
13.5693,0
13.5703,1
13.5703,0
13.5712,1
13.5712,0
13.5722,1
13.5722,0
13.5731,1
13.5731,0
13.5741,1
13.5741,0
13.575,1
13.575,0
13.5759,1
13.5759,0
13.5769,1
13.5769,0
13.5778,1
13.5778,0
13.5788,1
13.5788,0
13.5797,1
13.5797,0
13.5807,1
13.5807,0
13.5816,1
13.5816,0
13.5825,1
13.5825,0
13.5835,1
13.5835,0
13.5844,1
13.5844,0
13.5854,1
13.5854,0
13.5863,1
13.5863,0
13.5873,1
13.5873,0
13.5882,1
13.5882,0
13.5892,1
13.5892,0
13.5901,1
13.5901,0
13.591,1
13.591,0
13.592,1
13.592,0
13.5929,1
13.5929,0
13.5939,1
13.5939,0
13.5948,1
13.5948,0
13.5958,1
13.5958,0
13.5967,1
13.5967,0
13.5977,1
13.5977,0
13.5986,1
13.5986,0
13.5995,1
13.5995,0
13.6005,1
13.6005,0
13.6014,1
13.6014,0
13.6024,1
13.6024,0
13.6033,1
13.6033,0
13.6043,1
13.6043,0
13.6052,1
13.6052,0
13.6061,1
13.6061,0
13.6071,1
13.6071,0
13.608,1
13.608,0
13.609,1
13.609,0
13.6099,1
13.6099,0
13.6109,1
13.6109,0
13.6118,1
13.6118,0
13.6128,1
13.6128,0
13.6137,1
13.6137,0
13.6146,1
13.6146,0
13.6156,1
13.6156,0
13.6165,1
13.6165,0
13.6175,1
13.6175,0
13.6184,1
13.6184,0
13.6194,1
13.6194,0
13.6203,1
13.6203,0
13.6213,1
13.6213,0
13.6222,1
13.6222,0
13.6231,1
13.6231,0
13.6241,1
13.6241,0
13.625,1
13.625,0
13.626,1
13.626,0
13.6269,1
13.6269,0
13.6279,1
13.6279,0
13.6288,1
13.6288,0
13.6297,1
13.6297,0
13.6307,1
13.6307,0
13.6316,1
13.6316,0
13.6326,1
13.6326,0
13.6335,1
13.6335,0
13.6345,1
13.6345,0
13.6354,1
13.6354,0
13.6364,1
13.6364,0
13.6373,1
13.6373,0
13.6382,1
13.6382,0
13.6392,1
13.6392,0
13.6401,1
13.6401,0
13.6411,1
13.6411,0
13.642,1
13.642,0
13.643,1
13.643,0
13.6439,1
13.6439,0
13.6449,1
13.6449,0
13.6458,1
13.6458,0
13.6467,1
13.6467,0
13.6477,1
13.6477,0
13.6486,1
13.6486,0
13.6496,1
13.6496,0
13.6505,1
13.6505,0
13.6515,1
13.6515,0
13.6524,1
13.6524,0
13.6533,1
13.6533,0
13.6543,1
13.6543,0
13.6552,1
13.6552,0
13.6562,1
13.6562,0
13.6571,1
13.6571,0
13.6581,1
13.6581,0
13.659,1
13.659,0
13.66,1
13.66,0
13.6609,1
13.6609,0
13.6618,1
13.6618,0
13.6628,1
13.6628,0
13.6637,1
13.6637,0
13.6647,1
13.6647,0
13.6656,1
13.6656,0
13.6666,1
13.6666,0
13.6675,1
13.6675,0
13.6685,1
13.6685,0
13.6694,1
13.6694,0
13.6703,1
13.6703,0
13.6713,1
13.6713,0
13.6722,1
13.6722,0
13.6732,1
13.6732,0
13.6741,1
13.6741,0
13.6751,1
13.6751,0
13.676,1
13.676,0
13.6769,1
13.6769,0
13.6779,1
13.6779,0
13.6788,1
13.6788,0
13.6798,1
13.6798,0
13.6807,1
13.6807,0
13.6817,1
13.6817,0
13.6826,1
13.6826,0
13.6836,1
13.6836,0
13.6845,1
13.6845,0
13.6854,1
13.6854,0
13.6864,1
13.6864,0
13.6873,1
13.6873,0
13.6883,1
13.6883,0
13.6892,1
13.6892,0
13.6902,1
13.6902,0
13.6911,1
13.6911,0
13.6921,1
13.6921,0
13.693,1
13.693,0
13.6939,1
13.6939,0
13.6949,1
13.6949,0
13.6958,1
13.6958,0
13.6968,1
13.6968,0
13.6977,1
13.6977,0
13.6987,1
13.6987,0
13.6996,1
13.6996,0
13.7005,1
13.7005,0
13.7015,1
13.7015,0
13.7024,1
13.7024,0
13.7034,1
13.7034,0
13.7043,1
13.7043,0
13.7053,1
13.7053,0
13.7062,1
13.7062,0
13.7072,1
13.7072,0
13.7081,1
13.7081,0
13.709,1
13.709,0
13.71,1
13.71,0
13.7109,1
13.7109,0
13.7119,1
13.7119,0
13.7128,1
13.7128,0
13.7138,1
13.7138,0
13.7147,1
13.7147,0
13.7157,1
13.7157,0
13.7166,1
13.7166,0
13.7175,1
13.7175,0
13.7185,1
13.7185,0
13.7194,1
13.7194,0
13.7204,1
13.7204,0
13.7213,1
13.7213,0
13.7223,1
13.7223,0
13.7232,1
13.7232,0
13.7241,1
13.7241,0
13.7251,1
13.7251,0
13.726,1
13.726,0
13.727,1
13.727,0
13.7279,1
13.7279,0
13.7289,1
13.7289,0
13.7298,1
13.7298,0
13.7308,1
13.7308,0
13.7317,1
13.7317,0
13.7326,1
13.7326,0
13.7336,1
13.7336,0
13.7345,1
13.7345,0
13.7355,1
13.7355,0
13.7364,1
13.7364,0
13.7374,1
13.7374,0
13.7383,1
13.7383,0
13.7393,1
13.7393,0
13.7402,1
13.7402,0
13.7411,1
13.7411,0
13.7421,1
13.7421,0
13.743,1
13.743,0
13.744,1
13.744,0
13.7449,1
13.7449,0
13.7459,1
13.7459,0
13.7468,1
13.7468,0
13.7477,1
13.7477,0
13.7487,1
13.7487,0
13.7496,1
13.7496,0
13.7506,1
13.7506,0
13.7515,1
13.7515,0
13.7525,1
13.7525,0
13.7534,1
13.7534,0
13.7544,1
13.7544,0
13.7553,1
13.7553,0
13.7562,1
13.7562,0
13.7572,1
13.7572,0
13.7581,1
13.7581,0
13.7591,1
13.7591,0
13.76,1
13.76,0
13.761,1
13.761,0
13.7619,1
13.7619,0
13.7629,1
13.7629,0
13.7638,1
13.7638,0
13.7647,1
13.7647,0
13.7657,1
13.7657,0
13.7666,1
13.7666,0
13.7676,1
13.7676,0
13.7685,1
13.7685,0
13.7695,1
13.7695,0
13.7704,1
13.7704,0
13.7713,1
13.7713,0
13.7723,1
13.7723,0
13.7732,1
13.7732,0
13.7742,1
13.7742,0
13.7751,1
13.7751,0
13.7761,1
13.7761,0
13.777,1
13.777,0
13.778,1
13.778,0
13.7789,1
13.7789,0
13.7798,1
13.7798,0
13.7808,1
13.7808,0
13.7817,1
13.7817,0
13.7827,1
13.7827,0
13.7836,1
13.7836,0
13.7846,1
13.7846,0
13.7855,1
13.7855,0
13.7865,1
13.7865,0
13.7874,1
13.7874,0
13.7883,1
13.7883,0
13.7893,1
13.7893,0
13.7902,1
13.7902,0
13.7912,1
13.7912,0
13.7921,1
13.7921,0
13.7931,1
13.7931,0
13.794,1
13.794,0
13.7949,1
13.7949,0
13.7959,1
13.7959,0
13.7968,1
13.7968,0
13.7978,1
13.7978,0
13.7987,1
13.7987,0
13.7997,1
13.7997,0
13.8006,1
13.8006,0
13.8016,1
13.8016,0
13.8025,1
13.8025,0
13.8034,1
13.8034,0
13.8044,1
13.8044,0
13.8053,1
13.8053,0
13.8063,1
13.8063,0
13.8072,1
13.8072,0
13.8082,1
13.8082,0
13.8091,1
13.8091,0
13.8101,1
13.8101,0
13.811,1
13.811,0
13.8119,1
13.8119,0
13.8129,1
13.8129,0
13.8138,1
13.8138,0
13.8148,1
13.8148,0
13.8157,1
13.8157,0
13.8167,1
13.8167,0
13.8176,1
13.8176,0
13.8185,1
13.8185,0
13.8195,1
13.8195,0
13.8204,1
13.8204,0
13.8214,1
13.8214,0
13.8223,1
13.8223,0
13.8233,1
13.8233,0
13.8242,1
13.8242,0
13.8252,1
13.8252,0
13.8261,1
13.8261,0
13.827,1
13.827,0
13.828,1
13.828,0
13.8289,1
13.8289,0
13.8299,1
13.8299,0
13.8308,1
13.8308,0
13.8318,1
13.8318,0
13.8327,1
13.8327,0
13.8337,1
13.8337,0
13.8346,1
13.8346,0
13.8355,1
13.8355,0
13.8365,1
13.8365,0
13.8374,1
13.8374,0
13.8384,1
13.8384,0
13.8393,1
13.8393,0
13.8403,1
13.8403,0
13.8412,1
13.8412,0
13.8421,1
13.8421,0
13.8431,1
13.8431,0
13.844,1
13.844,0
13.845,1
13.845,0
13.8459,1
13.8459,0
13.8469,1
13.8469,0
13.8478,1
13.8478,0
13.8488,1
13.8488,0
13.8497,1
13.8497,0
13.8506,1
13.8506,0
13.8516,1
13.8516,0
13.8525,1
13.8525,0
13.8535,1
13.8535,0
13.8544,1
13.8544,0
13.8554,1
13.8554,0
13.8563,1
13.8563,0
13.8573,1
13.8573,0
13.8582,1
13.8582,0
13.8591,1
13.8591,0
13.8601,1
13.8601,0
13.861,1
13.861,0
13.862,1
13.862,0
13.8629,1
13.8629,0
13.8639,1
13.8639,0
13.8648,1
13.8648,0
13.8657,1
13.8657,0
13.8667,1
13.8667,0
13.8676,1
13.8676,0
13.8686,1
13.8686,0
13.8695,1
13.8695,0
13.8705,1
13.8705,0
13.8714,1
13.8714,0
13.8724,1
13.8724,0
13.8733,1
13.8733,0
13.8742,1
13.8742,0
13.8752,1
13.8752,0
13.8761,1
13.8761,0
13.8771,1
13.8771,0
13.878,1
13.878,0
13.879,1
13.879,0
13.8799,1
13.8799,0
13.8809,1
13.8809,0
13.8818,1
13.8818,0
13.8827,1
13.8827,0
13.8837,1
13.8837,0
13.8846,1
13.8846,0
13.8856,1
13.8856,0
13.8865,1
13.8865,0
13.8875,1
13.8875,0
13.8884,1
13.8884,0
13.8893,1
13.8893,0
13.8903,1
13.8903,0
13.8912,1
13.8912,0
13.8922,1
13.8922,0
13.8931,1
13.8931,0
13.8941,1
13.8941,0
13.895,1
13.895,0
13.896,1
13.896,0
13.8969,1
13.8969,0
13.8978,1
13.8978,0
13.8988,1
13.8988,0
13.8997,1
13.8997,0
13.9007,1
13.9007,0
13.9016,1
13.9016,0
13.9026,1
13.9026,0
13.9035,1
13.9035,0
13.9045,1
13.9045,0
13.9054,1
13.9054,0
13.9063,1
13.9063,0
13.9073,1
13.9073,0
13.9082,1
13.9082,0
13.9092,1
13.9092,0
13.9101,1
13.9101,0
13.9111,1
13.9111,0
13.912,1
13.912,0
13.9129,1
13.9129,0
13.9139,1
13.9139,0
13.9148,1
13.9148,0
13.9158,1
13.9158,0
13.9167,1
13.9167,0
13.9177,1
13.9177,0
13.9186,1
13.9186,0
13.9196,1
13.9196,0
13.9205,1
13.9205,0
13.9214,1
13.9214,0
13.9224,1
13.9224,0
13.9233,1
13.9233,0
13.9243,1
13.9243,0
13.9252,1
13.9252,0
13.9262,1
13.9262,0
13.9271,1
13.9271,0
13.9281,1
13.9281,0
13.929,1
13.929,0
13.9299,1
13.9299,0
13.9309,1
13.9309,0
13.9318,1
13.9318,0
13.9328,1
13.9328,0
13.9337,1
13.9337,0
13.9347,1
13.9347,0
13.9356,1
13.9356,0
13.9365,1
13.9365,0
13.9375,1
13.9375,0
13.9384,1
13.9384,0
13.9394,1
13.9394,0
13.9403,1
13.9403,0
13.9413,1
13.9413,0
13.9422,1
13.9422,0
13.9432,1
13.9432,0
13.9441,1
13.9441,0
13.945,1
13.945,0
13.946,1
13.946,0
13.9469,1
13.9469,0
13.9479,1
13.9479,0
13.9488,1
13.9488,0
13.9498,1
13.9498,0
13.9507,1
13.9507,0
13.9517,1
13.9517,0
13.9526,1
13.9526,0
13.9535,1
13.9535,0
13.9545,1
13.9545,0
13.9554,1
13.9554,0
13.9564,1
13.9564,0
13.9573,1
13.9573,0
13.9583,1
13.9583,0
13.9592,1
13.9592,0
13.9601,1
13.9601,0
13.9611,1
13.9611,0
13.962,1
13.962,0
13.963,1
13.963,0
13.9639,1
13.9639,0
13.9649,1
13.9649,0
13.9658,1
13.9658,0
13.9668,1
13.9668,0
13.9677,1
13.9677,0
13.9686,1
13.9686,0
13.9696,1
13.9696,0
13.9705,1
13.9705,0
13.9715,1
13.9715,0
13.9724,1
13.9724,0
13.9734,1
13.9734,0
13.9743,1
13.9743,0
13.9753,1
13.9753,0
13.9762,1
13.9762,0
13.9771,1
13.9771,0
13.9781,1
13.9781,0
13.979,1
13.979,0
13.98,1
13.98,0
13.9809,1
13.9809,0
13.9819,1
13.9819,0
13.9828,1
13.9828,0
13.9837,1
13.9837,0
13.9847,1
13.9847,0
13.9856,1
13.9856,0
13.9866,1
13.9866,0
13.9875,1
13.9875,0
13.9885,1
13.9885,0
13.9894,1
13.9894,0
13.9904,1
13.9904,0
13.9913,1
13.9913,0
13.9922,1
13.9922,0
13.9932,1
13.9932,0
13.9941,1
13.9941,0
13.9951,1
13.9951,0
13.996,1
13.996,0
13.997,1
13.997,0
13.9979,1
13.9979,0
13.9989,1
13.9989,0
13.9998,1
13.9998,0
14.0007,1
14.0007,0
14.0017,1
14.0017,0
14.0026,1
14.0026,0
14.0036,1
14.0036,0
14.0045,1
14.0045,0
14.0055,1
14.0055,0
14.0064,1
14.0064,0
14.0073,1
14.0073,0
14.0083,1
14.0083,0
14.0092,1
14.0092,0
14.0102,1
14.0102,0
14.0111,1
14.0111,0
14.0121,1
14.0121,0
14.013,1
14.013,0
14.014,1
14.014,0
14.0149,1
14.0149,0
14.0158,1
14.0158,0
14.0168,1
14.0168,0
14.0177,1
14.0177,0
14.0187,1
14.0187,0
14.0196,1
14.0196,0
14.0206,1
14.0206,0
14.0215,1
14.0215,0
14.0225,1
14.0225,0
14.0234,1
14.0234,0
14.0243,1
14.0243,0
14.0253,1
14.0253,0
14.0262,1
14.0262,0
14.0272,1
14.0272,0
14.0281,1
14.0281,0
14.0291,1
14.0291,0
14.03,1
14.03,0
14.0309,1
14.0309,0
14.0319,1
14.0319,0
14.0328,1
14.0328,0
14.0338,1
14.0338,0
14.0347,1
14.0347,0
14.0357,1
14.0357,0
14.0366,1
14.0366,0
14.0376,1
14.0376,0
14.0385,1
14.0385,0
14.0394,1
14.0394,0
14.0404,1
14.0404,0
14.0413,1
14.0413,0
14.0423,1
14.0423,0
14.0432,1
14.0432,0
14.0442,1
14.0442,0
14.0451,1
14.0451,0
14.0461,1
14.0461,0
14.047,1
14.047,0
14.0479,1
14.0479,0
14.0489,1
14.0489,0
14.0498,1
14.0498,0
14.0508,1
14.0508,0
14.0517,1
14.0517,0
14.0527,1
14.0527,0
14.0536,1
14.0536,0
14.0545,1
14.0545,0
14.0555,1
14.0555,0
14.0564,1
14.0564,0
14.0574,1
14.0574,0
14.0583,1
14.0583,0
14.0593,1
14.0593,0
14.0602,1
14.0602,0
14.0612,1
14.0612,0
14.0621,1
14.0621,0
14.063,1
14.063,0
14.064,1
14.064,0
14.0649,1
14.0649,0
14.0659,1
14.0659,0
14.0668,1
14.0668,0
14.0678,1
14.0678,0
14.0687,1
14.0687,0
14.0697,1
14.0697,0
14.0706,1
14.0706,0
14.0715,1
14.0715,0
14.0725,1
14.0725,0
14.0734,1
14.0734,0
14.0744,1
14.0744,0
14.0753,1
14.0753,0
14.0763,1
14.0763,0
14.0772,1
14.0772,0
14.0781,1
14.0781,0
14.0791,1
14.0791,0
14.08,1
14.08,0
14.081,1
14.081,0
14.0819,1
14.0819,0
14.0829,1
14.0829,0
14.0838,1
14.0838,0
14.0848,1
14.0848,0
14.0857,1
14.0857,0
14.0866,1
14.0866,0
14.0876,1
14.0876,0
14.0885,1
14.0885,0
14.0895,1
14.0895,0
14.0904,1
14.0904,0
14.0914,1
14.0914,0
14.0923,1
14.0923,0
14.0933,1
14.0933,0
14.0942,1
14.0942,0
14.0951,1
14.0951,0
14.0961,1
14.0961,0
14.097,1
14.097,0
14.098,1
14.098,0
14.0989,1
14.0989,0
14.0999,1
14.0999,0
14.1008,1
14.1008,0
14.1017,1
14.1017,0
14.1027,1
14.1027,0
14.1036,1
14.1036,0
14.1046,1
14.1046,0
14.1055,1
14.1055,0
14.1065,1
14.1065,0
14.1074,1
14.1074,0
14.1084,1
14.1084,0
14.1093,1
14.1093,0
14.1102,1
14.1102,0
14.1112,1
14.1112,0
14.1121,1
14.1121,0
14.1131,1
14.1131,0
14.114,1
14.114,0
14.115,1
14.115,0
14.1159,1
14.1159,0
14.1169,1
14.1169,0
14.1178,1
14.1178,0
14.1187,1
14.1187,0
14.1197,1
14.1197,0
14.1206,1
14.1206,0
14.1216,1
14.1216,0
14.1225,1
14.1225,0
14.1235,1
14.1235,0
14.1244,1
14.1244,0
14.1253,1
14.1253,0
14.1263,1
14.1263,0
14.1272,1
14.1272,0
14.1282,1
14.1282,0
14.1291,1
14.1291,0
14.1301,1
14.1301,0
14.131,1
14.131,0
14.132,1
14.132,0
14.1329,1
14.1329,0
14.1338,1
14.1338,0
14.1348,1
14.1348,0
14.1357,1
14.1357,0
14.1367,1
14.1367,0
14.1376,1
14.1376,0
14.1386,1
14.1386,0
14.1395,1
14.1395,0
14.1405,1
14.1405,0
14.1414,1
14.1414,0
14.1423,1
14.1423,0
14.1433,1
14.1433,0
14.1442,1
14.1442,0
14.1452,1
14.1452,0
14.1461,1
14.1461,0
14.1471,1
14.1471,0
14.148,1
14.148,0
14.1489,1
14.1489,0
14.1499,1
14.1499,0
14.1508,1
14.1508,0
14.1518,1
14.1518,0
14.1527,1
14.1527,0
14.1537,1
14.1537,0
14.1546,1
14.1546,0
14.1556,1
14.1556,0
14.1565,1
14.1565,0
14.1574,1
14.1574,0
14.1584,1
14.1584,0
14.1593,1
14.1593,0
14.1603,1
14.1603,0
14.1612,1
14.1612,0
14.1622,1
14.1622,0
14.1631,1
14.1631,0
14.1641,1
14.1641,0
14.165,1
14.165,0
14.1659,1
14.1659,0
14.1669,1
14.1669,0
14.1678,1
14.1678,0
14.1688,1
14.1688,0
14.1697,1
14.1697,0
14.1707,1
14.1707,0
14.1716,1
14.1716,0
14.1725,1
14.1725,0
14.1735,1
14.1735,0
14.1744,1
14.1744,0
14.1754,1
14.1754,0
14.1763,1
14.1763,0
14.1773,1
14.1773,0
14.1782,1
14.1782,0
14.1792,1
14.1792,0
14.1801,1
14.1801,0
14.181,1
14.181,0
14.182,1
14.182,0
14.1829,1
14.1829,0
14.1839,1
14.1839,0
14.1848,1
14.1848,0
14.1858,1
14.1858,0
14.1867,1
14.1867,0
14.1877,1
14.1877,0
14.1886,1
14.1886,0
14.1895,1
14.1895,0
14.1905,1
14.1905,0
14.1914,1
14.1914,0
14.1924,1
14.1924,0
14.1933,1
14.1933,0
14.1943,1
14.1943,0
14.1952,1
14.1952,0
14.1961,1
14.1961,0
14.1971,1
14.1971,0
14.198,1
14.198,0
14.199,1
14.199,0
14.1999,1
14.1999,0
14.2009,1
14.2009,0
14.2018,1
14.2018,0
14.2028,1
14.2028,0
14.2037,1
14.2037,0
14.2046,1
14.2046,0
14.2056,1
14.2056,0
14.2065,1
14.2065,0
14.2075,1
14.2075,0
14.2084,1
14.2084,0
14.2094,1
14.2094,0
14.2103,1
14.2103,0
14.2113,1
14.2113,0
14.2122,1
14.2122,0
14.2131,1
14.2131,0
14.2141,1
14.2141,0
14.215,1
14.215,0
14.216,1
14.216,0
14.2169,1
14.2169,0
14.2179,1
14.2179,0
14.2188,1
14.2188,0
14.2197,1
14.2197,0
14.2207,1
14.2207,0
14.2216,1
14.2216,0
14.2226,1
14.2226,0
14.2235,1
14.2235,0
14.2245,1
14.2245,0
14.2254,1
14.2254,0
14.2264,1
14.2264,0
14.2273,1
14.2273,0
14.2282,1
14.2282,0
14.2292,1
14.2292,0
14.2301,1
14.2301,0
14.2311,1
14.2311,0
14.232,1
14.232,0
14.233,1
14.233,0
14.2339,1
14.2339,0
14.2349,1
14.2349,0
14.2358,1
14.2358,0
14.2367,1
14.2367,0
14.2377,1
14.2377,0
14.2386,1
14.2386,0
14.2396,1
14.2396,0
14.2405,1
14.2405,0
14.2415,1
14.2415,0
14.2424,1
14.2424,0
14.2433,1
14.2433,0
14.2443,1
14.2443,0
14.2452,1
14.2452,0
14.2462,1
14.2462,0
14.2471,1
14.2471,0
14.2481,1
14.2481,0
14.249,1
14.249,0
14.25,1
14.25,0
14.2509,1
14.2509,0
14.2518,1
14.2518,0
14.2528,1
14.2528,0
14.2537,1
14.2537,0
14.2547,1
14.2547,0
14.2556,1
14.2556,0
14.2566,1
14.2566,0
14.2575,1
14.2575,0
14.2585,1
14.2585,0
14.2594,1
14.2594,0
14.2603,1
14.2603,0
14.2613,1
14.2613,0
14.2622,1
14.2622,0
14.2632,1
14.2632,0
14.2641,1
14.2641,0
14.2651,1
14.2651,0
14.266,1
14.266,0
14.2669,1
14.2669,0
14.2679,1
14.2679,0
14.2688,1
14.2688,0
14.2698,1
14.2698,0
14.2707,1
14.2707,0
14.2717,1
14.2717,0
14.2726,1
14.2726,0
14.2736,1
14.2736,0
14.2745,1
14.2745,0
14.2754,1
14.2754,0
14.2764,1
14.2764,0
14.2773,1
14.2773,0
14.2783,1
14.2783,0
14.2792,1
14.2792,0
14.2802,1
14.2802,0
14.2811,1
14.2811,0
14.2821,1
14.2821,0
14.283,1
14.283,0
14.2839,1
14.2839,0
14.2849,1
14.2849,0
14.2858,1
14.2858,0
14.2868,1
14.2868,0
14.2877,1
14.2877,0
14.2887,1
14.2887,0
14.2896,1
14.2896,0
14.2905,1
14.2905,0
14.2915,1
14.2915,0
14.2924,1
14.2924,0
14.2934,1
14.2934,0
14.2943,1
14.2943,0
14.2953,1
14.2953,0
14.2962,1
14.2962,0
14.2972,1
14.2972,0
14.2981,1
14.2981,0
14.299,1
14.299,0
14.3,1
14.3,0
14.3009,1
14.3009,0
14.3019,1
14.3019,0
14.3028,1
14.3028,0
14.3038,1
14.3038,0
14.3047,1
14.3047,0
14.3057,1
14.3057,0
14.3066,1
14.3066,0
14.3075,1
14.3075,0
14.3085,1
14.3085,0
14.3094,1
14.3094,0
14.3104,1
14.3104,0
14.3113,1
14.3113,0
14.3123,1
14.3123,0
14.3132,1
14.3132,0
14.3141,1
14.3141,0
14.3151,1
14.3151,0
14.316,1
14.316,0
14.317,1
14.317,0
14.3179,1
14.3179,0
14.3189,1
14.3189,0
14.3198,1
14.3198,0
14.3208,1
14.3208,0
14.3217,1
14.3217,0
14.3226,1
14.3226,0
14.3236,1
14.3236,0
14.3245,1
14.3245,0
14.3255,1
14.3255,0
14.3264,1
14.3264,0
14.3274,1
14.3274,0
14.3283,1
14.3283,0
14.3293,1
14.3293,0
14.3302,1
14.3302,0
14.3311,1
14.3311,0
14.3321,1
14.3321,0
14.333,1
14.333,0
14.334,1
14.334,0
14.3349,1
14.3349,0
14.3359,1
14.3359,0
14.3368,1
14.3368,0
14.3377,1
14.3377,0
14.3387,1
14.3387,0
14.3396,1
14.3396,0
14.3406,1
14.3406,0
14.3415,1
14.3415,0
14.3425,1
14.3425,0
14.3434,1
14.3434,0
14.3444,1
14.3444,0
14.3453,1
14.3453,0
14.3462,1
14.3462,0
14.3472,1
14.3472,0
14.3481,1
14.3481,0
14.3491,1
14.3491,0
14.35,1
14.35,0
14.351,1
14.351,0
14.3519,1
14.3519,0
14.3529,1
14.3529,0
14.3538,1
14.3538,0
14.3547,1
14.3547,0
14.3557,1
14.3557,0
14.3566,1
14.3566,0
14.3576,1
14.3576,0
14.3585,1
14.3585,0
14.3595,1
14.3595,0
14.3604,1
14.3604,0
14.3613,1
14.3613,0
14.3623,1
14.3623,0
14.3632,1
14.3632,0
14.3642,1
14.3642,0
14.3651,1
14.3651,0
14.3661,1
14.3661,0
14.367,1
14.367,0
14.368,1
14.368,0
14.3689,1
14.3689,0
14.3698,1
14.3698,0
14.3708,1
14.3708,0
14.3717,1
14.3717,0
14.3727,1
14.3727,0
14.3736,1
14.3736,0
14.3746,1
14.3746,0
14.3755,1
14.3755,0
14.3765,1
14.3765,0
14.3774,1
14.3774,0
14.3783,1
14.3783,0
14.3793,1
14.3793,0
14.3802,1
14.3802,0
14.3812,1
14.3812,0
14.3821,1
14.3821,0
14.3831,1
14.3831,0
14.384,1
14.384,0
14.3849,1
14.3849,0
14.3859,1
14.3859,0
14.3868,1
14.3868,0
14.3878,1
14.3878,0
14.3887,1
14.3887,0
14.3897,1
14.3897,0
14.3906,1
14.3906,0
14.3916,1
14.3916,0
14.3925,1
14.3925,0
14.3934,1
14.3934,0
14.3944,1
14.3944,0
14.3953,1
14.3953,0
14.3963,1
14.3963,0
14.3972,1
14.3972,0
14.3982,1
14.3982,0
14.3991,1
14.3991,0
14.4001,1
14.4001,0
14.401,1
14.401,0
14.4019,1
14.4019,0
14.4029,1
14.4029,0
14.4038,1
14.4038,0
14.4048,1
14.4048,0
14.4057,1
14.4057,0
14.4067,1
14.4067,0
14.4076,1
14.4076,0
14.4085,1
14.4085,0
14.4095,1
14.4095,0
14.4104,1
14.4104,0
14.4114,1
14.4114,0
14.4123,1
14.4123,0
14.4133,1
14.4133,0
14.4142,1
14.4142,0
14.4152,1
14.4152,0
14.4161,1
14.4161,0
14.417,1
14.417,0
14.418,1
14.418,0
14.4189,1
14.4189,0
14.4199,1
14.4199,0
14.4208,1
14.4208,0
14.4218,1
14.4218,0
14.4227,1
14.4227,0
14.4237,1
14.4237,0
14.4246,1
14.4246,0
14.4255,1
14.4255,0
14.4265,1
14.4265,0
14.4274,1
14.4274,0
14.4284,1
14.4284,0
14.4293,1
14.4293,0
14.4303,1
14.4303,0
14.4312,1
14.4312,0
14.4321,1
14.4321,0
14.4331,1
14.4331,0
14.434,1
14.434,0
14.435,1
14.435,0
14.4359,1
14.4359,0
14.4369,1
14.4369,0
14.4378,1
14.4378,0
14.4388,1
14.4388,0
14.4397,1
14.4397,0
14.4406,1
14.4406,0
14.4416,1
14.4416,0
14.4425,1
14.4425,0
14.4435,1
14.4435,0
14.4444,1
14.4444,0
14.4454,1
14.4454,0
14.4463,1
14.4463,0
14.4473,1
14.4473,0
14.4482,1
14.4482,0
14.4491,1
14.4491,0
14.4501,1
14.4501,0
14.451,1
14.451,0
14.452,1
14.452,0
14.4529,1
14.4529,0
14.4539,1
14.4539,0
14.4548,1
14.4548,0
14.4557,1
14.4557,0
14.4567,1
14.4567,0
14.4576,1
14.4576,0
14.4586,1
14.4586,0
14.4595,1
14.4595,0
14.4605,1
14.4605,0
14.4614,1
14.4614,0
14.4624,1
14.4624,0
14.4633,1
14.4633,0
14.4642,1
14.4642,0
14.4652,1
14.4652,0
14.4661,1
14.4661,0
14.4671,1
14.4671,0
14.468,1
14.468,0
14.469,1
14.469,0
14.4699,1
14.4699,0
14.4709,1
14.4709,0
14.4718,1
14.4718,0
14.4727,1
14.4727,0
14.4737,1
14.4737,0
14.4746,1
14.4746,0
14.4756,1
14.4756,0
14.4765,1
14.4765,0
14.4775,1
14.4775,0
14.4784,1
14.4784,0
14.4793,1
14.4793,0
14.4803,1
14.4803,0
14.4812,1
14.4812,0
14.4822,1
14.4822,0
14.4831,1
14.4831,0
14.4841,1
14.4841,0
14.485,1
14.485,0
14.486,1
14.486,0
14.4869,1
14.4869,0
14.4878,1
14.4878,0
14.4888,1
14.4888,0
14.4897,1
14.4897,0
14.4907,1
14.4907,0
14.4916,1
14.4916,0
14.4926,1
14.4926,0
14.4935,1
14.4935,0
14.4945,1
14.4945,0
14.4954,1
14.4954,0
14.4963,1
14.4963,0
14.4973,1
14.4973,0
14.4982,1
14.4982,0
14.4992,1
14.4992,0
14.5001,1
14.5001,0
14.5011,1
14.5011,0
14.502,1
14.502,0
14.5029,1
14.5029,0
14.5039,1
14.5039,0
14.5048,1
14.5048,0
14.5058,1
14.5058,0
14.5067,1
14.5067,0
14.5077,1
14.5077,0
14.5086,1
14.5086,0
14.5096,1
14.5096,0
14.5105,1
14.5105,0
14.5114,1
14.5114,0
14.5124,1
14.5124,0
14.5133,1
14.5133,0
14.5143,1
14.5143,0
14.5152,1
14.5152,0
14.5162,1
14.5162,0
14.5171,1
14.5171,0
14.5181,1
14.5181,0
14.519,1
14.519,0
14.5199,1
14.5199,0
14.5209,1
14.5209,0
14.5218,1
14.5218,0
14.5228,1
14.5228,0
14.5237,1
14.5237,0
14.5247,1
14.5247,0
14.5256,1
14.5256,0
14.5265,1
14.5265,0
14.5275,1
14.5275,0
14.5284,1
14.5284,0
14.5294,1
14.5294,0
14.5303,1
14.5303,0
14.5313,1
14.5313,0
14.5322,1
14.5322,0
14.5332,1
14.5332,0
14.5341,1
14.5341,0
14.535,1
14.535,0
14.536,1
14.536,0
14.5369,1
14.5369,0
14.5379,1
14.5379,0
14.5388,1
14.5388,0
14.5398,1
14.5398,0
14.5407,1
14.5407,0
14.5417,1
14.5417,0
14.5426,1
14.5426,0
14.5435,1
14.5435,0
14.5445,1
14.5445,0
14.5454,1
14.5454,0
14.5464,1
14.5464,0
14.5473,1
14.5473,0
14.5483,1
14.5483,0
14.5492,1
14.5492,0
14.5501,1
14.5501,0
14.5511,1
14.5511,0
14.552,1
14.552,0
14.553,1
14.553,0
14.5539,1
14.5539,0
14.5549,1
14.5549,0
14.5558,1
14.5558,0
14.5568,1
14.5568,0
14.5577,1
14.5577,0
14.5586,1
14.5586,0
14.5596,1
14.5596,0
14.5605,1
14.5605,0
14.5615,1
14.5615,0
14.5624,1
14.5624,0
14.5634,1
14.5634,0
14.5643,1
14.5643,0
14.5653,1
14.5653,0
14.5662,1
14.5662,0
14.5671,1
14.5671,0
14.5681,1
14.5681,0
14.569,1
14.569,0
14.57,1
14.57,0
14.5709,1
14.5709,0
14.5719,1
14.5719,0
14.5728,1
14.5728,0
14.5737,1
14.5737,0
14.5747,1
14.5747,0
14.5756,1
14.5756,0
14.5766,1
14.5766,0
14.5775,1
14.5775,0
14.5785,1
14.5785,0
14.5794,1
14.5794,0
14.5804,1
14.5804,0
14.5813,1
14.5813,0
14.5822,1
14.5822,0
14.5832,1
14.5832,0
14.5841,1
14.5841,0
14.5851,1
14.5851,0
14.586,1
14.586,0
14.587,1
14.587,0
14.5879,1
14.5879,0
14.5889,1
14.5889,0
14.5898,1
14.5898,0
14.5907,1
14.5907,0
14.5917,1
14.5917,0
14.5926,1
14.5926,0
14.5936,1
14.5936,0
14.5945,1
14.5945,0
14.5955,1
14.5955,0
14.5964,1
14.5964,0
14.5973,1
14.5973,0
14.5983,1
14.5983,0
14.5992,1
14.5992,0
14.6002,1
14.6002,0
14.6011,1
14.6011,0
14.6021,1
14.6021,0
14.603,1
14.603,0
14.604,1
14.604,0
14.6049,1
14.6049,0
14.6058,1
14.6058,0
14.6068,1
14.6068,0
14.6077,1
14.6077,0
14.6087,1
14.6087,0
14.6096,1
14.6096,0
14.6106,1
14.6106,0
14.6115,1
14.6115,0
14.6125,1
14.6125,0
14.6134,1
14.6134,0
14.6143,1
14.6143,0
14.6153,1
14.6153,0
14.6162,1
14.6162,0
14.6172,1
14.6172,0
14.6181,1
14.6181,0
14.6191,1
14.6191,0
14.62,1
14.62,0
14.6209,1
14.6209,0
14.6219,1
14.6219,0
14.6228,1
14.6228,0
14.6238,1
14.6238,0
14.6247,1
14.6247,0
14.6257,1
14.6257,0
14.6266,1
14.6266,0
14.6276,1
14.6276,0
14.6285,1
14.6285,0
14.6294,1
14.6294,0
14.6304,1
14.6304,0
14.6313,1
14.6313,0
14.6323,1
14.6323,0
14.6332,1
14.6332,0
14.6342,1
14.6342,0
14.6351,1
14.6351,0
14.6361,1
14.6361,0
14.637,1
14.637,0
14.6379,1
14.6379,0
14.6389,1
14.6389,0
14.6398,1
14.6398,0
14.6408,1
14.6408,0
14.6417,1
14.6417,0
14.6427,1
14.6427,0
14.6436,1
14.6436,0
14.6445,1
14.6445,0
14.6455,1
14.6455,0
14.6464,1
14.6464,0
14.6474,1
14.6474,0
14.6483,1
14.6483,0
14.6493,1
14.6493,0
14.6502,1
14.6502,0
14.6512,1
14.6512,0
14.6521,1
14.6521,0
14.653,1
14.653,0
14.654,1
14.654,0
14.6549,1
14.6549,0
14.6559,1
14.6559,0
14.6568,1
14.6568,0
14.6578,1
14.6578,0
14.6587,1
14.6587,0
14.6597,1
14.6597,0
14.6606,1
14.6606,0
14.6615,1
14.6615,0
14.6625,1
14.6625,0
14.6634,1
14.6634,0
14.6644,1
14.6644,0
14.6653,1
14.6653,0
14.6663,1
14.6663,0
14.6672,1
14.6672,0
14.6681,1
14.6681,0
14.6691,1
14.6691,0
14.67,1
14.67,0
14.671,1
14.671,0
14.6719,1
14.6719,0
14.6729,1
14.6729,0
14.6738,1
14.6738,0
14.6748,1
14.6748,0
14.6757,1
14.6757,0
14.6766,1
14.6766,0
14.6776,1
14.6776,0
14.6785,1
14.6785,0
14.6795,1
14.6795,0
14.6804,1
14.6804,0
14.6814,1
14.6814,0
14.6823,1
14.6823,0
14.6833,1
14.6833,0
14.6842,1
14.6842,0
14.6851,1
14.6851,0
14.6861,1
14.6861,0
14.687,1
14.687,0
14.688,1
14.688,0
14.6889,1
14.6889,0
14.6899,1
14.6899,0
14.6908,1
14.6908,0
14.6917,1
14.6917,0
14.6927,1
14.6927,0
14.6936,1
14.6936,0
14.6946,1
14.6946,0
14.6955,1
14.6955,0
14.6965,1
14.6965,0
14.6974,1
14.6974,0
14.6984,1
14.6984,0
14.6993,1
14.6993,0
14.7002,1
14.7002,0
14.7012,1
14.7012,0
14.7021,1
14.7021,0
14.7031,1
14.7031,0
14.704,1
14.704,0
14.705,1
14.705,0
14.7059,1
14.7059,0
14.7069,1
14.7069,0
14.7078,1
14.7078,0
14.7087,1
14.7087,0
14.7097,1
14.7097,0
14.7106,1
14.7106,0
14.7116,1
14.7116,0
14.7125,1
14.7125,0
14.7135,1
14.7135,0
14.7144,1
14.7144,0
14.7153,1
14.7153,0
14.7163,1
14.7163,0
14.7172,1
14.7172,0
14.7182,1
14.7182,0
14.7191,1
14.7191,0
14.7201,1
14.7201,0
14.721,1
14.721,0
14.722,1
14.722,0
14.7229,1
14.7229,0
14.7238,1
14.7238,0
14.7248,1
14.7248,0
14.7257,1
14.7257,0
14.7267,1
14.7267,0
14.7276,1
14.7276,0
14.7286,1
14.7286,0
14.7295,1
14.7295,0
14.7305,1
14.7305,0
14.7314,1
14.7314,0
14.7323,1
14.7323,0
14.7333,1
14.7333,0
14.7342,1
14.7342,0
14.7352,1
14.7352,0
14.7361,1
14.7361,0
14.7371,1
14.7371,0
14.738,1
14.738,0
14.7389,1
14.7389,0
14.7399,1
14.7399,0
14.7408,1
14.7408,0
14.7418,1
14.7418,0
14.7427,1
14.7427,0
14.7437,1
14.7437,0
14.7446,1
14.7446,0
14.7456,1
14.7456,0
14.7465,1
14.7465,0
14.7474,1
14.7474,0
14.7484,1
14.7484,0
14.7493,1
14.7493,0
14.7503,1
14.7503,0
14.7512,1
14.7512,0
14.7522,1
14.7522,0
14.7531,1
14.7531,0
14.7541,1
14.7541,0
14.755,1
14.755,0
14.7559,1
14.7559,0
14.7569,1
14.7569,0
14.7578,1
14.7578,0
14.7588,1
14.7588,0
14.7597,1
14.7597,0
14.7607,1
14.7607,0
14.7616,1
14.7616,0
14.7625,1
14.7625,0
14.7635,1
14.7635,0
14.7644,1
14.7644,0
14.7654,1
14.7654,0
14.7663,1
14.7663,0
14.7673,1
14.7673,0
14.7682,1
14.7682,0
14.7692,1
14.7692,0
14.7701,1
14.7701,0
14.771,1
14.771,0
14.772,1
14.772,0
14.7729,1
14.7729,0
14.7739,1
14.7739,0
14.7748,1
14.7748,0
14.7758,1
14.7758,0
14.7767,1
14.7767,0
14.7777,1
14.7777,0
14.7786,1
14.7786,0
14.7795,1
14.7795,0
14.7805,1
14.7805,0
14.7814,1
14.7814,0
14.7824,1
14.7824,0
14.7833,1
14.7833,0
14.7843,1
14.7843,0
14.7852,1
14.7852,0
14.7861,1
14.7861,0
14.7871,1
14.7871,0
14.788,1
14.788,0
14.789,1
14.789,0
14.7899,1
14.7899,0
14.7909,1
14.7909,0
14.7918,1
14.7918,0
14.7928,1
14.7928,0
14.7937,1
14.7937,0
14.7946,1
14.7946,0
14.7956,1
14.7956,0
14.7965,1
14.7965,0
14.7975,1
14.7975,0
14.7984,1
14.7984,0
14.7994,1
14.7994,0
14.8003,1
14.8003,0
14.8013,1
14.8013,0
14.8022,1
14.8022,0
14.8031,1
14.8031,0
14.8041,1
14.8041,0
14.805,1
14.805,0
14.806,1
14.806,0
14.8069,1
14.8069,0
14.8079,1
14.8079,0
14.8088,1
14.8088,0
14.8097,1
14.8097,0
14.8107,1
14.8107,0
14.8116,1
14.8116,0
14.8126,1
14.8126,0
14.8135,1
14.8135,0
14.8145,1
14.8145,0
14.8154,1
14.8154,0
14.8164,1
14.8164,0
14.8173,1
14.8173,0
14.8182,1
14.8182,0
14.8192,1
14.8192,0
14.8201,1
14.8201,0
14.8211,1
14.8211,0
14.822,1
14.822,0
14.823,1
14.823,0
14.8239,1
14.8239,0
14.8249,1
14.8249,0
14.8258,1
14.8258,0
14.8267,1
14.8267,0
14.8277,1
14.8277,0
14.8286,1
14.8286,0
14.8296,1
14.8296,0
14.8305,1
14.8305,0
14.8315,1
14.8315,0
14.8324,1
14.8324,0
14.8333,1
14.8333,0
14.8343,1
14.8343,0
14.8352,1
14.8352,0
14.8362,1
14.8362,0
14.8371,1
14.8371,0
14.8381,1
14.8381,0
14.839,1
14.839,0
14.84,1
14.84,0
14.8409,1
14.8409,0
14.8418,1
14.8418,0
14.8428,1
14.8428,0
14.8437,1
14.8437,0
14.8447,1
14.8447,0
14.8456,1
14.8456,0
14.8466,1
14.8466,0
14.8475,1
14.8475,0
14.8485,1
14.8485,0
14.8494,1
14.8494,0
14.8503,1
14.8503,0
14.8513,1
14.8513,0
14.8522,1
14.8522,0
14.8532,1
14.8532,0
14.8541,1
14.8541,0
14.8551,1
14.8551,0
14.856,1
14.856,0
14.8569,1
14.8569,0
14.8579,1
14.8579,0
14.8588,1
14.8588,0
14.8598,1
14.8598,0
14.8607,1
14.8607,0
14.8617,1
14.8617,0
14.8626,1
14.8626,0
14.8636,1
14.8636,0
14.8645,1
14.8645,0
14.8654,1
14.8654,0
14.8664,1
14.8664,0
14.8673,1
14.8673,0
14.8683,1
14.8683,0
14.8692,1
14.8692,0
14.8702,1
14.8702,0
14.8711,1
14.8711,0
14.8721,1
14.8721,0
14.873,1
14.873,0
14.8739,1
14.8739,0
14.8749,1
14.8749,0
14.8758,1
14.8758,0
14.8768,1
14.8768,0
14.8777,1
14.8777,0
14.8787,1
14.8787,0
14.8796,1
14.8796,0
14.8805,1
14.8805,0
14.8815,1
14.8815,0
14.8824,1
14.8824,0
14.8834,1
14.8834,0
14.8843,1
14.8843,0
14.8853,1
14.8853,0
14.8862,1
14.8862,0
14.8872,1
14.8872,0
14.8881,1
14.8881,0
14.889,1
14.889,0
14.89,1
14.89,0
14.8909,1
14.8909,0
14.8919,1
14.8919,0
14.8928,1
14.8928,0
14.8938,1
14.8938,0
14.8947,1
14.8947,0
14.8957,1
14.8957,0
14.8966,1
14.8966,0
14.8975,1
14.8975,0
14.8985,1
14.8985,0
14.8994,1
14.8994,0
14.9004,1
14.9004,0
14.9013,1
14.9013,0
14.9023,1
14.9023,0
14.9032,1
14.9032,0
14.9041,1
14.9041,0
14.9051,1
14.9051,0
14.906,1
14.906,0
14.907,1
14.907,0
14.9079,1
14.9079,0
14.9089,1
14.9089,0
14.9098,1
14.9098,0
14.9108,1
14.9108,0
14.9117,1
14.9117,0
14.9126,1
14.9126,0
14.9136,1
14.9136,0
14.9145,1
14.9145,0
14.9155,1
14.9155,0
14.9164,1
14.9164,0
14.9174,1
14.9174,0
14.9183,1
14.9183,0
14.9193,1
14.9193,0
14.9202,1
14.9202,0
14.9211,1
14.9211,0
14.9221,1
14.9221,0
14.923,1
14.923,0
14.924,1
14.924,0
14.9249,1
14.9249,0
14.9259,1
14.9259,0
14.9268,1
14.9268,0
14.9277,1
14.9277,0
14.9287,1
14.9287,0
14.9296,1
14.9296,0
14.9306,1
14.9306,0
14.9315,1
14.9315,0
14.9325,1
14.9325,0
14.9334,1
14.9334,0
14.9344,1
14.9344,0
14.9353,1
14.9353,0
14.9362,1
14.9362,0
14.9372,1
14.9372,0
14.9381,1
14.9381,0
14.9391,1
14.9391,0
14.94,1
14.94,0
14.941,1
14.941,0
14.9419,1
14.9419,0
14.9429,1
14.9429,0
14.9438,1
14.9438,0
14.9447,1
14.9447,0
14.9457,1
14.9457,0
14.9466,1
14.9466,0
14.9476,1
14.9476,0
14.9485,1
14.9485,0
14.9495,1
14.9495,0
14.9504,1
14.9504,0
14.9513,1
14.9513,0
14.9523,1
14.9523,0
14.9532,1
14.9532,0
14.9542,1
14.9542,0
14.9551,1
14.9551,0
14.9561,1
14.9561,0
14.957,1
14.957,0
14.958,1
14.958,0
14.9589,1
14.9589,0
14.9598,1
14.9598,0
14.9608,1
14.9608,0
14.9617,1
14.9617,0
14.9627,1
14.9627,0
14.9636,1
14.9636,0
14.9646,1
14.9646,0
14.9655,1
14.9655,0
14.9665,1
14.9665,0
14.9674,1
14.9674,0
14.9683,1
14.9683,0
14.9693,1
14.9693,0
14.9702,1
14.9702,0
14.9712,1
14.9712,0
14.9721,1
14.9721,0
14.9731,1
14.9731,0
14.974,1
14.974,0
14.9749,1
14.9749,0
14.9759,1
14.9759,0
14.9768,1
14.9768,0
14.9778,1
14.9778,0
14.9787,1
14.9787,0
14.9797,1
14.9797,0
14.9806,1
14.9806,0
14.9816,1
14.9816,0
14.9825,1
14.9825,0
14.9834,1
14.9834,0
14.9844,1
14.9844,0
14.9853,1
14.9853,0
14.9863,1
14.9863,0
14.9872,1
14.9872,0
14.9882,1
14.9882,0
14.9891,1
14.9891,0
14.9901,1
14.9901,0
14.991,1
14.991,0
14.9919,1
14.9919,0
14.9929,1
14.9929,0
14.9938,1
14.9938,0
14.9948,1
14.9948,0
14.9957,1
14.9957,0
14.9967,1
14.9967,0
14.9976,1
14.9976,0
14.9985,1
14.9985,0
14.9995,1
14.9995,0
15.0004,1
15.0004,0
15.0014,1
15.0014,0
15.0023,1
15.0023,0
15.0033,1
15.0033,0
15.0042,1
15.0042,0
15.0052,1
15.0052,0
15.0061,1
15.0061,0
15.007,1
15.007,0
15.008,1
15.008,0
15.0089,1
15.0089,0
15.0099,1
15.0099,0
15.0108,1
15.0108,0
15.0118,1
15.0118,0
15.0127,1
15.0127,0
15.0137,1
15.0137,0
15.0146,1
15.0146,0
15.0155,1
15.0155,0
15.0165,1
15.0165,0
15.0174,1
15.0174,0
15.0184,1
15.0184,0
15.0193,1
15.0193,0
15.0203,1
15.0203,0
15.0212,1
15.0212,0
15.0221,1
15.0221,0
15.0231,1
15.0231,0
15.024,1
15.024,0
15.025,1
15.025,0
15.0259,1
15.0259,0
15.0269,1
15.0269,0
15.0278,1
15.0278,0
15.0288,1
15.0288,0
15.0297,1
15.0297,0
15.0306,1
15.0306,0
15.0316,1
15.0316,0
15.0325,1
15.0325,0
15.0335,1
15.0335,0
15.0344,1
15.0344,0
15.0354,1
15.0354,0
15.0363,1
15.0363,0
15.0373,1
15.0373,0
15.0382,1
15.0382,0
15.0391,1
15.0391,0
15.0401,1
15.0401,0
15.041,1
15.041,0
15.042,1
15.042,0
15.0429,1
15.0429,0
15.0439,1
15.0439,0
15.0448,1
15.0448,0
15.0457,1
15.0457,0
15.0467,1
15.0467,0
15.0476,1
15.0476,0
15.0486,1
15.0486,0
15.0495,1
15.0495,0
15.0505,1
15.0505,0
15.0514,1
15.0514,0
15.0524,1
15.0524,0
15.0533,1
15.0533,0
15.0542,1
15.0542,0
15.0552,1
15.0552,0
15.0561,1
15.0561,0
15.0571,1
15.0571,0
15.058,1
15.058,0
15.059,1
15.059,0
15.0599,1
15.0599,0
15.0609,1
15.0609,0
15.0618,1
15.0618,0
15.0627,1
15.0627,0
15.0637,1
15.0637,0
15.0646,1
15.0646,0
15.0656,1
15.0656,0
15.0665,1
15.0665,0
15.0675,1
15.0675,0
15.0684,1
15.0684,0
15.0693,1
15.0693,0
15.0703,1
15.0703,0
15.0712,1
15.0712,0
15.0722,1
15.0722,0
15.0731,1
15.0731,0
15.0741,1
15.0741,0
15.075,1
15.075,0
15.076,1
15.076,0
15.0769,1
15.0769,0
15.0778,1
15.0778,0
15.0788,1
15.0788,0
15.0797,1
15.0797,0
15.0807,1
15.0807,0
15.0816,1
15.0816,0
15.0826,1
15.0826,0
15.0835,1
15.0835,0
15.0845,1
15.0845,0
15.0854,1
15.0854,0
15.0863,1
15.0863,0
15.0873,1
15.0873,0
15.0882,1
15.0882,0
15.0892,1
15.0892,0
15.0901,1
15.0901,0
15.0911,1
15.0911,0
15.092,1
15.092,0
15.0929,1
15.0929,0
15.0939,1
15.0939,0
15.0948,1
15.0948,0
15.0958,1
15.0958,0
15.0967,1
15.0967,0
15.0977,1
15.0977,0
15.0986,1
15.0986,0
15.0996,1
15.0996,0
15.1005,1
15.1005,0
15.1014,1
15.1014,0
15.1024,1
15.1024,0
15.1033,1
15.1033,0
15.1043,1
15.1043,0
15.1052,1
15.1052,0
15.1062,1
15.1062,0
15.1071,1
15.1071,0
15.1081,1
15.1081,0
15.109,1
15.109,0
15.1099,1
15.1099,0
15.1109,1
15.1109,0
15.1118,1
15.1118,0
15.1128,1
15.1128,0
15.1137,1
15.1137,0
15.1147,1
15.1147,0
15.1156,1
15.1156,0
15.1165,1
15.1165,0
15.1175,1
15.1175,0
15.1184,1
15.1184,0
15.1194,1
15.1194,0
15.1203,1
15.1203,0
15.1213,1
15.1213,0
15.1222,1
15.1222,0
15.1232,1
15.1232,0
15.1241,1
15.1241,0
15.125,1
15.125,0
15.126,1
15.126,0
15.1269,1
15.1269,0
15.1279,1
15.1279,0
15.1288,1
15.1288,0
15.1298,1
15.1298,0
15.1307,1
15.1307,0
15.1317,1
15.1317,0
15.1326,1
15.1326,0
15.1335,1
15.1335,0
15.1345,1
15.1345,0
15.1354,1
15.1354,0
15.1364,1
15.1364,0
15.1373,1
15.1373,0
15.1383,1
15.1383,0
15.1392,1
15.1392,0
15.1401,1
15.1401,0
15.1411,1
15.1411,0
15.142,1
15.142,0
15.143,1
15.143,0
15.1439,1
15.1439,0
15.1449,1
15.1449,0
15.1458,1
15.1458,0
15.1468,1
15.1468,0
15.1477,1
15.1477,0
15.1486,1
15.1486,0
15.1496,1
15.1496,0
15.1505,1
15.1505,0
15.1515,1
15.1515,0
15.1524,1
15.1524,0
15.1534,1
15.1534,0
15.1543,1
15.1543,0
15.1553,1
15.1553,0
15.1562,1
15.1562,0
15.1571,1
15.1571,0
15.1581,1
15.1581,0
15.159,1
15.159,0
15.16,1
15.16,0
15.1609,1
15.1609,0
15.1619,1
15.1619,0
15.1628,1
15.1628,0
15.1637,1
15.1637,0
15.1647,1
15.1647,0
15.1656,1
15.1656,0
15.1666,1
15.1666,0
15.1675,1
15.1675,0
15.1685,1
15.1685,0
15.1694,1
15.1694,0
15.1704,1
15.1704,0
15.1713,1
15.1713,0
15.1722,1
15.1722,0
15.1732,1
15.1732,0
15.1741,1
15.1741,0
15.1751,1
15.1751,0
15.176,1
15.176,0
15.177,1
15.177,0
15.1779,1
15.1779,0
15.1789,1
15.1789,0
15.1798,1
15.1798,0
15.1807,1
15.1807,0
15.1817,1
15.1817,0
15.1826,1
15.1826,0
15.1836,1
15.1836,0
15.1845,1
15.1845,0
15.1855,1
15.1855,0
15.1864,1
15.1864,0
15.1873,1
15.1873,0
15.1883,1
15.1883,0
15.1892,1
15.1892,0
15.1902,1
15.1902,0
15.1911,1
15.1911,0
15.1921,1
15.1921,0
15.193,1
15.193,0
15.194,1
15.194,0
15.1949,1
15.1949,0
15.1958,1
15.1958,0
15.1968,1
15.1968,0
15.1977,1
15.1977,0
15.1987,1
15.1987,0
15.1996,1
15.1996,0
15.2006,1
15.2006,0
15.2015,1
15.2015,0
15.2025,1
15.2025,0
15.2034,1
15.2034,0
15.2043,1
15.2043,0
15.2053,1
15.2053,0
15.2062,1
15.2062,0
15.2072,1
15.2072,0
15.2081,1
15.2081,0
15.2091,1
15.2091,0
15.2095,1
15.2095,0
15.21,1
15.21,0
15.2105,1
15.2105,0
15.2109,1
15.2109,0
15.2114,1
15.2114,0
15.2119,1
15.2119,0
15.2124,1
15.2124,0
15.2128,1
15.2128,0
15.2133,1
15.2133,0
15.2138,1
15.2138,0
15.2143,1
15.2143,0
15.2147,1
15.2147,0
15.2152,1
15.2152,0
15.2157,1
15.2157,0
15.2161,1
15.2161,0
15.2166,1
15.2166,0
15.2171,1
15.2171,0
15.2176,1
15.2176,0
15.218,1
15.218,0
15.2185,1
15.2185,0
15.219,1
15.219,0
15.2194,1
15.2194,0
15.2199,1
15.2199,0
15.2204,1
15.2204,0
15.2209,1
15.2209,0
15.2213,1
15.2213,0
15.2218,1
15.2218,0
15.2223,1
15.2223,0
15.2227,1
15.2227,0
15.2232,1
15.2232,0
15.2237,1
15.2237,0
15.2242,1
15.2242,0
15.2246,1
15.2246,0
15.2251,1
15.2251,0
15.2256,1
15.2256,0
15.2261,1
15.2261,0
15.2265,1
15.2265,0
15.227,1
15.227,0
15.2275,1
15.2275,0
15.2279,1
15.2279,0
15.2284,1
15.2284,0
15.2289,1
15.2289,0
15.2294,1
15.2294,0
15.2298,1
15.2298,0
15.2303,1
15.2303,0
15.2308,1
15.2308,0
15.2312,1
15.2312,0
15.2317,1
15.2317,0
15.2322,1
15.2322,0
15.2327,1
15.2327,0
15.2331,1
15.2331,0
15.2336,1
15.2336,0
15.2341,1
15.2341,0
15.2345,1
15.2345,0
15.235,1
15.235,0
15.2355,1
15.2355,0
15.236,1
15.236,0
15.2364,1
15.2364,0
15.2369,1
15.2369,0
15.2374,1
15.2374,0
15.2379,1
15.2379,0
15.2383,1
15.2383,0
15.2388,1
15.2388,0
15.2393,1
15.2393,0
15.2397,1
15.2397,0
15.2402,1
15.2402,0
15.2407,1
15.2407,0
15.2412,1
15.2412,0
15.2416,1
15.2416,0
15.2421,1
15.2421,0
15.2426,1
15.2426,0
15.243,1
15.243,0
15.2435,1
15.2435,0
15.244,1
15.244,0
15.2445,1
15.2445,0
15.2449,1
15.2449,0
15.2454,1
15.2454,0
15.2459,1
15.2459,0
15.2463,1
15.2463,0
15.2468,1
15.2468,0
15.2473,1
15.2473,0
15.2478,1
15.2478,0
15.2482,1
15.2482,0
15.2487,1
15.2487,0
15.2492,1
15.2492,0
15.2497,1
15.2497,0
15.2501,1
15.2501,0
15.2506,1
15.2506,0
15.2511,1
15.2511,0
15.2515,1
15.2515,0
15.252,1
15.252,0
15.2525,1
15.2525,0
15.253,1
15.253,0
15.2534,1
15.2534,0
15.2539,1
15.2539,0
15.2544,1
15.2544,0
15.2548,1
15.2548,0
15.2553,1
15.2553,0
15.2558,1
15.2558,0
15.2563,1
15.2563,0
15.2567,1
15.2567,0
15.2572,1
15.2572,0
15.2577,1
15.2577,0
15.2581,1
15.2581,0
15.2586,1
15.2586,0
15.2591,1
15.2591,0
15.2596,1
15.2596,0
15.26,1
15.26,0
15.2605,1
15.2605,0
15.261,1
15.261,0
15.2615,1
15.2615,0
15.2619,1
15.2619,0
15.2624,1
15.2624,0
15.2629,1
15.2629,0
15.2633,1
15.2633,0
15.2638,1
15.2638,0
15.2643,1
15.2643,0
15.2648,1
15.2648,0
15.2652,1
15.2652,0
15.2657,1
15.2657,0
15.2662,1
15.2662,0
15.2666,1
15.2666,0
15.2671,1
15.2671,0
15.2676,1
15.2676,0
15.2681,1
15.2681,0
15.2685,1
15.2685,0
15.269,1
15.269,0
15.2695,1
15.2695,0
15.2699,1
15.2699,0
15.2704,1
15.2704,0
15.2709,1
15.2709,0
15.2714,1
15.2714,0
15.2718,1
15.2718,0
15.2723,1
15.2723,0
15.2728,1
15.2728,0
15.2733,1
15.2733,0
15.2737,1
15.2737,0
15.2742,1
15.2742,0
15.2747,1
15.2747,0
15.2751,1
15.2751,0
15.2756,1
15.2756,0
15.2761,1
15.2761,0
15.2766,1
15.2766,0
15.277,1
15.277,0
15.2775,1
15.2775,0
15.278,1
15.278,0
15.2784,1
15.2784,0
15.2789,1
15.2789,0
15.2794,1
15.2794,0
15.2799,1
15.2799,0
15.2803,1
15.2803,0
15.2808,1
15.2808,0
15.2813,1
15.2813,0
15.2817,1
15.2817,0
15.2822,1
15.2822,0
15.2827,1
15.2827,0
15.2832,1
15.2832,0
15.2836,1
15.2836,0
15.2841,1
15.2841,0
15.2846,1
15.2846,0
15.2851,1
15.2851,0
15.2855,1
15.2855,0
15.286,1
15.286,0
15.2865,1
15.2865,0
15.2869,1
15.2869,0
15.2874,1
15.2874,0
15.2879,1
15.2879,0
15.2884,1
15.2884,0
15.2888,1
15.2888,0
15.2893,1
15.2893,0
15.2898,1
15.2898,0
15.2902,1
15.2902,0
15.2907,1
15.2907,0
15.2912,1
15.2912,0
15.2917,1
15.2917,0
15.2921,1
15.2921,0
15.2926,1
15.2926,0
15.2931,1
15.2931,0
15.2935,1
15.2935,0
15.294,1
15.294,0
15.2945,1
15.2945,0
15.295,1
15.295,0
15.2954,1
15.2954,0
15.2959,1
15.2959,0
15.2964,1
15.2964,0
15.2969,1
15.2969,0
15.2973,1
15.2973,0
15.2978,1
15.2978,0
15.2983,1
15.2983,0
15.2987,1
15.2987,0
15.2992,1
15.2992,0
15.2997,1
15.2997,0
15.3002,1
15.3002,0
15.3006,1
15.3006,0
15.3011,1
15.3011,0
15.3016,1
15.3016,0
15.302,1
15.302,0
15.3025,1
15.3025,0
15.303,1
15.303,0
15.3035,1
15.3035,0
15.3044,1
15.3044,0
15.3053,1
15.3053,0
15.3063,1
15.3063,0
15.3072,1
15.3072,0
15.3082,1
15.3082,0
15.3091,1
15.3091,0
15.3101,1
15.3101,0
15.311,1
15.311,0
15.312,1
15.312,0
15.3129,1
15.3129,0
15.3138,1
15.3138,0
15.3148,1
15.3148,0
15.3157,1
15.3157,0
15.3167,1
15.3167,0
15.3176,1
15.3176,0
15.3186,1
15.3186,0
15.3195,1
15.3195,0
15.3205,1
15.3205,0
15.3214,1
15.3214,0
15.3223,1
15.3223,0
15.3233,1
15.3233,0
15.3242,1
15.3242,0
15.3249,1
15.3249,0
15.3253,1
15.3253,0
15.3258,1
15.3258,0
15.3263,1
15.3263,0
15.3268,1
15.3268,0
15.3272,1
15.3272,0
15.3277,1
15.3277,0
15.3282,1
15.3282,0
15.3286,1
15.3286,0
15.3291,1
15.3291,0
15.3296,1
15.3296,0
15.3301,1
15.3301,0
15.3305,1
15.3305,0
15.331,1
15.331,0
15.3315,1
15.3315,0
15.332,1
15.332,0
15.3324,1
15.3324,0
15.3329,1
15.3329,0
15.3334,1
15.3334,0
15.3338,1
15.3338,0
15.3343,1
15.3343,0
15.3348,1
15.3348,0
15.3353,1
15.3353,0
15.3357,1
15.3357,0
15.3362,1
15.3362,0
15.3367,1
15.3367,0
15.3371,1
15.3371,0
15.3376,1
15.3376,0
15.3381,1
15.3381,0
15.3386,1
15.3386,0
15.339,1
15.339,0
15.3395,1
15.3395,0
15.34,1
15.34,0
15.3404,1
15.3404,0
15.3409,1
15.3409,0
15.3414,1
15.3414,0
15.3419,1
15.3419,0
15.3423,1
15.3423,0
15.3428,1
15.3428,0
15.3433,1
15.3433,0
15.3438,1
15.3438,0
15.3442,1
15.3442,0
15.3447,1
15.3447,0
15.3452,1
15.3452,0
15.3456,1
15.3456,0
15.3461,1
15.3461,0
15.3466,1
15.3466,0
15.3471,1
15.3471,0
15.3475,1
15.3475,0
15.348,1
15.348,0
15.3485,1
15.3485,0
15.3489,1
15.3489,0
15.3499,1
15.3499,0
15.3508,1
15.3508,0
15.3518,1
15.3518,0
15.3527,1
15.3527,0
15.3537,1
15.3537,0
15.3546,1
15.3546,0
15.3556,1
15.3556,0
15.3565,1
15.3565,0
15.3574,1
15.3574,0
15.3584,1
15.3584,0
15.3593,1
15.3593,0
15.3603,1
15.3603,0
15.3612,1
15.3612,0
15.3622,1
15.3622,0
15.3631,1
15.3631,0
15.364,1
15.364,0
15.365,1
15.365,0
15.3659,1
15.3659,0
15.3669,1
15.3669,0
15.3678,1
15.3678,0
15.3688,1
15.3688,0
15.3697,1
15.3697,0
15.3707,1
15.3707,0
15.3716,1
15.3716,0
15.3725,1
15.3725,0
15.3735,1
15.3735,0
15.3744,1
15.3744,0
15.3754,1
15.3754,0
15.3763,1
15.3763,0
15.3773,1
15.3773,0
15.3782,1
15.3782,0
15.3792,1
15.3792,0
15.3801,1
15.3801,0
15.381,1
15.381,0
15.382,1
15.382,0
15.3829,1
15.3829,0
15.3839,1
15.3839,0
15.3848,1
15.3848,0
15.3858,1
15.3858,0
15.3867,1
15.3867,0
15.3876,1
15.3876,0
15.3886,1
15.3886,0
15.3895,1
15.3895,0
15.3905,1
15.3905,0
15.3914,1
15.3914,0
15.3924,1
15.3924,0
15.3933,1
15.3933,0
15.3943,1
15.3943,0
15.3952,1
15.3952,0
15.3961,1
15.3961,0
15.3971,1
15.3971,0
15.398,1
15.398,0
15.399,1
15.399,0
15.3999,1
15.3999,0
15.4009,1
15.4009,0
15.4018,1
15.4018,0
15.4028,1
15.4028,0
15.4037,1
15.4037,0
15.4046,1
15.4046,0
15.4056,1
15.4056,0
15.4065,1
15.4065,0
15.4075,1
15.4075,0
15.4084,1
15.4084,0
15.4094,1
15.4094,0
15.4103,1
15.4103,0
15.4112,1
15.4112,0
15.4122,1
15.4122,0
15.4131,1
15.4131,0
15.4141,1
15.4141,0
15.415,1
15.415,0
15.416,1
15.416,0
15.4169,1
15.4169,0
15.4179,1
15.4179,0
15.4188,1
15.4188,0
15.4197,1
15.4197,0
15.4207,1
15.4207,0
15.4216,1
15.4216,0
15.4226,1
15.4226,0
15.4235,1
15.4235,0
15.4245,1
15.4245,0
15.4254,1
15.4254,0
15.4264,1
15.4264,0
15.4273,1
15.4273,0
15.4282,1
15.4282,0
15.4292,1
15.4292,0
15.4301,1
15.4301,0
15.4311,1
15.4311,0
15.432,1
15.432,0
15.433,1
15.433,0
15.4339,1
15.4339,0
15.4348,1
15.4348,0
15.4358,1
15.4358,0
15.4367,1
15.4367,0
15.4377,1
15.4377,0
15.4386,1
15.4386,0
15.4396,1
15.4396,0
15.4405,1
15.4405,0
15.4415,1
15.4415,0
15.4424,1
15.4424,0
15.4433,1
15.4433,0
15.4443,1
15.4443,0
15.4452,1
15.4452,0
15.4462,1
15.4462,0
15.4471,1
15.4471,0
15.4481,1
15.4481,0
15.449,1
15.449,0
15.45,1
15.45,0
15.4509,1
15.4509,0
15.4518,1
15.4518,0
15.4528,1
15.4528,0
15.4537,1
15.4537,0
15.4547,1
15.4547,0
15.4556,1
15.4556,0
15.4566,1
15.4566,0
15.4575,1
15.4575,0
15.4584,1
15.4584,0
15.4594,1
15.4594,0
15.4603,1
15.4603,0
15.4613,1
15.4613,0
15.4622,1
15.4622,0
15.4632,1
15.4632,0
15.4641,1
15.4641,0
15.4651,1
15.4651,0
15.466,1
15.466,0
15.4669,1
15.4669,0
15.4679,1
15.4679,0
15.4688,1
15.4688,0
15.4698,1
15.4698,0
15.4707,1
15.4707,0
15.4717,1
15.4717,0
15.4726,1
15.4726,0
15.4736,1
15.4736,0
15.4745,1
15.4745,0
15.4754,1
15.4754,0
15.4764,1
15.4764,0
15.4773,1
15.4773,0
15.4783,1
15.4783,0
15.4792,1
15.4792,0
15.4802,1
15.4802,0
15.4811,1
15.4811,0
15.482,1
15.482,0
15.483,1
15.483,0
15.4839,1
15.4839,0
15.4849,1
15.4849,0
15.4858,1
15.4858,0
15.4868,1
15.4868,0
15.4877,1
15.4877,0
15.4887,1
15.4887,0
15.4896,1
15.4896,0
15.4905,1
15.4905,0
15.4915,1
15.4915,0
15.4924,1
15.4924,0
15.4934,1
15.4934,0
15.4943,1
15.4943,0
15.4953,1
15.4953,0
15.4962,1
15.4962,0
15.4972,1
15.4972,0
15.4981,1
15.4981,0
15.499,1
15.499,0
15.5,1
15.5,0
15.5009,1
15.5009,0
15.5019,1
15.5019,0
15.5028,1
15.5028,0
15.5038,1
15.5038,0
15.5047,1
15.5047,0
15.5056,1
15.5056,0
15.5066,1
15.5066,0
15.5075,1
15.5075,0
15.5085,1
15.5085,0
15.5094,1
15.5094,0
15.5104,1
15.5104,0
15.5113,1
15.5113,0
15.5123,1
15.5123,0
15.5132,1
15.5132,0
15.5141,1
15.5141,0
15.5151,1
15.5151,0
15.516,1
15.516,0
15.517,1
15.517,0
15.5179,1
15.5179,0
15.5189,1
15.5189,0
15.5198,1
15.5198,0
15.5208,1
15.5208,0
15.5217,1
15.5217,0
15.5226,1
15.5226,0
15.5236,1
15.5236,0
15.5245,1
15.5245,0
15.5255,1
15.5255,0
15.5264,1
15.5264,0
15.5274,1
15.5274,0
15.5283,1
15.5283,0
15.5292,1
15.5292,0
15.5302,1
15.5302,0
15.5311,1
15.5311,0
15.5321,1
15.5321,0
15.533,1
15.533,0
15.534,1
15.534,0
15.5349,1
15.5349,0
15.5359,1
15.5359,0
15.5368,1
15.5368,0
15.5377,1
15.5377,0
15.5387,1
15.5387,0
15.5396,1
15.5396,0
15.5406,1
15.5406,0
15.5415,1
15.5415,0
15.5425,1
15.5425,0
15.5434,1
15.5434,0
15.5444,1
15.5444,0
15.5453,1
15.5453,0
15.5462,1
15.5462,0
15.5472,1
15.5472,0
15.5481,1
15.5481,0
15.5491,1
15.5491,0
15.55,1
15.55,0
15.551,1
15.551,0
15.5519,1
15.5519,0
15.5528,1
15.5528,0
15.5538,1
15.5538,0
15.5547,1
15.5547,0
15.5557,1
15.5557,0
15.5566,1
15.5566,0
15.5576,1
15.5576,0
15.5585,1
15.5585,0
15.5595,1
15.5595,0
15.5604,1
15.5604,0
15.5613,1
15.5613,0
15.5623,1
15.5623,0
15.5632,1
15.5632,0
15.5642,1
15.5642,0
15.5651,1
15.5651,0
15.5661,1
15.5661,0
15.567,1
15.567,0
15.568,1
15.568,0
15.5689,1
15.5689,0
15.5698,1
15.5698,0
15.5708,1
15.5708,0
15.5717,1
15.5717,0
15.5727,1
15.5727,0
15.5736,1
15.5736,0
15.5746,1
15.5746,0
15.5755,1
15.5755,0
15.5764,1
15.5764,0
15.5774,1
15.5774,0
15.5783,1
15.5783,0
15.5793,1
15.5793,0
15.5802,1
15.5802,0
15.5812,1
15.5812,0
15.5821,1
15.5821,0
15.5831,1
15.5831,0
15.584,1
15.584,0
15.5849,1
15.5849,0
15.5859,1
15.5859,0
15.5868,1
15.5868,0
15.5878,1
15.5878,0
15.5887,1
15.5887,0
15.5897,1
15.5897,0
15.5906,1
15.5906,0
15.5916,1
15.5916,0
15.5925,1
15.5925,0
15.5934,1
15.5934,0
15.5944,1
15.5944,0
15.5953,1
15.5953,0
15.5963,1
15.5963,0
15.5972,1
15.5972,0
15.5982,1
15.5982,0
15.5991,1
15.5991,0
15.6,1
15.6,0
15.601,1
15.601,0
15.6019,1
15.6019,0
15.6029,1
15.6029,0
15.6038,1
15.6038,0
15.6048,1
15.6048,0
15.6057,1
15.6057,0
15.6067,1
15.6067,0
15.6076,1
15.6076,0
15.6085,1
15.6085,0
15.6095,1
15.6095,0
15.6104,1
15.6104,0
15.6114,1
15.6114,0
15.6123,1
15.6123,0
15.6133,1
15.6133,0
15.6142,1
15.6142,0
15.6152,1
15.6152,0
15.6161,1
15.6161,0
15.617,1
15.617,0
15.618,1
15.618,0
15.6189,1
15.6189,0
15.6199,1
15.6199,0
15.6208,1
15.6208,0
15.6218,1
15.6218,0
15.6227,1
15.6227,0
15.6236,1
15.6236,0
15.6246,1
15.6246,0
15.6255,1
15.6255,0
15.6265,1
15.6265,0
15.6274,1
15.6274,0
15.6284,1
15.6284,0
15.6293,1
15.6293,0
15.6303,1
15.6303,0
15.6312,1
15.6312,0
15.6321,1
15.6321,0
15.6331,1
15.6331,0
15.634,1
15.634,0
15.635,1
15.635,0
15.6359,1
15.6359,0
15.6369,1
15.6369,0
15.6378,1
15.6378,0
15.6388,1
15.6388,0
15.6397,1
15.6397,0
15.6406,1
15.6406,0
15.6416,1
15.6416,0
15.6425,1
15.6425,0
15.6435,1
15.6435,0
15.6444,1
15.6444,0
15.6454,1
15.6454,0
15.6463,1
15.6463,0
15.6472,1
15.6472,0
15.6482,1
15.6482,0
15.6491,1
15.6491,0
15.6501,1
15.6501,0
15.651,1
15.651,0
15.652,1
15.652,0
15.6529,1
15.6529,0
15.6539,1
15.6539,0
15.6548,1
15.6548,0
15.6557,1
15.6557,0
15.6567,1
15.6567,0
15.6576,1
15.6576,0
15.6586,1
15.6586,0
15.6595,1
15.6595,0
15.6605,1
15.6605,0
15.6614,1
15.6614,0
15.6624,1
15.6624,0
15.6633,1
15.6633,0
15.6642,1
15.6642,0
15.6652,1
15.6652,0
15.6661,1
15.6661,0
15.6671,1
15.6671,0
15.668,1
15.668,0
15.669,1
15.669,0
15.6699,1
15.6699,0
15.6708,1
15.6708,0
15.6718,1
15.6718,0
15.6727,1
15.6727,0
15.6737,1
15.6737,0
15.6746,1
15.6746,0
15.6756,1
15.6756,0
15.6765,1
15.6765,0
15.6775,1
15.6775,0
15.6784,1
15.6784,0
15.6793,1
15.6793,0
15.6803,1
15.6803,0
15.6812,1
15.6812,0
15.6822,1
15.6822,0
15.6831,1
15.6831,0
15.6841,1
15.6841,0
15.685,1
15.685,0
15.686,1
15.686,0
15.6869,1
15.6869,0
15.6878,1
15.6878,0
15.6888,1
15.6888,0
15.6897,1
15.6897,0
15.6907,1
15.6907,0
15.6916,1
15.6916,0
15.6926,1
15.6926,0
15.6935,1
15.6935,0
15.6944,1
15.6944,0
15.6954,1
15.6954,0
15.6963,1
15.6963,0
15.6973,1
15.6973,0
15.6982,1
15.6982,0
15.6992,1
15.6992,0
15.7001,1
15.7001,0
15.7011,1
15.7011,0
15.702,1
15.702,0
15.7029,1
15.7029,0
15.7039,1
15.7039,0
15.7048,1
15.7048,0
15.7058,1
15.7058,0
15.7067,1
15.7067,0
15.7077,1
15.7077,0
15.7086,1
15.7086,0
15.7096,1
15.7096,0
15.7105,1
15.7105,0
15.7114,1
15.7114,0
15.7124,1
15.7124,0
15.7133,1
15.7133,0
15.7143,1
15.7143,0
15.7152,1
15.7152,0
15.7162,1
15.7162,0
15.7171,1
15.7171,0
15.718,1
15.718,0
15.719,1
15.719,0
15.7199,1
15.7199,0
15.7209,1
15.7209,0
15.7218,1
15.7218,0
15.7228,1
15.7228,0
15.7237,1
15.7237,0
15.7247,1
15.7247,0
15.7256,1
15.7256,0
15.7265,1
15.7265,0
15.7275,1
15.7275,0
15.7284,1
15.7284,0
15.7294,1
15.7294,0
15.7303,1
15.7303,0
15.7313,1
15.7313,0
15.7322,1
15.7322,0
15.7332,1
15.7332,0
15.7341,1
15.7341,0
15.735,1
15.735,0
15.736,1
15.736,0
15.7369,1
15.7369,0
15.7379,1
15.7379,0
15.7388,1
15.7388,0
15.7398,1
15.7398,0
15.7407,1
15.7407,0
15.7416,1
15.7416,0
15.7426,1
15.7426,0
15.7435,1
15.7435,0
15.7445,1
15.7445,0
15.7454,1
15.7454,0
15.7464,1
15.7464,0
15.7473,1
15.7473,0
15.7483,1
15.7483,0
15.7492,1
15.7492,0
15.7501,1
15.7501,0
15.7511,1
15.7511,0
15.752,1
15.752,0
15.753,1
15.753,0
15.7539,1
15.7539,0
15.7549,1
15.7549,0
15.7558,1
15.7558,0
15.7568,1
15.7568,0
15.7577,1
15.7577,0
15.7586,1
15.7586,0
15.7596,1
15.7596,0
15.7605,1
15.7605,0
15.7615,1
15.7615,0
15.7624,1
15.7624,0
15.7634,1
15.7634,0
15.7643,1
15.7643,0
15.7652,1
15.7652,0
15.7662,1
15.7662,0
15.7671,1
15.7671,0
15.7681,1
15.7681,0
15.769,1
15.769,0
15.77,1
15.77,0
15.7709,1
15.7709,0
15.7719,1
15.7719,0
15.7728,1
15.7728,0
15.7737,1
15.7737,0
15.7747,1
15.7747,0
15.7756,1
15.7756,0
15.7766,1
15.7766,0
15.7775,1
15.7775,0
15.7785,1
15.7785,0
15.7794,1
15.7794,0
15.7804,1
15.7804,0
15.7813,1
15.7813,0
15.7822,1
15.7822,0
15.7832,1
15.7832,0
15.7841,1
15.7841,0
15.7851,1
15.7851,0
15.786,1
15.786,0
15.787,1
15.787,0
15.7879,1
15.7879,0
15.7888,1
15.7888,0
15.7898,1
15.7898,0
15.7907,1
15.7907,0
15.7917,1
15.7917,0
15.7926,1
15.7926,0
15.7936,1
15.7936,0
15.7945,1
15.7945,0
15.7955,1
15.7955,0
15.7964,1
15.7964,0
15.7973,1
15.7973,0
15.7983,1
15.7983,0
15.7992,1
15.7992,0
15.8002,1
15.8002,0
15.8011,1
15.8011,0
15.8021,1
15.8021,0
15.803,1
15.803,0
15.804,1
15.804,0
15.8049,1
15.8049,0
15.8058,1
15.8058,0
15.8068,1
15.8068,0
15.8077,1
15.8077,0
15.8087,1
15.8087,0
15.8096,1
15.8096,0
15.8106,1
15.8106,0
15.8115,1
15.8115,0
15.8124,1
15.8124,0
15.8134,1
15.8134,0
15.8143,1
15.8143,0
15.8153,1
15.8153,0
15.8162,1
15.8162,0
15.8172,1
15.8172,0
15.8181,1
15.8181,0
15.8191,1
15.8191,0
15.82,1
15.82,0
15.8209,1
15.8209,0
15.8219,1
15.8219,0
15.8228,1
15.8228,0
15.8238,1
15.8238,0
15.8247,1
15.8247,0
15.8257,1
15.8257,0
15.8266,1
15.8266,0
15.8276,1
15.8276,0
15.8285,1
15.8285,0
15.8294,1
15.8294,0
15.8304,1
15.8304,0
15.8313,1
15.8313,0
15.8323,1
15.8323,0
15.8332,1
15.8332,0
15.8342,1
15.8342,0
15.8351,1
15.8351,0
15.836,1
15.836,0
15.837,1
15.837,0
15.8379,1
15.8379,0
15.8389,1
15.8389,0
15.8398,1
15.8398,0
15.8408,1
15.8408,0
15.8417,1
15.8417,0
15.8427,1
15.8427,0
15.8436,1
15.8436,0
15.8445,1
15.8445,0
15.8455,1
15.8455,0
15.8464,1
15.8464,0
15.8474,1
15.8474,0
15.8483,1
15.8483,0
15.8493,1
15.8493,0
15.8502,1
15.8502,0
15.8512,1
15.8512,0
15.8521,1
15.8521,0
15.853,1
15.853,0
15.854,1
15.854,0
15.8549,1
15.8549,0
15.8559,1
15.8559,0
15.8568,1
15.8568,0
15.8578,1
15.8578,0
15.8587,1
15.8587,0
15.8596,1
15.8596,0
15.8606,1
15.8606,0
15.8615,1
15.8615,0
15.8625,1
15.8625,0
15.8634,1
15.8634,0
15.8644,1
15.8644,0
15.8653,1
15.8653,0
15.8663,1
15.8663,0
15.8672,1
15.8672,0
15.8681,1
15.8681,0
15.8691,1
15.8691,0
15.87,1
15.87,0
15.871,1
15.871,0
15.8719,1
15.8719,0
15.8729,1
15.8729,0
15.8738,1
15.8738,0
15.8748,1
15.8748,0
15.8757,1
15.8757,0
15.8766,1
15.8766,0
15.8776,1
15.8776,0
15.8785,1
15.8785,0
15.8795,1
15.8795,0
15.8804,1
15.8804,0
15.8814,1
15.8814,0
15.8823,1
15.8823,0
15.8832,1
15.8832,0
15.8842,1
15.8842,0
15.8851,1
15.8851,0
15.8861,1
15.8861,0
15.887,1
15.887,0
15.888,1
15.888,0
15.8889,1
15.8889,0
15.8899,1
15.8899,0
15.8908,1
15.8908,0
15.8917,1
15.8917,0
15.8927,1
15.8927,0
15.8936,1
15.8936,0
15.8946,1
15.8946,0
15.8955,1
15.8955,0
15.8965,1
15.8965,0
15.8974,1
15.8974,0
15.8984,1
15.8984,0
15.8993,1
15.8993,0
15.9002,1
15.9002,0
15.9012,1
15.9012,0
15.9021,1
15.9021,0
15.9031,1
15.9031,0
15.904,1
15.904,0
15.905,1
15.905,0
15.9059,1
15.9059,0
15.9068,1
15.9068,0
15.9078,1
15.9078,0
15.9087,1
15.9087,0
15.9097,1
15.9097,0
15.9106,1
15.9106,0
15.9116,1
15.9116,0
15.9125,1
15.9125,0
15.9135,1
15.9135,0
15.9144,1
15.9144,0
15.9153,1
15.9153,0
15.9163,1
15.9163,0
15.9172,1
15.9172,0
15.9182,1
15.9182,0
15.9191,1
15.9191,0
15.9201,1
15.9201,0
15.921,1
15.921,0
15.922,1
15.922,0
15.9229,1
15.9229,0
15.9238,1
15.9238,0
15.9248,1
15.9248,0
15.9257,1
15.9257,0
15.9267,1
15.9267,0
15.9276,1
15.9276,0
15.9286,1
15.9286,0
15.9295,1
15.9295,0
15.9304,1
15.9304,0
15.9314,1
15.9314,0
15.9323,1
15.9323,0
15.9333,1
15.9333,0
15.9342,1
15.9342,0
15.9352,1
15.9352,0
15.9361,1
15.9361,0
15.9371,1
15.9371,0
15.938,1
15.938,0
15.9389,1
15.9389,0
15.9399,1
15.9399,0
15.9408,1
15.9408,0
15.9418,1
15.9418,0
15.9427,1
15.9427,0
15.9437,1
15.9437,0
15.9446,1
15.9446,0
15.9456,1
15.9456,0
15.9465,1
15.9465,0
15.9474,1
15.9474,0
15.9484,1
15.9484,0
15.9493,1
15.9493,0
15.9503,1
15.9503,0
15.9512,1
15.9512,0
15.9522,1
15.9522,0
15.9531,1
15.9531,0
15.954,1
15.954,0
15.955,1
15.955,0
15.9559,1
15.9559,0
15.9569,1
15.9569,0
15.9578,1
15.9578,0
15.9588,1
15.9588,0
15.9597,1
15.9597,0
15.9607,1
15.9607,0
15.9616,1
15.9616,0
15.9625,1
15.9625,0
15.9635,1
15.9635,0
15.9644,1
15.9644,0
15.9654,1
15.9654,0
15.9663,1
15.9663,0
15.9673,1
15.9673,0
15.9682,1
15.9682,0
15.9692,1
15.9692,0
15.9701,1
15.9701,0
15.971,1
15.971,0
15.972,1
15.972,0
15.9729,1
15.9729,0
15.9739,1
15.9739,0
15.9748,1
15.9748,0
15.9758,1
15.9758,0
15.9767,1
15.9767,0
15.9776,1
15.9776,0
15.9786,1
15.9786,0
15.9795,1
15.9795,0
15.9805,1
15.9805,0
15.9814,1
15.9814,0
15.9824,1
15.9824,0
15.9833,1
15.9833,0
15.9843,1
15.9843,0
15.9852,1
15.9852,0
15.9861,1
15.9861,0
15.9871,1
15.9871,0
15.988,1
15.988,0
15.989,1
15.989,0
15.9899,1
15.9899,0
15.9909,1
15.9909,0
15.9918,1
15.9918,0
15.9928,1
15.9928,0
15.9937,1
15.9937,0
15.9946,1
15.9946,0
15.9956,1
15.9956,0
15.9965,1
15.9965,0
15.9975,1
15.9975,0
15.9984,1
15.9984,0
15.9994,1
15.9994,0
16.0003,1
16.0003,0
16.0012,1
16.0012,0
16.0022,1
16.0022,0
16.0031,1
16.0031,0
16.0041,1
16.0041,0
16.005,1
16.005,0
16.006,1
16.006,0
16.0069,1
16.0069,0
16.0079,1
16.0079,0
16.0088,1
16.0088,0
16.0097,1
16.0097,0
16.0107,1
16.0107,0
16.0116,1
16.0116,0
16.0126,1
16.0126,0
16.0135,1
16.0135,0
16.0145,1
16.0145,0
16.0154,1
16.0154,0
16.0164,1
16.0164,0
16.0173,1
16.0173,0
16.0182,1
16.0182,0
16.0192,1
16.0192,0
16.0201,1
16.0201,0
16.0211,1
16.0211,0
16.022,1
16.022,0
16.023,1
16.023,0
16.0239,1
16.0239,0
16.0248,1
16.0248,0
16.0258,1
16.0258,0
16.0267,1
16.0267,0
16.0277,1
16.0277,0
16.0286,1
16.0286,0
16.0296,1
16.0296,0
16.0305,1
16.0305,0
16.0315,1
16.0315,0
16.0324,1
16.0324,0
16.0333,1
16.0333,0
16.0343,1
16.0343,0
16.0352,1
16.0352,0
16.0362,1
16.0362,0
16.0371,1
16.0371,0
16.0381,1
16.0381,0
16.039,1
16.039,0
16.04,1
16.04,0
16.0409,1
16.0409,0
16.0418,1
16.0418,0
16.0428,1
16.0428,0
16.0437,1
16.0437,0
16.0447,1
16.0447,0
16.0456,1
16.0456,0
16.0466,1
16.0466,0
16.0475,1
16.0475,0
16.0484,1
16.0484,0
16.0494,1
16.0494,0
16.0503,1
16.0503,0
16.0513,1
16.0513,0
16.0522,1
16.0522,0
16.0532,1
16.0532,0
16.0541,1
16.0541,0
16.0551,1
16.0551,0
16.056,1
16.056,0
16.0569,1
16.0569,0
16.0579,1
16.0579,0
16.0588,1
16.0588,0
16.0598,1
16.0598,0
16.0607,1
16.0607,0
16.0617,1
16.0617,0
16.0626,1
16.0626,0
16.0636,1
16.0636,0
16.0645,1
16.0645,0
16.0654,1
16.0654,0
16.0664,1
16.0664,0
16.0673,1
16.0673,0
16.0683,1
16.0683,0
16.0692,1
16.0692,0
16.0702,1
16.0702,0
16.0711,1
16.0711,0
16.072,1
16.072,0
16.073,1
16.073,0
16.0739,1
16.0739,0
16.0749,1
16.0749,0
16.0758,1
16.0758,0
16.0768,1
16.0768,0
16.0777,1
16.0777,0
16.0787,1
16.0787,0
16.0796,1
16.0796,0
16.0805,1
16.0805,0
16.0815,1
16.0815,0
16.0824,1
16.0824,0
16.0834,1
16.0834,0
16.0843,1
16.0843,0
16.0853,1
16.0853,0
16.0862,1
16.0862,0
16.0872,1
16.0872,0
16.0881,1
16.0881,0
16.089,1
16.089,0
16.09,1
16.09,0
16.0909,1
16.0909,0
16.0919,1
16.0919,0
16.0928,1
16.0928,0
16.0938,1
16.0938,0
16.0947,1
16.0947,0
16.0956,1
16.0956,0
16.0966,1
16.0966,0
16.0975,1
16.0975,0
16.0985,1
16.0985,0
16.0994,1
16.0994,0
16.1004,1
16.1004,0
16.1013,1
16.1013,0
16.1023,1
16.1023,0
16.1032,1
16.1032,0
16.1041,1
16.1041,0
16.1051,1
16.1051,0
16.106,1
16.106,0
16.107,1
16.107,0
16.1079,1
16.1079,0
16.1089,1
16.1089,0
16.1098,1
16.1098,0
16.1108,1
16.1108,0
16.1117,1
16.1117,0
16.1126,1
16.1126,0
16.1136,1
16.1136,0
16.1145,1
16.1145,0
16.1155,1
16.1155,0
16.1164,1
16.1164,0
16.1174,1
16.1174,0
16.1183,1
16.1183,0
16.1192,1
16.1192,0
16.1202,1
16.1202,0
16.1211,1
16.1211,0
16.1221,1
16.1221,0
16.123,1
16.123,0
16.124,1
16.124,0
16.1249,1
16.1249,0
16.1259,1
16.1259,0
16.1268,1
16.1268,0
16.1277,1
16.1277,0
16.1287,1
16.1287,0
16.1296,1
16.1296,0
16.1306,1
16.1306,0
16.1315,1
16.1315,0
16.1325,1
16.1325,0
16.1334,1
16.1334,0
16.1344,1
16.1344,0
16.1353,1
16.1353,0
16.1362,1
16.1362,0
16.1372,1
16.1372,0
16.1381,1
16.1381,0
16.1391,1
16.1391,0
16.14,1
16.14,0
16.141,1
16.141,0
16.1419,1
16.1419,0
16.1428,1
16.1428,0
16.1438,1
16.1438,0
16.1447,1
16.1447,0
16.1457,1
16.1457,0
16.1466,1
16.1466,0
16.1476,1
16.1476,0
16.1485,1
16.1485,0
16.1495,1
16.1495,0
16.1504,1
16.1504,0
16.1513,1
16.1513,0
16.1523,1
16.1523,0
16.1532,1
16.1532,0
16.1542,1
16.1542,0
16.1551,1
16.1551,0
16.1561,1
16.1561,0
16.157,1
16.157,0
16.158,1
16.158,0
16.1589,1
16.1589,0
16.1598,1
16.1598,0
16.1608,1
16.1608,0
16.1617,1
16.1617,0
16.1627,1
16.1627,0
16.1636,1
16.1636,0
16.1646,1
16.1646,0
16.1655,1
16.1655,0
16.1664,1
16.1664,0
16.1674,1
16.1674,0
16.1683,1
16.1683,0
16.1693,1
16.1693,0
16.1702,1
16.1702,0
16.1712,1
16.1712,0
16.1721,1
16.1721,0
16.1731,1
16.1731,0
16.174,1
16.174,0
16.1749,1
16.1749,0
16.1759,1
16.1759,0
16.1768,1
16.1768,0
16.1778,1
16.1778,0
16.1787,1
16.1787,0
16.1797,1
16.1797,0
16.1806,1
16.1806,0
16.1816,1
16.1816,0
16.1825,1
16.1825,0
16.1834,1
16.1834,0
16.1844,1
16.1844,0
16.1853,1
16.1853,0
16.1863,1
16.1863,0
16.1872,1
16.1872,0
16.1882,1
16.1882,0
16.1891,1
16.1891,0
16.19,1
16.19,0
16.191,1
16.191,0
16.1919,1
16.1919,0
16.1929,1
16.1929,0
16.1938,1
16.1938,0
16.1948,1
16.1948,0
16.1957,1
16.1957,0
16.1967,1
16.1967,0
16.1976,1
16.1976,0
16.1985,1
16.1985,0
16.1995,1
16.1995,0
16.2004,1
16.2004,0
16.2014,1
16.2014,0
16.2023,1
16.2023,0
16.2033,1
16.2033,0
16.2042,1
16.2042,0
16.2052,1
16.2052,0
16.2061,1
16.2061,0
16.207,1
16.207,0
16.208,1
16.208,0
16.2089,1
16.2089,0
16.2099,1
16.2099,0
16.2108,1
16.2108,0
16.2118,1
16.2118,0
16.2127,1
16.2127,0
16.2136,1
16.2136,0
16.2146,1
16.2146,0
16.2155,1
16.2155,0
16.2165,1
16.2165,0
16.2174,1
16.2174,0
16.2184,1
16.2184,0
16.2193,1
16.2193,0
16.2203,1
16.2203,0
16.2212,1
16.2212,0
16.2221,1
16.2221,0
16.2231,1
16.2231,0
16.224,1
16.224,0
16.225,1
16.225,0
16.2259,1
16.2259,0
16.2269,1
16.2269,0
16.2278,1
16.2278,0
16.2288,1
16.2288,0
16.2297,1
16.2297,0
16.2306,1
16.2306,0
16.2316,1
16.2316,0
16.2325,1
16.2325,0
16.2335,1
16.2335,0
16.2344,1
16.2344,0
16.2354,1
16.2354,0
16.2363,1
16.2363,0
16.2372,1
16.2372,0
16.2382,1
16.2382,0
16.2391,1
16.2391,0
16.2401,1
16.2401,0
16.241,1
16.241,0
16.242,1
16.242,0
16.2429,1
16.2429,0
16.2439,1
16.2439,0
16.2448,1
16.2448,0
16.2457,1
16.2457,0
16.2467,1
16.2467,0
16.2476,1
16.2476,0
16.2486,1
16.2486,0
16.2495,1
16.2495,0
16.2505,1
16.2505,0
16.2514,1
16.2514,0
16.2524,1
16.2524,0
16.2533,1
16.2533,0
16.2542,1
16.2542,0
16.2552,1
16.2552,0
16.2561,1
16.2561,0
16.2571,1
16.2571,0
16.258,1
16.258,0
16.259,1
16.259,0
16.2599,1
16.2599,0
16.2608,1
16.2608,0
16.2618,1
16.2618,0
16.2627,1
16.2627,0
16.2637,1
16.2637,0
16.2646,1
16.2646,0
16.2656,1
16.2656,0
16.2665,1
16.2665,0
16.2675,1
16.2675,0
16.2684,1
16.2684,0
16.2693,1
16.2693,0
16.2703,1
16.2703,0
16.2712,1
16.2712,0
16.2722,1
16.2722,0
16.2731,1
16.2731,0
16.2741,1
16.2741,0
16.275,1
16.275,0
16.276,1
16.276,0
16.2769,1
16.2769,0
16.2778,1
16.2778,0
16.2788,1
16.2788,0
16.2797,1
16.2797,0
16.2807,1
16.2807,0
16.2816,1
16.2816,0
16.2826,1
16.2826,0
16.2835,1
16.2835,0
16.2844,1
16.2844,0
16.2854,1
16.2854,0
16.2863,1
16.2863,0
16.2873,1
16.2873,0
16.2882,1
16.2882,0
16.2892,1
16.2892,0
16.2901,1
16.2901,0
16.2911,1
16.2911,0
16.292,1
16.292,0
16.2929,1
16.2929,0
16.2939,1
16.2939,0
16.2948,1
16.2948,0
16.2958,1
16.2958,0
16.2967,1
16.2967,0
16.2977,1
16.2977,0
16.2986,1
16.2986,0
16.2996,1
16.2996,0
16.3005,1
16.3005,0
16.3014,1
16.3014,0
16.3024,1
16.3024,0
16.3033,1
16.3033,0
16.3043,1
16.3043,0
16.3052,1
16.3052,0
16.3062,1
16.3062,0
16.3071,1
16.3071,0
16.308,1
16.308,0
16.309,1
16.309,0
16.3099,1
16.3099,0
16.3109,1
16.3109,0
16.3118,1
16.3118,0
16.3128,1
16.3128,0
16.3137,1
16.3137,0
16.3147,1
16.3147,0
16.3156,1
16.3156,0
16.3165,1
16.3165,0
16.3175,1
16.3175,0
16.3184,1
16.3184,0
16.3194,1
16.3194,0
16.3203,1
16.3203,0
16.3213,1
16.3213,0
16.3222,1
16.3222,0
16.3232,1
16.3232,0
16.3241,1
16.3241,0
16.325,1
16.325,0
16.326,1
16.326,0
16.3269,1
16.3269,0
16.3279,1
16.3279,0
16.3288,1
16.3288,0
16.3298,1
16.3298,0
16.3307,1
16.3307,0
16.3316,1
16.3316,0
16.3326,1
16.3326,0
16.3335,1
16.3335,0
16.3345,1
16.3345,0
16.3354,1
16.3354,0
16.3364,1
16.3364,0
16.3373,1
16.3373,0
16.3383,1
16.3383,0
16.3392,1
16.3392,0
16.3401,1
16.3401,0
16.3411,1
16.3411,0
16.342,1
16.342,0
16.343,1
16.343,0
16.3439,1
16.3439,0
16.3449,1
16.3449,0
16.3458,1
16.3458,0
16.3468,1
16.3468,0
16.3477,1
16.3477,0
16.3486,1
16.3486,0
16.3496,1
16.3496,0
16.3505,1
16.3505,0
16.3515,1
16.3515,0
16.3524,1
16.3524,0
16.3534,1
16.3534,0
16.3543,1
16.3543,0
16.3552,1
16.3552,0
16.3562,1
16.3562,0
16.3571,1
16.3571,0
16.3581,1
16.3581,0
16.359,1
16.359,0
16.36,1
16.36,0
16.3609,1
16.3609,0
16.3619,1
16.3619,0
16.3628,1
16.3628,0
16.3637,1
16.3637,0
16.3647,1
16.3647,0
16.3656,1
16.3656,0
16.3666,1
16.3666,0
16.3675,1
16.3675,0
16.3685,1
16.3685,0
16.3694,1
16.3694,0
16.3704,1
16.3704,0
16.3713,1
16.3713,0
16.3722,1
16.3722,0
16.3732,1
16.3732,0
16.3741,1
16.3741,0
16.3751,1
16.3751,0
16.376,1
16.376,0
16.377,1
16.377,0
16.3779,1
16.3779,0
16.3788,1
16.3788,0
16.3798,1
16.3798,0
16.3807,1
16.3807,0
16.3817,1
16.3817,0
16.3826,1
16.3826,0
16.3836,1
16.3836,0
16.3845,1
16.3845,0
16.3855,1
16.3855,0
16.3864,1
16.3864,0
16.3873,1
16.3873,0
16.3883,1
16.3883,0
16.3892,1
16.3892,0
16.3902,1
16.3902,0
16.3911,1
16.3911,0
16.3921,1
16.3921,0
16.393,1
16.393,0
16.394,1
16.394,0
16.3949,1
16.3949,0
16.3958,1
16.3958,0
16.3968,1
16.3968,0
16.3977,1
16.3977,0
16.3987,1
16.3987,0
16.3996,1
16.3996,0
16.4006,1
16.4006,0
16.4015,1
16.4015,0
16.4024,1
16.4024,0
16.4034,1
16.4034,0
16.4043,1
16.4043,0
16.4053,1
16.4053,0
16.4062,1
16.4062,0
16.4072,1
16.4072,0
16.4081,1
16.4081,0
16.4091,1
16.4091,0
16.41,1
16.41,0
16.4109,1
16.4109,0
16.4119,1
16.4119,0
16.4128,1
16.4128,0
16.4138,1
16.4138,0
16.4147,1
16.4147,0
16.4157,1
16.4157,0
16.4166,1
16.4166,0
16.4176,1
16.4176,0
16.4185,1
16.4185,0
16.4194,1
16.4194,0
16.4204,1
16.4204,0
16.4213,1
16.4213,0
16.4223,1
16.4223,0
16.4232,1
16.4232,0
16.4242,1
16.4242,0
16.4251,1
16.4251,0
16.426,1
16.426,0
16.427,1
16.427,0
16.4279,1
16.4279,0
16.4289,1
16.4289,0
16.4298,1
16.4298,0
16.4308,1
16.4308,0
16.4317,1
16.4317,0
16.4327,1
16.4327,0
16.4336,1
16.4336,0
16.4345,1
16.4345,0
16.4355,1
16.4355,0
16.4364,1
16.4364,0
16.4374,1
16.4374,0
16.4383,1
16.4383,0
16.4393,1
16.4393,0
16.4402,1
16.4402,0
16.4412,1
16.4412,0
16.4421,1
16.4421,0
16.443,1
16.443,0
16.444,1
16.444,0
16.4449,1
16.4449,0
16.4459,1
16.4459,0
16.4468,1
16.4468,0
16.4478,1
16.4478,0
16.4487,1
16.4487,0
16.4496,1
16.4496,0
16.4506,1
16.4506,0
16.4515,1
16.4515,0
16.4525,1
16.4525,0
16.4534,1
16.4534,0
16.4544,1
16.4544,0
16.4553,1
16.4553,0
16.4563,1
16.4563,0
16.4572,1
16.4572,0
16.4581,1
16.4581,0
16.4591,1
16.4591,0
16.46,1
16.46,0
16.461,1
16.461,0
16.4619,1
16.4619,0
16.4629,1
16.4629,0
16.4638,1
16.4638,0
16.4648,1
16.4648,0
16.4657,1
16.4657,0
16.4666,1
16.4666,0
16.4676,1
16.4676,0
16.4685,1
16.4685,0
16.4695,1
16.4695,0
16.4704,1
16.4704,0
16.4714,1
16.4714,0
16.4723,1
16.4723,0
16.4732,1
16.4732,0
16.4742,1
16.4742,0
16.4751,1
16.4751,0
16.4761,1
16.4761,0
16.477,1
16.477,0
16.478,1
16.478,0
16.4789,1
16.4789,0
16.4799,1
16.4799,0
16.4808,1
16.4808,0
16.4817,1
16.4817,0
16.4827,1
16.4827,0
16.4836,1
16.4836,0
16.4846,1
16.4846,0
16.4855,1
16.4855,0
16.4865,1
16.4865,0
16.4874,1
16.4874,0
16.4884,1
16.4884,0
16.4893,1
16.4893,0
16.4902,1
16.4902,0
16.4912,1
16.4912,0
16.4921,1
16.4921,0
16.4931,1
16.4931,0
16.494,1
16.494,0
16.495,1
16.495,0
16.4959,1
16.4959,0
16.4968,1
16.4968,0
16.4978,1
16.4978,0
16.4987,1
16.4987,0
16.4997,1
16.4997,0
16.5006,1
16.5006,0
16.5016,1
16.5016,0
16.5025,1
16.5025,0
16.5035,1
16.5035,0
16.5044,1
16.5044,0
16.5053,1
16.5053,0
16.5063,1
16.5063,0
16.5072,1
16.5072,0
16.5082,1
16.5082,0
16.5091,1
16.5091,0
16.5101,1
16.5101,0
16.511,1
16.511,0
16.512,1
16.512,0
16.5129,1
16.5129,0
16.5138,1
16.5138,0
16.5148,1
16.5148,0
16.5157,1
16.5157,0
16.5167,1
16.5167,0
16.5176,1
16.5176,0
16.5186,1
16.5186,0
16.5195,1
16.5195,0
16.5204,1
16.5204,0
16.5214,1
16.5214,0
16.5223,1
16.5223,0
16.5233,1
16.5233,0
16.5242,1
16.5242,0
16.5252,1
16.5252,0
16.5261,1
16.5261,0
16.5271,1
16.5271,0
16.528,1
16.528,0
16.5289,1
16.5289,0
16.5299,1
16.5299,0
16.5308,1
16.5308,0
16.5318,1
16.5318,0
16.5327,1
16.5327,0
16.5337,1
16.5337,0
16.5346,1
16.5346,0
16.5356,1
16.5356,0
16.5365,1
16.5365,0
16.5374,1
16.5374,0
16.5384,1
16.5384,0
16.5393,1
16.5393,0
16.5403,1
16.5403,0
16.5412,1
16.5412,0
16.5422,1
16.5422,0
16.5431,1
16.5431,0
16.544,1
16.544,0
16.545,1
16.545,0
16.5459,1
16.5459,0
16.5469,1
16.5469,0
16.5478,1
16.5478,0
16.5488,1
16.5488,0
16.5497,1
16.5497,0
16.5507,1
16.5507,0
16.5516,1
16.5516,0
16.5525,1
16.5525,0
16.5535,1
16.5535,0
16.5544,1
16.5544,0
16.5554,1
16.5554,0
16.5563,1
16.5563,0
16.5573,1
16.5573,0
16.5582,1
16.5582,0
16.5592,1
16.5592,0
16.5601,1
16.5601,0
16.561,1
16.561,0
16.562,1
16.562,0
16.5629,1
16.5629,0
16.5639,1
16.5639,0
16.5648,1
16.5648,0
16.5658,1
16.5658,0
16.5667,1
16.5667,0
16.5676,1
16.5676,0
16.5686,1
16.5686,0
16.5695,1
16.5695,0
16.5705,1
16.5705,0
16.5714,1
16.5714,0
16.5724,1
16.5724,0
16.5733,1
16.5733,0
16.5743,1
16.5743,0
16.5752,1
16.5752,0
16.5761,1
16.5761,0
16.5771,1
16.5771,0
16.578,1
16.578,0
16.579,1
16.579,0
16.5799,1
16.5799,0
16.5809,1
16.5809,0
16.5818,1
16.5818,0
16.5828,1
16.5828,0
16.5837,1
16.5837,0
16.5846,1
16.5846,0
16.5856,1
16.5856,0
16.5865,1
16.5865,0
16.5875,1
16.5875,0
16.5884,1
16.5884,0
16.5894,1
16.5894,0
16.5903,1
16.5903,0
16.5912,1
16.5912,0
16.5922,1
16.5922,0
16.5931,1
16.5931,0
16.5941,1
16.5941,0
16.595,1
16.595,0
16.596,1
16.596,0
16.5969,1
16.5969,0
16.5979,1
16.5979,0
16.5988,1
16.5988,0
16.5997,1
16.5997,0
16.6007,1
16.6007,0
16.6016,1
16.6016,0
16.6026,1
16.6026,0
16.6035,1
16.6035,0
16.6045,1
16.6045,0
16.6054,1
16.6054,0
16.6064,1
16.6064,0
16.6073,1
16.6073,0
16.6082,1
16.6082,0
16.6092,1
16.6092,0
16.6101,1
16.6101,0
16.6111,1
16.6111,0
16.612,1
16.612,0
16.613,1
16.613,0
16.6139,1
16.6139,0
16.6148,1
16.6148,0
16.6158,1
16.6158,0
16.6167,1
16.6167,0
16.6177,1
16.6177,0
16.6186,1
16.6186,0
16.6196,1
16.6196,0
16.6205,1
16.6205,0
16.6215,1
16.6215,0
16.6224,1
16.6224,0
16.6233,1
16.6233,0
16.6243,1
16.6243,0
16.6252,1
16.6252,0
16.6262,1
16.6262,0
16.6271,1
16.6271,0
16.6281,1
16.6281,0
16.629,1
16.629,0
16.63,1
16.63,0
16.6309,1
16.6309,0
16.6318,1
16.6318,0
16.6328,1
16.6328,0
16.6337,1
16.6337,0
16.6347,1
16.6347,0
16.6356,1
16.6356,0
16.6366,1
16.6366,0
16.6375,1
16.6375,0
16.6384,1
16.6384,0
16.6394,1
16.6394,0
16.6403,1
16.6403,0
16.6413,1
16.6413,0
16.6422,1
16.6422,0
16.6432,1
16.6432,0
16.6441,1
16.6441,0
16.6451,1
16.6451,0
16.646,1
16.646,0
16.6469,1
16.6469,0
16.6479,1
16.6479,0
16.6488,1
16.6488,0
16.6498,1
16.6498,0
16.6507,1
16.6507,0
16.6517,1
16.6517,0
16.6526,1
16.6526,0
16.6536,1
16.6536,0
16.6545,1
16.6545,0
16.6554,1
16.6554,0
16.6564,1
16.6564,0
16.6573,1
16.6573,0
16.6583,1
16.6583,0
16.6592,1
16.6592,0
16.6602,1
16.6602,0
16.6611,1
16.6611,0
16.662,1
16.662,0
16.663,1
16.663,0
16.6639,1
16.6639,0
16.6649,1
16.6649,0
16.6658,1
16.6658,0
16.6668,1
16.6668,0
16.6677,1
16.6677,0
16.6687,1
16.6687,0
16.6696,1
16.6696,0
16.6705,1
16.6705,0
16.6715,1
16.6715,0
16.6724,1
16.6724,0
16.6734,1
16.6734,0
16.6743,1
16.6743,0
16.6753,1
16.6753,0
16.6762,1
16.6762,0
16.6772,1
16.6772,0
16.6781,1
16.6781,0
16.679,1
16.679,0
16.68,1
16.68,0
16.6809,1
16.6809,0
16.6819,1
16.6819,0
16.6828,1
16.6828,0
16.6838,1
16.6838,0
16.6847,1
16.6847,0
16.6856,1
16.6856,0
16.6866,1
16.6866,0
16.6875,1
16.6875,0
16.6885,1
16.6885,0
16.6894,1
16.6894,0
16.6904,1
16.6904,0
16.6913,1
16.6913,0
16.6923,1
16.6923,0
16.6932,1
16.6932,0
16.6941,1
16.6941,0
16.6951,1
16.6951,0
16.696,1
16.696,0
16.697,1
16.697,0
16.6979,1
16.6979,0
16.6989,1
16.6989,0
16.6998,1
16.6998,0
16.7008,1
16.7008,0
16.7017,1
16.7017,0
16.7026,1
16.7026,0
16.7036,1
16.7036,0
16.7045,1
16.7045,0
16.7055,1
16.7055,0
16.7064,1
16.7064,0
16.7074,1
16.7074,0
16.7083,1
16.7083,0
16.7092,1
16.7092,0
16.7102,1
16.7102,0
16.7111,1
16.7111,0
16.7121,1
16.7121,0
16.713,1
16.713,0
16.714,1
16.714,0
16.7149,1
16.7149,0
16.7159,1
16.7159,0
16.7168,1
16.7168,0
16.7177,1
16.7177,0
16.7187,1
16.7187,0
16.7196,1
16.7196,0
16.7206,1
16.7206,0
16.7215,1
16.7215,0
16.7225,1
16.7225,0
16.7234,1
16.7234,0
16.7244,1
16.7244,0
16.7253,1
16.7253,0
16.7262,1
16.7262,0
16.7272,1
16.7272,0
16.7281,1
16.7281,0
16.7291,1
16.7291,0
16.73,1
16.73,0
16.731,1
16.731,0
16.7319,1
16.7319,0
16.7328,1
16.7328,0
16.7338,1
16.7338,0
16.7347,1
16.7347,0
16.7357,1
16.7357,0
16.7366,1
16.7366,0
16.7376,1
16.7376,0
16.7385,1
16.7385,0
16.7395,1
16.7395,0
16.7404,1
16.7404,0
16.7413,1
16.7413,0
16.7423,1
16.7423,0
16.7432,1
16.7432,0
16.7442,1
16.7442,0
16.7451,1
16.7451,0
16.7461,1
16.7461,0
16.747,1
16.747,0
16.748,1
16.748,0
16.7489,1
16.7489,0
16.7498,1
16.7498,0
16.7508,1
16.7508,0
16.7517,1
16.7517,0
16.7527,1
16.7527,0
16.7536,1
16.7536,0
16.7546,1
16.7546,0
16.7555,1
16.7555,0
16.7564,1
16.7564,0
16.7574,1
16.7574,0
16.7583,1
16.7583,0
16.7593,1
16.7593,0
16.7602,1
16.7602,0
16.7612,1
16.7612,0
16.7621,1
16.7621,0
16.7631,1
16.7631,0
16.764,1
16.764,0
16.7649,1
16.7649,0
16.7659,1
16.7659,0
16.7668,1
16.7668,0
16.7678,1
16.7678,0
16.7687,1
16.7687,0
16.7697,1
16.7697,0
16.7706,1
16.7706,0
16.7716,1
16.7716,0
16.7725,1
16.7725,0
16.7734,1
16.7734,0
16.7744,1
16.7744,0
16.7753,1
16.7753,0
16.7763,1
16.7763,0
16.7772,1
16.7772,0
16.7782,1
16.7782,0
16.7791,1
16.7791,0
16.78,1
16.78,0
16.781,1
16.781,0
16.7819,1
16.7819,0
16.7829,1
16.7829,0
16.7838,1
16.7838,0
16.7848,1
16.7848,0
16.7857,1
16.7857,0
16.7867,1
16.7867,0
16.7876,1
16.7876,0
16.7885,1
16.7885,0
16.7895,1
16.7895,0
16.7904,1
16.7904,0
16.7914,1
16.7914,0
16.7923,1
16.7923,0
16.7933,1
16.7933,0
16.7942,1
16.7942,0
16.7952,1
16.7952,0
16.7961,1
16.7961,0
16.797,1
16.797,0
16.798,1
16.798,0
16.7989,1
16.7989,0
16.7999,1
16.7999,0
16.8008,1
16.8008,0
16.8018,1
16.8018,0
16.8027,1
16.8027,0
16.8036,1
16.8036,0
16.8046,1
16.8046,0
16.8055,1
16.8055,0
16.8065,1
16.8065,0
16.8074,1
16.8074,0
16.8084,1
16.8084,0
16.8093,1
16.8093,0
16.8103,1
16.8103,0
16.8112,1
16.8112,0
16.8121,1
16.8121,0
16.8131,1
16.8131,0
16.814,1
16.814,0
16.815,1
16.815,0
16.8159,1
16.8159,0
16.8169,1
16.8169,0
16.8178,1
16.8178,0
16.8188,1
16.8188,0
16.8197,1
16.8197,0
16.8206,1
16.8206,0
16.8216,1
16.8216,0
16.8225,1
16.8225,0
16.8235,1
16.8235,0
16.8244,1
16.8244,0
16.8254,1
16.8254,0
16.8263,1
16.8263,0
16.8272,1
16.8272,0
16.8282,1
16.8282,0
16.8291,1
16.8291,0
16.8301,1
16.8301,0
16.831,1
16.831,0
16.832,1
16.832,0
16.8329,1
16.8329,0
16.8339,1
16.8339,0
16.8348,1
16.8348,0
16.8357,1
16.8357,0
16.8367,1
16.8367,0
16.8376,1
16.8376,0
16.8386,1
16.8386,0
16.8395,1
16.8395,0
16.8405,1
16.8405,0
16.8414,1
16.8414,0
16.8424,1
16.8424,0
16.8433,1
16.8433,0
16.8442,1
16.8442,0
16.8452,1
16.8452,0
16.8461,1
16.8461,0
16.8471,1
16.8471,0
16.848,1
16.848,0
16.849,1
16.849,0
16.8499,1
16.8499,0
16.8508,1
16.8508,0
16.8518,1
16.8518,0
16.8527,1
16.8527,0
16.8537,1
16.8537,0
16.8546,1
16.8546,0
16.8556,1
16.8556,0
16.8565,1
16.8565,0
16.8575,1
16.8575,0
16.8584,1
16.8584,0
16.8593,1
16.8593,0
16.8603,1
16.8603,0
16.8612,1
16.8612,0
16.8622,1
16.8622,0
16.8631,1
16.8631,0
16.8641,1
16.8641,0
16.865,1
16.865,0
16.866,1
16.866,0
16.8669,1
16.8669,0
16.8678,1
16.8678,0
16.8688,1
16.8688,0
16.8697,1
16.8697,0
16.8707,1
16.8707,0
16.8716,1
16.8716,0
16.8726,1
16.8726,0
16.8735,1
16.8735,0
16.8744,1
16.8744,0
16.8754,1
16.8754,0
16.8763,1
16.8763,0
16.8773,1
16.8773,0
16.8782,1
16.8782,0
16.8792,1
16.8792,0
16.8801,1
16.8801,0
16.8811,1
16.8811,0
16.882,1
16.882,0
16.8829,1
16.8829,0
16.8839,1
16.8839,0
16.8848,1
16.8848,0
16.8858,1
16.8858,0
16.8867,1
16.8867,0
16.8877,1
16.8877,0
16.8886,1
16.8886,0
16.8896,1
16.8896,0
16.8905,1
16.8905,0
16.8914,1
16.8914,0
16.8924,1
16.8924,0
16.8933,1
16.8933,0
16.8943,1
16.8943,0
16.8952,1
16.8952,0
16.8962,1
16.8962,0
16.8971,1
16.8971,0
16.898,1
16.898,0
16.899,1
16.899,0
16.8999,1
16.8999,0
16.9009,1
16.9009,0
16.9018,1
16.9018,0
16.9028,1
16.9028,0
16.9037,1
16.9037,0
16.9047,1
16.9047,0
16.9056,1
16.9056,0
16.9065,1
16.9065,0
16.9075,1
16.9075,0
16.9084,1
16.9084,0
16.9094,1
16.9094,0
16.9103,1
16.9103,0
16.9113,1
16.9113,0
16.9122,1
16.9122,0
16.9132,1
16.9132,0
16.9141,1
16.9141,0
16.915,1
16.915,0
16.916,1
16.916,0
16.9169,1
16.9169,0
16.9179,1
16.9179,0
16.9188,1
16.9188,0
16.9198,1
16.9198,0
16.9207,1
16.9207,0
16.9216,1
16.9216,0
16.9226,1
16.9226,0
16.9235,1
16.9235,0
16.9245,1
16.9245,0
16.9254,1
16.9254,0
16.9264,1
16.9264,0
16.9273,1
16.9273,0
16.9283,1
16.9283,0
16.9292,1
16.9292,0
16.9301,1
16.9301,0
16.9311,1
16.9311,0
16.932,1
16.932,0
16.933,1
16.933,0
16.9339,1
16.9339,0
16.9349,1
16.9349,0
16.9358,1
16.9358,0
16.9368,1
16.9368,0
16.9377,1
16.9377,0
16.9386,1
16.9386,0
16.9396,1
16.9396,0
16.9405,1
16.9405,0
16.9415,1
16.9415,0
16.9424,1
16.9424,0
16.9434,1
16.9434,0
16.9443,1
16.9443,0
16.9452,1
16.9452,0
16.9462,1
16.9462,0
16.9471,1
16.9471,0
16.9481,1
16.9481,0
16.949,1
16.949,0
16.95,1
16.95,0
16.9509,1
16.9509,0
16.9519,1
16.9519,0
16.9528,1
16.9528,0
16.9537,1
16.9537,0
16.9547,1
16.9547,0
16.9556,1
16.9556,0
16.9566,1
16.9566,0
16.9575,1
16.9575,0
16.9585,1
16.9585,0
16.9594,1
16.9594,0
16.9604,1
16.9604,0
16.9613,1
16.9613,0
16.9622,1
16.9622,0
16.9632,1
16.9632,0
16.9641,1
16.9641,0
16.9651,1
16.9651,0
16.966,1
16.966,0
16.967,1
16.967,0
16.9679,1
16.9679,0
16.9688,1
16.9688,0
16.9698,1
16.9698,0
16.9707,1
16.9707,0
16.9717,1
16.9717,0
16.9726,1
16.9726,0
16.9736,1
16.9736,0
16.9745,1
16.9745,0
16.9755,1
16.9755,0
16.9764,1
16.9764,0
16.9773,1
16.9773,0
16.9783,1
16.9783,0
16.9792,1
16.9792,0
16.9802,1
16.9802,0
16.9811,1
16.9811,0
16.9821,1
16.9821,0
16.983,1
16.983,0
16.984,1
16.984,0
16.9849,1
16.9849,0
16.9858,1
16.9858,0
16.9868,1
16.9868,0
16.9877,1
16.9877,0
16.9887,1
16.9887,0
16.9896,1
16.9896,0
16.9906,1
16.9906,0
16.9915,1
16.9915,0
16.9924,1
16.9924,0
16.9934,1
16.9934,0
16.9943,1
16.9943,0
16.9953,1
16.9953,0
16.9962,1
16.9962,0
16.9972,1
16.9972,0
16.9981,1
16.9981,0
16.9991,1
16.9991,0
17,1
17,0
17.0009,1
17.0009,0
17.0019,1
17.0019,0
17.0028,1
17.0028,0
17.0038,1
17.0038,0
17.0047,1
17.0047,0
17.0057,1
17.0057,0
17.0066,1
17.0066,0
17.0076,1
17.0076,0
17.0085,1
17.0085,0
17.0094,1
17.0094,0
17.0104,1
17.0104,0
17.0113,1
17.0113,0
17.0123,1
17.0123,0
17.0132,1
17.0132,0
17.0142,1
17.0142,0
17.0151,1
17.0151,0
17.016,1
17.016,0
17.017,1
17.017,0
17.0179,1
17.0179,0
17.0189,1
17.0189,0
17.0198,1
17.0198,0
17.0208,1
17.0208,0
17.0217,1
17.0217,0
17.0227,1
17.0227,0
17.0236,1
17.0236,0
17.0245,1
17.0245,0
17.0255,1
17.0255,0
17.0264,1
17.0264,0
17.0274,1
17.0274,0
17.0283,1
17.0283,0
17.0293,1
17.0293,0
17.0302,1
17.0302,0
17.0312,1
17.0312,0
17.0321,1
17.0321,0
17.033,1
17.033,0
17.034,1
17.034,0
17.0349,1
17.0349,0
17.0359,1
17.0359,0
17.0368,1
17.0368,0
17.0378,1
17.0378,0
17.0387,1
17.0387,0
17.0396,1
17.0396,0
17.0406,1
17.0406,0
17.0415,1
17.0415,0
17.0425,1
17.0425,0
17.0434,1
17.0434,0
17.0444,1
17.0444,0
17.0453,1
17.0453,0
17.0463,1
17.0463,0
17.0472,1
17.0472,0
17.0481,1
17.0481,0
17.0491,1
17.0491,0
17.05,1
17.05,0
17.051,1
17.051,0
17.0519,1
17.0519,0
17.0529,1
17.0529,0
17.0538,1
17.0538,0
17.0548,1
17.0548,0
17.0557,1
17.0557,0
17.0566,1
17.0566,0
17.0576,1
17.0576,0
17.0585,1
17.0585,0
17.0595,1
17.0595,0
17.0604,1
17.0604,0
17.0614,1
17.0614,0
17.0623,1
17.0623,0
17.0632,1
17.0632,0
17.0642,1
17.0642,0
17.0651,1
17.0651,0
17.0661,1
17.0661,0
17.067,1
17.067,0
17.068,1
17.068,0
17.0689,1
17.0689,0
17.0699,1
17.0699,0
17.0708,1
17.0708,0
17.0717,1
17.0717,0
17.0727,1
17.0727,0
17.0736,1
17.0736,0
17.0746,1
17.0746,0
17.0755,1
17.0755,0
17.0765,1
17.0765,0
17.0774,1
17.0774,0
17.0784,1
17.0784,0
17.0793,1
17.0793,0
17.0802,1
17.0802,0
17.0812,1
17.0812,0
17.0821,1
17.0821,0
17.0831,1
17.0831,0
17.084,1
17.084,0
17.085,1
17.085,0
17.0859,1
17.0859,0
17.0868,1
17.0868,0
17.0878,1
17.0878,0
17.0887,1
17.0887,0
17.0897,1
17.0897,0
17.0906,1
17.0906,0
17.0916,1
17.0916,0
17.0925,1
17.0925,0
17.0935,1
17.0935,0
17.0944,1
17.0944,0
17.0953,1
17.0953,0
17.0963,1
17.0963,0
17.0972,1
17.0972,0
17.0982,1
17.0982,0
17.0991,1
17.0991,0
17.1001,1
17.1001,0
17.101,1
17.101,0
17.102,1
17.102,0
17.1029,1
17.1029,0
17.1038,1
17.1038,0
17.1048,1
17.1048,0
17.1057,1
17.1057,0
17.1067,1
17.1067,0
17.1076,1
17.1076,0
17.1086,1
17.1086,0
17.1095,1
17.1095,0
17.1104,1
17.1104,0
17.1114,1
17.1114,0
17.1123,1
17.1123,0
17.1133,1
17.1133,0
17.1142,1
17.1142,0
17.1152,1
17.1152,0
17.1161,1
17.1161,0
17.1171,1
17.1171,0
17.118,1
17.118,0
17.1189,1
17.1189,0
17.1199,1
17.1199,0
17.1208,1
17.1208,0
17.1218,1
17.1218,0
17.1227,1
17.1227,0
17.1237,1
17.1237,0
17.1246,1
17.1246,0
17.1256,1
17.1256,0
17.1265,1
17.1265,0
17.1274,1
17.1274,0
17.1284,1
17.1284,0
17.1293,1
17.1293,0
17.1303,1
17.1303,0
17.1312,1
17.1312,0
17.1322,1
17.1322,0
17.1331,1
17.1331,0
17.134,1
17.134,0
17.135,1
17.135,0
17.1359,1
17.1359,0
17.1369,1
17.1369,0
17.1378,1
17.1378,0
17.1388,1
17.1388,0
17.1397,1
17.1397,0
17.1407,1
17.1407,0
17.1416,1
17.1416,0
17.1425,1
17.1425,0
17.1435,1
17.1435,0
17.1444,1
17.1444,0
17.1454,1
17.1454,0
17.1463,1
17.1463,0
17.1473,1
17.1473,0
17.1482,1
17.1482,0
17.1492,1
17.1492,0
17.1501,1
17.1501,0
17.151,1
17.151,0
17.152,1
17.152,0
17.1529,1
17.1529,0
17.1539,1
17.1539,0
17.1548,1
17.1548,0
17.1558,1
17.1558,0
17.1567,1
17.1567,0
17.1576,1
17.1576,0
17.1586,1
17.1586,0
17.1595,1
17.1595,0
17.1605,1
17.1605,0
17.1614,1
17.1614,0
17.1624,1
17.1624,0
17.1633,1
17.1633,0
17.1643,1
17.1643,0
17.1652,1
17.1652,0
17.1661,1
17.1661,0
17.1671,1
17.1671,0
17.168,1
17.168,0
17.169,1
17.169,0
17.1699,1
17.1699,0
17.1709,1
17.1709,0
17.1718,1
17.1718,0
17.1728,1
17.1728,0
17.1737,1
17.1737,0
17.1746,1
17.1746,0
17.1756,1
17.1756,0
17.1765,1
17.1765,0
17.1775,1
17.1775,0
17.1784,1
17.1784,0
17.1794,1
17.1794,0
17.1803,1
17.1803,0
17.1812,1
17.1812,0
17.1822,1
17.1822,0
17.1831,1
17.1831,0
17.1841,1
17.1841,0
17.185,1
17.185,0
17.186,1
17.186,0
17.1869,1
17.1869,0
17.1879,1
17.1879,0
17.1888,1
17.1888,0
17.1897,1
17.1897,0
17.1907,1
17.1907,0
17.1916,1
17.1916,0
17.1926,1
17.1926,0
17.1935,1
17.1935,0
17.1945,1
17.1945,0
17.1954,1
17.1954,0
17.1964,1
17.1964,0
17.1973,1
17.1973,0
17.1982,1
17.1982,0
17.1992,1
17.1992,0
17.2001,1
17.2001,0
17.2011,1
17.2011,0
17.202,1
17.202,0
17.203,1
17.203,0
17.2039,1
17.2039,0
17.2048,1
17.2048,0
17.2058,1
17.2058,0
17.2067,1
17.2067,0
17.2077,1
17.2077,0
17.2086,1
17.2086,0
17.2096,1
17.2096,0
17.2105,1
17.2105,0
17.2115,1
17.2115,0
17.2124,1
17.2124,0
17.2133,1
17.2133,0
17.2143,1
17.2143,0
17.2152,1
17.2152,0
17.2162,1
17.2162,0
17.2171,1
17.2171,0
17.2181,1
17.2181,0
17.219,1
17.219,0
17.22,1
17.22,0
17.2209,1
17.2209,0
17.2218,1
17.2218,0
17.2228,1
17.2228,0
17.2237,1
17.2237,0
17.2247,1
17.2247,0
17.2256,1
17.2256,0
17.2266,1
17.2266,0
17.2275,1
17.2275,0
17.2284,1
17.2284,0
17.2294,1
17.2294,0
17.2303,1
17.2303,0
17.2313,1
17.2313,0
17.2322,1
17.2322,0
17.2332,1
17.2332,0
17.2341,1
17.2341,0
17.2351,1
17.2351,0
17.236,1
17.236,0
17.2369,1
17.2369,0
17.2379,1
17.2379,0
17.2388,1
17.2388,0
17.2398,1
17.2398,0
17.2407,1
17.2407,0
17.2417,1
17.2417,0
17.2426,1
17.2426,0
17.2436,1
17.2436,0
17.2445,1
17.2445,0
17.2454,1
17.2454,0
17.2464,1
17.2464,0
17.2473,1
17.2473,0
17.2483,1
17.2483,0
17.2492,1
17.2492,0
17.2502,1
17.2502,0
17.2511,1
17.2511,0
17.252,1
17.252,0
17.253,1
17.253,0
17.2539,1
17.2539,0
17.2549,1
17.2549,0
17.2558,1
17.2558,0
17.2568,1
17.2568,0
17.2577,1
17.2577,0
17.2587,1
17.2587,0
17.2596,1
17.2596,0
17.2605,1
17.2605,0
17.2615,1
17.2615,0
17.2624,1
17.2624,0
17.2634,1
17.2634,0
17.2643,1
17.2643,0
17.2653,1
17.2653,0
17.2662,1
17.2662,0
17.2672,1
17.2672,0
17.2681,1
17.2681,0
17.269,1
17.269,0
17.27,1
17.27,0
17.2709,1
17.2709,0
17.2719,1
17.2719,0
17.2728,1
17.2728,0
17.2738,1
17.2738,0
17.2747,1
17.2747,0
17.2756,1
17.2756,0
17.2766,1
17.2766,0
17.2775,1
17.2775,0
17.2785,1
17.2785,0
17.2794,1
17.2794,0
17.2804,1
17.2804,0
17.2813,1
17.2813,0
17.2823,1
17.2823,0
17.2832,1
17.2832,0
17.2841,1
17.2841,0
17.2851,1
17.2851,0
17.286,1
17.286,0
17.287,1
17.287,0
17.2879,1
17.2879,0
17.2889,1
17.2889,0
17.2898,1
17.2898,0
17.2908,1
17.2908,0
17.2917,1
17.2917,0
17.2926,1
17.2926,0
17.2936,1
17.2936,0
17.2945,1
17.2945,0
17.2955,1
17.2955,0
17.2964,1
17.2964,0
17.2974,1
17.2974,0
17.2983,1
17.2983,0
17.2992,1
17.2992,0
17.3002,1
17.3002,0
17.3011,1
17.3011,0
17.3021,1
17.3021,0
17.303,1
17.303,0
17.304,1
17.304,0
17.3049,1
17.3049,0
17.3059,1
17.3059,0
17.3068,1
17.3068,0
17.3077,1
17.3077,0
17.3087,1
17.3087,0
17.3096,1
17.3096,0
17.3106,1
17.3106,0
17.3115,1
17.3115,0
17.3125,1
17.3125,0
17.3134,1
17.3134,0
17.3144,1
17.3144,0
17.3153,1
17.3153,0
17.3162,1
17.3162,0
17.3172,1
17.3172,0
17.3181,1
17.3181,0
17.3191,1
17.3191,0
17.32,1
17.32,0
17.321,1
17.321,0
17.3219,1
17.3219,0
17.3228,1
17.3228,0
17.3238,1
17.3238,0
17.3247,1
17.3247,0
17.3257,1
17.3257,0
17.3266,1
17.3266,0
17.3276,1
17.3276,0
17.3285,1
17.3285,0
17.3295,1
17.3295,0
17.3304,1
17.3304,0
17.3313,1
17.3313,0
17.3323,1
17.3323,0
17.3332,1
17.3332,0
17.3342,1
17.3342,0
17.3351,1
17.3351,0
17.3361,1
17.3361,0
17.337,1
17.337,0
17.338,1
17.338,0
17.3389,1
17.3389,0
17.3398,1
17.3398,0
17.3408,1
17.3408,0
17.3417,1
17.3417,0
17.3427,1
17.3427,0
17.3436,1
17.3436,0
17.3446,1
17.3446,0
17.3455,1
17.3455,0
17.3464,1
17.3464,0
17.3474,1
17.3474,0
17.3483,1
17.3483,0
17.3493,1
17.3493,0
17.3502,1
17.3502,0
17.3512,1
17.3512,0
17.3521,1
17.3521,0
17.3531,1
17.3531,0
17.354,1
17.354,0
17.3549,1
17.3549,0
17.3559,1
17.3559,0
17.3568,1
17.3568,0
17.3578,1
17.3578,0
17.3587,1
17.3587,0
17.3597,1
17.3597,0
17.3606,1
17.3606,0
17.3616,1
17.3616,0
17.3625,1
17.3625,0
17.3634,1
17.3634,0
17.3644,1
17.3644,0
17.3653,1
17.3653,0
17.3663,1
17.3663,0
17.3672,1
17.3672,0
17.3682,1
17.3682,0
17.3691,1
17.3691,0
17.37,1
17.37,0
17.371,1
17.371,0
17.3719,1
17.3719,0
17.3729,1
17.3729,0
17.3738,1
17.3738,0
17.3748,1
17.3748,0
17.3757,1
17.3757,0
17.3767,1
17.3767,0
17.3776,1
17.3776,0
17.3785,1
17.3785,0
17.3795,1
17.3795,0
17.3804,1
17.3804,0
17.3814,1
17.3814,0
17.3823,1
17.3823,0
17.3833,1
17.3833,0
17.3842,1
17.3842,0
17.3852,1
17.3852,0
17.3861,1
17.3861,0
17.387,1
17.387,0
17.388,1
17.388,0
17.3889,1
17.3889,0
17.3899,1
17.3899,0
17.3908,1
17.3908,0
17.3918,1
17.3918,0
17.3927,1
17.3927,0
17.3936,1
17.3936,0
17.3946,1
17.3946,0
17.3955,1
17.3955,0
17.3965,1
17.3965,0
17.3974,1
17.3974,0
17.3984,1
17.3984,0
17.3993,1
17.3993,0
17.4003,1
17.4003,0
17.4012,1
17.4012,0
17.4021,1
17.4021,0
17.4031,1
17.4031,0
17.404,1
17.404,0
17.405,1
17.405,0
17.4059,1
17.4059,0
17.4069,1
17.4069,0
17.4078,1
17.4078,0
17.4088,1
17.4088,0
17.4097,1
17.4097,0
17.4106,1
17.4106,0
17.4116,1
17.4116,0
17.4125,1
17.4125,0
17.4135,1
17.4135,0
17.4144,1
17.4144,0
17.4154,1
17.4154,0
17.4163,1
17.4163,0
17.4172,1
17.4172,0
17.4182,1
17.4182,0
17.4191,1
17.4191,0
17.4201,1
17.4201,0
17.421,1
17.421,0
17.422,1
17.422,0
17.4229,1
17.4229,0
17.4239,1
17.4239,0
17.4248,1
17.4248,0
17.4257,1
17.4257,0
17.4267,1
17.4267,0
17.4276,1
17.4276,0
17.4286,1
17.4286,0
17.4295,1
17.4295,0
17.4305,1
17.4305,0
17.4314,1
17.4314,0
17.4324,1
17.4324,0
17.4333,1
17.4333,0
17.4342,1
17.4342,0
17.4352,1
17.4352,0
17.4361,1
17.4361,0
17.4371,1
17.4371,0
17.438,1
17.438,0
17.439,1
17.439,0
17.4399,1
17.4399,0
17.4408,1
17.4408,0
17.4418,1
17.4418,0
17.4427,1
17.4427,0
17.4437,1
17.4437,0
17.4446,1
17.4446,0
17.4456,1
17.4456,0
17.4465,1
17.4465,0
17.4475,1
17.4475,0
17.4484,1
17.4484,0
17.4493,1
17.4493,0
17.4503,1
17.4503,0
17.4512,1
17.4512,0
17.4522,1
17.4522,0
17.4531,1
17.4531,0
17.4541,1
17.4541,0
17.455,1
17.455,0
17.456,1
17.456,0
17.4569,1
17.4569,0
17.4578,1
17.4578,0
17.4588,1
17.4588,0
17.4597,1
17.4597,0
17.4607,1
17.4607,0
17.4616,1
17.4616,0
17.4626,1
17.4626,0
17.4635,1
17.4635,0
17.4644,1
17.4644,0
17.4654,1
17.4654,0
17.4663,1
17.4663,0
17.4673,1
17.4673,0
17.4682,1
17.4682,0
17.4692,1
17.4692,0
17.4701,1
17.4701,0
17.4711,1
17.4711,0
17.472,1
17.472,0
17.4729,1
17.4729,0
17.4739,1
17.4739,0
17.4748,1
17.4748,0
17.4758,1
17.4758,0
17.4767,1
17.4767,0
17.4777,1
17.4777,0
17.4786,1
17.4786,0
17.4796,1
17.4796,0
17.4805,1
17.4805,0
17.4814,1
17.4814,0
17.4824,1
17.4824,0
17.4833,1
17.4833,0
17.4843,1
17.4843,0
17.4852,1
17.4852,0
17.4862,1
17.4862,0
17.4871,1
17.4871,0
17.488,1
17.488,0
17.489,1
17.489,0
17.4899,1
17.4899,0
17.4909,1
17.4909,0
17.4918,1
17.4918,0
17.4928,1
17.4928,0
17.4937,1
17.4937,0
17.4947,1
17.4947,0
17.4956,1
17.4956,0
17.4965,1
17.4965,0
17.4975,1
17.4975,0
17.4984,1
17.4984,0
17.4994,1
17.4994,0
17.5003,1
17.5003,0
17.5013,1
17.5013,0
17.5022,1
17.5022,0
17.5032,1
17.5032,0
17.5041,1
17.5041,0
17.505,1
17.505,0
17.506,1
17.506,0
17.5069,1
17.5069,0
17.5079,1
17.5079,0
17.5088,1
17.5088,0
17.5098,1
17.5098,0
17.5107,1
17.5107,0
17.5116,1
17.5116,0
17.5126,1
17.5126,0
17.5135,1
17.5135,0
17.5145,1
17.5145,0
17.5154,1
17.5154,0
17.5164,1
17.5164,0
17.5173,1
17.5173,0
17.5183,1
17.5183,0
17.5192,1
17.5192,0
17.5201,1
17.5201,0
17.5211,1
17.5211,0
17.522,1
17.522,0
17.523,1
17.523,0
17.5239,1
17.5239,0
17.5249,1
17.5249,0
17.5258,1
17.5258,0
17.5268,1
17.5268,0
17.5277,1
17.5277,0
17.5286,1
17.5286,0
17.5296,1
17.5296,0
17.5305,1
17.5305,0
17.5315,1
17.5315,0
17.5324,1
17.5324,0
17.5334,1
17.5334,0
17.5343,1
17.5343,0
17.5352,1
17.5352,0
17.5362,1
17.5362,0
17.5371,1
17.5371,0
17.5381,1
17.5381,0
17.539,1
17.539,0
17.54,1
17.54,0
17.5409,1
17.5409,0
17.5419,1
17.5419,0
17.5428,1
17.5428,0
17.5437,1
17.5437,0
17.5447,1
17.5447,0
17.5456,1
17.5456,0
17.5466,1
17.5466,0
17.5475,1
17.5475,0
17.5485,1
17.5485,0
17.5494,1
17.5494,0
17.5504,1
17.5504,0
17.5513,1
17.5513,0
17.5522,1
17.5522,0
17.5532,1
17.5532,0
17.5541,1
17.5541,0
17.5551,1
17.5551,0
17.556,1
17.556,0
17.557,1
17.557,0
17.5579,1
17.5579,0
17.5588,1
17.5588,0
17.5598,1
17.5598,0
17.5607,1
17.5607,0
17.5617,1
17.5617,0
17.5626,1
17.5626,0
17.5636,1
17.5636,0
17.5645,1
17.5645,0
17.5655,1
17.5655,0
17.5664,1
17.5664,0
17.5673,1
17.5673,0
17.5683,1
17.5683,0
17.5692,1
17.5692,0
17.5702,1
17.5702,0
17.5711,1
17.5711,0
17.5721,1
17.5721,0
17.573,1
17.573,0
17.574,1
17.574,0
17.5749,1
17.5749,0
17.5758,1
17.5758,0
17.5768,1
17.5768,0
17.5777,1
17.5777,0
17.5787,1
17.5787,0
17.5796,1
17.5796,0
17.5806,1
17.5806,0
17.5815,1
17.5815,0
17.5824,1
17.5824,0
17.5834,1
17.5834,0
17.5843,1
17.5843,0
17.5853,1
17.5853,0
17.5862,1
17.5862,0
17.5872,1
17.5872,0
17.5881,1
17.5881,0
17.5891,1
17.5891,0
17.59,1
17.59,0
17.5909,1
17.5909,0
17.5919,1
17.5919,0
17.5928,1
17.5928,0
17.5938,1
17.5938,0
17.5947,1
17.5947,0
17.5957,1
17.5957,0
17.5966,1
17.5966,0
17.5976,1
17.5976,0
17.5985,1
17.5985,0
17.5994,1
17.5994,0
17.6004,1
17.6004,0
17.6013,1
17.6013,0
17.6023,1
17.6023,0
17.6032,1
17.6032,0
17.6042,1
17.6042,0
17.6051,1
17.6051,0
17.606,1
17.606,0
17.607,1
17.607,0
17.6079,1
17.6079,0
17.6089,1
17.6089,0
17.6098,1
17.6098,0
17.6108,1
17.6108,0
17.6117,1
17.6117,0
17.6127,1
17.6127,0
17.6136,1
17.6136,0
17.6145,1
17.6145,0
17.6155,1
17.6155,0
17.6164,1
17.6164,0
17.6174,1
17.6174,0
17.6183,1
17.6183,0
17.6193,1
17.6193,0
17.6202,1
17.6202,0
17.6212,1
17.6212,0
17.6221,1
17.6221,0
17.623,1
17.623,0
17.624,1
17.624,0
17.6249,1
17.6249,0
17.6259,1
17.6259,0
17.6268,1
17.6268,0
17.6278,1
17.6278,0
17.6287,1
17.6287,0
17.6296,1
17.6296,0
17.6306,1
17.6306,0
17.6315,1
17.6315,0
17.6325,1
17.6325,0
17.6334,1
17.6334,0
17.6344,1
17.6344,0
17.6353,1
17.6353,0
17.6363,1
17.6363,0
17.6372,1
17.6372,0
17.6381,1
17.6381,0
17.6391,1
17.6391,0
17.64,1
17.64,0
17.641,1
17.641,0
17.6419,1
17.6419,0
17.6429,1
17.6429,0
17.6438,1
17.6438,0
17.6448,1
17.6448,0
17.6457,1
17.6457,0
17.6466,1
17.6466,0
17.6476,1
17.6476,0
17.6485,1
17.6485,0
17.6495,1
17.6495,0
17.6504,1
17.6504,0
17.6514,1
17.6514,0
17.6523,1
17.6523,0
17.6532,1
17.6532,0
17.6542,1
17.6542,0
17.6551,1
17.6551,0
17.6561,1
17.6561,0
17.657,1
17.657,0
17.658,1
17.658,0
17.6589,1
17.6589,0
17.6599,1
17.6599,0
17.6608,1
17.6608,0
17.6617,1
17.6617,0
17.6627,1
17.6627,0
17.6636,1
17.6636,0
17.6646,1
17.6646,0
17.6655,1
17.6655,0
17.6665,1
17.6665,0
17.6674,1
17.6674,0
17.6684,1
17.6684,0
17.6693,1
17.6693,0
17.6702,1
17.6702,0
17.6712,1
17.6712,0
17.6721,1
17.6721,0
17.6731,1
17.6731,0
17.674,1
17.674,0
17.675,1
17.675,0
17.6759,1
17.6759,0
17.6768,1
17.6768,0
17.6778,1
17.6778,0
17.6787,1
17.6787,0
17.6797,1
17.6797,0
17.6806,1
17.6806,0
17.6816,1
17.6816,0
17.6825,1
17.6825,0
17.6835,1
17.6835,0
17.6844,1
17.6844,0
17.6853,1
17.6853,0
17.6863,1
17.6863,0
17.6872,1
17.6872,0
17.6882,1
17.6882,0
17.6891,1
17.6891,0
17.6901,1
17.6901,0
17.691,1
17.691,0
17.692,1
17.692,0
17.6929,1
17.6929,0
17.6938,1
17.6938,0
17.6948,1
17.6948,0
17.6957,1
17.6957,0
17.6967,1
17.6967,0
17.6976,1
17.6976,0
17.6986,1
17.6986,0
17.6995,1
17.6995,0
17.7004,1
17.7004,0
17.7014,1
17.7014,0
17.7023,1
17.7023,0
17.7033,1
17.7033,0
17.7042,1
17.7042,0
17.7052,1
17.7052,0
17.7061,1
17.7061,0
17.7071,1
17.7071,0
17.708,1
17.708,0
17.7089,1
17.7089,0
17.7099,1
17.7099,0
17.7108,1
17.7108,0
17.7118,1
17.7118,0
17.7127,1
17.7127,0
17.7137,1
17.7137,0
17.7146,1
17.7146,0
17.7156,1
17.7156,0
17.7165,1
17.7165,0
17.7174,1
17.7174,0
17.7184,1
17.7184,0
17.7193,1
17.7193,0
17.7203,1
17.7203,0
17.7212,1
17.7212,0
17.7222,1
17.7222,0
17.7231,1
17.7231,0
17.724,1
17.724,0
17.725,1
17.725,0
17.7259,1
17.7259,0
17.7269,1
17.7269,0
17.7278,1
17.7278,0
17.7288,1
17.7288,0
17.7297,1
17.7297,0
17.7307,1
17.7307,0
17.7316,1
17.7316,0
17.7325,1
17.7325,0
17.7335,1
17.7335,0
17.7344,1
17.7344,0
17.7354,1
17.7354,0
17.7363,1
17.7363,0
17.7373,1
17.7373,0
17.7382,1
17.7382,0
17.7392,1
17.7392,0
17.7401,1
17.7401,0
17.741,1
17.741,0
17.742,1
17.742,0
17.7429,1
17.7429,0
17.7439,1
17.7439,0
17.7448,1
17.7448,0
17.7458,1
17.7458,0
17.7467,1
17.7467,0
17.7476,1
17.7476,0
17.7486,1
17.7486,0
17.7495,1
17.7495,0
17.7505,1
17.7505,0
17.7514,1
17.7514,0
17.7524,1
17.7524,0
17.7533,1
17.7533,0
17.7543,1
17.7543,0
17.7552,1
17.7552,0
17.7561,1
17.7561,0
17.7571,1
17.7571,0
17.758,1
17.758,0
17.759,1
17.759,0
17.7599,1
17.7599,0
17.7609,1
17.7609,0
17.7618,1
17.7618,0
17.7628,1
17.7628,0
17.7637,1
17.7637,0
17.7646,1
17.7646,0
17.7656,1
17.7656,0
17.7665,1
17.7665,0
17.7675,1
17.7675,0
17.7684,1
17.7684,0
17.7694,1
17.7694,0
17.7703,1
17.7703,0
17.7712,1
17.7712,0
17.7722,1
17.7722,0
17.7731,1
17.7731,0
17.7741,1
17.7741,0
17.775,1
17.775,0
17.776,1
17.776,0
17.7769,1
17.7769,0
17.7779,1
17.7779,0
17.7788,1
17.7788,0
17.7797,1
17.7797,0
17.7807,1
17.7807,0
17.7816,1
17.7816,0
17.7826,1
17.7826,0
17.7835,1
17.7835,0
17.7845,1
17.7845,0
17.7854,1
17.7854,0
17.7864,1
17.7864,0
17.7873,1
17.7873,0
17.7882,1
17.7882,0
17.7892,1
17.7892,0
17.7901,1
17.7901,0
17.7911,1
17.7911,0
17.792,1
17.792,0
17.793,1
17.793,0
17.7939,1
17.7939,0
17.7948,1
17.7948,0
17.7958,1
17.7958,0
17.7967,1
17.7967,0
17.7977,1
17.7977,0
17.7986,1
17.7986,0
17.7996,1
17.7996,0
17.8005,1
17.8005,0
17.8015,1
17.8015,0
17.8024,1
17.8024,0
17.8033,1
17.8033,0
17.8043,1
17.8043,0
17.8052,1
17.8052,0
17.8062,1
17.8062,0
17.8071,1
17.8071,0
17.8081,1
17.8081,0
17.809,1
17.809,0
17.81,1
17.81,0
17.8109,1
17.8109,0
17.8118,1
17.8118,0
17.8128,1
17.8128,0
17.8137,1
17.8137,0
17.8147,1
17.8147,0
17.8156,1
17.8156,0
17.8166,1
17.8166,0
17.8175,1
17.8175,0
17.8184,1
17.8184,0
17.8194,1
17.8194,0
17.8203,1
17.8203,0
17.8213,1
17.8213,0
17.8222,1
17.8222,0
17.8232,1
17.8232,0
17.8241,1
17.8241,0
17.8251,1
17.8251,0
17.826,1
17.826,0
17.8269,1
17.8269,0
17.8279,1
17.8279,0
17.8288,1
17.8288,0
17.8298,1
17.8298,0
17.8307,1
17.8307,0
17.8317,1
17.8317,0
17.8326,1
17.8326,0
17.8336,1
17.8336,0
17.8345,1
17.8345,0
17.8354,1
17.8354,0
17.8364,1
17.8364,0
17.8373,1
17.8373,0
17.8383,1
17.8383,0
17.8392,1
17.8392,0
17.8402,1
17.8402,0
17.8411,1
17.8411,0
17.842,1
17.842,0
17.843,1
17.843,0
17.8439,1
17.8439,0
17.8449,1
17.8449,0
17.8458,1
17.8458,0
17.8468,1
17.8468,0
17.8477,1
17.8477,0
17.8487,1
17.8487,0
17.8496,1
17.8496,0
17.8505,1
17.8505,0
17.8515,1
17.8515,0
17.8524,1
17.8524,0
17.8534,1
17.8534,0
17.8543,1
17.8543,0
17.8553,1
17.8553,0
17.8562,1
17.8562,0
17.8572,1
17.8572,0
17.8581,1
17.8581,0
17.859,1
17.859,0
17.86,1
17.86,0
17.8609,1
17.8609,0
17.8619,1
17.8619,0
17.8628,1
17.8628,0
17.8638,1
17.8638,0
17.8647,1
17.8647,0
17.8656,1
17.8656,0
17.8666,1
17.8666,0
17.8675,1
17.8675,0
17.8685,1
17.8685,0
17.8694,1
17.8694,0
17.8704,1
17.8704,0
17.8713,1
17.8713,0
17.8723,1
17.8723,0
17.8732,1
17.8732,0
17.8741,1
17.8741,0
17.8751,1
17.8751,0
17.876,1
17.876,0
17.877,1
17.877,0
17.8779,1
17.8779,0
17.8789,1
17.8789,0
17.8798,1
17.8798,0
17.8808,1
17.8808,0
17.8817,1
17.8817,0
17.8826,1
17.8826,0
17.8836,1
17.8836,0
17.8845,1
17.8845,0
17.8855,1
17.8855,0
17.8864,1
17.8864,0
17.8874,1
17.8874,0
17.8883,1
17.8883,0
17.8892,1
17.8892,0
17.8902,1
17.8902,0
17.8911,1
17.8911,0
17.8921,1
17.8921,0
17.893,1
17.893,0
17.894,1
17.894,0
17.8949,1
17.8949,0
17.8959,1
17.8959,0
17.8968,1
17.8968,0
17.8977,1
17.8977,0
17.8987,1
17.8987,0
17.8996,1
17.8996,0
17.9006,1
17.9006,0
17.9015,1
17.9015,0
17.9025,1
17.9025,0
17.9034,1
17.9034,0
17.9044,1
17.9044,0
17.9053,1
17.9053,0
17.9062,1
17.9062,0
17.9072,1
17.9072,0
17.9081,1
17.9081,0
17.9091,1
17.9091,0
17.91,1
17.91,0
17.911,1
17.911,0
17.9119,1
17.9119,0
17.9128,1
17.9128,0
17.9138,1
17.9138,0
17.9147,1
17.9147,0
17.9157,1
17.9157,0
17.9166,1
17.9166,0
17.9176,1
17.9176,0
17.9185,1
17.9185,0
17.9195,1
17.9195,0
17.9204,1
17.9204,0
17.9213,1
17.9213,0
17.9223,1
17.9223,0
17.9232,1
17.9232,0
17.9242,1
17.9242,0
17.9251,1
17.9251,0
17.9261,1
17.9261,0
17.927,1
17.927,0
17.928,1
17.928,0
17.9289,1
17.9289,0
17.9298,1
17.9298,0
17.9308,1
17.9308,0
17.9317,1
17.9317,0
17.9327,1
17.9327,0
17.9336,1
17.9336,0
17.9346,1
17.9346,0
17.9355,1
17.9355,0
17.9364,1
17.9364,0
17.9374,1
17.9374,0
17.9383,1
17.9383,0
17.9393,1
17.9393,0
17.9402,1
17.9402,0
17.9412,1
17.9412,0
17.9421,1
17.9421,0
17.9431,1
17.9431,0
17.944,1
17.944,0
17.9449,1
17.9449,0
17.9459,1
17.9459,0
17.9468,1
17.9468,0
17.9478,1
17.9478,0
17.9487,1
17.9487,0
17.9497,1
17.9497,0
17.9506,1
17.9506,0
17.9516,1
17.9516,0
17.9525,1
17.9525,0
17.9534,1
17.9534,0
17.9544,1
17.9544,0
17.9553,1
17.9553,0
17.9563,1
17.9563,0
17.9572,1
17.9572,0
17.9582,1
17.9582,0
17.9591,1
17.9591,0
17.96,1
17.96,0
17.961,1
17.961,0
17.9619,1
17.9619,0
17.9629,1
17.9629,0
17.9638,1
17.9638,0
17.9648,1
17.9648,0
17.9657,1
17.9657,0
17.9667,1
17.9667,0
17.9676,1
17.9676,0
17.9685,1
17.9685,0
17.9695,1
17.9695,0
17.9704,1
17.9704,0
17.9714,1
17.9714,0
17.9723,1
17.9723,0
17.9733,1
17.9733,0
17.9742,1
17.9742,0
17.9752,1
17.9752,0
17.9761,1
17.9761,0
17.977,1
17.977,0
17.978,1
17.978,0
17.9789,1
17.9789,0
17.9799,1
17.9799,0
17.9808,1
17.9808,0
17.9818,1
17.9818,0
17.9827,1
17.9827,0
17.9836,1
17.9836,0
17.9846,1
17.9846,0
17.9855,1
17.9855,0
17.9865,1
17.9865,0
17.9874,1
17.9874,0
17.9884,1
17.9884,0
17.9893,1
17.9893,0
17.9903,1
17.9903,0
17.9912,1
17.9912,0
17.9921,1
17.9921,0
17.9931,1
17.9931,0
17.994,1
17.994,0
17.995,1
17.995,0
17.9959,1
17.9959,0
17.9969,1
17.9969,0
17.9978,1
17.9978,0
17.9988,1
17.9988,0
17.9997,1
17.9997,0
18.0006,1
18.0006,0
18.0016,1
18.0016,0
18.0025,1
18.0025,0
18.0035,1
18.0035,0
18.0044,1
18.0044,0
18.0054,1
18.0054,0
18.0063,1
18.0063,0
18.0072,1
18.0072,0
18.0082,1
18.0082,0
18.0091,1
18.0091,0
18.0101,1
18.0101,0
18.011,1
18.011,0
18.012,1
18.012,0
18.0129,1
18.0129,0
18.0139,1
18.0139,0
18.0148,1
18.0148,0
18.0157,1
18.0157,0
18.0167,1
18.0167,0
18.0176,1
18.0176,0
18.0186,1
18.0186,0
18.0195,1
18.0195,0
18.0205,1
18.0205,0
18.0214,1
18.0214,0
18.0224,1
18.0224,0
18.0233,1
18.0233,0
18.0242,1
18.0242,0
18.0252,1
18.0252,0
18.0261,1
18.0261,0
18.0271,1
18.0271,0
18.028,1
18.028,0
18.029,1
18.029,0
18.0299,1
18.0299,0
18.0308,1
18.0308,0
18.0318,1
18.0318,0
18.0327,1
18.0327,0
18.0337,1
18.0337,0
18.0346,1
18.0346,0
18.0356,1
18.0356,0
18.0365,1
18.0365,0
18.0375,1
18.0375,0
18.0384,1
18.0384,0
18.0393,1
18.0393,0
18.0403,1
18.0403,0
18.0412,1
18.0412,0
18.0422,1
18.0422,0
18.0431,1
18.0431,0
18.0441,1
18.0441,0
18.045,1
18.045,0
18.046,1
18.046,0
18.0469,1
18.0469,0
18.0478,1
18.0478,0
18.0488,1
18.0488,0
18.0497,1
18.0497,0
18.0507,1
18.0507,0
18.0516,1
18.0516,0
18.0526,1
18.0526,0
18.0535,1
18.0535,0
18.0544,1
18.0544,0
18.0554,1
18.0554,0
18.0563,1
18.0563,0
18.0573,1
18.0573,0
18.0582,1
18.0582,0
18.0592,1
18.0592,0
18.0601,1
18.0601,0
18.0611,1
18.0611,0
18.062,1
18.062,0
18.0629,1
18.0629,0
18.0639,1
18.0639,0
18.0648,1
18.0648,0
18.0658,1
18.0658,0
18.0667,1
18.0667,0
18.0677,1
18.0677,0
18.0686,1
18.0686,0
18.0696,1
18.0696,0
18.0705,1
18.0705,0
18.0714,1
18.0714,0
18.0724,1
18.0724,0
18.0733,1
18.0733,0
18.0743,1
18.0743,0
18.0752,1
18.0752,0
18.0762,1
18.0762,0
18.0771,1
18.0771,0
18.078,1
18.078,0
18.079,1
18.079,0
18.0799,1
18.0799,0
18.0809,1
18.0809,0
18.0818,1
18.0818,0
18.0828,1
18.0828,0
18.0837,1
18.0837,0
18.0847,1
18.0847,0
18.0856,1
18.0856,0
18.0865,1
18.0865,0
18.0875,1
18.0875,0
18.0884,1
18.0884,0
18.0894,1
18.0894,0
18.0903,1
18.0903,0
18.0913,1
18.0913,0
18.0922,1
18.0922,0
18.0932,1
18.0932,0
18.0941,1
18.0941,0
18.095,1
18.095,0
18.096,1
18.096,0
18.0969,1
18.0969,0
18.0979,1
18.0979,0
18.0988,1
18.0988,0
18.0998,1
18.0998,0
18.1007,1
18.1007,0
18.1016,1
18.1016,0
18.1026,1
18.1026,0
18.1035,1
18.1035,0
18.1045,1
18.1045,0
18.1054,1
18.1054,0
18.1064,1
18.1064,0
18.1073,1
18.1073,0
18.1083,1
18.1083,0
18.1092,1
18.1092,0
18.1101,1
18.1101,0
18.1111,1
18.1111,0
18.112,1
18.112,0
18.113,1
18.113,0
18.1139,1
18.1139,0
18.1149,1
18.1149,0
18.1158,1
18.1158,0
18.1168,1
18.1168,0
18.1177,1
18.1177,0
18.1186,1
18.1186,0
18.1196,1
18.1196,0
18.1205,1
18.1205,0
18.1215,1
18.1215,0
18.1224,1
18.1224,0
18.1234,1
18.1234,0
18.1243,1
18.1243,0
18.1252,1
18.1252,0
18.1262,1
18.1262,0
18.1271,1
18.1271,0
18.1281,1
18.1281,0
18.129,1
18.129,0
18.13,1
18.13,0
18.1309,1
18.1309,0
18.1319,1
18.1319,0
18.1328,1
18.1328,0
18.1337,1
18.1337,0
18.1347,1
18.1347,0
18.1356,1
18.1356,0
18.1366,1
18.1366,0
18.1375,1
18.1375,0
18.1385,1
18.1385,0
18.1394,1
18.1394,0
18.1404,1
18.1404,0
18.1413,1
18.1413,0
18.1422,1
18.1422,0
18.1432,1
18.1432,0
18.1441,1
18.1441,0
18.1451,1
18.1451,0
18.146,1
18.146,0
18.147,1
18.147,0
18.1479,1
18.1479,0
18.1488,1
18.1488,0
18.1498,1
18.1498,0
18.1507,1
18.1507,0
18.1517,1
18.1517,0
18.1526,1
18.1526,0
18.1536,1
18.1536,0
18.1545,1
18.1545,0
18.1555,1
18.1555,0
18.1564,1
18.1564,0
18.1573,1
18.1573,0
18.1583,1
18.1583,0
18.1592,1
18.1592,0
18.1602,1
18.1602,0
18.1611,1
18.1611,0
18.1621,1
18.1621,0
18.163,1
18.163,0
18.164,1
18.164,0
18.1649,1
18.1649,0
18.1658,1
18.1658,0
18.1668,1
18.1668,0
18.1677,1
18.1677,0
18.1687,1
18.1687,0
18.1696,1
18.1696,0
18.1706,1
18.1706,0
18.1715,1
18.1715,0
18.1724,1
18.1724,0
18.1734,1
18.1734,0
18.1743,1
18.1743,0
18.1753,1
18.1753,0
18.1762,1
18.1762,0
18.1772,1
18.1772,0
18.1781,1
18.1781,0
18.1791,1
18.1791,0
18.18,1
18.18,0
18.1809,1
18.1809,0
18.1819,1
18.1819,0
18.1828,1
18.1828,0
18.1838,1
18.1838,0
18.1847,1
18.1847,0
18.1857,1
18.1857,0
18.1866,1
18.1866,0
18.1876,1
18.1876,0
18.1885,1
18.1885,0
18.1894,1
18.1894,0
18.1904,1
18.1904,0
18.1913,1
18.1913,0
18.1923,1
18.1923,0
18.1932,1
18.1932,0
18.1942,1
18.1942,0
18.1951,1
18.1951,0
18.196,1
18.196,0
18.197,1
18.197,0
18.1979,1
18.1979,0
18.1989,1
18.1989,0
18.1998,1
18.1998,0
18.2008,1
18.2008,0
18.2017,1
18.2017,0
18.2027,1
18.2027,0
18.2036,1
18.2036,0
18.2045,1
18.2045,0
18.2055,1
18.2055,0
18.2064,1
18.2064,0
18.2074,1
18.2074,0
18.2083,1
18.2083,0
18.2093,1
18.2093,0
18.2102,1
18.2102,0
18.2112,1
18.2112,0
18.2121,1
18.2121,0
18.213,1
18.213,0
18.214,1
18.214,0
18.2149,1
18.2149,0
18.2159,1
18.2159,0
18.2168,1
18.2168,0
18.2178,1
18.2178,0
18.2187,1
18.2187,0
18.2196,1
18.2196,0
18.2206,1
18.2206,0
18.2215,1
18.2215,0
18.2225,1
18.2225,0
18.2234,1
18.2234,0
18.2244,1
18.2244,0
18.2253,1
18.2253,0
18.2263,1
18.2263,0
18.2272,1
18.2272,0
18.2281,1
18.2281,0
18.2291,1
18.2291,0
18.23,1
18.23,0
18.231,1
18.231,0
18.2319,1
18.2319,0
18.2329,1
18.2329,0
18.2338,1
18.2338,0
18.2348,1
18.2348,0
18.2357,1
18.2357,0
18.2366,1
18.2366,0
18.2376,1
18.2376,0
18.2385,1
18.2385,0
18.2395,1
18.2395,0
18.2404,1
18.2404,0
18.2414,1
18.2414,0
18.2423,1
18.2423,0
18.2432,1
18.2432,0
18.2442,1
18.2442,0
18.2451,1
18.2451,0
18.2461,1
18.2461,0
18.247,1
18.247,0
18.248,1
18.248,0
18.2489,1
18.2489,0
18.2499,1
18.2499,0
18.2508,1
18.2508,0
18.2517,1
18.2517,0
18.2527,1
18.2527,0
18.2536,1
18.2536,0
18.2546,1
18.2546,0
18.2555,1
18.2555,0
18.2565,1
18.2565,0
18.2574,1
18.2574,0
18.2584,1
18.2584,0
18.2593,1
18.2593,0
18.2602,1
18.2602,0
18.2612,1
18.2612,0
18.2621,1
18.2621,0
18.2631,1
18.2631,0
18.264,1
18.264,0
18.265,1
18.265,0
18.2659,1
18.2659,0
18.2668,1
18.2668,0
18.2678,1
18.2678,0
18.2687,1
18.2687,0
18.2697,1
18.2697,0
18.2706,1
18.2706,0
18.2716,1
18.2716,0
18.2725,1
18.2725,0
18.2735,1
18.2735,0
18.2744,1
18.2744,0
18.2753,1
18.2753,0
18.2763,1
18.2763,0
18.2772,1
18.2772,0
18.2782,1
18.2782,0
18.2791,1
18.2791,0
18.2801,1
18.2801,0
18.281,1
18.281,0
18.282,1
18.282,0
18.2829,1
18.2829,0
18.2838,1
18.2838,0
18.2848,1
18.2848,0
18.2857,1
18.2857,0
18.2867,1
18.2867,0
18.2876,1
18.2876,0
18.2886,1
18.2886,0
18.2895,1
18.2895,0
18.2904,1
18.2904,0
18.2914,1
18.2914,0
18.2923,1
18.2923,0
18.2933,1
18.2933,0
18.2942,1
18.2942,0
18.2952,1
18.2952,0
18.2961,1
18.2961,0
18.2971,1
18.2971,0
18.298,1
18.298,0
18.2989,1
18.2989,0
18.2999,1
18.2999,0
18.3008,1
18.3008,0
18.3018,1
18.3018,0
18.3027,1
18.3027,0
18.3037,1
18.3037,0
18.3046,1
18.3046,0
18.3056,1
18.3056,0
18.3065,1
18.3065,0
18.3074,1
18.3074,0
18.3084,1
18.3084,0
18.3093,1
18.3093,0
18.3103,1
18.3103,0
18.3112,1
18.3112,0
18.3122,1
18.3122,0
18.3131,1
18.3131,0
18.314,1
18.314,0
18.315,1
18.315,0
18.3159,1
18.3159,0
18.3169,1
18.3169,0
18.3178,1
18.3178,0
18.3188,1
18.3188,0
18.3197,1
18.3197,0
18.3207,1
18.3207,0
18.3216,1
18.3216,0
18.3225,1
18.3225,0
18.3235,1
18.3235,0
18.3244,1
18.3244,0
18.3254,1
18.3254,0
18.3263,1
18.3263,0
18.3273,1
18.3273,0
18.3282,1
18.3282,0
18.3292,1
18.3292,0
18.3301,1
18.3301,0
18.331,1
18.331,0
18.332,1
18.332,0
18.3329,1
18.3329,0
18.3339,1
18.3339,0
18.3348,1
18.3348,0
18.3358,1
18.3358,0
18.3367,1
18.3367,0
18.3376,1
18.3376,0
18.3386,1
18.3386,0
18.3395,1
18.3395,0
18.3405,1
18.3405,0
18.3414,1
18.3414,0
18.3424,1
18.3424,0
18.3433,1
18.3433,0
18.3443,1
18.3443,0
18.3452,1
18.3452,0
18.3461,1
18.3461,0
18.3471,1
18.3471,0
18.348,1
18.348,0
18.349,1
18.349,0
18.3499,1
18.3499,0
18.3509,1
18.3509,0
18.3518,1
18.3518,0
18.3528,1
18.3528,0
18.3537,1
18.3537,0
18.3546,1
18.3546,0
18.3556,1
18.3556,0
18.3565,1
18.3565,0
18.3575,1
18.3575,0
18.3584,1
18.3584,0
18.3594,1
18.3594,0
18.3603,1
18.3603,0
18.3612,1
18.3612,0
18.3622,1
18.3622,0
18.3631,1
18.3631,0
18.3641,1
18.3641,0
18.365,1
18.365,0
18.366,1
18.366,0
18.3669,1
18.3669,0
18.3679,1
18.3679,0
18.3688,1
18.3688,0
18.3697,1
18.3697,0
18.3707,1
18.3707,0
18.3716,1
18.3716,0
18.3726,1
18.3726,0
18.3735,1
18.3735,0
18.3745,1
18.3745,0
18.3754,1
18.3754,0
18.3764,1
18.3764,0
18.3773,1
18.3773,0
18.3782,1
18.3782,0
18.3792,1
18.3792,0
18.3801,1
18.3801,0
18.3811,1
18.3811,0
18.382,1
18.382,0
18.383,1
18.383,0
18.3839,1
18.3839,0
18.3848,1
18.3848,0
18.3858,1
18.3858,0
18.3867,1
18.3867,0
18.3877,1
18.3877,0
18.3886,1
18.3886,0
18.3896,1
18.3896,0
18.3905,1
18.3905,0
18.3915,1
18.3915,0
18.3924,1
18.3924,0
18.3933,1
18.3933,0
18.3943,1
18.3943,0
18.3952,1
18.3952,0
18.3962,1
18.3962,0
18.3971,1
18.3971,0
18.3981,1
18.3981,0
18.399,1
18.399,0
18.4,1
18.4,0
18.4009,1
18.4009,0
18.4018,1
18.4018,0
18.4028,1
18.4028,0
18.4037,1
18.4037,0
18.4047,1
18.4047,0
18.4056,1
18.4056,0
18.4066,1
18.4066,0
18.4075,1
18.4075,0
18.4084,1
18.4084,0
18.4094,1
18.4094,0
18.4103,1
18.4103,0
18.4113,1
18.4113,0
18.4122,1
18.4122,0
18.4132,1
18.4132,0
18.4141,1
18.4141,0
18.4151,1
18.4151,0
18.416,1
18.416,0
18.4169,1
18.4169,0
18.4179,1
18.4179,0
18.4188,1
18.4188,0
18.4198,1
18.4198,0
18.4207,1
18.4207,0
18.4217,1
18.4217,0
18.4226,1
18.4226,0
18.4236,1
18.4236,0
18.4245,1
18.4245,0
18.4254,1
18.4254,0
18.4264,1
18.4264,0
18.4273,1
18.4273,0
18.4283,1
18.4283,0
18.4292,1
18.4292,0
18.4302,1
18.4302,0
18.4311,1
18.4311,0
18.432,1
18.432,0
18.433,1
18.433,0
18.4339,1
18.4339,0
18.4349,1
18.4349,0
18.4358,1
18.4358,0
18.4368,1
18.4368,0
18.4377,1
18.4377,0
18.4387,1
18.4387,0
18.4396,1
18.4396,0
18.4405,1
18.4405,0
18.4415,1
18.4415,0
18.4424,1
18.4424,0
18.4434,1
18.4434,0
18.4443,1
18.4443,0
18.4453,1
18.4453,0
18.4462,1
18.4462,0
18.4472,1
18.4472,0
18.4481,1
18.4481,0
18.449,1
18.449,0
18.45,1
18.45,0
18.4509,1
18.4509,0
18.4519,1
18.4519,0
18.4528,1
18.4528,0
18.4538,1
18.4538,0
18.4547,1
18.4547,0
18.4556,1
18.4556,0
18.4566,1
18.4566,0
18.4575,1
18.4575,0
18.4585,1
18.4585,0
18.4594,1
18.4594,0
18.4604,1
18.4604,0
18.4613,1
18.4613,0
18.4623,1
18.4623,0
18.4632,1
18.4632,0
18.4641,1
18.4641,0
18.4651,1
18.4651,0
18.466,1
18.466,0
18.467,1
18.467,0
18.4679,1
18.4679,0
18.4689,1
18.4689,0
18.4698,1
18.4698,0
18.4708,1
18.4708,0
18.4717,1
18.4717,0
18.4726,1
18.4726,0
18.4736,1
18.4736,0
18.4745,1
18.4745,0
18.4755,1
18.4755,0
18.4764,1
18.4764,0
18.4774,1
18.4774,0
18.4783,1
18.4783,0
18.4792,1
18.4792,0
18.4802,1
18.4802,0
18.4811,1
18.4811,0
18.4821,1
18.4821,0
18.483,1
18.483,0
18.484,1
18.484,0
18.4849,1
18.4849,0
18.4859,1
18.4859,0
18.4868,1
18.4868,0
18.4877,1
18.4877,0
18.4887,1
18.4887,0
18.4896,1
18.4896,0
18.4906,1
18.4906,0
18.4915,1
18.4915,0
18.4925,1
18.4925,0
18.4934,1
18.4934,0
18.4944,1
18.4944,0
18.4953,1
18.4953,0
18.4962,1
18.4962,0
18.4972,1
18.4972,0
18.4981,1
18.4981,0
18.4991,1
18.4991,0
18.5,1
18.5,0
18.501,1
18.501,0
18.5019,1
18.5019,0
18.5028,1
18.5028,0
18.5038,1
18.5038,0
18.5047,1
18.5047,0
18.5057,1
18.5057,0
18.5066,1
18.5066,0
18.5076,1
18.5076,0
18.5085,1
18.5085,0
18.5095,1
18.5095,0
18.5104,1
18.5104,0
18.5113,1
18.5113,0
18.5123,1
18.5123,0
18.5132,1
18.5132,0
18.5142,1
18.5142,0
18.5151,1
18.5151,0
18.5161,1
18.5161,0
18.517,1
18.517,0
18.518,1
18.518,0
18.5189,1
18.5189,0
18.5198,1
18.5198,0
18.5208,1
18.5208,0
18.5217,1
18.5217,0
18.5227,1
18.5227,0
18.5236,1
18.5236,0
18.5246,1
18.5246,0
18.5255,1
18.5255,0
18.5264,1
18.5264,0
18.5274,1
18.5274,0
18.5283,1
18.5283,0
18.5293,1
18.5293,0
18.5302,1
18.5302,0
18.5312,1
18.5312,0
18.5321,1
18.5321,0
18.5331,1
18.5331,0
18.534,1
18.534,0
18.5349,1
18.5349,0
18.5359,1
18.5359,0
18.5368,1
18.5368,0
18.5378,1
18.5378,0
18.5387,1
18.5387,0
18.5397,1
18.5397,0
18.5406,1
18.5406,0
18.5416,1
18.5416,0
18.5425,1
18.5425,0
18.5434,1
18.5434,0
18.5444,1
18.5444,0
18.5453,1
18.5453,0
18.5463,1
18.5463,0
18.5472,1
18.5472,0
18.5482,1
18.5482,0
18.5491,1
18.5491,0
18.55,1
18.55,0
18.551,1
18.551,0
18.5519,1
18.5519,0
18.5529,1
18.5529,0
18.5538,1
18.5538,0
18.5548,1
18.5548,0
18.5557,1
18.5557,0
18.5567,1
18.5567,0
18.5576,1
18.5576,0
18.5585,1
18.5585,0
18.5595,1
18.5595,0
18.5604,1
18.5604,0
18.5614,1
18.5614,0
18.5623,1
18.5623,0
18.5633,1
18.5633,0
18.5642,1
18.5642,0
18.5652,1
18.5652,0
18.5661,1
18.5661,0
18.567,1
18.567,0
18.568,1
18.568,0
18.5689,1
18.5689,0
18.5699,1
18.5699,0
18.5708,1
18.5708,0
18.5718,1
18.5718,0
18.5727,1
18.5727,0
18.5736,1
18.5736,0
18.5746,1
18.5746,0
18.5755,1
18.5755,0
18.5765,1
18.5765,0
18.5774,1
18.5774,0
18.5784,1
18.5784,0
18.5793,1
18.5793,0
18.5803,1
18.5803,0
18.5812,1
18.5812,0
18.5821,1
18.5821,0
18.5831,1
18.5831,0
18.584,1
18.584,0
18.585,1
18.585,0
18.5859,1
18.5859,0
18.5869,1
18.5869,0
18.5878,1
18.5878,0
18.5888,1
18.5888,0
18.5897,1
18.5897,0
18.5906,1
18.5906,0
18.5916,1
18.5916,0
18.5925,1
18.5925,0
18.5935,1
18.5935,0
18.5944,1
18.5944,0
18.5954,1
18.5954,0
18.5963,1
18.5963,0
18.5972,1
18.5972,0
18.5982,1
18.5982,0
18.5991,1
18.5991,0
18.6001,1
18.6001,0
18.601,1
18.601,0
18.602,1
18.602,0
18.6029,1
18.6029,0
18.6039,1
18.6039,0
18.6048,1
18.6048,0
18.6057,1
18.6057,0
18.6067,1
18.6067,0
18.6076,1
18.6076,0
18.6086,1
18.6086,0
18.6095,1
18.6095,0
18.6105,1
18.6105,0
18.6114,1
18.6114,0
18.6124,1
18.6124,0
18.6133,1
18.6133,0
18.6142,1
18.6142,0
18.6152,1
18.6152,0
18.6161,1
18.6161,0
18.6171,1
18.6171,0
18.618,1
18.618,0
18.619,1
18.619,0
18.6199,1
18.6199,0
18.6208,1
18.6208,0
18.6218,1
18.6218,0
18.6227,1
18.6227,0
18.6237,1
18.6237,0
18.6246,1
18.6246,0
18.6256,1
18.6256,0
18.6265,1
18.6265,0
18.6275,1
18.6275,0
18.6284,1
18.6284,0
18.6293,1
18.6293,0
18.6303,1
18.6303,0
18.6312,1
18.6312,0
18.6322,1
18.6322,0
18.6331,1
18.6331,0
18.6341,1
18.6341,0
18.635,1
18.635,0
18.636,1
18.636,0
18.6369,1
18.6369,0
18.6378,1
18.6378,0
18.6388,1
18.6388,0
18.6397,1
18.6397,0
18.6407,1
18.6407,0
18.6416,1
18.6416,0
18.6426,1
18.6426,0
18.6435,1
18.6435,0
18.6444,1
18.6444,0
18.6454,1
18.6454,0
18.6463,1
18.6463,0
18.6473,1
18.6473,0
18.6482,1
18.6482,0
18.6492,1
18.6492,0
18.6501,1
18.6501,0
18.6511,1
18.6511,0
18.652,1
18.652,0
18.6529,1
18.6529,0
18.6539,1
18.6539,0
18.6548,1
18.6548,0
18.6558,1
18.6558,0
18.6567,1
18.6567,0
18.6577,1
18.6577,0
18.6586,1
18.6586,0
18.6596,1
18.6596,0
18.6605,1
18.6605,0
18.6614,1
18.6614,0
18.6624,1
18.6624,0
18.6633,1
18.6633,0
18.6643,1
18.6643,0
18.6652,1
18.6652,0
18.6662,1
18.6662,0
18.6671,1
18.6671,0
18.668,1
18.668,0
18.669,1
18.669,0
18.6699,1
18.6699,0
18.6709,1
18.6709,0
18.6718,1
18.6718,0
18.6728,1
18.6728,0
18.6737,1
18.6737,0
18.6747,1
18.6747,0
18.6756,1
18.6756,0
18.6765,1
18.6765,0
18.6775,1
18.6775,0
18.6784,1
18.6784,0
18.6794,1
18.6794,0
18.6803,1
18.6803,0
18.6813,1
18.6813,0
18.6822,1
18.6822,0
18.6832,1
18.6832,0
18.6841,1
18.6841,0
18.685,1
18.685,0
18.686,1
18.686,0
18.6869,1
18.6869,0
18.6879,1
18.6879,0
18.6888,1
18.6888,0
18.6898,1
18.6898,0
18.6907,1
18.6907,0
18.6916,1
18.6916,0
18.6926,1
18.6926,0
18.6935,1
18.6935,0
18.6945,1
18.6945,0
18.6954,1
18.6954,0
18.6964,1
18.6964,0
18.6973,1
18.6973,0
18.6983,1
18.6983,0
18.6992,1
18.6992,0
18.7001,1
18.7001,0
18.7011,1
18.7011,0
18.702,1
18.702,0
18.703,1
18.703,0
18.7039,1
18.7039,0
18.7049,1
18.7049,0
18.7058,1
18.7058,0
18.7068,1
18.7068,0
18.7077,1
18.7077,0
18.7086,1
18.7086,0
18.7096,1
18.7096,0
18.7105,1
18.7105,0
18.7115,1
18.7115,0
18.7124,1
18.7124,0
18.7134,1
18.7134,0
18.7143,1
18.7143,0
18.7152,1
18.7152,0
18.7162,1
18.7162,0
18.7171,1
18.7171,0
18.7181,1
18.7181,0
18.719,1
18.719,0
18.72,1
18.72,0
18.7209,1
18.7209,0
18.7219,1
18.7219,0
18.7228,1
18.7228,0
18.7237,1
18.7237,0
18.7247,1
18.7247,0
18.7256,1
18.7256,0
18.7266,1
18.7266,0
18.7275,1
18.7275,0
18.7285,1
18.7285,0
18.7294,1
18.7294,0
18.7304,1
18.7304,0
18.7313,1
18.7313,0
18.7322,1
18.7322,0
18.7332,1
18.7332,0
18.7341,1
18.7341,0
18.7351,1
18.7351,0
18.736,1
18.736,0
18.737,1
18.737,0
18.7379,1
18.7379,0
18.7388,1
18.7388,0
18.7398,1
18.7398,0
18.7407,1
18.7407,0
18.7417,1
18.7417,0
18.7426,1
18.7426,0
18.7436,1
18.7436,0
18.7445,1
18.7445,0
18.7455,1
18.7455,0
18.7464,1
18.7464,0
18.7473,1
18.7473,0
18.7483,1
18.7483,0
18.7492,1
18.7492,0
18.7502,1
18.7502,0
18.7511,1
18.7511,0
18.7521,1
18.7521,0
18.753,1
18.753,0
18.754,1
18.754,0
18.7549,1
18.7549,0
18.7558,1
18.7558,0
18.7568,1
18.7568,0
18.7577,1
18.7577,0
18.7587,1
18.7587,0
18.7596,1
18.7596,0
18.7606,1
18.7606,0
18.7615,1
18.7615,0
18.7624,1
18.7624,0
18.7634,1
18.7634,0
18.7643,1
18.7643,0
18.7653,1
18.7653,0
18.7662,1
18.7662,0
18.7672,1
18.7672,0
18.7681,1
18.7681,0
18.7691,1
18.7691,0
18.77,1
18.77,0
18.7709,1
18.7709,0
18.7719,1
18.7719,0
18.7728,1
18.7728,0
18.7738,1
18.7738,0
18.7747,1
18.7747,0
18.7757,1
18.7757,0
18.7766,1
18.7766,0
18.7776,1
18.7776,0
18.7785,1
18.7785,0
18.7794,1
18.7794,0
18.7804,1
18.7804,0
18.7813,1
18.7813,0
18.7823,1
18.7823,0
18.7832,1
18.7832,0
18.7842,1
18.7842,0
18.7851,1
18.7851,0
18.786,1
18.786,0
18.787,1
18.787,0
18.7879,1
18.7879,0
18.7889,1
18.7889,0
18.7898,1
18.7898,0
18.7908,1
18.7908,0
18.7917,1
18.7917,0
18.7927,1
18.7927,0
18.7936,1
18.7936,0
18.7945,1
18.7945,0
18.7955,1
18.7955,0
18.7964,1
18.7964,0
18.7974,1
18.7974,0
18.7983,1
18.7983,0
18.7993,1
18.7993,0
18.8002,1
18.8002,0
18.8012,1
18.8012,0
18.8021,1
18.8021,0
18.803,1
18.803,0
18.804,1
18.804,0
18.8049,1
18.8049,0
18.8059,1
18.8059,0
18.8068,1
18.8068,0
18.8078,1
18.8078,0
18.8087,1
18.8087,0
18.8096,1
18.8096,0
18.8106,1
18.8106,0
18.8115,1
18.8115,0
18.8125,1
18.8125,0
18.8134,1
18.8134,0
18.8144,1
18.8144,0
18.8153,1
18.8153,0
18.8163,1
18.8163,0
18.8172,1
18.8172,0
18.8181,1
18.8181,0
18.8191,1
18.8191,0
18.82,1
18.82,0
18.821,1
18.821,0
18.8219,1
18.8219,0
18.8229,1
18.8229,0
18.8238,1
18.8238,0
18.8248,1
18.8248,0
18.8257,1
18.8257,0
18.8266,1
18.8266,0
18.8276,1
18.8276,0
18.8285,1
18.8285,0
18.8295,1
18.8295,0
18.8304,1
18.8304,0
18.8314,1
18.8314,0
18.8323,1
18.8323,0
18.8332,1
18.8332,0
18.8342,1
18.8342,0
18.8351,1
18.8351,0
18.8361,1
18.8361,0
18.837,1
18.837,0
18.838,1
18.838,0
18.8389,1
18.8389,0
18.8399,1
18.8399,0
18.8408,1
18.8408,0
18.8417,1
18.8417,0
18.8427,1
18.8427,0
18.8436,1
18.8436,0
18.8446,1
18.8446,0
18.8455,1
18.8455,0
18.8465,1
18.8465,0
18.8474,1
18.8474,0
18.8484,1
18.8484,0
18.8493,1
18.8493,0
18.8502,1
18.8502,0
18.8512,1
18.8512,0
18.8521,1
18.8521,0
18.8531,1
18.8531,0
18.854,1
18.854,0
18.855,1
18.855,0
18.8559,1
18.8559,0
18.8568,1
18.8568,0
18.8578,1
18.8578,0
18.8587,1
18.8587,0
18.8597,1
18.8597,0
18.8606,1
18.8606,0
18.8616,1
18.8616,0
18.8625,1
18.8625,0
18.8635,1
18.8635,0
18.8644,1
18.8644,0
18.8653,1
18.8653,0
18.8663,1
18.8663,0
18.8672,1
18.8672,0
18.8682,1
18.8682,0
18.8691,1
18.8691,0
18.8701,1
18.8701,0
18.871,1
18.871,0
18.872,1
18.872,0
18.8729,1
18.8729,0
18.8738,1
18.8738,0
18.8748,1
18.8748,0
18.8757,1
18.8757,0
18.8767,1
18.8767,0
18.8776,1
18.8776,0
18.8786,1
18.8786,0
18.8795,1
18.8795,0
18.8804,1
18.8804,0
18.8814,1
18.8814,0
18.8823,1
18.8823,0
18.8833,1
18.8833,0
18.8842,1
18.8842,0
18.8852,1
18.8852,0
18.8861,1
18.8861,0
18.8871,1
18.8871,0
18.888,1
18.888,0
18.8889,1
18.8889,0
18.8899,1
18.8899,0
18.8908,1
18.8908,0
18.8918,1
18.8918,0
18.8927,1
18.8927,0
18.8937,1
18.8937,0
18.8946,1
18.8946,0
18.8956,1
18.8956,0
18.8965,1
18.8965,0
18.8974,1
18.8974,0
18.8984,1
18.8984,0
18.8993,1
18.8993,0
18.9003,1
18.9003,0
18.9012,1
18.9012,0
18.9022,1
18.9022,0
18.9031,1
18.9031,0
18.904,1
18.904,0
18.905,1
18.905,0
18.9059,1
18.9059,0
18.9069,1
18.9069,0
18.9078,1
18.9078,0
18.9088,1
18.9088,0
18.9097,1
18.9097,0
18.9107,1
18.9107,0
18.9116,1
18.9116,0
18.9125,1
18.9125,0
18.9135,1
18.9135,0
18.9144,1
18.9144,0
18.9154,1
18.9154,0
18.9163,1
18.9163,0
18.9173,1
18.9173,0
18.9182,1
18.9182,0
18.9192,1
18.9192,0
18.9201,1
18.9201,0
18.921,1
18.921,0
18.922,1
18.922,0
18.9229,1
18.9229,0
18.9239,1
18.9239,0
18.9248,1
18.9248,0
18.9258,1
18.9258,0
18.9267,1
18.9267,0
18.9276,1
18.9276,0
18.9286,1
18.9286,0
18.9295,1
18.9295,0
18.9305,1
18.9305,0
18.9314,1
18.9314,0
18.9324,1
18.9324,0
18.9333,1
18.9333,0
18.9343,1
18.9343,0
18.9352,1
18.9352,0
18.9361,1
18.9361,0
18.9371,1
18.9371,0
18.938,1
18.938,0
18.939,1
18.939,0
18.9399,1
18.9399,0
18.9409,1
18.9409,0
18.9418,1
18.9418,0
18.9428,1
18.9428,0
18.9437,1
18.9437,0
18.9446,1
18.9446,0
18.9456,1
18.9456,0
18.9465,1
18.9465,0
18.9475,1
18.9475,0
18.9484,1
18.9484,0
18.9494,1
18.9494,0
18.9503,1
18.9503,0
18.9512,1
18.9512,0
18.9522,1
18.9522,0
18.9531,1
18.9531,0
18.9541,1
18.9541,0
18.955,1
18.955,0
18.956,1
18.956,0
18.9569,1
18.9569,0
18.9579,1
18.9579,0
18.9588,1
18.9588,0
18.9597,1
18.9597,0
18.9607,1
18.9607,0
18.9616,1
18.9616,0
18.9626,1
18.9626,0
18.9635,1
18.9635,0
18.9645,1
18.9645,0
18.9654,1
18.9654,0
18.9664,1
18.9664,0
18.9673,1
18.9673,0
18.9682,1
18.9682,0
18.9692,1
18.9692,0
18.9701,1
18.9701,0
18.9711,1
18.9711,0
18.972,1
18.972,0
18.973,1
18.973,0
18.9739,1
18.9739,0
18.9748,1
18.9748,0
18.9758,1
18.9758,0
18.9767,1
18.9767,0
18.9777,1
18.9777,0
18.9786,1
18.9786,0
18.9796,1
18.9796,0
18.9805,1
18.9805,0
18.9815,1
18.9815,0
18.9824,1
18.9824,0
18.9833,1
18.9833,0
18.9843,1
18.9843,0
18.9852,1
18.9852,0
18.9862,1
18.9862,0
18.9871,1
18.9871,0
18.9881,1
18.9881,0
18.989,1
18.989,0
18.99,1
18.99,0
18.9909,1
18.9909,0
18.9918,1
18.9918,0
18.9928,1
18.9928,0
18.9937,1
18.9937,0
18.9947,1
18.9947,0
18.9956,1
18.9956,0
18.9966,1
18.9966,0
18.9975,1
18.9975,0
18.9984,1
18.9984,0
18.9994,1
18.9994,0
19.0003,1
19.0003,0
19.0013,1
19.0013,0
19.0022,1
19.0022,0
19.0032,1
19.0032,0
19.0041,1
19.0041,0
19.0051,1
19.0051,0
19.006,1
19.006,0
19.0069,1
19.0069,0
19.0079,1
19.0079,0
19.0088,1
19.0088,0
19.0098,1
19.0098,0
19.0107,1
19.0107,0
19.0117,1
19.0117,0
19.0126,1
19.0126,0
19.0136,1
19.0136,0
19.0145,1
19.0145,0
19.0154,1
19.0154,0
19.0164,1
19.0164,0
19.0173,1
19.0173,0
19.0183,1
19.0183,0
19.0192,1
19.0192,0
19.0202,1
19.0202,0
19.0211,1
19.0211,0
19.022,1
19.022,0
19.023,1
19.023,0
19.0239,1
19.0239,0
19.0249,1
19.0249,0
19.0258,1
19.0258,0
19.0268,1
19.0268,0
19.0277,1
19.0277,0
19.0287,1
19.0287,0
19.0296,1
19.0296,0
19.0305,1
19.0305,0
19.0315,1
19.0315,0
19.0324,1
19.0324,0
19.0334,1
19.0334,0
19.0343,1
19.0343,0
19.0353,1
19.0353,0
19.0362,1
19.0362,0
19.0372,1
19.0372,0
19.0381,1
19.0381,0
19.039,1
19.039,0
19.04,1
19.04,0
19.0409,1
19.0409,0
19.0419,1
19.0419,0
19.0428,1
19.0428,0
19.0438,1
19.0438,0
19.0447,1
19.0447,0
19.0456,1
19.0456,0
19.0466,1
19.0466,0
19.0475,1
19.0475,0
19.0485,1
19.0485,0
19.0494,1
19.0494,0
19.0504,1
19.0504,0
19.0513,1
19.0513,0
19.0523,1
19.0523,0
19.0532,1
19.0532,0
19.0541,1
19.0541,0
19.0551,1
19.0551,0
19.056,1
19.056,0
19.057,1
19.057,0
19.0579,1
19.0579,0
19.0589,1
19.0589,0
19.0598,1
19.0598,0
19.0608,1
19.0608,0
19.0617,1
19.0617,0
19.0626,1
19.0626,0
19.0636,1
19.0636,0
19.0645,1
19.0645,0
19.0655,1
19.0655,0
19.0664,1
19.0664,0
19.0674,1
19.0674,0
19.0683,1
19.0683,0
19.0692,1
19.0692,0
19.0702,1
19.0702,0
19.0711,1
19.0711,0
19.0721,1
19.0721,0
19.073,1
19.073,0
19.074,1
19.074,0
19.0749,1
19.0749,0
19.0759,1
19.0759,0
19.0768,1
19.0768,0
19.0777,1
19.0777,0
19.0787,1
19.0787,0
19.0796,1
19.0796,0
19.0806,1
19.0806,0
19.0815,1
19.0815,0
19.0825,1
19.0825,0
19.0834,1
19.0834,0
19.0844,1
19.0844,0
19.0853,1
19.0853,0
19.0862,1
19.0862,0
19.0872,1
19.0872,0
19.0881,1
19.0881,0
19.0891,1
19.0891,0
19.09,1
19.09,0
19.091,1
19.091,0
19.0919,1
19.0919,0
19.0928,1
19.0928,0
19.0938,1
19.0938,0
19.0947,1
19.0947,0
19.0957,1
19.0957,0
19.0966,1
19.0966,0
19.0976,1
19.0976,0
19.0985,1
19.0985,0
19.0995,1
19.0995,0
19.1004,1
19.1004,0
19.1013,1
19.1013,0
19.1023,1
19.1023,0
19.1032,1
19.1032,0
19.1042,1
19.1042,0
19.1051,1
19.1051,0
19.1061,1
19.1061,0
19.107,1
19.107,0
19.108,1
19.108,0
19.1089,1
19.1089,0
19.1098,1
19.1098,0
19.1108,1
19.1108,0
19.1117,1
19.1117,0
19.1127,1
19.1127,0
19.1136,1
19.1136,0
19.1146,1
19.1146,0
19.1155,1
19.1155,0
19.1164,1
19.1164,0
19.1174,1
19.1174,0
19.1183,1
19.1183,0
19.1193,1
19.1193,0
19.1202,1
19.1202,0
19.1212,1
19.1212,0
19.1221,1
19.1221,0
19.1231,1
19.1231,0
19.124,1
19.124,0
19.1249,1
19.1249,0
19.1259,1
19.1259,0
19.1268,1
19.1268,0
19.1278,1
19.1278,0
19.1287,1
19.1287,0
19.1297,1
19.1297,0
19.1306,1
19.1306,0
19.1316,1
19.1316,0
19.1325,1
19.1325,0
19.1334,1
19.1334,0
19.1344,1
19.1344,0
19.1353,1
19.1353,0
19.1363,1
19.1363,0
19.1372,1
19.1372,0
19.1382,1
19.1382,0
19.1391,1
19.1391,0
19.14,1
19.14,0
19.141,1
19.141,0
19.1419,1
19.1419,0
19.1429,1
19.1429,0
19.1438,1
19.1438,0
19.1448,1
19.1448,0
19.1457,1
19.1457,0
19.1467,1
19.1467,0
19.1476,1
19.1476,0
19.1485,1
19.1485,0
19.1495,1
19.1495,0
19.1504,1
19.1504,0
19.1514,1
19.1514,0
19.1523,1
19.1523,0
19.1533,1
19.1533,0
19.1542,1
19.1542,0
19.1552,1
19.1552,0
19.1561,1
19.1561,0
19.157,1
19.157,0
19.158,1
19.158,0
19.1589,1
19.1589,0
19.1599,1
19.1599,0
19.1608,1
19.1608,0
19.1618,1
19.1618,0
19.1627,1
19.1627,0
19.1636,1
19.1636,0
19.1646,1
19.1646,0
19.1655,1
19.1655,0
19.1665,1
19.1665,0
19.1674,1
19.1674,0
19.1684,1
19.1684,0
19.1693,1
19.1693,0
19.1703,1
19.1703,0
19.1712,1
19.1712,0
19.1721,1
19.1721,0
19.1731,1
19.1731,0
19.174,1
19.174,0
19.175,1
19.175,0
19.1759,1
19.1759,0
19.1769,1
19.1769,0
19.1778,1
19.1778,0
19.1788,1
19.1788,0
19.1797,1
19.1797,0
19.1806,1
19.1806,0
19.1816,1
19.1816,0
19.1825,1
19.1825,0
19.1835,1
19.1835,0
19.1844,1
19.1844,0
19.1854,1
19.1854,0
19.1863,1
19.1863,0
19.1872,1
19.1872,0
19.1882,1
19.1882,0
19.1891,1
19.1891,0
19.1901,1
19.1901,0
19.191,1
19.191,0
19.192,1
19.192,0
19.1929,1
19.1929,0
19.1939,1
19.1939,0
19.1948,1
19.1948,0
19.1957,1
19.1957,0
19.1967,1
19.1967,0
19.1976,1
19.1976,0
19.1986,1
19.1986,0
19.1995,1
19.1995,0
19.2005,1
19.2005,0
19.2014,1
19.2014,0
19.2024,1
19.2024,0
19.2033,1
19.2033,0
19.2042,1
19.2042,0
19.2052,1
19.2052,0
19.2061,1
19.2061,0
19.2071,1
19.2071,0
19.208,1
19.208,0
19.209,1
19.209,0
19.2099,1
19.2099,0
19.2108,1
19.2108,0
19.2118,1
19.2118,0
19.2127,1
19.2127,0
19.2137,1
19.2137,0
19.2146,1
19.2146,0
19.2156,1
19.2156,0
19.2165,1
19.2165,0
19.2175,1
19.2175,0
19.2184,1
19.2184,0
19.2193,1
19.2193,0
19.2203,1
19.2203,0
19.2212,1
19.2212,0
19.2222,1
19.2222,0
19.2231,1
19.2231,0
19.2241,1
19.2241,0
19.225,1
19.225,0
19.226,1
19.226,0
19.2269,1
19.2269,0
19.2278,1
19.2278,0
19.2288,1
19.2288,0
19.2297,1
19.2297,0
19.2307,1
19.2307,0
19.2316,1
19.2316,0
19.2326,1
19.2326,0
19.2335,1
19.2335,0
19.2344,1
19.2344,0
19.2354,1
19.2354,0
19.2363,1
19.2363,0
19.2373,1
19.2373,0
19.2382,1
19.2382,0
19.2392,1
19.2392,0
19.2401,1
19.2401,0
19.2411,1
19.2411,0
19.242,1
19.242,0
19.2429,1
19.2429,0
19.2439,1
19.2439,0
19.2448,1
19.2448,0
19.2458,1
19.2458,0
19.2467,1
19.2467,0
19.2477,1
19.2477,0
19.2486,1
19.2486,0
19.2496,1
19.2496,0
19.2505,1
19.2505,0
19.2514,1
19.2514,0
19.2524,1
19.2524,0
19.2533,1
19.2533,0
19.2543,1
19.2543,0
19.2552,1
19.2552,0
19.2562,1
19.2562,0
19.2571,1
19.2571,0
19.258,1
19.258,0
19.259,1
19.259,0
19.2599,1
19.2599,0
19.2609,1
19.2609,0
19.2618,1
19.2618,0
19.2628,1
19.2628,0
19.2637,1
19.2637,0
19.2647,1
19.2647,0
19.2656,1
19.2656,0
19.2665,1
19.2665,0
19.2675,1
19.2675,0
19.2684,1
19.2684,0
19.2694,1
19.2694,0
19.2703,1
19.2703,0
19.2713,1
19.2713,0
19.2722,1
19.2722,0
19.2732,1
19.2732,0
19.2741,1
19.2741,0
19.275,1
19.275,0
19.276,1
19.276,0
19.2769,1
19.2769,0
19.2779,1
19.2779,0
19.2788,1
19.2788,0
19.2798,1
19.2798,0
19.2807,1
19.2807,0
19.2816,1
19.2816,0
19.2826,1
19.2826,0
19.2835,1
19.2835,0
19.2845,1
19.2845,0
19.2854,1
19.2854,0
19.2864,1
19.2864,0
19.2873,1
19.2873,0
19.2883,1
19.2883,0
19.2892,1
19.2892,0
19.2901,1
19.2901,0
19.2911,1
19.2911,0
19.292,1
19.292,0
19.293,1
19.293,0
19.2939,1
19.2939,0
19.2949,1
19.2949,0
19.2958,1
19.2958,0
19.2968,1
19.2968,0
19.2977,1
19.2977,0
19.2986,1
19.2986,0
19.2996,1
19.2996,0
19.3005,1
19.3005,0
19.3015,1
19.3015,0
19.3024,1
19.3024,0
19.3034,1
19.3034,0
19.3043,1
19.3043,0
19.3052,1
19.3052,0
19.3062,1
19.3062,0
19.3071,1
19.3071,0
19.3081,1
19.3081,0
19.309,1
19.309,0
19.31,1
19.31,0
19.3109,1
19.3109,0
19.3119,1
19.3119,0
19.3128,1
19.3128,0
19.3137,1
19.3137,0
19.3147,1
19.3147,0
19.3156,1
19.3156,0
19.3166,1
19.3166,0
19.3175,1
19.3175,0
19.3185,1
19.3185,0
19.3194,1
19.3194,0
19.3204,1
19.3204,0
19.3213,1
19.3213,0
19.3222,1
19.3222,0
19.3232,1
19.3232,0
19.3241,1
19.3241,0
19.3251,1
19.3251,0
19.326,1
19.326,0
19.327,1
19.327,0
19.3279,1
19.3279,0
19.3288,1
19.3288,0
19.3298,1
19.3298,0
19.3307,1
19.3307,0
19.3317,1
19.3317,0
19.3326,1
19.3326,0
19.3336,1
19.3336,0
19.3345,1
19.3345,0
19.3355,1
19.3355,0
19.3364,1
19.3364,0
19.3373,1
19.3373,0
19.3383,1
19.3383,0
19.3392,1
19.3392,0
19.3402,1
19.3402,0
19.3411,1
19.3411,0
19.3421,1
19.3421,0
19.343,1
19.343,0
19.344,1
19.344,0
19.3449,1
19.3449,0
19.3458,1
19.3458,0
19.3468,1
19.3468,0
19.3477,1
19.3477,0
19.3487,1
19.3487,0
19.3496,1
19.3496,0
19.3506,1
19.3506,0
19.3515,1
19.3515,0
19.3524,1
19.3524,0
19.3534,1
19.3534,0
19.3543,1
19.3543,0
19.3553,1
19.3553,0
19.3562,1
19.3562,0
19.3572,1
19.3572,0
19.3581,1
19.3581,0
19.3591,1
19.3591,0
19.36,1
19.36,0
19.3609,1
19.3609,0
19.3619,1
19.3619,0
19.3628,1
19.3628,0
19.3638,1
19.3638,0
19.3647,1
19.3647,0
19.3657,1
19.3657,0
19.3666,1
19.3666,0
19.3676,1
19.3676,0
19.3685,1
19.3685,0
19.3694,1
19.3694,0
19.3704,1
19.3704,0
19.3713,1
19.3713,0
19.3723,1
19.3723,0
19.3732,1
19.3732,0
19.3742,1
19.3742,0
19.3751,1
19.3751,0
19.376,1
19.376,0
19.377,1
19.377,0
19.3779,1
19.3779,0
19.3789,1
19.3789,0
19.3798,1
19.3798,0
19.3808,1
19.3808,0
19.3817,1
19.3817,0
19.3827,1
19.3827,0
19.3836,1
19.3836,0
19.3845,1
19.3845,0
19.3855,1
19.3855,0
19.3864,1
19.3864,0
19.3874,1
19.3874,0
19.3883,1
19.3883,0
19.3893,1
19.3893,0
19.3902,1
19.3902,0
19.3912,1
19.3912,0
19.3921,1
19.3921,0
19.393,1
19.393,0
19.394,1
19.394,0
19.3949,1
19.3949,0
19.3959,1
19.3959,0
19.3968,1
19.3968,0
19.3978,1
19.3978,0
19.3987,1
19.3987,0
19.3996,1
19.3996,0
19.4006,1
19.4006,0
19.4015,1
19.4015,0
19.4025,1
19.4025,0
19.4034,1
19.4034,0
19.4044,1
19.4044,0
19.4053,1
19.4053,0
19.4063,1
19.4063,0
19.4072,1
19.4072,0
19.4081,1
19.4081,0
19.4091,1
19.4091,0
19.41,1
19.41,0
19.411,1
19.411,0
19.4119,1
19.4119,0
19.4129,1
19.4129,0
19.4138,1
19.4138,0
19.4148,1
19.4148,0
19.4157,1
19.4157,0
19.4166,1
19.4166,0
19.4176,1
19.4176,0
19.4185,1
19.4185,0
19.4195,1
19.4195,0
19.4204,1
19.4204,0
19.4214,1
19.4214,0
19.4223,1
19.4223,0
19.4232,1
19.4232,0
19.4242,1
19.4242,0
19.4251,1
19.4251,0
19.4261,1
19.4261,0
19.427,1
19.427,0
19.428,1
19.428,0
19.4289,1
19.4289,0
19.4299,1
19.4299,0
19.4308,1
19.4308,0
19.4317,1
19.4317,0
19.4327,1
19.4327,0
19.4336,1
19.4336,0
19.4346,1
19.4346,0
19.4355,1
19.4355,0
19.4365,1
19.4365,0
19.4374,1
19.4374,0
19.4384,1
19.4384,0
19.4393,1
19.4393,0
19.4402,1
19.4402,0
19.4412,1
19.4412,0
19.4421,1
19.4421,0
19.4431,1
19.4431,0
19.444,1
19.444,0
19.445,1
19.445,0
19.4459,1
19.4459,0
19.4468,1
19.4468,0
19.4478,1
19.4478,0
19.4487,1
19.4487,0
19.4497,1
19.4497,0
19.4506,1
19.4506,0
19.4516,1
19.4516,0
19.4525,1
19.4525,0
19.4535,1
19.4535,0
19.4544,1
19.4544,0
19.4553,1
19.4553,0
19.4563,1
19.4563,0
19.4572,1
19.4572,0
19.4582,1
19.4582,0
19.4591,1
19.4591,0
19.4601,1
19.4601,0
19.461,1
19.461,0
19.462,1
19.462,0
19.4629,1
19.4629,0
19.4638,1
19.4638,0
19.4648,1
19.4648,0
19.4657,1
19.4657,0
19.4667,1
19.4667,0
19.4676,1
19.4676,0
19.4686,1
19.4686,0
19.4695,1
19.4695,0
19.4704,1
19.4704,0
19.4714,1
19.4714,0
19.4723,1
19.4723,0
19.4733,1
19.4733,0
19.4742,1
19.4742,0
19.4752,1
19.4752,0
19.4761,1
19.4761,0
19.4771,1
19.4771,0
19.478,1
19.478,0
19.4789,1
19.4789,0
19.4799,1
19.4799,0
19.4808,1
19.4808,0
19.4818,1
19.4818,0
19.4827,1
19.4827,0
19.4837,1
19.4837,0
19.4846,1
19.4846,0
19.4856,1
19.4856,0
19.4865,1
19.4865,0
19.4874,1
19.4874,0
19.4884,1
19.4884,0
19.4893,1
19.4893,0
19.4903,1
19.4903,0
19.4912,1
19.4912,0
19.4922,1
19.4922,0
19.4931,1
19.4931,0
19.494,1
19.494,0
19.495,1
19.495,0
19.4959,1
19.4959,0
19.4969,1
19.4969,0
19.4978,1
19.4978,0
19.4988,1
19.4988,0
19.4997,1
19.4997,0
19.5007,1
19.5007,0
19.5016,1
19.5016,0
19.5025,1
19.5025,0
19.5035,1
19.5035,0
19.5044,1
19.5044,0
19.5054,1
19.5054,0
19.5063,1
19.5063,0
19.5073,1
19.5073,0
19.5082,1
19.5082,0
19.5092,1
19.5092,0
19.5101,1
19.5101,0
19.511,1
19.511,0
19.512,1
19.512,0
19.5129,1
19.5129,0
19.5139,1
19.5139,0
19.5148,1
19.5148,0
19.5158,1
19.5158,0
19.5167,1
19.5167,0
19.5176,1
19.5176,0
19.5186,1
19.5186,0
19.5195,1
19.5195,0
19.5205,1
19.5205,0
19.5214,1
19.5214,0
19.5224,1
19.5224,0
19.5233,1
19.5233,0
19.5243,1
19.5243,0
19.5252,1
19.5252,0
19.5261,1
19.5261,0
19.5271,1
19.5271,0
19.528,1
19.528,0
19.529,1
19.529,0
19.5299,1
19.5299,0
19.5309,1
19.5309,0
19.5318,1
19.5318,0
19.5328,1
19.5328,0
19.5337,1
19.5337,0
19.5346,1
19.5346,0
19.5356,1
19.5356,0
19.5365,1
19.5365,0
19.5375,1
19.5375,0
19.5384,1
19.5384,0
19.5394,1
19.5394,0
19.5403,1
19.5403,0
19.5412,1
19.5412,0
19.5422,1
19.5422,0
19.5431,1
19.5431,0
19.5441,1
19.5441,0
19.545,1
19.545,0
19.546,1
19.546,0
19.5469,1
19.5469,0
19.5479,1
19.5479,0
19.5488,1
19.5488,0
19.5497,1
19.5497,0
19.5507,1
19.5507,0
19.5516,1
19.5516,0
19.5526,1
19.5526,0
19.5535,1
19.5535,0
19.5545,1
19.5545,0
19.5554,1
19.5554,0
19.5564,1
19.5564,0
19.5573,1
19.5573,0
19.5582,1
19.5582,0
19.5592,1
19.5592,0
19.5601,1
19.5601,0
19.5611,1
19.5611,0
19.562,1
19.562,0
19.563,1
19.563,0
19.5639,1
19.5639,0
19.5648,1
19.5648,0
19.5658,1
19.5658,0
19.5667,1
19.5667,0
19.5677,1
19.5677,0
19.5686,1
19.5686,0
19.5696,1
19.5696,0
19.5705,1
19.5705,0
19.5715,1
19.5715,0
19.5724,1
19.5724,0
19.5733,1
19.5733,0
19.5743,1
19.5743,0
19.5752,1
19.5752,0
19.5762,1
19.5762,0
19.5771,1
19.5771,0
19.5781,1
19.5781,0
19.579,1
19.579,0
19.58,1
19.58,0
19.5809,1
19.5809,0
19.5818,1
19.5818,0
19.5828,1
19.5828,0
19.5837,1
19.5837,0
19.5847,1
19.5847,0
19.5856,1
19.5856,0
19.5866,1
19.5866,0
19.5875,1
19.5875,0
19.5884,1
19.5884,0
19.5894,1
19.5894,0
19.5903,1
19.5903,0
19.5913,1
19.5913,0
19.5922,1
19.5922,0
19.5932,1
19.5932,0
19.5941,1
19.5941,0
19.5951,1
19.5951,0
19.596,1
19.596,0
19.5969,1
19.5969,0
19.5979,1
19.5979,0
19.5988,1
19.5988,0
19.5998,1
19.5998,0
19.6007,1
19.6007,0
19.6017,1
19.6017,0
19.6026,1
19.6026,0
19.6036,1
19.6036,0
19.6045,1
19.6045,0
19.6054,1
19.6054,0
19.6064,1
19.6064,0
19.6073,1
19.6073,0
19.6083,1
19.6083,0
19.6092,1
19.6092,0
19.6102,1
19.6102,0
19.6111,1
19.6111,0
19.612,1
19.612,0
19.613,1
19.613,0
19.6139,1
19.6139,0
19.6149,1
19.6149,0
19.6158,1
19.6158,0
19.6168,1
19.6168,0
19.6177,1
19.6177,0
19.6187,1
19.6187,0
19.6196,1
19.6196,0
19.6205,1
19.6205,0
19.6215,1
19.6215,0
19.6224,1
19.6224,0
19.6234,1
19.6234,0
19.6243,1
19.6243,0
19.6253,1
19.6253,0
19.6262,1
19.6262,0
19.6272,1
19.6272,0
19.6281,1
19.6281,0
19.629,1
19.629,0
19.63,1
19.63,0
19.6309,1
19.6309,0
19.6319,1
19.6319,0
19.6328,1
19.6328,0
19.6338,1
19.6338,0
19.6347,1
19.6347,0
19.6356,1
19.6356,0
19.6366,1
19.6366,0
19.6375,1
19.6375,0
19.6385,1
19.6385,0
19.6394,1
19.6394,0
19.6404,1
19.6404,0
19.6413,1
19.6413,0
19.6423,1
19.6423,0
19.6432,1
19.6432,0
19.6441,1
19.6441,0
19.6451,1
19.6451,0
19.646,1
19.646,0
19.647,1
19.647,0
19.6479,1
19.6479,0
19.6489,1
19.6489,0
19.6498,1
19.6498,0
19.6508,1
19.6508,0
19.6517,1
19.6517,0
19.6526,1
19.6526,0
19.6536,1
19.6536,0
19.6545,1
19.6545,0
19.6555,1
19.6555,0
19.6564,1
19.6564,0
19.6574,1
19.6574,0
19.6583,1
19.6583,0
19.6592,1
19.6592,0
19.6602,1
19.6602,0
19.6611,1
19.6611,0
19.6621,1
19.6621,0
19.663,1
19.663,0
19.664,1
19.664,0
19.6649,1
19.6649,0
19.6659,1
19.6659,0
19.6668,1
19.6668,0
19.6677,1
19.6677,0
19.6687,1
19.6687,0
19.6696,1
19.6696,0
19.6706,1
19.6706,0
19.6715,1
19.6715,0
19.6725,1
19.6725,0
19.6734,1
19.6734,0
19.6744,1
19.6744,0
19.6753,1
19.6753,0
19.6762,1
19.6762,0
19.6772,1
19.6772,0
19.6781,1
19.6781,0
19.6791,1
19.6791,0
19.68,1
19.68,0
19.681,1
19.681,0
19.6819,1
19.6819,0
19.6828,1
19.6828,0
19.6838,1
19.6838,0
19.6847,1
19.6847,0
19.6857,1
19.6857,0
19.6866,1
19.6866,0
19.6876,1
19.6876,0
19.6885,1
19.6885,0
19.6895,1
19.6895,0
19.6904,1
19.6904,0
19.6913,1
19.6913,0
19.6923,1
19.6923,0
19.6932,1
19.6932,0
19.6942,1
19.6942,0
19.6951,1
19.6951,0
19.6961,1
19.6961,0
19.697,1
19.697,0
19.698,1
19.698,0
19.6989,1
19.6989,0
19.6998,1
19.6998,0
19.7008,1
19.7008,0
19.7017,1
19.7017,0
19.7027,1
19.7027,0
19.7036,1
19.7036,0
19.7046,1
19.7046,0
19.7055,1
19.7055,0
19.7064,1
19.7064,0
19.7074,1
19.7074,0
19.7083,1
19.7083,0
19.7093,1
19.7093,0
19.7102,1
19.7102,0
19.7112,1
19.7112,0
19.7121,1
19.7121,0
19.7131,1
19.7131,0
19.714,1
19.714,0
19.7149,1
19.7149,0
19.7159,1
19.7159,0
19.7168,1
19.7168,0
19.7178,1
19.7178,0
19.7187,1
19.7187,0
19.7197,1
19.7197,0
19.7206,1
19.7206,0
19.7216,1
19.7216,0
19.7225,1
19.7225,0
19.7234,1
19.7234,0
19.7244,1
19.7244,0
19.7253,1
19.7253,0
19.7263,1
19.7263,0
19.7272,1
19.7272,0
19.7282,1
19.7282,0
19.7291,1
19.7291,0
19.73,1
19.73,0
19.731,1
19.731,0
19.7319,1
19.7319,0
19.7329,1
19.7329,0
19.7338,1
19.7338,0
19.7348,1
19.7348,0
19.7357,1
19.7357,0
19.7367,1
19.7367,0
19.7376,1
19.7376,0
19.7385,1
19.7385,0
19.7395,1
19.7395,0
19.7404,1
19.7404,0
19.7414,1
19.7414,0
19.7423,1
19.7423,0
19.7433,1
19.7433,0
19.7442,1
19.7442,0
19.7452,1
19.7452,0
19.7461,1
19.7461,0
19.747,1
19.747,0
19.748,1
19.748,0
19.7489,1
19.7489,0
19.7499,1
19.7499,0
19.7508,1
19.7508,0
19.7518,1
19.7518,0
19.7527,1
19.7527,0
19.7536,1
19.7536,0
19.7546,1
19.7546,0
19.7555,1
19.7555,0
19.7565,1
19.7565,0
19.7574,1
19.7574,0
19.7584,1
19.7584,0
19.7593,1
19.7593,0
19.7603,1
19.7603,0
19.7612,1
19.7612,0
19.7621,1
19.7621,0
19.7631,1
19.7631,0
19.764,1
19.764,0
19.765,1
19.765,0
19.7659,1
19.7659,0
19.7669,1
19.7669,0
19.7678,1
19.7678,0
19.7688,1
19.7688,0
19.7697,1
19.7697,0
19.7706,1
19.7706,0
19.7716,1
19.7716,0
19.7725,1
19.7725,0
19.7735,1
19.7735,0
19.7744,1
19.7744,0
19.7754,1
19.7754,0
19.7763,1
19.7763,0
19.7772,1
19.7772,0
19.7782,1
19.7782,0
19.7791,1
19.7791,0
19.7801,1
19.7801,0
19.781,1
19.781,0
19.782,1
19.782,0
19.7829,1
19.7829,0
19.7839,1
19.7839,0
19.7848,1
19.7848,0
19.7857,1
19.7857,0
19.7867,1
19.7867,0
19.7876,1
19.7876,0
19.7886,1
19.7886,0
19.7895,1
19.7895,0
19.7905,1
19.7905,0
19.7914,1
19.7914,0
19.7924,1
19.7924,0
19.7933,1
19.7933,0
19.7942,1
19.7942,0
19.7952,1
19.7952,0
19.7961,1
19.7961,0
19.7971,1
19.7971,0
19.798,1
19.798,0
19.799,1
19.799,0
19.7999,1
19.7999,0
19.8008,1
19.8008,0
19.8018,1
19.8018,0
19.8027,1
19.8027,0
19.8037,1
19.8037,0
19.8046,1
19.8046,0
19.8056,1
19.8056,0
19.8065,1
19.8065,0
19.8075,1
19.8075,0
19.8084,1
19.8084,0
19.8093,1
19.8093,0
19.8103,1
19.8103,0
19.8112,1
19.8112,0
19.8122,1
19.8122,0
19.8131,1
19.8131,0
19.8141,1
19.8141,0
19.815,1
19.815,0
19.816,1
19.816,0
19.8169,1
19.8169,0
19.8178,1
19.8178,0
19.8188,1
19.8188,0
19.8197,1
19.8197,0
19.8207,1
19.8207,0
19.8216,1
19.8216,0
19.8226,1
19.8226,0
19.8235,1
19.8235,0
19.8244,1
19.8244,0
19.8254,1
19.8254,0
19.8263,1
19.8263,0
19.8273,1
19.8273,0
19.8282,1
19.8282,0
19.8292,1
19.8292,0
19.8301,1
19.8301,0
19.8311,1
19.8311,0
19.832,1
19.832,0
19.8329,1
19.8329,0
19.8339,1
19.8339,0
19.8348,1
19.8348,0
19.8358,1
19.8358,0
19.8367,1
19.8367,0
19.8377,1
19.8377,0
19.8386,1
19.8386,0
19.8396,1
19.8396,0
19.8405,1
19.8405,0
19.8414,1
19.8414,0
19.8424,1
19.8424,0
19.8433,1
19.8433,0
19.8443,1
19.8443,0
19.8452,1
19.8452,0
19.8462,1
19.8462,0
19.8471,1
19.8471,0
19.848,1
19.848,0
19.849,1
19.849,0
19.8499,1
19.8499,0
19.8509,1
19.8509,0
19.8518,1
19.8518,0
19.8528,1
19.8528,0
19.8537,1
19.8537,0
19.8547,1
19.8547,0
19.8556,1
19.8556,0
19.8565,1
19.8565,0
19.8575,1
19.8575,0
19.8584,1
19.8584,0
19.8594,1
19.8594,0
19.8603,1
19.8603,0
19.8613,1
19.8613,0
19.8622,1
19.8622,0
19.8632,1
19.8632,0
19.8641,1
19.8641,0
19.865,1
19.865,0
19.866,1
19.866,0
19.8669,1
19.8669,0
19.8679,1
19.8679,0
19.8688,1
19.8688,0
19.8698,1
19.8698,0
19.8707,1
19.8707,0
19.8716,1
19.8716,0
19.8726,1
19.8726,0
19.8735,1
19.8735,0
19.8745,1
19.8745,0
19.8754,1
19.8754,0
19.8764,1
19.8764,0
19.8773,1
19.8773,0
19.8783,1
19.8783,0
19.8792,1
19.8792,0
19.8801,1
19.8801,0
19.8811,1
19.8811,0
19.882,1
19.882,0
19.883,1
19.883,0
19.8839,1
19.8839,0
19.8849,1
19.8849,0
19.8858,1
19.8858,0
19.8868,1
19.8868,0
19.8877,1
19.8877,0
19.8886,1
19.8886,0
19.8896,1
19.8896,0
19.8905,1
19.8905,0
19.8915,1
19.8915,0
19.8924,1
19.8924,0
19.8934,1
19.8934,0
19.8943,1
19.8943,0
19.8952,1
19.8952,0
19.8962,1
19.8962,0
19.8971,1
19.8971,0
19.8981,1
19.8981,0
19.899,1
19.899,0
19.9,1
19.9,0
19.9009,1
19.9009,0
19.9019,1
19.9019,0
19.9028,1
19.9028,0
19.9037,1
19.9037,0
19.9047,1
19.9047,0
19.9056,1
19.9056,0
19.9066,1
19.9066,0
19.9075,1
19.9075,0
19.9085,1
19.9085,0
19.9094,1
19.9094,0
19.9104,1
19.9104,0
19.9113,1
19.9113,0
19.9122,1
19.9122,0
19.9132,1
19.9132,0
19.9141,1
19.9141,0
19.9151,1
19.9151,0
19.916,1
19.916,0
19.917,1
19.917,0
19.9179,1
19.9179,0
19.9188,1
19.9188,0
19.9198,1
19.9198,0
19.9207,1
19.9207,0
19.9217,1
19.9217,0
19.9226,1
19.9226,0
19.9236,1
19.9236,0
19.9245,1
19.9245,0
19.9255,1
19.9255,0
19.9264,1
19.9264,0
19.9273,1
19.9273,0
19.9283,1
19.9283,0
19.9292,1
19.9292,0
19.9302,1
19.9302,0
19.9311,1
19.9311,0
19.9321,1
19.9321,0
19.933,1
19.933,0
19.934,1
19.934,0
19.9349,1
19.9349,0
19.9358,1
19.9358,0
19.9368,1
19.9368,0
19.9377,1
19.9377,0
19.9387,1
19.9387,0
19.9396,1
19.9396,0
19.9406,1
19.9406,0
19.9415,1
19.9415,0
19.9424,1
19.9424,0
19.9434,1
19.9434,0
19.9443,1
19.9443,0
19.9453,1
19.9453,0
19.9462,1
19.9462,0
19.9472,1
19.9472,0
19.9481,1
19.9481,0
19.9491,1
19.9491,0
19.95,1
19.95,0
19.9509,1
19.9509,0
19.9519,1
19.9519,0
19.9528,1
19.9528,0
19.9538,1
19.9538,0
19.9547,1
19.9547,0
19.9557,1
19.9557,0
19.9566,1
19.9566,0
19.9576,1
19.9576,0
19.9585,1
19.9585,0
19.9594,1
19.9594,0
19.9604,1
19.9604,0
19.9613,1
19.9613,0
19.9623,1
19.9623,0
19.9632,1
19.9632,0
19.9642,1
19.9642,0
19.9651,1
19.9651,0
19.966,1
19.966,0
19.967,1
19.967,0
19.9679,1
19.9679,0
19.9689,1
19.9689,0
19.9698,1
19.9698,0
19.9708,1
19.9708,0
19.9717,1
19.9717,0
19.9727,1
19.9727,0
19.9736,1
19.9736,0
19.9745,1
19.9745,0
19.9755,1
19.9755,0
19.9764,1
19.9764,0
19.9774,1
19.9774,0
19.9783,1
19.9783,0
19.9793,1
19.9793,0
19.9802,1
19.9802,0
19.9812,1
19.9812,0
19.9821,1
19.9821,0
19.983,1
19.983,0
19.984,1
19.984,0
19.9849,1
19.9849,0
19.9859,1
19.9859,0
19.9868,1
19.9868,0
19.9878,1
19.9878,0
19.9887,1
19.9887,0
19.9896,1
19.9896,0
19.9906,1
19.9906,0
19.9915,1
19.9915,0
19.9925,1
19.9925,0
19.9934,1
19.9934,0
19.9944,1
19.9944,0
19.9953,1
19.9953,0
19.9963,1
19.9963,0
19.9972,1
19.9972,0
19.9981,1
19.9981,0
19.9991,1
19.9991,0
