0.140093,40
0.181595,40
0.182539,40
0.183483,40
0.184427,41
0.221166,46
0.22211,45
0.223054,45
0.223998,44
0.224942,44
0.225886,44
0.22683,43
0.261682,47
0.262626,47
0.26357,46
0.264514,45
0.265458,45
0.266402,44
0.267346,44
0.26829,44
0.269234,44
0.270178,44
0.271122,44
0.302669,44
0.303613,43
0.304557,43
0.305501,43
0.306445,43
0.307389,43
0.308333,43
0.309277,43
0.310221,43
0.311165,43
0.312109,43
0.313053,43
0.313997,43
0.314941,44
0.315885,44
0.316829,44
0.343184,47
0.344128,47
0.345072,46
0.346016,45
0.34696,45
0.347904,45
0.348848,44
0.349792,44
0.350736,44
0.35168,44
0.352624,44
0.353568,44
0.354512,44
0.355456,44
0.3564,44
0.357344,44
0.358288,44
0.359232,44
0.360176,45
0.36112,45
0.362064,45
0.363008,46
0.363952,46
0.364896,46
0.383699,49
0.384643,48
0.385587,47
0.386531,46
0.387475,46
0.388419,45
0.389363,45
0.390307,45
0.391251,44
0.392195,44
0.393139,44
0.394083,44
0.395027,45
0.395971,45
0.396915,45
0.397859,45
0.398803,45
0.399747,45
0.400691,45
0.401635,45
0.402579,45
0.403523,46
0.404467,46
0.405411,46
0.406355,46
0.407299,47
0.408243,47
0.409187,47
0.410131,48
0.411075,48
0.412019,48
0.412963,48
0.413907,48
0.414851,49
0.415795,49
0.416739,49
0.424214,51
0.425158,49
0.426102,48
0.427046,48
0.42799,47
0.428934,46
0.429878,46
0.430822,45
0.431766,45
0.43271,45
0.433654,45
0.434598,45
0.435542,45
0.436486,45
0.43743,45
0.438374,45
0.439318,45
0.440262,45
0.441206,45
0.44215,45
0.443094,46
0.444038,46
0.444982,46
0.445926,46
0.44687,47
0.447814,47
0.448758,47
0.449702,47
0.450646,48
0.45159,48
0.452534,48
0.453478,48
0.454422,49
0.455366,49
0.45631,49
0.457254,50
0.458198,50
0.459142,50
0.460086,51
0.46103,51
0.461974,51
0.462918,51
0.463862,52
0.464806,52
0.46575,52
0.466694,52
0.467638,53
0.468582,53
0.469526,53
0.47047,54
0.471414,54
0.472358,55
0.473302,55
0.474246,55
0.47519,56
0.476134,55
0.477078,55
0.478022,54
0.478966,54
0.47991,54
0.480854,54
0.481798,54
0.482742,54
0.483686,54
0.48463,54
0.485574,54
0.486518,54
0.487462,54
0.488406,54
0.48935,55
0.490294,55
0.491238,55
0.492182,55
0.493126,56
0.49407,56
0.495014,56
0.495958,56
0.496902,57
0.497846,57
0.49879,57
0.499734,57
0.500678,57
0.501622,58
0.502566,58
0.50351,58
0.504454,59
0.505398,59
0.506342,59
0.507286,60
0.50823,60
0.509174,60
0.510118,61
0.511062,61
0.512006,62
0.51295,62
0.513894,62
0.514838,62
0.515782,63
0.516726,63
0.51767,63
0.518614,63
0.519558,64
0.520502,64
0.521446,64
0.52239,65
0.523334,65
0.524278,65
0.525222,66
0.526166,66
0.52711,66
0.528054,67
0.528998,67
0.529942,67
0.530886,67
0.53183,67
0.532774,68
0.533718,68
0.534662,69
0.535606,69
0.53655,69
0.537494,70
0.538438,70
0.539382,70
0.540326,71
0.54127,71
0.542214,71
0.543158,72
0.544102,72
0.545046,72
0.54599,73
0.546934,73
0.547878,73
0.548822,73
0.549766,74
0.55071,74
0.551654,74
0.552598,75
0.553542,75
0.554486,75
0.55543,75
0.556374,76
0.557318,76
0.558262,76
0.559206,77
0.56015,77
0.561094,78
0.562038,78
0.562982,78
0.563926,79
0.56487,79
0.565814,79
0.566758,79
0.567702,80
0.568646,80
0.56959,80
0.570534,81
0.571478,81
0.572422,81
0.573366,82
0.57431,82
0.575254,82
0.576198,83
0.577142,83
0.578086,83
0.57903,84
0.579974,84
0.580918,84
0.581862,84
0.582806,84
0.58375,85
0.584694,85
0.585638,86
0.586582,86
0.587526,86
0.58847,87
0.589414,87
0.590358,87
0.591302,88
0.592246,88
0.59319,88
0.594134,89
0.595078,89
0.596022,89
0.596966,90
0.59791,90
0.598854,90
0.599798,90
0.600742,91
0.601686,91
0.60263,91
0.603574,92
0.604518,92
0.605462,92
0.606406,92
0.60735,93
0.608294,93
0.609238,93
0.610182,94
0.611126,94
0.61207,95
0.613014,95
0.613958,95
0.614902,96
0.615846,96
0.61679,96
0.617734,96
0.618678,97
0.619622,97
0.620566,97
0.62151,98
0.622454,98
0.623398,98
0.624342,99
0.625286,99
0.62623,99
0.627174,100
0.628118,100
0.629062,100
0.630006,101
0.63095,101
0.631894,101
0.632838,101
0.633782,102
0.634726,102
0.63567,102
0.636614,103
0.637558,103
0.638502,103
0.639446,104
0.64039,104
0.641334,104
0.642278,105
0.643222,105
0.644166,105
0.64511,106
0.646054,106
0.646998,106
0.647942,107
0.648886,107
0.64983,107
0.650774,107
0.651718,108
0.652662,108
0.653606,108
0.65455,108
0.655494,109
0.656438,109
0.657382,109
0.658326,110
0.65927,110
0.660214,111
0.661158,111
0.662102,111
0.663046,112
0.66399,112
0.664934,112
0.665744,113
0.66665,113
0.667594,113
0.66848,113
0.669386,114
0.670291,114
0.671197,114
0.672102,114
0.673008,114
0.673914,114
0.674819,114
0.675725,114
0.67663,114
0.677517,114
0.678422,115
0.679328,115
0.680234,115
0.681139,115
0.682045,115
0.68295,115
0.683856,115
0.684762,115
0.685667,115
0.686573,115
0.687517,115
0.688403,115
0.689309,115
0.690214,115
0.69112,115
0.692026,115
0.692931,115
0.693837,115
0.694742,115
0.695648,115
0.696554,115
0.697459,115
0.698346,115
0.8888,110
0.889744,101
0.890688,94
0.891632,87
0.892576,82
0.89352,77
0.894464,73
0.895408,70
0.896352,67
0.897296,65
0.89824,63
0.899184,61
0.900128,60
0.901072,59
0.902016,58
0.90296,58
0.903904,57
0.904848,57
0.905792,57
0.906736,57
0.90768,57
0.908624,58
0.909568,58
0.910512,58
0.911456,59
0.9124,59
0.913344,60
0.914288,61
0.915232,61
0.916176,62
0.91712,63
0.918064,64
0.919008,65
0.919952,65
0.920896,66
0.92184,67
0.922784,68
0.923728,69
0.924672,69
0.925616,70
0.92656,71
0.927504,72
0.928448,73
0.929392,74
0.930336,75
0.93128,76
0.932224,77
0.933168,78
0.934112,79
0.935056,80
0.936,81
0.936944,82
0.937888,82
0.938832,83
0.939776,84
0.94072,85
0.941664,86
0.942608,87
0.943552,88
0.944496,89
0.94544,85
0.946384,81
0.947328,78
0.948272,75
0.949216,73
0.95016,71
0.951104,69
0.952048,68
0.952992,66
0.953936,65
0.95488,64
0.955824,63
0.956768,62
0.957712,61
0.958656,60
0.9596,60
0.960544,59
0.961488,59
0.962432,59
0.963376,58
0.96432,58
0.965264,58
0.966208,58
0.967152,58
0.968096,57
0.96904,57
0.969984,57
0.970928,57
0.971872,57
0.972816,57
0.97376,56
0.974704,56
0.975648,56
0.976592,56
0.977536,56
0.97848,56
0.979424,56
0.980368,56
0.981312,56
0.982256,56
0.9832,56
0.984144,56
0.985088,56
0.986032,56
0.986976,56
0.98792,56
0.988864,56
0.989808,56
0.990752,56
0.991696,56
0.99264,56
0.993584,56
0.994528,56
0.995472,56
0.996416,56
0.99736,56
0.998304,56
0.999248,56
1.00019,56
1.00114,56
1.00208,56
1.00302,56
1.00397,56
1.00491,56
1.00586,56
1.0068,56
1.00774,56
1.00869,56
1.00963,56
1.01058,56
1.01152,56
1.01246,56
1.01341,56
1.01435,56
1.0153,56
1.01624,56
1.01718,56
1.01813,56
1.01907,56
1.02002,56
1.02096,56
1.0219,56
1.02285,56
1.02379,56
1.02474,56
1.02568,56
1.02662,56
1.02757,56
1.02851,56
1.02946,57
1.0304,57
1.03134,57
1.03229,57
1.03323,57
1.03418,57
1.03512,57
1.03606,57
1.03701,57
1.03795,57
1.0389,57
1.03984,57
1.04078,57
1.04173,57
1.04267,57
1.04362,57
1.04456,57
1.0455,57
1.04645,57
1.04739,57
1.04834,57
1.04928,57
1.05022,57
1.05117,57
1.05211,57
1.05306,57
1.054,57
1.05494,57
1.05589,57
1.05683,57
1.05778,57
1.05872,57
1.05966,57
1.06061,57
1.06155,57
1.0625,57
1.06344,57
1.06438,57
1.06533,57
1.06627,57
1.06722,57
1.06816,57
1.0691,57
1.07005,57
1.07099,57
1.07194,57
1.07288,57
1.07382,57
1.07477,57
1.07571,57
1.07666,57
1.0776,57
1.07854,57
1.07949,57
1.08043,57
1.08138,57
1.08232,57
1.08326,57
1.08421,57
1.08515,57
1.0861,57
1.08704,57
1.08798,57
1.08893,57
1.08987,57
1.09082,57
1.09176,57
1.0927,57
1.09365,57
1.09459,57
1.09554,57
1.09648,57
1.09742,57
1.09837,57
1.09931,57
1.10026,57
1.1012,57
1.10214,57
1.10309,57
1.10403,57
1.10498,57
1.10592,57
1.10686,57
1.10781,57
1.10875,57
1.1097,57
1.11064,57
1.11158,57
1.11253,57
1.11347,57
1.11442,57
1.11536,57
1.1163,57
1.11725,57
1.11819,57
1.11914,57
1.12008,57
1.12102,57
1.12197,57
1.12291,57
1.12386,57
1.1248,57
1.12574,57
1.12669,57
1.12763,57
1.12858,57
1.12952,57
1.13046,57
1.13141,57
1.13235,57
1.1333,57
1.13424,57
1.13518,57
1.13613,57
1.13707,57
1.13802,57
1.13896,57
1.1399,57
1.14085,57
1.14179,57
1.14274,57
1.14368,57
1.14462,57
1.14557,57
1.14651,57
1.14746,57
1.1484,57
1.14934,57
1.15029,57
1.15123,57
1.15218,57
1.15312,57
1.15406,57
1.15501,57
1.15595,57
1.1569,57
1.15784,57
1.15878,57
1.15973,57
1.16067,57
1.16162,57
1.16256,57
1.1635,57
1.16445,57
1.16539,57
1.16634,57
1.16728,57
1.16822,57
1.16917,57
1.17011,57
1.17106,57
1.172,57
1.17294,57
1.17389,57
1.17483,57
1.17578,57
1.17672,57
1.17766,57
1.17861,57
1.17955,57
1.1805,57
1.18144,57
1.18238,57
1.18333,57
1.18427,57
1.18522,57
1.18616,57
1.1871,57
1.18805,57
1.18899,57
1.18994,57
1.19088,57
1.19182,57
1.19277,57
1.19371,57
1.19466,57
1.1956,57
1.19654,57
1.19749,57
1.19843,57
1.19938,57
1.20032,57
1.20126,57
1.20221,57
1.20315,57
1.2041,57
1.20504,57
1.20598,57
1.20693,57
1.20787,57
1.20882,57
1.20976,57
1.2107,57
1.21165,57
1.21259,57
1.21354,57
1.21448,57
1.21542,57
1.21637,57
1.21731,57
1.21826,57
1.2192,57
1.22014,57
1.22109,57
1.22203,57
1.22298,57
1.22392,57
1.22486,57
1.22581,57
1.22675,57
1.2277,57
1.22864,57
1.22958,57
1.23053,57
1.23147,57
1.23242,57
1.23336,57
1.2343,57
1.23525,57
1.23619,57
1.23714,57
1.23808,57
1.23902,57
1.23997,57
1.24091,57
1.24186,57
1.2428,57
1.24374,57
1.24469,57
1.24563,57
1.24658,57
1.24752,57
1.24846,57
1.24941,57
1.25035,57
1.2513,57
1.25224,57
1.25318,57
1.25413,57
1.25507,57
1.25602,57
1.25696,57
1.2579,57
1.25885,57
1.25979,57
1.26074,57
1.26168,57
1.26262,57
1.26357,57
1.26451,57
1.26546,57
1.2664,57
1.26734,57
1.26829,57
1.26923,57
1.27018,57
1.27112,57
1.27206,57
1.27301,57
1.27395,57
1.2749,57
1.27584,57
1.27678,57
1.27773,57
1.27867,57
1.27962,57
1.28056,57
1.2815,57
1.28245,57
1.28339,58
1.28434,58
1.28528,58
1.28622,58
1.28717,58
1.28811,58
1.28906,58
1.29,58
1.29094,58
1.29189,58
1.29283,58
1.29378,58
1.29472,58
1.29566,58
1.29661,58
1.29755,58
1.2985,58
1.29944,58
1.30038,58
1.30133,58
1.30227,58
1.30322,58
1.30416,58
1.3051,58
1.30605,58
1.30699,58
1.30794,58
1.30888,58
1.30982,58
1.31077,58
1.31171,58
1.31266,58
1.3136,58
1.31454,58
1.31549,58
1.31643,58
1.31738,58
1.31832,58
1.31926,58
1.32021,58
1.32115,58
1.3221,58
1.32304,58
1.32398,58
1.32493,58
1.32587,58
1.32682,58
1.32776,58
1.3287,58
1.32965,58
1.33059,58
1.33154,58
1.33248,58
1.33342,58
1.33437,58
1.33531,58
1.33626,58
1.3372,58
1.33814,58
1.33909,58
1.34003,58
1.34098,58
1.34192,58
1.34286,58
1.34381,58
1.34475,58
1.3457,58
1.34664,58
1.34758,58
1.34853,58
1.34947,58
1.35042,58
1.35136,58
1.3523,58
1.35325,58
1.35419,58
1.35514,58
1.35608,58
1.35702,58
1.35797,58
1.35891,58
1.35986,58
1.3608,58
1.36174,58
1.36269,58
1.36363,58
1.36458,58
1.36552,58
1.36646,58
1.36741,58
1.36835,58
1.3693,58
1.37024,58
1.37118,58
1.37213,58
1.37307,58
1.37402,58
1.37496,58
1.3759,58
1.37685,58
1.37779,58
1.37874,58
1.37968,58
1.38062,58
1.38157,58
1.38251,58
1.38346,58
1.3844,58
1.38534,58
1.38629,58
1.38723,58
1.38818,58
1.38912,58
1.39006,58
1.39101,58
1.39195,58
1.3929,58
1.39384,58
1.39478,58
1.39573,58
1.39667,58
1.39762,58
1.39856,58
1.3995,58
1.40045,58
1.40139,58
1.40234,58
1.40328,58
1.40422,58
1.40517,58
1.40611,58
1.40706,58
1.408,58
1.40894,58
1.40989,58
1.41083,58
1.41178,58
1.41272,58
1.41366,58
1.41461,58
1.41555,58
1.4165,58
1.41744,58
1.41838,58
1.41933,58
1.42027,58
1.42122,58
1.42216,58
1.4231,58
1.42405,58
1.42499,58
1.42594,58
1.42688,58
1.42782,58
1.42877,58
1.42971,58
1.43066,58
1.4316,58
1.43254,58
1.43349,58
1.43443,58
1.43538,58
1.43632,58
1.43726,58
1.43821,58
1.43915,58
1.4401,58
1.44104,58
1.44198,58
1.44293,58
1.44387,58
1.44482,58
1.44576,58
1.4467,58
1.44765,58
1.44859,58
1.44954,58
1.45048,58
1.45142,58
1.45237,58
1.45331,58
1.45426,58
1.4552,58
1.45614,58
1.45709,58
1.45803,58
1.45898,58
1.45992,58
1.46086,58
1.46181,58
1.46275,58
1.4637,58
1.46464,58
1.46558,58
1.46653,58
1.46747,58
1.46842,58
1.46936,58
1.4703,58
1.47125,58
1.47219,58
1.47314,58
1.47408,58
1.47502,58
1.47597,58
1.47691,58
1.47786,58
1.4788,58
1.47974,58
1.48069,58
1.48163,58
1.48258,58
1.48352,58
1.48446,58
1.48541,58
1.48635,58
1.4873,58
1.48824,58
1.48918,58
1.49013,58
1.49107,58
1.49202,58
1.49296,58
1.4939,58
1.49485,58
1.49579,58
1.49674,58
1.49768,58
1.49862,58
1.49957,58
1.50051,58
1.50146,58
1.5024,58
1.50334,58
1.50429,58
1.50523,58
1.50618,58
1.50712,58
1.50806,58
1.50901,58
1.50995,58
1.5109,58
1.51184,58
1.51278,58
1.51373,58
1.51467,58
1.51562,58
1.51656,58
1.5175,58
1.51845,58
1.51939,58
1.52034,58
1.52128,58
1.52222,58
1.52317,58
1.52411,58
1.52506,58
1.526,58
1.52694,58
1.52789,58
1.52883,58
1.52978,58
1.53072,58
1.53166,58
1.53261,58
1.53355,58
1.5345,58
1.53544,58
1.53638,58
1.53733,58
1.53827,59
1.53922,59
1.54016,59
1.5411,59
1.54205,59
1.54299,59
1.54394,59
1.54488,59
1.54582,59
1.54677,59
1.54771,59
1.54866,59
1.5496,59
1.55054,59
1.55149,59
1.55243,59
1.55338,59
1.55432,59
1.55526,59
1.55621,59
1.55715,59
1.5581,59
1.55904,59
1.55998,59
1.56093,59
1.56187,59
1.56282,59
1.56376,59
1.5647,59
1.56565,59
1.56659,59
1.56754,59
1.56848,59
1.56942,59
1.57037,59
1.57131,59
1.57226,59
1.5732,59
1.57414,59
1.57509,59
1.57603,59
1.57698,59
1.57792,59
1.57886,59
1.57981,59
1.58075,59
1.5817,59
1.58264,59
1.58358,59
1.58453,59
1.58547,59
1.58642,59
1.58736,59
1.5883,59
1.58925,59
1.59019,59
1.59114,59
1.59208,59
1.59302,59
1.59397,59
1.59491,59
1.59586,59
1.5968,59
1.59774,59
1.59869,59
1.59963,59
1.60058,59
1.60152,59
1.60246,59
1.60341,59
1.60435,59
1.6053,59
1.60624,59
1.60718,59
1.60813,59
1.60907,59
1.61002,59
1.61096,59
1.6119,59
1.61285,59
1.61379,59
1.61474,59
1.61568,59
1.61662,59
1.61757,59
1.61851,59
1.61946,59
1.6204,59
1.62134,59
1.62229,59
1.62323,59
1.62418,59
1.62512,59
1.62606,59
1.62701,59
1.62795,59
1.6289,59
1.62984,59
1.63078,59
1.63173,59
1.63267,59
1.63362,59
1.63456,59
1.6355,59
1.63645,59
1.63739,59
1.63834,59
1.63928,59
1.64022,59
1.64117,59
1.64211,59
1.64306,59
1.644,59
1.64494,59
1.64589,59
1.64683,59
1.64778,59
1.64872,59
1.64966,59
1.65061,59
1.65155,59
1.6525,59
1.65344,59
1.65438,59
1.65533,59
1.65627,59
1.65722,59
1.65816,59
1.6591,59
1.66005,59
1.66099,59
1.66194,59
1.66288,59
1.66382,59
1.66477,59
1.66571,59
1.66666,59
1.6676,59
1.66854,59
1.66949,59
1.67043,59
1.67138,59
1.67232,59
1.67326,59
1.67421,59
1.67515,59
1.6761,59
1.67704,59
1.67798,59
1.67893,59
1.67987,59
1.68082,59
1.68176,59
1.6827,59
1.68365,59
1.68459,59
1.68554,59
1.68648,59
1.68742,59
1.68837,59
1.68931,59
1.69026,59
1.6912,59
1.69214,59
1.69309,59
1.69403,59
1.69498,59
1.69592,59
1.69686,59
1.69781,59
1.69875,59
1.6997,59
1.70064,59
1.70158,59
1.70253,59
1.70347,59
1.70442,59
1.70536,59
1.7063,59
1.70725,59
1.70819,59
1.70914,59
1.71008,59
1.71102,59
1.71197,59
1.71291,59
1.71386,59
1.7148,59
1.71574,59
1.71669,59
1.71763,59
1.71858,59
1.71952,59
1.72046,59
1.72141,59
1.72235,59
1.7233,59
1.72424,59
1.72518,59
1.72613,59
1.72707,59
1.72802,59
1.72896,59
1.7299,59
1.73085,59
1.73179,59
1.73274,59
1.73368,59
1.73462,59
1.73557,59
1.73651,59
1.73746,59
1.7384,59
1.73934,59
1.74029,59
1.74123,59
1.74218,59
1.74312,59
1.74406,59
1.74501,59
1.74595,59
1.7469,59
1.74784,59
1.74878,59
1.74973,59
1.75067,59
1.75162,59
1.75256,59
1.7535,59
1.75445,59
1.75539,59
1.75634,59
1.75728,59
1.75822,59
1.75917,59
1.76011,59
1.76106,59
1.762,59
1.76294,59
1.76389,59
1.76483,59
1.76578,59
1.76672,59
1.76766,59
1.76861,59
1.76955,59
1.7705,59
1.77144,59
1.77238,59
1.77333,59
1.77427,59
1.77522,59
1.77616,59
1.7771,59
1.77805,59
1.77899,59
1.77994,59
1.78088,59
1.78182,59
1.78277,59
1.78371,59
1.78466,59
1.7856,59
1.78654,59
1.78749,59
1.78843,59
1.78938,59
1.79032,59
1.79126,59
1.79221,60
1.79315,60
1.7941,60
1.79504,60
1.79598,60
1.79693,60
1.79787,60
1.79882,60
1.79976,60
1.8007,60
1.80165,60
1.80259,60
1.80354,60
1.80448,60
1.80542,60
1.80637,60
1.80731,60
1.80826,60
1.8092,60
1.81014,60
1.81109,60
1.81203,60
1.81298,60
1.81392,60
1.81486,60
1.81581,60
1.81675,60
1.8177,60
1.81864,60
1.81958,60
1.82053,60
1.82147,60
1.82242,60
1.82336,60
1.8243,60
1.82525,60
1.82619,60
1.82714,60
1.82808,60
1.82902,60
1.82997,60
1.83091,60
1.83186,60
1.8328,60
1.83374,60
1.83469,60
1.83563,60
1.83658,60
1.83752,60
1.83846,60
1.83941,60
1.84035,60
1.8413,60
1.84224,60
1.84318,60
1.84413,60
1.84507,60
1.84602,60
1.84696,60
1.8479,60
1.84885,60
1.84979,60
1.85074,60
1.85168,60
1.85262,60
1.85357,60
1.85451,60
1.85546,60
1.8564,60
1.85734,60
1.85829,60
1.85923,60
1.86018,60
1.86112,60
1.86206,60
1.86301,60
1.86395,60
1.8649,60
1.86584,60
1.86678,60
1.86773,60
1.86867,60
1.86962,60
1.87056,60
1.8715,60
1.87245,60
1.87339,60
1.87434,60
1.87528,60
1.87622,60
1.87717,60
1.87811,60
1.87906,60
1.88,60
1.88094,60
1.88189,60
1.88283,60
1.88378,60
1.88472,60
1.88566,60
1.88661,60
1.88755,60
1.8885,60
1.88944,60
1.89038,60
1.89133,60
1.89227,60
1.89322,60
1.89416,60
1.8951,60
1.89605,60
1.89699,60
1.89794,60
1.89888,60
1.89982,60
1.90077,60
1.90171,60
1.90266,60
1.9036,60
1.90454,60
1.90549,60
1.90643,60
1.90738,60
1.90832,60
1.90926,60
1.91021,60
1.91115,60
1.9121,60
1.91304,60
1.91398,60
1.91493,60
1.91587,60
1.91682,60
1.91776,60
1.9187,60
1.91965,60
1.92059,60
1.92154,60
1.92248,60
1.92342,60
1.92437,60
1.92531,60
1.92626,60
1.9272,60
1.92814,60
1.92909,60
1.93003,60
1.93098,60
1.93192,60
1.93286,60
1.93381,60
1.93475,60
1.9357,60
1.93664,60
1.93758,60
1.93853,60
1.93947,60
1.94042,60
1.94136,60
1.9423,60
1.94325,60
1.94419,60
1.94514,60
1.94608,60
1.94702,60
1.94797,60
1.94891,60
1.94986,60
1.9508,60
1.95174,60
1.95269,60
1.95363,60
1.95458,60
1.95552,60
1.95646,60
1.95741,60
1.95835,60
1.9593,60
1.96024,60
1.96118,60
1.96213,60
1.96307,60
1.96402,60
1.96496,60
1.9659,60
1.96685,60
1.96779,60
1.96874,60
1.96968,60
1.97062,60
1.97157,60
1.97251,60
1.97346,60
1.9744,60
1.97534,60
1.97629,60
1.97723,60
1.97818,60
1.97912,60
1.98006,60
1.98101,60
1.98195,60
1.9829,60
1.98384,60
1.98478,60
1.98573,60
1.98667,60
1.98762,60
1.98856,60
1.9895,60
1.99045,60
1.99139,60
1.99234,60
1.99328,60
1.99422,60
1.99517,60
1.99611,60
1.99706,60
1.998,60
1.99894,60
1.99989,60
2.00083,60
2.00178,60
2.00272,60
2.00366,60
2.00461,60
2.00555,60
2.0065,60
2.00744,60
2.00838,60
2.00933,60
2.01027,60
2.01122,60
2.01216,60
2.0131,60
2.01405,60
2.01499,60
2.01594,60
2.01688,60
2.01782,60
2.01877,60
2.01971,60
2.02066,60
2.0216,60
2.02254,60
2.02349,60
2.02443,60
2.02538,60
2.02632,60
2.02726,60
2.02821,60
2.02915,60
2.0301,60
2.03104,60
2.03198,60
2.03293,60
2.03387,60
2.03482,60
2.03576,60
2.0367,60
2.03765,60
2.03859,60
2.03954,60
2.04048,60
2.04142,60
2.04237,60
2.04331,60
2.04426,60
2.0452,60
2.04614,61
2.04709,61
2.04803,61
2.04898,61
2.04992,61
2.05086,61
2.05181,61
2.05275,61
2.0537,61
2.05464,61
2.05558,61
2.05653,61
2.05747,61
2.05842,61
2.05936,61
2.0603,61
2.06125,61
2.06219,61
2.06314,61
2.06408,61
2.06502,61
2.06597,61
2.06691,61
2.06786,61
2.0688,61
2.06974,61
2.07069,61
2.07163,61
2.07258,61
2.07352,61
2.07446,61
2.07541,61
2.07635,61
2.0773,61
2.07824,61
2.07918,61
2.08013,61
2.08107,61
2.08202,61
2.08296,61
2.0839,61
2.08485,61
2.08579,61
2.08674,61
2.08768,61
2.08862,61
2.08957,61
2.09051,61
2.09146,61
2.0924,61
2.09334,61
2.09429,61
2.09523,61
2.09618,61
2.09712,61
2.09806,61
2.09901,61
2.09995,61
2.1009,61
2.10184,61
2.10278,61
2.10373,61
2.10467,61
2.10562,61
2.10656,61
2.1075,61
2.10845,61
2.10939,61
2.11034,61
2.11128,61
2.11222,61
2.11317,61
2.11411,61
2.11506,61
2.116,61
2.11694,61
2.11789,61
2.11883,61
2.11978,61
2.12072,61
2.12166,61
2.12261,61
2.12355,61
2.1245,61
2.12544,61
2.12638,61
2.12733,61
2.12827,61
2.12922,61
2.13016,61
2.1311,61
2.13205,61
2.13299,61
2.13394,61
2.13488,61
2.13582,61
2.13677,61
2.13771,61
2.13866,61
2.1396,61
2.14054,61
2.14149,61
2.14243,61
2.14338,61
2.14432,61
2.14526,61
2.14621,61
2.14715,61
2.1481,61
2.14904,61
2.14998,61
2.15093,61
2.15187,61
2.15282,61
2.15376,61
2.1547,61
2.15565,61
2.15659,61
2.15754,61
2.15848,61
2.15942,61
2.16037,61
2.16131,61
2.16226,61
2.1632,61
2.16414,61
2.16509,61
2.16603,61
2.16698,61
2.16792,61
2.16886,61
2.16981,61
2.17075,61
2.1717,61
2.17264,61
2.17358,61
2.17453,61
2.17547,61
2.17642,61
2.17736,61
2.1783,61
2.17925,61
2.18019,61
2.18114,61
2.18208,61
2.18302,61
2.18397,61
2.18491,61
2.18586,61
2.1868,61
2.18774,61
2.18869,61
2.18963,61
2.19058,61
2.19152,61
2.19246,61
2.19341,61
2.19435,61
2.1953,61
2.19624,61
2.19718,61
2.19813,61
2.19907,61
2.20002,61
2.20096,61
2.2019,61
2.20285,61
2.20379,61
2.20474,61
2.20568,61
2.20662,61
2.20757,61
2.20851,61
2.20946,61
2.2104,61
2.21134,61
2.21229,61
2.21323,61
2.21418,61
2.21512,61
2.21606,61
2.21701,61
2.21795,61
2.2189,61
2.21984,61
2.22078,61
2.22173,61
2.22267,61
2.22362,61
2.22456,61
2.2255,61
2.22645,61
2.22739,61
2.22834,61
2.22928,61
2.23022,61
2.23117,61
2.23211,61
2.23306,61
2.234,61
2.23494,61
2.23589,61
2.23683,61
2.23778,61
2.23872,61
2.23966,61
2.24061,61
2.24155,61
2.2425,61
2.24344,61
2.24438,61
2.24533,61
2.24627,61
2.24722,61
2.24816,61
2.2491,61
2.25005,61
2.25099,61
2.25194,61
2.25288,61
2.25382,61
2.25477,61
2.25571,61
2.25666,61
2.2576,61
2.25854,61
2.25949,61
2.26043,61
2.26138,61
2.26232,61
2.26326,61
2.26421,61
2.26515,61
2.2661,61
2.26704,61
2.26798,61
2.26893,61
2.26987,61
2.27082,61
2.27176,61
2.2727,61
2.27365,61
2.27459,61
2.27554,61
2.27648,61
2.27742,61
2.27837,61
2.27931,61
2.28026,61
2.2812,61
2.28214,61
2.28309,61
2.28403,61
2.28498,61
2.28592,61
2.28686,61
2.28781,61
2.28875,61
2.2897,61
2.29064,61
2.29158,61
2.29253,61
2.29347,61
2.29442,61
2.29536,61
2.2963,61
2.29725,61
2.29819,61
2.29914,61
2.30008,62
2.30102,62
2.30197,62
2.30291,62
2.30386,62
2.3048,62
2.30574,62
2.30669,62
2.30763,62
2.30858,62
2.30952,62
2.31046,62
2.31141,62
2.31235,62
2.3133,62
2.31424,62
2.31518,62
2.31613,62
2.31707,62
2.31802,62
2.31896,62
2.3199,62
2.32085,62
2.32179,62
2.32274,62
2.32368,62
2.32462,62
2.32557,62
2.32651,62
2.32746,62
2.3284,62
2.32934,62
2.33029,62
2.33123,62
2.33218,62
2.33312,62
2.33406,62
2.33501,62
2.33595,62
2.3369,62
2.33784,62
2.33878,62
2.33973,62
2.34067,62
2.34162,62
2.34256,62
2.3435,62
2.34445,62
2.34539,62
2.34634,62
2.34728,62
2.34822,62
2.34917,62
2.35011,62
2.35106,62
2.352,62
2.35294,62
2.35389,62
2.35483,62
2.35578,62
2.35672,62
2.35766,62
2.35861,62
2.35955,62
2.3605,62
2.36144,62
2.36238,62
2.36333,62
2.36427,62
2.36522,62
2.36616,62
2.3671,62
2.36805,62
2.36899,62
2.36994,62
2.37088,62
2.37182,62
2.37277,62
2.37371,62
2.37466,62
2.3756,62
2.37654,62
2.37749,62
2.37843,62
2.37938,62
2.38032,62
2.38126,62
2.38221,62
2.38315,62
2.3841,62
2.38504,62
2.38598,62
2.38693,62
2.38787,62
2.38882,62
2.38976,62
2.3907,62
2.39165,62
2.39259,62
2.39354,62
2.39448,62
2.39542,62
2.39637,62
2.39731,62
2.39826,62
2.3992,62
2.40014,62
2.40109,62
2.40203,62
2.40298,62
2.40392,62
2.40486,62
2.40581,62
2.40675,62
2.4077,62
2.40864,62
2.40958,62
2.41053,62
2.41147,62
2.41242,62
2.41336,62
2.4143,62
2.41525,62
2.41619,62
2.41714,62
2.41808,62
2.41902,62
2.41997,62
2.42091,62
2.42186,62
2.4228,62
2.42374,62
2.42469,62
2.42563,62
2.42658,62
2.42752,62
2.42846,62
2.42941,62
2.43035,62
2.4313,62
2.43224,62
2.43318,62
2.43413,62
2.43507,62
2.43602,62
2.43696,62
2.4379,62
2.43885,62
2.43979,62
2.44074,62
2.44168,62
2.44262,62
2.44357,62
2.44451,62
2.44546,62
2.4464,62
2.44734,62
2.44829,62
2.44923,62
2.45018,62
2.45112,62
2.45206,62
2.45301,62
2.45395,62
2.4549,62
2.45584,62
2.45678,62
2.45773,62
2.45867,62
2.45962,62
2.46056,62
2.4615,62
2.46245,62
2.46339,62
2.46434,62
2.46528,62
2.46622,62
2.46717,62
2.46811,62
2.46906,62
2.47,62
2.47094,62
2.47189,62
2.47283,62
2.47378,62
2.47472,62
2.47566,62
2.47661,62
2.47755,62
2.4785,62
2.47944,62
2.48038,62
2.48133,62
2.48227,62
2.48322,62
2.48416,62
2.4851,62
2.48605,62
2.48699,62
2.48794,62
2.48888,62
2.48982,62
2.49077,62
2.49171,62
2.49266,62
2.4936,62
2.49454,62
2.49549,62
2.49643,62
2.49738,62
2.49832,62
2.49926,62
2.50021,62
2.50115,62
2.5021,62
2.50304,62
2.50398,62
2.50493,62
2.50587,62
2.50682,62
2.50776,62
2.5087,62
2.50965,62
2.51059,62
2.51154,62
2.51248,62
2.51342,62
2.51437,62
2.51531,62
2.51626,62
2.5172,62
2.51814,62
2.51909,62
2.52003,62
2.52098,62
2.52192,62
2.52286,62
2.52381,62
2.52475,62
2.5257,62
2.52664,62
2.52758,62
2.52853,62
2.52947,62
2.53042,62
2.53136,62
2.5323,62
2.53325,62
2.53419,62
2.53514,62
2.53608,62
2.53702,62
2.53797,62
2.53891,62
2.53986,62
2.5408,62
2.54174,62
2.54269,62
2.54363,62
2.54458,62
2.54552,62
2.54646,62
2.54741,62
2.54835,62
2.5493,62
2.55024,62
2.55118,62
2.55213,62
2.55307,62
2.55402,63
2.55496,63
2.5559,63
2.55685,63
2.55779,63
2.55874,63
2.55968,63
2.56062,63
2.56157,63
2.56251,63
2.56346,63
2.5644,63
2.56534,63
2.56629,63
2.56723,63
2.56818,63
2.56912,63
2.57006,63
2.57101,63
2.57195,63
2.5729,63
2.57384,63
2.57478,63
2.57573,63
2.57667,63
2.57762,63
2.57856,63
2.5795,63
2.58045,63
2.58139,63
2.58234,63
2.58328,63
2.58422,63
2.58517,63
2.58611,63
2.58706,63
2.588,63
2.58894,63
2.58989,63
2.59083,63
2.59178,63
2.59272,63
2.59366,63
2.59461,63
2.59555,63
2.5965,63
2.59744,63
2.59838,63
2.59933,63
2.60027,63
2.60122,63
2.60216,63
2.6031,63
2.60405,63
2.60499,63
2.60594,63
2.60688,63
2.60782,63
2.60877,63
2.60971,63
2.61066,63
2.6116,63
2.61254,63
2.61349,63
2.61443,63
2.61538,63
2.61632,63
2.61726,63
2.61821,63
2.61915,63
2.6201,63
2.62104,63
2.62198,63
2.62293,63
2.62387,63
2.62482,63
2.62576,63
2.6267,63
2.62765,63
2.62859,63
2.62954,63
2.63048,63
2.63142,63
2.63237,63
2.63331,63
2.63426,63
2.6352,63
2.63614,63
2.63709,63
2.63803,63
2.63898,63
2.63992,63
2.64086,63
2.64181,63
2.64275,63
2.6437,63
2.64464,63
2.64558,63
2.64653,63
2.64747,63
2.64842,63
2.64936,63
2.6503,63
2.65125,63
2.65219,63
2.65314,63
2.65408,63
2.65502,63
2.65597,63
2.65691,63
2.65786,63
2.6588,63
2.65974,63
2.66069,63
2.66163,63
2.66258,63
2.66352,63
2.66446,63
2.66541,63
2.66635,63
2.6673,63
2.66824,63
2.66918,63
2.67013,63
2.67107,63
2.67202,63
2.67296,63
2.6739,63
2.67485,63
2.67579,63
2.67674,63
2.67768,63
2.67862,63
2.67957,63
2.68051,63
2.68146,63
2.6824,63
2.68334,63
2.68429,63
2.68523,63
2.68618,63
2.68712,63
2.68806,63
2.68901,63
2.68995,63
2.6909,63
2.69184,63
2.69278,63
2.69373,63
2.69467,63
2.69562,63
2.69656,63
2.6975,63
2.69845,63
2.69939,63
2.70034,63
2.70128,63
2.70222,63
2.70317,63
2.70411,63
2.70506,63
2.706,63
2.70694,63
2.70789,63
2.70883,63
2.70978,63
2.71072,63
2.71166,63
2.71261,63
2.71355,63
2.7145,63
2.71544,63
2.71638,63
2.71733,63
2.71827,63
2.71922,63
2.72016,63
2.7211,63
2.72205,63
2.72299,63
2.72394,63
2.72488,63
2.72582,63
2.72677,63
2.72771,63
2.72866,63
2.7296,63
2.73054,63
2.73149,63
2.73243,63
2.73338,63
2.73432,63
2.73526,63
2.73621,63
2.73715,63
2.7381,63
2.73904,63
2.73998,63
2.74093,63
2.74187,63
2.74282,63
2.74376,63
2.7447,63
2.74565,63
2.74659,63
2.74754,63
2.74848,63
2.74942,63
2.75037,63
2.75131,63
2.75226,63
2.7532,63
2.75414,63
2.75509,63
2.75603,63
2.75698,63
2.75792,63
2.75886,63
2.75981,63
2.76075,63
2.7617,63
2.76264,63
2.76358,63
2.76453,63
2.76547,63
2.76642,63
2.76736,63
2.7683,63
2.76925,63
2.77019,63
2.77114,63
2.77208,63
2.77302,63
2.77397,63
2.77491,63
2.77586,63
2.7768,63
2.77774,63
2.77869,63
2.77963,63
2.78058,63
2.78152,63
2.78246,63
2.78341,63
2.78435,63
2.7853,63
2.78624,63
2.78718,63
2.78813,63
2.78907,63
2.79002,63
2.79096,63
2.7919,63
2.79285,63
2.79379,63
2.79474,63
2.79568,63
2.79662,63
2.79757,63
2.79851,63
2.79946,63
2.8004,63
2.80134,63
2.80229,63
2.80323,63
2.80418,63
2.80512,63
2.80606,63
2.80701,63
2.80795,63
2.8089,63
2.80984,63
2.81078,63
2.81173,63
2.81267,63
2.81362,63
2.81456,63
2.8155,63
2.81645,63
2.81739,63
2.81834,63
2.81928,63
2.82022,63
2.82117,63
2.82211,63
2.82306,63
2.824,63
2.82494,63
2.82589,63
2.82683,63
2.82778,63
2.82872,63
2.82966,63
2.83061,63
2.83155,63
2.8325,63
2.83344,63
2.83438,63
2.83533,63
2.83627,63
2.83722,63
2.83816,63
2.8391,63
2.84005,63
2.84099,63
2.84194,63
2.84288,63
2.84382,63
2.84477,63
2.84571,63
2.84666,63
2.8476,63
2.84854,63
2.84949,63
2.85043,63
2.85138,63
2.85232,63
2.85326,63
2.85421,63
2.85515,63
2.8561,64
2.85704,64
2.85798,64
2.85893,64
2.85987,64
2.86082,64
2.86176,64
2.8627,64
2.86365,64
2.86459,64
2.86554,64
2.86648,64
2.86742,64
2.86837,64
2.86931,64
2.87026,64
2.8712,64
2.87214,64
2.87309,64
2.87403,64
2.87498,64
2.87592,64
2.87686,64
2.87781,64
2.87875,64
2.8797,64
2.88064,64
2.88158,64
2.88253,64
2.88347,64
2.88442,64
2.88536,64
2.8863,64
2.88725,64
2.88819,64
2.88914,64
2.89008,64
2.89102,64
2.89197,64
2.89291,64
2.89386,64
2.8948,64
2.89574,64
2.89669,64
2.89763,64
2.89858,64
2.89952,64
2.90046,64
2.90141,64
2.90235,64
2.9033,64
2.90424,64
2.90518,64
2.90613,64
2.90707,64
2.90802,64
2.90896,64
2.9099,64
2.91085,64
2.91179,64
2.91274,64
2.91368,64
2.91462,64
2.91557,64
2.91651,64
2.91746,64
2.9184,64
2.91934,64
2.92029,64
2.92123,64
2.92218,64
2.92312,64
2.92406,64
2.92501,64
2.92595,64
2.9269,64
2.92784,64
2.92878,64
2.92973,64
2.93067,64
2.93162,64
2.93256,64
2.9335,64
2.93445,64
2.93539,64
2.93634,64
2.93728,64
2.93822,64
2.93917,64
2.94011,64
2.94106,64
2.942,64
2.94294,64
2.94389,64
2.94483,64
2.94578,64
2.94672,64
2.94766,64
2.94861,64
2.94955,64
2.9505,64
2.95144,64
2.95238,64
2.95333,64
2.95427,64
2.95522,64
2.95616,64
2.9571,64
2.95805,64
2.95899,64
2.95994,64
2.96088,64
2.96182,64
2.96277,64
2.96371,64
2.96466,64
2.9656,64
2.96654,64
2.96749,64
2.96843,64
2.96938,64
2.97032,64
2.97126,64
2.97221,64
2.97315,64
2.9741,64
2.97504,64
2.97598,64
2.97693,64
2.97787,64
2.97882,64
2.97976,64
2.9807,64
2.98165,64
2.98259,64
2.98354,64
2.98448,64
2.98542,64
2.98637,64
2.98731,64
2.98826,64
2.9892,64
2.99014,64
2.99109,64
2.99203,64
2.99298,64
2.99392,64
2.99486,64
2.99581,64
2.99675,64
2.9977,64
2.99864,64
2.99958,64
3.00053,64
3.00147,64
3.00242,64
3.00336,64
3.0043,64
3.00525,64
3.00619,64
3.00714,64
3.00808,64
3.00902,64
3.00997,64
3.01091,64
3.01186,64
3.0128,64
3.01374,64
3.01469,64
3.01563,64
3.01658,64
3.01752,64
3.01846,64
3.01941,64
3.02035,64
3.0213,64
3.02224,64
3.02318,64
3.02413,64
3.02507,64
3.02602,64
3.02696,64
3.0279,64
3.02885,64
3.02979,64
3.03074,64
3.03168,64
3.03262,64
3.03357,64
3.03451,64
3.03546,64
3.0364,64
3.03734,64
3.03829,64
3.03923,64
3.04018,64
3.04112,64
3.04206,64
3.04301,64
3.04395,64
3.0449,64
3.04584,64
3.04678,64
3.04773,64
3.04867,64
3.04962,64
3.05056,64
3.0515,64
3.05245,64
3.05339,64
3.05434,64
3.05528,64
3.05622,64
3.05717,64
3.05811,64
3.05906,64
3.06,64
3.06094,64
3.06189,64
3.06283,64
3.06378,64
3.06472,64
3.06566,64
3.06661,64
3.06755,64
3.0685,64
3.06944,64
3.07038,64
3.07133,64
3.07227,64
3.07322,64
3.07416,64
3.0751,64
3.07605,64
3.07699,64
3.07794,64
3.07888,64
3.07982,64
3.08077,64
3.08171,64
3.08266,64
3.0836,64
3.08454,64
3.08549,64
3.08643,64
3.08738,64
3.08832,64
3.08926,64
3.09021,64
3.09115,64
3.0921,64
3.09304,64
3.09398,64
3.09493,64
3.09587,64
3.09682,64
3.09776,64
3.0987,64
3.09965,64
3.10059,64
3.10154,64
3.10248,64
3.10342,64
3.10437,64
3.10531,64
3.10626,64
3.1072,64
3.10814,64
3.10909,64
3.11003,64
3.11098,64
3.11192,64
3.11286,64
3.11381,64
3.11475,64
3.1157,64
3.11664,64
3.11758,64
3.11853,64
3.11947,64
3.12042,64
3.12136,64
3.1223,64
3.12325,64
3.12419,64
3.12514,64
3.12608,64
3.12702,64
3.12797,64
3.12891,64
3.12986,64
3.1308,64
3.13174,64
3.13269,64
3.13363,64
3.13458,64
3.13552,64
3.13646,64
3.13741,64
3.13835,64
3.1393,64
3.14024,64
3.14118,64
3.14213,64
3.14307,64
3.14402,64
3.14496,64
3.1459,64
3.14685,64
3.14779,64
3.14874,64
3.14968,64
3.15062,64
3.15157,64
3.15251,64
3.15346,64
3.1544,64
3.15534,64
3.15629,64
3.15723,64
3.15818,64
3.15912,64
3.16006,64
3.16101,64
3.16195,64
3.1629,64
3.16384,64
3.16478,64
3.16573,64
3.16667,64
3.16762,64
3.16856,64
3.1695,64
3.17045,64
3.17139,64
3.17234,64
3.17328,64
3.17422,64
3.17517,64
3.17611,64
3.17706,64
3.178,64
3.17894,64
3.17989,64
3.18083,64
3.18178,64
3.18272,64
3.18366,64
3.18461,64
3.18555,64
3.1865,64
3.18744,64
3.18838,64
3.18933,64
3.19027,64
3.19122,64
3.19216,64
3.1931,64
3.19405,65
3.19499,65
3.19594,65
3.19688,65
3.19782,65
3.19877,65
3.19971,65
3.20066,65
3.2016,65
3.20254,65
3.20349,65
3.20443,65
3.20538,65
3.20632,65
3.20726,65
3.20821,65
3.20915,65
3.2101,65
3.21104,65
3.21198,65
3.21293,65
3.21387,65
3.21482,65
3.21576,65
3.2167,65
3.21765,65
3.21859,65
3.21954,65
3.22048,65
3.22142,65
3.22237,65
3.22331,65
3.22426,65
3.2252,65
3.22614,65
3.22709,65
3.22803,65
3.22898,65
3.22992,65
3.23086,65
3.23181,65
3.23275,65
3.2337,65
3.23464,65
3.23558,65
3.23653,65
3.23747,65
3.23842,65
3.23936,65
3.2403,65
3.24125,65
3.24219,65
3.24314,65
3.24408,65
3.24502,65
3.24597,65
3.24691,65
3.24786,65
3.2488,65
3.24974,65
3.25069,65
3.25163,65
3.25258,65
3.25352,65
3.25446,65
3.25541,65
3.25635,65
3.2573,65
3.25824,65
3.25918,65
3.26013,65
3.26107,65
3.26202,65
3.26296,65
3.2639,65
3.26485,65
3.26579,65
3.26674,65
3.26768,65
3.26862,65
3.26957,65
3.27051,65
3.27146,65
3.2724,65
3.27334,65
3.27429,65
3.27523,65
3.27618,65
3.27712,65
3.27806,65
3.27901,65
3.27995,65
3.2809,65
3.28184,65
3.28278,65
3.28373,65
3.28467,65
3.28562,65
3.28656,65
3.2875,65
3.28845,65
3.28939,65
3.29034,65
3.29128,65
3.29222,65
3.29317,65
3.29411,65
3.29506,65
3.296,65
3.29694,65
3.29789,65
3.29883,65
3.29978,65
3.30072,65
3.30166,65
3.30261,65
3.30355,65
3.3045,65
3.30544,65
3.30638,65
3.30733,65
3.30827,65
3.30922,65
3.31016,65
3.3111,65
3.31205,65
3.31299,65
3.31394,65
3.31488,65
3.31582,65
3.31677,65
3.31771,65
3.31866,65
3.3196,65
3.32054,65
3.32149,65
3.32243,65
3.32338,65
3.32432,65
3.32526,65
3.32621,65
3.32715,65
3.3281,65
3.32904,65
3.32998,65
3.33093,65
3.33187,65
3.33282,65
3.33376,65
3.3347,65
3.33565,65
3.33659,65
3.33754,65
3.33848,65
3.33942,65
3.34037,65
3.34131,65
3.34226,65
3.3432,65
3.34414,65
3.34509,65
3.34603,65
3.34698,65
3.34792,65
3.34886,65
3.34981,65
3.35075,65
3.3517,65
3.35264,65
3.35358,65
3.35453,65
3.35547,65
3.35642,65
3.35736,65
3.3583,65
3.35925,65
3.36019,65
3.36114,65
3.36208,65
3.36302,65
3.36397,65
3.36491,65
3.36586,65
3.3668,65
3.36774,65
3.36869,65
3.36963,65
3.37058,65
3.37152,65
3.37246,65
3.37341,65
3.37435,65
3.3753,65
3.37624,65
3.37718,65
3.37813,65
3.37907,65
3.38002,65
3.38096,65
3.3819,65
3.38285,65
3.38379,65
3.38474,65
3.38568,65
3.38662,65
3.38757,65
3.38851,65
3.38946,65
3.3904,65
3.39134,65
3.39229,65
3.39323,65
3.39418,65
3.39512,65
3.39606,65
3.39701,65
3.39795,65
3.3989,65
3.39984,65
3.40078,65
3.40173,65
3.40267,65
3.40362,65
3.40456,65
3.4055,65
3.40645,65
3.40739,65
3.40834,65
3.40928,65
3.41022,65
3.41117,65
3.41211,65
3.41306,65
3.414,65
3.41494,65
3.41589,65
3.41683,65
3.41778,65
3.41872,65
3.41966,65
3.42061,65
3.42155,65
3.4225,65
3.42344,65
3.42438,65
3.42533,65
3.42627,65
3.42722,65
3.42816,65
3.4291,65
3.43005,65
3.43099,65
3.43194,65
3.43288,65
3.43382,65
3.43477,65
3.43571,65
3.43666,65
3.4376,65
3.43854,65
3.43949,65
3.44043,65
3.44138,65
3.44232,65
3.44326,65
3.44421,65
3.44515,65
3.4461,65
3.44704,65
3.44798,65
3.44893,65
3.44987,65
3.45082,65
3.45176,65
3.4527,65
3.45365,65
3.45459,65
3.45554,65
3.45648,65
3.45742,65
3.45837,65
3.45931,65
3.46026,65
3.4612,65
3.46214,65
3.46309,65
3.46403,65
3.46498,65
3.46592,65
3.46686,65
3.46781,65
3.46875,65
3.4697,65
3.47064,65
3.47158,65
3.47253,65
3.47347,65
3.47442,65
3.47536,65
3.4763,65
3.47725,65
3.47819,65
3.47914,65
3.48008,65
3.48102,65
3.48197,65
3.48291,65
3.48386,65
3.4848,65
3.48574,65
3.48669,65
3.48763,65
3.48858,65
3.48952,65
3.49046,65
3.49141,65
3.49235,65
3.4933,65
3.49424,65
3.49518,65
3.49613,65
3.49707,65
3.49802,65
3.49896,65
3.4999,65
3.50085,65
3.50179,65
3.50274,65
3.50368,65
3.50462,65
3.50557,65
3.50651,65
3.50746,65
3.5084,65
3.50934,65
3.51029,65
3.51123,65
3.51218,65
3.51312,65
3.51406,65
3.51501,65
3.51595,65
3.5169,65
3.51784,65
3.51878,65
3.51973,65
3.52067,65
3.52162,65
3.52256,65
3.5235,65
3.52445,65
3.52539,65
3.52634,65
3.52728,65
3.52822,65
3.52917,65
3.53011,65
3.53106,65
3.532,66
3.53294,66
3.53389,66
3.53483,66
3.53578,66
3.53672,66
3.53766,66
3.53861,66
3.53955,66
3.5405,66
3.54144,66
3.54238,66
3.54333,66
3.54427,66
3.54522,66
3.54616,66
3.5471,66
3.54805,66
3.54899,66
3.54994,66
3.55088,66
3.55182,66
3.55277,66
3.55371,66
3.55466,66
3.5556,66
3.55654,66
3.55749,66
3.55843,66
3.55938,66
3.56032,66
3.56126,66
3.56221,66
3.56315,66
3.5641,66
3.56504,66
3.56598,66
3.56693,66
3.56787,66
3.56882,66
3.56976,66
3.5707,66
3.57165,66
3.57259,66
3.57354,66
3.57448,66
3.57542,66
3.57637,66
3.57731,66
3.57826,66
3.5792,66
3.58014,66
3.58109,66
3.58203,66
3.58298,66
3.58392,66
3.58486,66
3.58581,66
3.58675,66
3.5877,66
3.58864,66
3.58958,66
3.59053,66
3.59147,66
3.59242,66
3.59336,66
3.5943,66
3.59525,66
3.59619,66
3.59714,66
3.59808,66
3.59902,66
3.59997,66
3.60091,66
3.60186,66
3.6028,66
3.60374,66
3.60469,66
3.60563,66
3.60658,66
3.60752,66
3.60846,66
3.60941,66
3.61035,66
3.6113,66
3.61224,66
3.61318,66
3.61413,66
3.61507,66
3.61602,66
3.61696,66
3.6179,66
3.61885,66
3.61979,66
3.62074,66
3.62168,66
3.62262,66
3.62357,66
3.62451,66
3.62546,66
3.6264,66
3.62734,66
3.62829,66
3.62923,66
3.63018,66
3.63112,66
3.63206,66
3.63301,66
3.63395,66
3.6349,66
3.63584,66
3.63678,66
3.63773,66
3.63867,66
3.63962,66
3.64056,66
3.6415,66
3.64245,66
3.64339,66
3.64434,66
3.64528,66
3.64622,66
3.64717,66
3.64811,66
3.64906,66
3.65,66
3.65094,66
3.65189,66
3.65283,66
3.65378,66
3.65472,66
3.65566,66
3.65661,66
3.65755,66
3.6585,66
3.65944,66
3.66038,66
3.66133,66
3.66227,66
3.66322,66
3.66416,66
3.6651,66
3.66605,66
3.66699,66
3.66794,66
3.66888,66
3.66982,66
3.67077,66
3.67171,66
3.67266,66
3.6736,66
3.67454,66
3.67549,66
3.67643,66
3.67738,66
3.67832,66
3.67926,66
3.68021,66
3.68115,66
3.6821,66
3.68304,66
3.68398,66
3.68493,66
3.68587,66
3.68682,66
3.68776,66
3.6887,66
3.68965,66
3.69059,66
3.69154,66
3.69248,66
3.69342,66
3.69437,66
3.69531,66
3.69626,66
3.6972,66
3.69814,66
3.69909,66
3.70003,66
3.70098,66
3.70192,66
3.70286,66
3.70381,66
3.70475,66
3.7057,66
3.70664,66
3.70758,66
3.70853,66
3.70947,66
3.71042,66
3.71136,66
3.7123,66
3.71325,66
3.71419,66
3.71514,66
3.71608,66
3.71702,66
3.71797,66
3.71891,66
3.71986,66
3.7208,66
3.72174,66
3.72269,66
3.72363,66
3.72458,66
3.72552,66
3.72646,66
3.72741,66
3.72835,66
3.7293,66
3.73024,66
3.73118,66
3.73213,66
3.73307,66
3.73402,66
3.73496,66
3.7359,66
3.73685,66
3.73779,66
3.73874,66
3.73968,66
3.74062,66
3.74157,66
3.74251,66
3.74346,66
3.7444,66
3.74534,66
3.74629,66
3.74723,66
3.74818,66
3.74912,66
3.75006,66
3.75101,66
3.75195,66
3.7529,66
3.75384,66
3.75478,66
3.75573,66
3.75667,66
3.75762,66
3.75856,66
3.7595,66
3.76045,66
3.76139,66
3.76234,66
3.76328,66
3.76422,66
3.76517,66
3.76611,66
3.76706,66
3.768,66
3.76894,66
3.76989,66
3.77083,66
3.77178,66
3.77272,66
3.77366,66
3.77461,66
3.77555,66
3.7765,66
3.77744,66
3.77838,66
3.77933,66
3.78027,66
3.78122,66
3.78216,66
3.7831,66
3.78405,66
3.78499,66
3.78594,66
3.78688,66
3.78782,66
3.78877,66
3.78971,66
3.79066,66
3.7916,66
3.79254,66
3.79349,66
3.79443,66
3.79538,66
3.79632,66
3.79726,66
3.79821,66
3.79915,66
3.8001,66
3.80104,66
3.80198,66
3.80293,66
3.80387,66
3.80482,66
3.80576,66
3.8067,66
3.80765,66
3.80859,66
3.80954,66
3.81048,66
3.81142,66
3.81237,66
3.81331,66
3.81426,66
3.8152,66
3.81614,66
3.81709,66
3.81803,66
3.81898,66
3.81992,66
3.82086,66
3.82181,66
3.82275,66
3.8237,66
3.82464,66
3.82558,66
3.82653,66
3.82747,66
3.82842,66
3.82936,66
3.8303,66
3.83125,66
3.83219,66
3.83314,66
3.83408,66
3.83502,66
3.83597,66
3.83691,66
3.83786,66
3.8388,66
3.83974,66
3.84069,66
3.84163,66
3.84258,66
3.84352,66
3.84446,66
3.84541,66
3.84635,66
3.8473,66
3.84824,66
3.84918,66
3.85013,66
3.85107,66
3.85202,66
3.85296,66
3.8539,66
3.85485,66
3.85579,66
3.85674,66
3.85768,66
3.85862,66
3.85957,66
3.86051,66
3.86146,66
3.8624,66
3.86334,66
3.86429,66
3.86523,66
3.86618,66
3.86712,66
3.86806,66
3.86901,66
3.86995,66
3.8709,66
3.87184,66
3.87278,66
3.87373,66
3.87467,66
3.87562,66
3.87656,66
3.8775,66
3.87845,66
3.87939,66
3.88034,66
3.88128,66
3.88222,66
3.88317,66
3.88411,66
3.88506,66
3.886,67
3.88694,67
3.88789,67
3.88883,67
3.88978,67
3.89072,67
3.89166,67
3.89261,67
3.89355,67
3.8945,67
3.89544,67
3.89638,67
3.89733,67
3.89827,67
3.89922,67
3.90016,67
3.9011,67
3.90205,67
3.90299,67
3.90394,67
3.90488,67
3.90582,67
3.90677,67
3.90771,67
3.90866,67
3.9096,67
3.91054,67
3.91149,67
3.91243,67
3.91338,67
3.91432,67
3.91526,67
3.91621,67
3.91715,67
3.9181,67
3.91904,67
3.91998,67
3.92093,67
3.92187,67
3.92282,67
3.92376,67
3.9247,67
3.92565,67
3.92659,67
3.92754,67
3.92848,67
3.92942,67
3.93037,67
3.93131,67
3.93226,67
3.9332,67
3.93414,67
3.93509,67
3.93603,67
3.93698,67
3.93792,67
3.93886,67
3.93981,67
3.94075,67
3.9417,67
3.94264,67
3.94358,67
3.94453,67
3.94547,67
3.94642,67
3.94736,67
3.9483,67
3.94925,67
3.95019,67
3.95114,67
3.95208,67
3.95302,67
3.95397,67
3.95491,67
3.95586,67
3.9568,67
3.95774,67
3.95869,67
3.97002,67
3.97096,67
3.9719,67
3.97285,67
3.97379,67
3.97474,67
3.97568,67
3.97662,67
3.97757,67
3.97851,67
3.97946,67
3.9804,67
3.98134,67
3.98229,67
3.98323,67
3.98418,67
3.98512,67
3.98606,67
3.98701,67
3.98795,67
3.9889,67
3.98984,67
3.99078,67
3.99173,67
3.99267,67
3.99362,67
3.99456,67
3.9955,67
3.99645,67
3.99739,67
3.99834,67
3.99928,67
4.00022,67
4.00117,67
4.00211,67
4.00306,67
4.004,67
4.00494,67
4.00589,67
4.00683,67
4.00778,67
4.00872,67
4.00966,67
4.01061,67
4.01155,67
4.0125,67
4.01344,67
4.01438,67
4.01533,67
4.01627,67
4.01722,67
4.01816,67
4.0191,67
4.02005,67
4.02099,67
4.02194,67
4.02288,67
4.02382,67
4.02477,67
4.02571,67
4.02666,67
4.0276,67
4.02854,67
4.02949,67
4.03043,67
4.03138,67
4.03232,67
4.03326,67
4.03421,67
4.03515,67
4.0361,67
4.03704,67
4.03798,67
4.03893,67
4.03987,67
4.04082,67
4.04176,67
4.0427,67
4.04365,67
4.04459,67
4.04554,67
4.04648,67
4.04742,67
4.04837,67
4.04931,67
4.05026,67
4.0512,67
4.05214,67
4.05309,67
4.05403,67
4.05498,67
4.05592,67
4.05686,67
4.05781,67
4.05875,67
4.0597,67
4.06064,67
4.06158,67
4.06253,67
4.06347,67
4.06442,67
4.06536,67
4.0663,67
4.06725,67
4.06819,67
4.06914,67
4.07008,67
4.07102,67
4.07197,67
4.07291,67
4.07386,67
4.0748,67
4.07574,67
4.07669,67
4.07763,67
4.08802,67
4.08896,67
4.0899,67
4.09085,67
4.09179,67
4.09274,67
4.09368,67
4.09462,67
4.09557,67
4.09651,67
4.09746,67
4.0984,67
4.09934,67
4.10029,67
4.10123,67
4.10218,67
4.10312,67
4.10406,67
4.10501,67
4.10595,67
4.1069,67
4.10784,67
4.10878,67
4.10973,67
4.11067,67
4.11162,67
4.11256,67
4.1135,67
4.11445,67
4.11539,67
4.11634,67
4.11728,67
4.11822,67
4.11917,67
4.12011,67
4.12106,67
4.122,67
4.12294,67
4.12389,67
4.12483,67
4.12578,67
4.12672,67
4.12766,67
4.12861,67
4.12955,67
4.1305,67
4.13144,67
4.13238,67
4.13333,67
4.13427,67
4.13522,67
4.13616,67
4.1371,67
4.13805,67
4.13899,67
4.13994,67
4.14088,67
4.14182,67
4.14277,67
4.14371,67
4.14466,67
4.1456,67
4.14654,67
4.14749,67
4.14843,67
4.14938,67
4.15032,67
4.15126,67
4.15221,67
4.15315,67
4.1541,67
4.15504,67
4.15598,67
4.15693,67
4.15787,67
4.15882,67
4.15976,67
4.1607,67
4.16165,67
4.16259,67
4.16354,67
4.16448,67
4.16542,67
4.16637,67
4.16731,67
4.16826,67
4.1692,67
4.17014,67
4.17109,67
4.17203,67
4.17298,67
4.17392,67
4.17486,67
4.17581,67
4.17675,67
4.1777,67
4.17864,67
4.17958,67
4.18053,67
4.18147,67
4.18242,67
4.18336,67
4.1843,67
4.18525,67
4.18619,67
4.18714,67
4.18808,67
4.18902,67
4.18997,67
4.19091,67
4.19186,67
4.1928,67
4.19374,67
4.19469,67
4.19563,67
4.19846,67
4.19941,67
4.20035,67
4.2013,67
4.20224,67
4.20318,67
4.20413,67
4.20507,67
4.20602,67
4.20696,67
4.2079,67
4.20885,67
4.20979,67
4.21074,67
4.21168,67
4.21262,67
4.21357,67
4.21451,67
4.21546,67
4.2164,67
4.21734,67
4.21829,67
4.21923,67
4.22018,67
4.22112,67
4.22206,67
4.22301,67
4.22395,67
4.2249,67
4.22584,67
4.22678,67
4.22773,67
4.22867,67
4.22962,67
4.23056,67
4.2315,67
4.23245,67
4.23339,67
4.23434,67
4.23528,67
4.23622,67
4.23717,67
4.23811,67
4.23906,67
4.24,67
4.24094,67
4.24189,67
4.24283,67
4.24378,67
4.24472,67
4.24566,67
4.24661,67
4.24755,67
4.2485,67
4.24944,67
4.25038,67
4.25133,67
4.25227,67
4.25322,67
4.25416,67
4.2551,67
4.25605,67
4.25699,67
4.25794,67
4.25888,67
4.25982,67
4.26077,67
4.26171,67
4.26266,67
4.2636,67
4.26454,67
4.26549,67
4.26643,67
4.26738,67
4.26832,67
4.26926,67
4.27021,67
4.27115,67
4.2721,67
4.27304,67
4.27398,67
4.27493,67
4.27587,67
4.27682,67
4.27776,67
4.2787,67
4.27965,67
4.28059,67
4.28154,67
4.28248,67
4.28342,67
4.28437,67
4.28531,67
4.28626,67
4.2872,67
4.28814,67
4.28909,67
4.29003,67
4.29098,67
4.29192,67
4.29286,67
4.29381,67
4.29475,67
4.2957,67
4.29664,67
4.29758,67
4.29853,67
4.29947,67
4.30042,67
4.30136,67
4.3023,67
4.30325,67
4.30419,67
4.30514,67
4.30608,67
4.30702,67
4.30797,67
4.30891,67
4.30986,67
4.3108,67
4.31174,67
4.31269,67
4.31363,67
4.31458,67
4.31552,67
4.31646,67
4.31741,67
4.31835,67
4.3193,67
4.32024,67
4.32118,67
4.32213,67
4.32307,67
4.32402,67
4.32496,67
4.3259,67
4.32685,67
4.32779,67
4.32874,67
4.32968,67
4.33062,67
4.33157,67
4.33251,67
4.33346,67
4.3344,67
4.33534,67
4.33629,67
4.33723,67
4.33818,67
4.33912,67
4.34006,67
4.34101,67
4.34195,67
4.3429,67
4.34384,67
4.34478,67
4.34573,67
4.34667,67
4.34762,67
4.34856,67
4.3495,67
4.35045,67
4.35139,67
4.35234,67
4.35328,67
4.35422,67
4.35517,67
4.35611,67
4.35706,67
4.358,67
4.35894,67
4.35989,67
4.36083,67
4.36178,67
4.36272,67
4.36366,67
4.36461,67
4.36555,67
4.3665,67
4.36744,67
4.36838,67
4.36933,67
4.37027,67
4.37122,67
4.37216,67
4.3731,67
4.37405,67
4.37499,67
4.37594,67
4.37688,67
4.37782,67
4.37877,67
4.37971,67
4.38066,67
4.3816,67
4.38254,67
4.38349,67
4.38443,67
4.38538,67
4.38632,67
4.38726,67
4.38821,67
4.38915,67
4.3901,67
4.39104,67
4.39198,67
4.39293,67
4.39387,67
4.39482,67
4.39576,67
4.3967,67
4.39765,67
4.39859,67
4.39954,67
4.40048,67
4.40142,67
4.40237,67
4.40331,67
4.40426,67
4.4052,67
4.40614,67
4.40709,67
4.40803,67
4.40898,67
4.40992,67
4.41086,67
4.41181,67
4.41275,67
4.4137,67
4.41464,67
4.41558,67
4.41653,67
4.41747,67
4.41842,67
4.41936,67
4.4203,67
4.42125,67
4.42219,67
4.42314,67
4.42408,67
4.42502,67
4.42597,67
4.42691,67
4.42786,67
4.4288,67
4.42974,67
4.43069,67
4.43163,67
4.43258,67
4.43352,67
4.43446,67
4.43541,67
4.43635,67
4.4373,67
4.43824,67
4.43918,67
4.44013,67
4.44107,67
4.44202,67
4.44296,67
4.4439,67
4.44485,67
4.44579,67
4.44674,67
4.44768,67
4.44862,67
4.44957,67
4.45051,67
4.45146,67
4.4524,67
4.45334,67
4.45429,67
4.45523,67
4.45618,67
4.45712,67
4.45806,67
4.45901,67
4.45995,67
4.4609,67
4.46184,67
4.46278,67
4.46373,67
4.46467,67
4.46562,67
4.46656,67
4.4675,67
4.46845,67
4.46939,67
4.47034,67
4.47128,67
4.47222,67
4.47317,67
4.47411,67
4.47506,67
4.476,67
4.47694,67
4.47789,67
4.47883,67
4.47978,67
4.48072,67
4.48166,67
4.48261,67
4.48355,67
4.4845,67
4.48544,67
4.48638,67
4.48733,67
4.48827,67
4.48922,67
4.49016,67
4.4911,67
4.49205,67
4.49299,67
4.49394,67
4.49488,67
4.49582,67
4.49677,67
4.49771,67
4.49866,67
4.4996,67
4.50054,67
4.50149,67
4.50243,67
4.50338,67
4.50432,67
4.50526,67
4.50621,67
4.50715,67
4.5081,67
4.50904,67
4.50998,67
4.51093,67
4.51187,67
4.51282,67
4.51376,67
4.5147,67
4.51565,67
4.51659,67
4.51754,67
4.51848,67
4.51942,67
4.52037,67
4.52131,67
4.52226,67
4.5232,67
4.52414,67
4.52509,67
4.52603,67
4.52698,67
4.52792,67
4.52886,67
4.52981,67
4.53075,67
4.5317,67
4.53264,67
4.53358,67
4.53453,67
4.53547,67
4.53642,68
4.53736,68
4.5383,68
4.53925,68
4.54019,68
4.54114,68
4.54208,68
4.54302,68
4.54397,68
4.54491,68
4.54586,68
4.5468,68
4.54774,68
4.54869,68
4.54963,68
4.55058,68
4.55152,68
4.55246,68
4.55341,68
4.55435,68
4.5553,68
4.55624,68
4.55718,68
4.55813,68
4.55907,68
4.56002,68
4.56096,68
4.5619,68
4.56285,68
4.56379,68
4.56474,68
4.56568,68
4.56662,68
4.56757,68
4.56851,68
4.56946,68
4.5704,68
4.57134,68
4.57229,68
4.57323,68
4.57418,68
4.57512,68
4.57606,68
4.57701,68
4.57795,68
4.5789,68
4.57984,68
4.58078,68
4.58173,68
4.58267,68
4.58362,68
4.58456,68
4.5855,68
4.58645,68
4.58739,68
4.58834,68
4.58928,68
4.59022,68
4.59117,68
4.59211,68
4.59306,68
4.594,68
4.59494,68
4.59589,68
4.59683,68
4.59778,68
4.59872,68
4.59966,68
4.60061,68
4.60155,68
4.6025,68
4.60344,68
4.60438,68
4.60533,68
4.60627,68
4.60722,68
4.60816,68
4.6091,68
4.61005,68
4.61099,68
4.61194,68
4.61288,68
4.61382,68
4.61477,68
4.61571,68
4.61666,68
4.6176,68
4.61854,68
4.61949,68
4.62043,68
4.62138,68
4.62232,68
4.62326,68
4.62421,68
4.62515,68
4.6261,68
4.62704,68
4.62798,68
4.62893,68
4.62987,68
4.63082,68
4.63176,68
4.6327,68
4.63365,68
4.63459,68
4.63554,68
4.63648,68
4.63742,68
4.63837,68
4.63931,68
4.64026,68
4.6412,68
4.64214,68
4.64309,68
4.64403,68
4.64498,68
4.64592,68
4.64686,68
4.64781,68
4.64875,68
4.6497,68
4.65064,68
4.65158,68
4.65253,68
4.65347,68
4.65442,68
4.65536,68
4.6563,68
4.65725,68
4.65819,68
4.65914,68
4.66008,68
4.66102,68
4.66197,68
4.66291,68
4.66386,68
4.6648,68
4.66574,68
4.66669,68
4.66763,68
4.66858,68
4.66952,68
4.67046,68
4.67141,68
4.67235,68
4.6733,68
4.67424,68
4.67518,68
4.67613,68
4.67707,68
4.67802,68
4.67896,68
4.6799,68
4.68085,68
4.68179,68
4.68274,68
4.68368,68
4.68462,68
4.68557,68
4.68651,68
4.68746,68
4.6884,68
4.68934,68
4.69029,68
4.69123,68
4.69218,68
4.69312,68
4.69406,68
4.69501,68
4.69595,68
4.6969,68
4.69784,68
4.69878,68
4.69973,68
4.70067,68
4.70162,68
4.70256,68
4.7035,68
4.70445,68
4.70539,68
4.70634,68
4.70728,68
4.70822,68
4.70917,68
4.71011,68
4.71106,68
4.712,68
4.71294,68
4.71389,68
4.71483,68
4.71578,68
4.71672,68
4.71766,68
4.71861,68
4.71955,68
4.7205,68
4.72144,68
4.72238,68
4.72333,68
4.72427,68
4.72522,68
4.72616,68
4.7271,68
4.72805,68
4.72899,68
4.72994,68
4.73088,68
4.73182,68
4.73277,68
4.73371,68
4.73466,68
4.7356,68
4.73654,68
4.73749,68
4.73843,68
4.73938,68
4.74032,68
4.74126,68
4.74221,68
4.74315,68
4.7441,68
4.74504,68
4.74598,68
4.74693,68
4.74787,68
4.74882,68
4.74976,68
4.7507,68
4.75165,68
4.75259,68
4.75354,68
4.75448,68
4.75542,68
4.75637,68
4.75731,68
4.75826,68
4.7592,68
4.76014,68
4.76109,68
4.76203,68
4.76298,68
4.76392,68
4.76486,68
4.76581,68
4.76675,68
4.7677,68
4.76864,68
4.76958,68
4.77053,68
4.77147,68
4.77242,68
4.77336,68
4.7743,68
4.77525,68
4.77619,68
4.77714,68
4.77808,68
4.77902,68
4.77997,68
4.78091,68
4.78186,68
4.7828,68
4.78374,68
4.78469,68
4.78563,68
4.78658,68
4.78752,68
4.78846,68
4.78941,68
4.79035,68
4.7913,68
4.79224,68
4.79318,68
4.79413,68
4.79507,68
4.79602,68
4.79696,68
4.7979,68
4.79885,68
4.79979,68
4.80074,68
4.80168,68
4.80262,68
4.80357,68
4.80451,68
4.80546,68
4.8064,68
4.80734,68
4.80829,68
4.80923,68
4.81018,68
4.81112,68
4.81206,68
4.81301,68
4.81395,68
4.8149,68
4.81584,68
4.81678,68
4.81773,68
4.81867,68
4.81962,68
4.82056,68
4.8215,68
4.82245,68
4.82339,68
4.82434,68
4.82528,68
4.82622,68
4.82717,68
4.82811,68
4.82906,68
4.83,68
4.83094,68
4.83189,68
4.83283,68
4.83378,68
4.83472,68
4.83566,68
4.83661,68
4.83755,68
4.8385,68
4.83944,68
4.84038,68
4.84133,68
4.84227,68
4.84322,68
4.84416,68
4.8451,68
4.84605,68
4.84699,68
4.84794,68
4.84888,68
4.84982,68
4.85077,68
4.85171,68
4.85266,68
4.8536,68
4.85454,68
4.85549,68
4.85643,68
4.85738,68
4.85832,68
4.85926,68
4.86021,68
4.86115,68
4.8621,68
4.86304,68
4.86398,68
4.86493,68
4.86587,68
4.86682,68
4.86776,68
4.8687,68
4.86965,68
4.87059,68
4.87154,68
4.87248,68
4.87342,68
4.87437,68
4.87531,69
4.87626,69
4.8772,69
4.87814,69
4.87909,69
4.88003,69
4.88098,69
4.88192,69
4.88286,69
4.88381,69
4.88475,69
4.8857,69
4.88664,69
4.88758,69
4.88853,69
4.88947,69
4.89042,69
4.89136,69
4.8923,69
4.89325,69
4.89419,69
4.89514,69
4.89608,69
4.89702,69
4.89797,69
4.89891,69
4.89986,69
4.9008,69
4.90174,69
4.90269,69
4.90363,69
4.90458,69
4.90552,69
4.90646,69
4.90741,69
4.90835,69
4.9093,69
4.91024,69
4.91118,69
4.91213,69
4.91307,69
4.91402,69
4.91496,69
4.9159,69
4.91685,69
4.91779,69
4.91874,69
4.91968,69
4.92062,69
4.92157,69
4.92251,69
4.92346,69
4.9244,69
4.92534,69
4.92629,69
4.92723,69
4.92818,69
4.92912,69
4.93006,69
4.93101,69
4.93195,69
4.9329,69
4.93384,69
4.93478,69
4.93573,69
4.93667,69
4.93762,69
4.93856,69
4.9395,69
4.94045,69
4.94139,69
4.94234,69
4.94328,69
4.94422,69
4.94517,69
4.94611,69
4.94706,69
4.948,69
4.94894,69
4.94989,69
4.95083,69
4.95178,69
4.95272,69
4.95366,69
4.95461,69
4.95555,69
4.9565,69
4.95744,69
4.95838,69
4.95933,69
4.96027,69
4.96122,69
4.96216,69
4.9631,69
4.96405,69
4.96499,69
4.96594,69
4.96688,69
4.96782,69
4.96877,69
4.96971,69
4.97066,69
4.9716,69
4.97254,69
4.97349,69
4.97443,69
4.97538,69
4.97632,69
4.97726,69
4.97821,69
4.97915,69
4.9801,69
4.98104,69
4.98198,69
4.98293,69
4.98387,69
4.98482,69
4.98576,69
4.9867,69
4.98765,69
4.98859,69
4.98954,69
4.99048,69
4.99142,69
4.99237,69
4.99331,69
4.99426,69
4.9952,69
4.99614,69
4.99709,69
4.99803,69
4.99898,69
4.99992,69
5.00086,69
5.00181,69
5.00275,69
5.0037,69
5.00464,69
5.00558,69
5.00653,69
5.00747,69
5.00842,69
5.00936,69
5.0103,69
5.01125,69
5.01219,69
5.01314,69
5.01408,69
5.01502,69
5.01597,69
5.01691,69
5.01786,69
5.0188,69
5.01974,69
5.02069,69
5.02163,69
5.02258,69
5.02352,69
5.02446,69
5.02541,69
5.02635,69
5.0273,69
5.02824,69
5.02918,69
5.03013,69
5.03107,69
5.03202,69
5.03296,69
5.0339,69
5.03485,69
5.03579,69
5.03674,69
5.03768,69
5.03862,69
5.03957,69
5.04051,69
5.04146,69
5.0424,69
5.04334,69
5.04429,69
5.04523,69
5.04618,69
5.04712,69
5.04806,69
5.04901,69
5.04995,69
5.0509,69
5.05184,69
5.05278,69
5.05373,69
5.05467,69
5.05562,69
5.05656,69
5.0575,69
5.05845,69
5.05939,69
5.06034,69
5.06128,69
5.06222,69
5.06317,69
5.06411,69
5.06506,69
5.066,69
5.06694,69
5.06789,69
5.06883,69
5.06978,69
5.07072,69
5.07166,69
5.07261,69
5.07355,69
5.0745,69
5.07544,69
5.07638,69
5.07733,69
5.07827,69
5.07922,69
5.08016,69
5.0811,69
5.08205,69
5.08299,69
5.08394,69
5.08488,69
5.08582,69
5.08677,69
5.08771,69
5.08866,69
5.0896,69
5.09054,69
5.09149,69
5.09243,69
5.09338,69
5.09432,69
5.09526,69
5.09621,69
5.09715,69
5.0981,69
5.09904,69
5.09998,69
5.10093,69
5.10187,69
5.10282,69
5.10376,69
5.1047,69
5.10565,69
5.10659,69
5.10754,69
5.10848,69
5.10942,69
5.11037,69
5.11131,69
5.11226,69
5.1132,69
5.11414,69
5.11509,69
5.11603,69
5.11698,69
5.11792,69
5.11886,69
5.11981,69
5.12075,69
5.1217,69
5.12264,69
5.12358,69
5.12453,69
5.12547,69
5.12642,69
5.12736,69
5.1283,69
5.12925,69
5.13019,69
5.13114,69
5.13208,69
5.13302,69
5.13397,69
5.13491,69
5.13586,69
5.1368,69
5.13774,69
5.13869,69
5.13963,69
5.14058,69
5.14152,69
5.14246,69
5.14341,69
5.14435,69
5.1453,69
5.14624,69
5.14718,69
5.14813,69
5.14907,69
5.15002,69
5.15096,69
5.1519,69
5.15285,69
5.15379,69
5.15474,69
5.15568,69
5.15662,69
5.15757,69
5.15851,69
5.15946,69
5.1604,69
5.16134,69
5.16229,69
5.16323,69
5.16418,69
5.16512,69
5.16606,69
5.16701,69
5.16795,69
5.1689,69
5.16984,69
5.17078,69
5.17173,69
5.17267,69
5.17362,69
5.17456,69
5.1755,69
5.17645,69
5.17739,69
5.17834,69
5.17928,69
5.18022,69
5.18117,69
5.18211,69
5.18306,69
5.184,69
5.18494,69
5.18589,69
5.18683,69
5.18778,69
5.18872,69
5.18966,69
5.19061,69
5.19155,69
5.1925,69
5.19344,69
5.19438,69
5.19533,69
5.19627,69
5.19722,69
5.19816,69
5.1991,69
5.20005,69
5.20099,69
5.20194,69
5.20288,69
5.20382,69
5.20477,69
5.20571,69
5.20666,69
5.2076,69
5.20854,69
5.20949,69
5.21043,69
5.21138,69
5.21232,69
5.21326,70
5.21421,70
5.21515,70
5.2161,70
5.21704,70
5.21798,70
5.21893,70
5.21987,70
5.22082,70
5.22176,70
5.2227,70
5.22365,70
5.22459,70
5.22554,70
5.22648,70
5.22742,70
5.22837,70
5.22931,70
5.23026,70
5.2312,70
5.23214,70
5.23309,70
5.23403,70
5.23498,70
5.23592,70
5.23686,70
5.23781,70
5.23875,70
5.2397,70
5.24064,70
5.24158,70
5.24253,70
5.24347,70
5.24442,70
5.24536,70
5.2463,70
5.24725,70
5.24819,70
5.24914,70
5.25008,70
5.25102,70
5.25197,70
5.25291,70
5.25386,70
5.2548,70
5.25574,70
5.25669,70
5.25763,70
5.25858,70
5.25952,70
5.26046,70
5.26141,70
5.26235,70
5.2633,70
5.26424,70
5.26518,70
5.26613,70
5.26707,70
5.26802,70
5.26896,70
5.2699,70
5.27085,70
5.27179,70
5.27274,70
5.27368,70
5.27462,70
5.27557,70
5.27651,70
5.27746,70
5.2784,70
5.27934,70
5.28029,70
5.28123,70
5.28218,70
5.28312,70
5.28406,70
5.28501,70
5.28595,70
5.2869,70
5.28784,70
5.28878,70
5.28973,70
5.29067,70
5.29162,70
5.29256,70
5.2935,70
5.29445,70
5.29539,70
5.29634,70
5.29728,70
5.29822,70
5.29917,70
5.30011,70
5.30106,70
5.302,70
5.30294,70
5.30389,70
5.30483,70
5.30578,70
5.30672,70
5.30766,70
5.30861,70
5.30955,70
5.3105,70
5.31144,70
5.31238,70
5.31333,70
5.31427,70
5.31522,70
5.31616,70
5.3171,70
5.31805,70
5.31899,70
5.31994,70
5.32088,70
5.32182,70
5.32277,70
5.32371,70
5.32466,70
5.3256,70
5.32654,70
5.32749,70
5.32843,70
5.32938,70
5.33032,70
5.33126,70
5.33221,70
5.33315,70
5.3341,70
5.33504,70
5.33598,70
5.33693,70
5.33787,70
5.33882,70
5.33976,70
5.3407,70
5.34165,70
5.34259,70
5.34354,70
5.34448,70
5.34542,70
5.34637,70
5.34731,70
5.34826,70
5.3492,70
5.35014,70
5.35109,70
5.35203,70
5.35298,70
5.35392,70
5.35486,70
5.35581,70
5.35675,70
5.3577,70
5.35864,70
5.35958,70
5.36053,70
5.36147,70
5.36242,70
5.36336,70
5.3643,70
5.36525,70
5.36619,70
5.36714,70
5.36808,70
5.36902,70
5.36997,70
5.37091,70
5.37186,70
5.3728,70
5.37374,70
5.37469,70
5.37563,70
5.37658,70
5.37752,70
5.37846,70
5.37941,70
5.38035,70
5.3813,70
5.38224,70
5.38318,70
5.38413,70
5.38507,70
5.38602,70
5.38696,70
5.3879,70
5.38885,70
5.38979,70
5.39074,70
5.39168,70
5.39262,70
5.39357,70
5.39451,70
5.39546,70
5.3964,70
5.39734,70
5.39829,70
5.39923,70
5.40018,70
5.40112,70
5.40206,70
5.40301,70
5.40395,70
5.4049,70
5.40584,70
5.40678,70
5.40773,70
5.40867,70
5.40962,70
5.41056,70
5.4115,70
5.41245,70
5.41339,70
5.41434,70
5.41528,70
5.41622,70
5.41717,70
5.41811,70
5.41906,70
5.42,70
5.42094,70
5.42189,70
5.42283,70
5.42378,70
5.42472,70
5.42566,70
5.42661,70
5.42755,70
5.4285,70
5.42944,70
5.43038,70
5.43133,70
5.43227,70
5.43322,70
5.43416,70
5.4351,70
5.43605,70
5.43699,70
5.43794,70
5.43888,70
5.43982,70
5.44077,70
5.44171,70
5.44266,70
5.4436,70
5.44454,70
5.44549,70
5.44643,70
5.44738,70
5.44832,70
5.44926,70
5.45021,70
5.45115,70
5.4521,70
5.45304,70
5.45398,70
5.45493,70
5.45587,70
5.45682,70
5.45776,70
5.4587,70
5.45965,70
5.46059,70
5.46154,70
5.46248,70
5.46342,70
5.46437,70
5.46531,70
5.46626,70
5.4672,70
5.46814,70
5.46909,70
5.47003,70
5.47098,70
5.47192,70
5.47286,70
5.47381,70
5.47475,70
5.4757,70
5.47664,70
5.47758,70
5.47853,70
5.47947,70
5.48042,70
5.48136,70
5.4823,70
5.48325,70
5.48419,70
5.48514,70
5.48608,70
5.48702,70
5.48797,70
5.48891,70
5.48986,70
5.4908,70
5.49174,70
5.49269,70
5.49363,70
5.49458,70
5.49552,70
5.49646,70
5.49741,70
5.49835,70
5.4993,70
5.50024,70
5.50118,70
5.50213,70
5.50307,70
5.50402,70
5.50496,70
5.5059,70
5.50685,70
5.50779,70
5.50874,70
5.50968,70
5.51062,70
5.51157,70
5.51251,70
5.51346,70
5.5144,70
5.51534,70
5.51629,70
5.51723,70
5.51818,70
5.51912,70
5.52006,70
5.52101,70
5.52195,70
5.5229,70
5.52384,70
5.52478,70
5.52573,70
5.52667,70
5.52762,70
5.52856,70
5.5295,70
5.53045,70
5.53139,70
5.53234,70
5.53328,70
5.53422,70
5.53517,70
5.53611,70
5.53706,70
5.538,70
5.53894,70
5.53989,70
5.54083,70
5.54178,70
5.54272,70
5.54366,70
5.54461,70
5.54555,70
5.5465,70
5.54744,70
5.54838,70
5.54933,70
5.55027,70
5.55122,71
5.55216,71
5.5531,71
5.55405,71
5.55499,71
5.55594,71
5.55688,71
5.55782,71
5.55877,71
5.55971,71
5.56066,71
5.5616,71
5.56254,71
5.56349,71
5.56443,71
5.56538,71
5.56632,71
5.56726,71
5.56821,71
5.56915,71
5.5701,71
5.57104,71
5.57198,71
5.57293,71
5.57387,71
5.57482,71
5.57576,71
5.5767,71
5.57765,71
5.57859,71
5.57954,71
5.58048,71
5.58142,71
5.58237,71
5.58331,71
5.58426,71
5.5852,71
5.58614,71
5.58709,71
5.58803,71
5.58898,71
5.58992,71
5.59086,71
5.59181,71
5.59275,71
5.5937,71
5.59464,71
5.59558,71
5.59653,71
5.59747,71
5.59842,71
5.59936,71
5.6003,71
5.60125,71
5.60219,71
5.60314,71
5.60408,71
5.60502,71
5.60597,71
5.60691,71
5.60786,71
5.6088,71
5.60974,71
5.61069,71
5.61163,71
5.61258,71
5.61352,71
5.61446,71
5.61541,71
5.61635,71
5.6173,71
5.61824,71
5.61918,71
5.62013,71
5.62107,71
5.62202,71
5.62296,71
5.6239,71
5.62485,71
5.62579,71
5.62674,71
5.62768,71
5.62862,71
5.62957,71
5.63051,71
5.63146,71
5.6324,71
5.63334,71
5.63429,71
5.63523,71
5.63618,71
5.63712,71
5.63806,71
5.63901,71
5.63995,71
5.6409,71
5.64184,71
5.64278,71
5.64373,71
5.64467,71
5.64562,71
5.64656,71
5.6475,71
5.64845,71
5.64939,71
5.65034,71
5.65128,71
5.65222,71
5.65317,71
5.65411,71
5.65506,71
5.656,71
5.65694,71
5.65789,71
5.65883,71
5.65978,71
5.66072,71
5.66166,71
5.66261,71
5.66355,71
5.6645,71
5.66544,71
5.66638,71
5.66733,71
5.66827,71
5.66922,71
5.67016,71
5.6711,71
5.67205,71
5.67299,71
5.67394,71
5.67488,71
5.67582,71
5.67677,71
5.67771,71
5.67866,71
5.6796,71
5.68054,71
5.68149,71
5.68243,71
5.68338,71
5.68432,71
5.68526,71
5.68621,71
5.68715,71
5.6881,71
5.68904,71
5.68998,71
5.69093,71
5.69187,71
5.69282,71
5.69376,71
5.6947,71
5.69565,71
5.69659,71
5.69754,71
5.69848,71
5.69942,71
5.70037,71
5.70131,71
5.70226,71
5.7032,71
5.70414,71
5.70509,71
5.70603,71
5.70698,71
5.70792,71
5.70886,71
5.70981,71
5.71075,71
5.7117,71
5.71264,71
5.71358,71
5.71453,71
5.71547,71
5.71642,71
5.71736,71
5.7183,71
5.71925,71
5.72019,71
5.72114,71
5.72208,71
5.72302,71
5.72397,71
5.72491,71
5.72586,71
5.7268,71
5.72774,71
5.72869,71
5.72963,71
5.73058,71
5.73152,71
5.73246,71
5.73341,71
5.73435,71
5.7353,71
5.73624,71
5.73718,71
5.73813,71
5.73907,71
5.74002,71
5.74096,71
5.7419,71
5.74285,71
5.74379,71
5.74474,71
5.74568,71
5.74662,71
5.74757,71
5.74851,71
5.74946,71
5.7504,71
5.75134,71
5.75229,71
5.75323,71
5.75418,71
5.75512,71
5.75606,71
5.75701,71
5.75795,71
5.7589,71
5.75984,71
5.76078,71
5.76173,71
5.76267,71
5.76362,71
5.76456,71
5.7655,71
5.76645,71
5.76739,71
5.76834,71
5.76928,71
5.77022,71
5.77117,71
5.77211,71
5.77306,71
5.774,71
5.77494,71
5.77589,71
5.77683,71
5.77778,71
5.77872,71
5.77966,71
5.78061,71
5.78155,71
5.7825,71
5.78344,71
5.78438,71
5.78533,71
5.78627,71
5.78722,71
5.78816,71
5.7891,71
5.79005,71
5.79099,71
5.79194,71
5.79288,71
5.79382,71
5.79477,71
5.79571,71
5.79666,71
5.7976,71
5.79854,71
5.79949,71
5.80043,71
5.80138,71
5.80232,71
5.80326,71
5.80421,71
5.80515,71
5.8061,71
5.80704,71
5.80798,71
5.80893,71
5.80987,71
5.81082,71
5.81176,71
5.8127,71
5.81365,71
5.81459,71
5.81554,71
5.81648,71
5.81742,71
5.81837,71
5.81931,71
5.82026,71
5.8212,71
5.82214,71
5.82309,71
5.82403,71
5.82498,71
5.82592,71
5.82686,71
5.82781,71
5.82875,71
5.8297,71
5.83064,71
5.83158,71
5.83253,71
5.83347,71
5.83442,71
5.83536,71
5.8363,71
5.83725,71
5.83819,71
5.83914,71
5.84008,71
5.84102,71
5.84197,71
5.84291,71
5.84386,71
5.8448,71
5.84574,71
5.84669,71
5.84763,71
5.84858,71
5.84952,71
5.85046,71
5.85141,71
5.85235,71
5.8533,71
5.85424,71
5.85518,71
5.85613,71
5.85707,71
5.85802,71
5.85896,71
5.8599,71
5.86085,71
5.86179,71
5.86274,71
5.86368,71
5.86462,71
5.86557,71
5.86651,71
5.86746,71
5.8684,71
5.86934,71
5.87029,71
5.87123,71
5.87218,71
5.87312,71
5.87406,71
5.87501,71
5.87595,71
5.8769,71
5.87784,71
5.87878,71
5.87973,71
5.88067,71
5.88162,71
5.88256,71
5.8835,71
5.88445,71
5.88539,71
5.88634,71
5.88728,71
5.88822,71
5.88917,71
5.89011,72
5.89106,72
5.892,72
5.89294,72
5.89389,72
5.89483,72
5.89578,72
5.89672,72
5.89766,72
5.89861,72
5.89955,72
5.9005,72
5.90144,72
5.90238,72
5.90333,72
5.90427,72
5.90522,72
5.90616,72
5.9071,72
5.90805,72
5.90899,72
5.90994,72
5.91088,72
5.91182,72
5.91277,72
5.91371,72
5.91466,72
5.9156,72
5.91654,72
5.91749,72
5.91843,72
5.91938,72
5.92032,72
5.92126,72
5.92221,72
5.92315,72
5.9241,72
5.92504,72
5.92598,72
5.92693,72
5.92787,72
5.92882,72
5.92976,72
5.9307,72
5.93165,72
5.93259,72
5.93354,72
5.93448,72
5.93542,72
5.93637,72
5.93731,72
5.93826,72
5.9392,72
5.94014,72
5.94109,72
5.94203,72
5.94298,72
5.94392,72
5.94486,72
5.94581,72
5.94675,72
5.9477,72
5.94864,72
5.94958,72
5.95053,72
5.95147,72
5.95242,72
5.95336,72
5.9543,72
5.95525,72
5.95619,72
5.95714,72
5.95808,72
5.95902,72
5.95997,72
5.96091,72
5.96186,72
5.9628,72
5.96374,72
5.96469,72
5.96563,72
5.96658,72
5.96752,72
5.96846,72
5.96941,72
5.97035,72
5.9713,72
5.97224,72
5.97318,72
5.97413,72
5.97507,72
5.97602,72
5.97696,72
5.9779,72
5.97885,72
5.97979,72
5.98074,72
5.98168,72
5.98262,72
5.98357,72
5.98451,72
5.98546,72
5.9864,72
5.98734,72
5.98829,72
5.98923,72
5.99018,72
5.99112,72
5.99206,72
5.99301,72
5.99395,72
5.9949,72
5.99584,72
5.99678,72
5.99773,72
5.99867,72
5.99962,72
6.00056,72
6.0015,72
6.00245,72
6.00339,72
6.00434,72
6.00528,72
6.00622,72
6.00717,72
6.00811,72
6.00906,72
6.01,72
6.01094,72
6.01189,72
6.01283,72
6.01378,72
6.01472,72
6.01566,72
6.01661,72
6.01755,72
6.0185,72
6.01944,72
6.02038,72
6.02133,72
6.02227,72
6.02322,72
6.02416,72
6.0251,72
6.02605,72
6.02699,72
6.02794,72
6.02888,72
6.02982,72
6.03077,72
6.03171,72
6.03266,72
6.0336,72
6.03454,72
6.03549,72
6.03643,72
6.03738,72
6.03832,72
6.03926,72
6.04021,72
6.04115,72
6.0421,72
6.04304,72
6.04398,72
6.04493,72
6.04587,72
6.04682,72
6.04776,72
6.0487,72
6.04965,72
6.05059,72
6.05154,72
6.05248,72
6.05342,72
6.05437,72
6.05531,72
6.05626,72
6.0572,72
6.05814,72
6.05909,72
6.06003,72
6.06098,72
6.06192,72
6.06286,72
6.06381,72
6.06475,72
6.0657,72
6.06664,72
6.06758,72
6.06853,72
6.06947,72
6.07042,72
6.07136,72
6.0723,72
6.07325,72
6.07419,72
6.07514,72
6.07608,72
6.07702,72
6.07797,72
6.07891,72
6.07986,72
6.0808,72
6.08174,72
6.08269,72
6.08363,72
6.08458,72
6.08552,72
6.08646,72
6.08741,72
6.08835,72
6.0893,72
6.09024,72
6.09118,72
6.09213,72
6.09307,72
6.09402,72
6.09496,72
6.0959,72
6.09685,72
6.09779,72
6.09874,72
6.09968,72
6.10062,72
6.10157,72
6.10251,72
6.10346,72
6.1044,72
6.10534,72
6.10629,72
6.10723,72
6.10818,72
6.10912,72
6.11006,72
6.11101,72
6.11195,72
6.1129,72
6.11384,72
6.11478,72
6.11573,72
6.11667,72
6.11762,72
6.11856,72
6.1195,72
6.12045,72
6.12139,72
6.12234,72
6.12328,72
6.12422,72
6.12517,72
6.12611,72
6.12706,72
6.128,72
6.12894,72
6.12989,72
6.13083,72
6.13178,72
6.13272,72
6.13366,72
6.13461,72
6.13555,72
6.1365,72
6.13744,72
6.13838,72
6.13933,72
6.14027,72
6.14122,72
6.14216,72
6.1431,72
6.14405,72
6.14499,72
6.14594,72
6.14688,72
6.14782,72
6.14877,72
6.14971,72
6.15066,72
6.1516,72
6.15254,72
6.15349,72
6.15443,72
6.15538,72
6.15632,72
6.15726,72
6.15821,72
6.15915,72
6.1601,72
6.16104,72
6.16198,72
6.16293,72
6.16387,72
6.16482,72
6.16576,72
6.1667,72
6.16765,72
6.16859,72
6.16954,72
6.17048,72
6.17142,72
6.17237,72
6.17331,72
6.17426,72
6.1752,72
6.17614,72
6.17709,72
6.17803,72
6.17898,72
6.17992,72
6.18086,72
6.18181,72
6.18275,72
6.1837,72
6.18464,72
6.18558,72
6.18653,72
6.18747,72
6.18842,72
6.18936,72
6.1903,72
6.19125,72
6.19219,72
6.19314,72
6.19408,72
6.19502,72
6.19597,72
6.19691,72
6.19786,72
6.1988,72
6.19974,72
6.20069,72
6.20163,72
6.20258,72
6.20352,72
6.20446,72
6.20541,72
6.20635,72
6.2073,72
6.20824,72
6.20918,72
6.21013,72
6.21107,72
6.21202,72
6.21296,72
6.2139,72
6.21485,72
6.21579,72
6.21674,72
6.21768,72
6.21862,72
6.21957,72
6.22051,72
6.22146,72
6.2224,72
6.22334,72
6.22429,72
6.22523,72
6.22618,72
6.22712,72
6.22806,73
6.22901,73
6.22995,73
6.2309,73
6.23184,73
6.23278,73
6.23373,73
6.23467,73
6.23562,73
6.23656,73
6.2375,73
6.23845,73
6.23939,73
6.24034,73
6.24128,73
6.24222,73
6.24317,73
6.24411,73
6.24506,73
6.246,73
6.24694,73
6.24789,73
6.24883,73
6.24978,73
6.25072,73
6.25166,73
6.25261,73
6.25355,73
6.2545,73
6.25544,73
6.25638,73
6.25733,73
6.25827,73
6.25922,73
6.26016,73
6.2611,73
6.26205,73
6.26299,73
6.26394,73
6.26488,73
6.26582,73
6.26677,73
6.26771,73
6.26866,73
6.2696,73
6.27054,73
6.27149,73
6.27243,73
6.27338,73
6.27432,73
6.27526,73
6.27621,73
6.27715,73
6.2781,73
6.27904,73
6.27998,73
6.28093,73
6.28187,73
6.28282,73
6.28376,73
6.2847,73
6.28565,73
6.28659,73
6.28754,73
6.28848,73
6.28942,73
6.29037,73
6.29131,73
6.29226,73
6.2932,73
6.29414,73
6.29509,73
6.29603,73
6.29698,73
6.29792,73
6.29886,73
6.29981,73
6.30075,73
6.3017,73
6.30264,73
6.30358,73
6.30453,73
6.30547,73
6.30642,73
6.30736,73
6.3083,73
6.30925,73
6.31019,73
6.31114,73
6.31208,73
6.31302,73
6.31397,73
6.31491,73
6.31586,73
6.3168,73
6.31774,73
6.31869,73
6.31963,73
6.32058,73
6.32152,73
6.32246,73
6.32341,73
6.32435,73
6.3253,73
6.32624,73
6.32718,73
6.32813,73
6.32907,73
6.33002,73
6.33096,73
6.3319,73
6.33285,73
6.33379,73
6.33474,73
6.33568,73
6.33662,73
6.33757,73
6.33851,73
6.33946,73
6.3404,73
6.34134,73
6.34229,73
6.34323,73
6.34418,73
6.34512,73
6.34606,73
6.34701,73
6.34795,73
6.3489,73
6.34984,73
6.35078,73
6.35173,73
6.35267,73
6.35362,73
6.35456,73
6.3555,73
6.35645,73
6.35739,73
6.35834,73
6.35928,73
6.36022,73
6.36117,73
6.36211,73
6.36306,73
6.364,73
6.36494,73
6.36589,73
6.36683,73
6.36778,73
6.36872,73
6.36966,73
6.37061,73
6.37155,73
6.3725,73
6.37344,73
6.37438,73
6.37533,73
6.37627,73
6.37722,73
6.37816,73
6.3791,73
6.38005,73
6.38099,73
6.38194,73
6.38288,73
6.38382,73
6.38477,73
6.38571,73
6.38666,73
6.3876,73
6.38854,73
6.38949,73
6.39043,73
6.39138,73
6.39232,73
6.39326,73
6.39421,73
6.39515,73
6.3961,73
6.39704,73
6.39798,73
6.39893,73
6.39987,73
6.40082,73
6.40176,73
6.4027,73
6.40365,73
6.40459,73
6.40554,73
6.40648,73
6.40742,73
6.40837,73
6.40931,73
6.41026,73
6.4112,73
6.41214,73
6.41309,73
6.41403,73
6.41498,73
6.41592,73
6.41686,73
6.41781,73
6.41875,73
6.4197,73
6.42064,73
6.42158,73
6.42253,73
6.42347,73
6.42442,73
6.42536,73
6.4263,73
6.42725,73
6.42819,73
6.42914,73
6.43008,73
6.43102,73
6.43197,73
6.43291,73
6.43386,73
6.4348,73
6.43574,73
6.43669,73
6.43763,73
6.43858,73
6.43952,73
6.44046,73
6.44141,73
6.44235,73
6.4433,73
6.44424,73
6.44518,73
6.44613,73
6.44707,73
6.44802,73
6.44896,73
6.4499,73
6.45085,73
6.45179,73
6.45274,73
6.45368,73
6.45462,73
6.45557,73
6.45651,73
6.45746,73
6.4584,73
6.45934,73
6.46029,73
6.46123,73
6.46218,73
6.46312,73
6.46406,73
6.46501,73
6.46595,73
6.4669,73
6.46784,73
6.46878,73
6.46973,73
6.47067,73
6.47162,73
6.47256,73
6.4735,73
6.47445,73
6.47539,73
6.47634,73
6.47728,73
6.47822,73
6.47917,73
6.48011,73
6.48106,73
6.482,73
6.48294,73
6.48389,73
6.48483,73
6.48578,73
6.48672,73
6.48766,73
6.48861,73
6.48955,73
6.4905,73
6.49144,73
6.49238,73
6.49333,73
6.49427,73
6.49522,73
6.49616,73
6.4971,73
6.49805,73
6.49899,73
6.49994,73
6.50088,73
6.50182,73
6.50277,73
6.50371,73
6.50466,73
6.5056,73
6.50654,73
6.50749,73
6.50843,73
6.50938,73
6.51032,73
6.51126,73
6.51221,73
6.51315,73
6.5141,73
6.51504,73
6.51598,73
6.51693,73
6.51787,73
6.51882,73
6.51976,73
6.5207,73
6.52165,73
6.52259,73
6.52354,73
6.52448,73
6.52542,73
6.52637,73
6.52731,73
6.52826,73
6.5292,73
6.53014,73
6.53109,73
6.53203,73
6.53298,73
6.53392,73
6.53486,73
6.53581,73
6.53675,73
6.5377,73
6.53864,73
6.53958,73
6.54053,73
6.54147,73
6.54242,73
6.54336,73
6.5443,73
6.54525,73
6.54619,73
6.54714,73
6.54808,73
6.54902,73
6.54997,73
6.55091,73
6.55186,73
6.5528,73
6.55374,73
6.55469,73
6.55563,73
6.55658,73
6.55752,73
6.55846,73
6.55941,73
6.56035,73
6.5613,73
6.56224,73
6.56318,73
6.56413,73
6.56507,73
6.56602,73
6.56696,73
6.5679,73
6.56885,73
6.56979,73
6.57074,73
6.57168,73
6.57262,73
6.57357,74
6.57451,74
6.57546,74
6.5764,74
6.57734,74
6.57829,74
6.57923,74
6.58018,74
6.58112,74
6.58206,74
6.58301,74
6.58395,74
6.5849,74
6.58584,74
6.58678,74
6.58773,74
6.58867,74
6.58962,74
6.59056,74
6.5915,74
6.59245,74
6.59339,74
6.59434,74
6.59528,74
6.59622,74
6.59717,74
6.59811,74
6.59906,74
6.6,74
6.60094,74
6.60189,74
6.60283,74
6.60378,74
6.60472,74
6.60566,74
6.60661,74
6.60755,74
6.6085,74
6.60944,74
6.61038,74
6.61133,74
6.61227,74
6.61322,74
6.61416,74
6.6151,74
6.61605,74
6.61699,74
6.61794,74
6.61888,74
6.61982,74
6.62077,74
6.62171,74
6.62266,74
6.6236,74
6.62454,74
6.62549,74
6.62643,74
6.62738,74
6.62832,74
6.62926,74
6.63021,74
6.63115,74
6.6321,74
6.63304,74
6.63398,74
6.63493,74
6.63587,74
6.63682,74
6.63776,74
6.6387,74
6.63965,74
6.64059,74
6.64154,74
6.64248,74
6.64342,74
6.64437,74
6.64531,74
6.64626,74
6.6472,74
6.64814,74
6.64909,74
6.65003,74
6.65098,74
6.65192,74
6.65286,74
6.65381,74
6.65475,74
6.6557,74
6.65664,74
6.65758,74
6.65853,74
6.65947,74
6.66042,74
6.66136,74
6.6623,74
6.66325,74
6.66419,74
6.66514,74
6.66608,74
6.66702,74
6.66797,74
6.66891,74
6.66986,74
6.6708,74
6.67174,74
6.67269,74
6.67363,74
6.67458,74
6.67552,74
6.67646,74
6.67741,74
6.67835,74
6.6793,74
6.68024,74
6.68118,74
6.68213,74
6.68307,74
6.68402,74
6.68496,74
6.6859,74
6.68685,74
6.68779,74
6.68874,74
6.68968,74
6.69062,74
6.69157,74
6.69251,74
6.69346,74
6.6944,74
6.69534,74
6.69629,74
6.69723,74
6.69818,74
6.69912,74
6.70006,74
6.70101,74
6.70195,74
6.7029,74
6.70384,74
6.70478,74
6.70573,74
6.70667,74
6.70762,74
6.70856,74
6.7095,74
6.71045,74
6.71139,74
6.71234,74
6.71328,74
6.71422,74
6.71517,74
6.71611,74
6.71706,74
6.718,74
6.71894,74
6.71989,74
6.72083,74
6.72178,74
6.72272,74
6.72366,74
6.72461,74
6.72555,74
6.7265,74
6.72744,74
6.72838,74
6.72933,74
6.73027,74
6.73122,74
6.73216,74
6.7331,74
6.73405,74
6.73499,74
6.73594,74
6.73688,74
6.73782,74
6.73877,74
6.73971,74
6.74066,74
6.7416,74
6.74254,74
6.74349,74
6.74443,74
6.74538,74
6.74632,74
6.74726,74
6.74821,74
6.74915,74
6.7501,74
6.75104,74
6.75198,74
6.75293,74
6.75387,74
6.75482,74
6.75576,74
6.7567,74
6.75765,74
6.75859,74
6.75954,74
6.76048,74
6.76142,74
6.76237,74
6.76331,74
6.76426,74
6.7652,74
6.76614,74
6.76709,74
6.76803,74
6.76898,74
6.76992,74
6.77086,74
6.77181,74
6.77275,74
6.7737,74
6.77464,74
6.77558,74
6.77653,74
6.77747,74
6.77842,74
6.77936,74
6.7803,74
6.78125,74
6.78219,74
6.78314,74
6.78408,74
6.78502,74
6.78597,74
6.78691,74
6.78786,74
6.7888,74
6.78974,74
6.79069,74
6.79163,74
6.79258,74
6.79352,74
6.79446,74
6.79541,74
6.79635,74
6.7973,74
6.79824,74
6.79918,74
6.80013,74
6.80107,74
6.80202,74
6.80296,74
6.8039,74
6.80485,74
6.80579,74
6.80674,74
6.80768,74
6.80862,74
6.80957,74
6.81051,74
6.81146,74
6.8124,74
6.81334,74
6.81429,74
6.81523,74
6.81618,74
6.81712,74
6.81806,74
6.81901,74
6.81995,74
6.8209,74
6.82184,74
6.82278,74
6.82373,74
6.82467,74
6.82562,74
6.82656,74
6.8275,74
6.82845,74
6.82939,74
6.83034,74
6.83128,74
6.83222,74
6.83317,74
6.83411,74
6.83506,74
6.836,74
6.83694,74
6.83789,74
6.83883,74
6.83978,74
6.84072,74
6.84166,74
6.84261,74
6.84355,74
6.8445,74
6.84544,74
6.84638,74
6.84733,74
6.84827,74
6.84922,74
6.85016,74
6.8511,74
6.85205,74
6.85299,74
6.85394,74
6.85488,74
6.85582,74
6.85677,74
6.85771,74
6.85866,74
6.8596,74
6.86054,74
6.86149,74
6.86243,74
6.86338,74
6.86432,74
6.86526,74
6.86621,74
6.86715,74
6.8681,74
6.86904,74
6.86998,74
6.87093,74
6.87187,74
6.87282,74
6.87376,74
6.8747,74
6.87565,74
6.87659,74
6.87754,74
6.87848,74
6.87942,74
6.88037,74
6.88131,74
6.88226,74
6.8832,74
6.88414,74
6.88509,74
6.88603,74
6.88698,74
6.88792,74
6.88886,74
6.88981,74
6.89075,74
6.8917,74
6.89264,74
6.89358,74
6.89453,74
6.89547,74
6.89642,74
6.89736,74
6.8983,74
6.89925,74
6.90019,74
6.90114,74
6.90208,74
6.90302,74
6.90397,74
6.90491,74
6.90586,74
6.9068,74
6.90774,74
6.90869,74
6.90963,74
6.91058,74
6.91152,74
6.91246,75
6.91341,75
6.91435,75
6.9153,75
6.91624,75
6.91718,75
6.91813,75
6.91907,75
6.92002,75
6.92096,75
6.9219,75
6.92285,75
6.92379,75
6.92474,75
6.92568,75
6.92662,75
6.92757,75
6.92851,75
6.92946,75
6.9304,75
6.93134,75
6.93229,75
6.93323,75
6.93418,75
6.93512,75
6.93606,75
6.93701,75
6.93795,75
6.9389,75
6.93984,75
6.94078,75
6.94173,75
6.94267,75
6.94362,75
6.94456,75
6.9455,75
6.94645,75
6.94739,75
6.94834,75
6.94928,75
6.95022,75
6.95117,75
6.95211,75
6.95306,75
6.954,75
6.95494,75
6.95589,75
6.95683,75
6.95778,75
6.95872,75
6.95966,75
6.96061,75
6.96155,75
6.9625,75
6.96344,75
6.96438,75
6.96533,75
6.96627,75
6.96722,75
6.96816,75
6.9691,75
6.97005,75
6.97099,75
6.97194,75
6.97288,75
6.97382,75
6.97477,75
6.97571,75
6.97666,75
6.9776,75
6.97854,75
6.97949,75
6.98043,75
6.98138,75
6.98232,75
6.98326,75
6.98421,75
6.98515,75
6.9861,75
6.98704,75
6.98798,75
6.98893,75
6.98987,75
6.99082,75
6.99176,75
6.9927,75
6.99365,75
6.99459,75
6.99554,75
6.99648,75
6.99742,75
6.99837,75
6.99931,75
7.00026,75
7.0012,75
7.00214,75
7.00309,75
7.00403,75
7.00498,75
7.00592,75
7.00686,75
7.00781,75
7.00875,75
7.0097,75
7.01064,75
7.01158,75
7.01253,75
7.01347,75
7.01442,75
7.01536,75
7.0163,75
7.01725,75
7.01819,75
7.01914,75
7.02008,75
7.02102,75
7.02197,75
7.02291,75
7.02386,75
7.0248,75
7.02574,75
7.02669,75
7.02763,75
7.02858,75
7.02952,75
7.03046,75
7.03141,75
7.03235,75
7.0333,75
7.03424,75
7.03518,75
7.03613,75
7.03707,75
7.03802,75
7.03896,75
7.0399,75
7.04085,75
7.04179,75
7.04274,75
7.04368,75
7.04462,75
7.04557,75
7.04651,75
7.04746,75
7.0484,75
7.04934,75
7.05029,75
7.05123,75
7.05218,75
7.05312,75
7.05406,75
7.05501,75
7.05595,75
7.0569,75
7.05784,75
7.05878,75
7.05973,75
7.06067,75
7.06162,75
7.06256,75
7.0635,75
7.06445,75
7.06539,75
7.06634,75
7.06728,75
7.06822,75
7.06917,75
7.07011,75
7.07106,75
7.072,75
7.07294,75
7.07389,75
7.07483,75
7.07578,75
7.07672,75
7.07766,75
7.07861,75
7.07955,75
7.0805,75
7.08144,75
7.08238,75
7.08333,75
7.08427,75
7.08522,75
7.08616,75
7.0871,75
7.08805,75
7.08899,75
7.08994,75
7.09088,75
7.09182,75
7.09277,75
7.09371,75
7.09466,75
7.0956,75
7.09654,75
7.09749,75
7.09843,75
7.09938,75
7.10032,75
7.10126,75
7.10221,75
7.10315,75
7.1041,75
7.10504,75
7.10598,75
7.10693,75
7.10787,75
7.10882,75
7.10976,75
7.1107,75
7.11165,75
7.11259,75
7.11354,75
7.11448,75
7.11542,75
7.11637,75
7.11731,75
7.11826,75
7.1192,75
7.12014,75
7.12109,75
7.12203,75
7.12298,75
7.12392,75
7.12486,75
7.12581,75
7.12675,75
7.1277,75
7.12864,75
7.12958,75
7.13053,75
7.13147,75
7.13242,75
7.13336,75
7.1343,75
7.13525,75
7.13619,75
7.13714,75
7.13808,75
7.13902,75
7.13997,75
7.14091,75
7.14186,75
7.1428,75
7.14374,75
7.14469,75
7.14563,75
7.14658,75
7.14752,75
7.14846,75
7.14941,75
7.15035,75
7.1513,75
7.15224,75
7.15318,75
7.15413,75
7.15507,75
7.15602,75
7.15696,75
7.1579,75
7.15885,75
7.15979,75
7.16074,75
7.16168,75
7.16262,75
7.16357,75
7.16451,75
7.16546,75
7.1664,75
7.16734,75
7.16829,75
7.16923,75
7.17018,75
7.17112,75
7.17206,75
7.17301,75
7.17395,75
7.1749,75
7.17584,75
7.17678,75
7.17773,75
7.17867,75
7.17962,75
7.18056,75
7.1815,75
7.18245,75
7.18339,75
7.18434,75
7.18528,75
7.18622,75
7.18717,75
7.18811,75
7.18906,75
7.19,75
7.19094,75
7.19189,75
7.19283,75
7.19378,75
7.19472,75
7.19566,75
7.19661,75
7.19755,75
7.1985,75
7.19944,75
7.20038,75
7.20133,75
7.20227,75
7.20322,75
7.20416,75
7.2051,75
7.20605,75
7.20699,75
7.20794,75
7.20888,75
7.20982,75
7.21077,75
7.21171,75
7.21266,75
7.2136,75
7.21454,75
7.21549,75
7.21643,75
7.21738,75
7.21832,75
7.21926,75
7.22021,75
7.22115,75
7.2221,75
7.22304,75
7.22398,75
7.22493,75
7.22587,75
7.22682,75
7.22776,75
7.2287,75
7.22965,75
7.23059,75
7.23154,75
7.23248,75
7.23342,75
7.23437,75
7.23531,75
7.23626,75
7.2372,75
7.23814,75
7.23909,75
7.24003,75
7.24098,75
7.24192,75
7.24286,75
7.24381,75
7.24475,75
7.2457,75
7.24664,75
7.24758,75
7.24853,75
7.24947,75
7.25042,76
7.25136,76
7.2523,76
7.25325,76
7.25419,76
7.25514,76
7.25608,76
7.25702,76
7.25797,76
7.25891,76
7.25986,76
7.2608,76
7.26174,76
7.26269,76
7.26363,76
7.26458,76
7.26552,76
7.26646,76
7.26741,76
7.26835,76
7.2693,76
7.27024,76
7.27118,76
7.27213,76
7.27307,76
7.27402,76
7.27496,76
7.2759,76
7.27685,76
7.27779,76
7.27874,76
7.27968,76
7.28062,76
7.28157,76
7.28251,76
7.28346,76
7.2844,76
7.28534,76
7.28629,76
7.28723,76
7.28818,76
7.28912,76
7.29006,76
7.29101,76
7.29195,76
7.2929,76
7.29384,76
7.29478,76
7.29573,76
7.29667,76
7.29762,76
7.29856,76
7.2995,76
7.30045,76
7.30139,76
7.30234,76
7.30328,76
7.30422,76
7.30517,76
7.30611,76
7.30706,76
7.308,76
7.30894,76
7.30989,76
7.31083,76
7.31178,76
7.31272,76
7.31366,76
7.31461,76
7.31555,76
7.3165,76
7.31744,76
7.31838,76
7.31933,76
7.32027,76
7.32122,76
7.32216,76
7.3231,76
7.32405,76
7.32499,76
7.32594,76
7.32688,76
7.32782,76
7.32877,76
7.32971,76
7.33066,76
7.3316,76
7.33254,76
7.33349,76
7.33443,76
7.33538,76
7.33632,76
7.33726,76
7.33821,76
7.33915,76
7.3401,76
7.34104,76
7.34198,76
7.34293,76
7.34387,76
7.34482,76
7.34576,76
7.3467,76
7.34765,76
7.34859,76
7.34954,76
7.35048,76
7.35142,76
7.35237,76
7.35331,76
7.35426,76
7.3552,76
7.35614,76
7.35709,76
7.35803,76
7.35898,76
7.35992,76
7.36086,76
7.36181,76
7.36275,76
7.3637,76
7.36464,76
7.36558,76
7.36653,76
7.36747,76
7.36842,76
7.36936,76
7.3703,76
7.37125,76
7.37219,76
7.37314,76
7.37408,76
7.37502,76
7.37597,76
7.37691,76
7.37786,76
7.3788,76
7.37974,76
7.38069,76
7.38163,76
7.38258,76
7.38352,76
7.38446,76
7.38541,76
7.38635,76
7.3873,76
7.38824,76
7.38918,76
7.39013,76
7.39107,76
7.39202,76
7.39296,76
7.3939,76
7.39485,76
7.39579,76
7.39674,76
7.39768,76
7.39862,76
7.39957,76
7.40051,76
7.40146,76
7.4024,76
7.40334,76
7.40429,76
7.40523,76
7.40618,76
7.40712,76
7.40806,76
7.40901,76
7.40995,76
7.4109,76
7.41184,76
7.41278,76
7.41373,76
7.41467,76
7.41562,76
7.41656,76
7.4175,76
7.41845,76
7.41939,76
7.42034,76
7.42128,76
7.42222,76
7.42317,76
7.42411,76
7.42506,76
7.426,76
7.42694,76
7.42789,76
7.42883,76
7.42978,76
7.43072,76
7.43166,76
7.43261,76
7.43355,76
7.4345,76
7.43544,76
7.43638,76
7.43733,76
7.43827,76
7.43922,76
7.44016,76
7.4411,76
7.44205,76
7.44299,76
7.44394,76
7.44488,76
7.44582,76
7.44677,76
7.44771,76
7.44866,76
7.4496,76
7.45054,76
7.45149,76
7.45243,76
7.45338,76
7.45432,76
7.45526,76
7.45621,76
7.45715,76
7.4581,76
7.45904,76
7.45998,76
7.46093,76
7.46187,76
7.46282,76
7.46376,76
7.4647,76
7.46565,76
7.46659,76
7.46754,76
7.46848,76
7.46942,76
7.47037,76
7.47131,76
7.47226,76
7.4732,76
7.47414,76
7.47509,76
7.47603,76
7.47698,76
7.47792,76
7.47886,76
7.47981,76
7.48075,76
7.4817,76
7.48264,76
7.48358,76
7.48453,76
7.48547,76
7.48642,76
7.48736,76
7.4883,76
7.48925,76
7.49019,76
7.49114,76
7.49208,76
7.49302,76
7.49397,76
7.49491,76
7.49586,76
7.4968,76
7.49774,76
7.49869,76
7.49963,76
7.50058,76
7.50152,76
7.50246,76
7.50341,76
7.50435,76
7.5053,76
7.50624,76
7.50718,76
7.50813,76
7.50907,76
7.51002,76
7.51096,76
7.5119,76
7.51285,76
7.51379,76
7.51474,76
7.51568,76
7.51662,76
7.51757,76
7.51851,76
7.51946,76
7.5204,76
7.52134,76
7.52229,76
7.52323,76
7.52418,76
7.52512,76
7.52606,76
7.52701,76
7.52795,76
7.5289,76
7.52984,76
7.53078,76
7.53173,76
7.53267,76
7.53362,76
7.53456,76
7.5355,76
7.53645,76
7.53739,76
7.53834,76
7.53928,76
7.54022,76
7.54117,76
7.54211,76
7.54306,76
7.544,76
7.54494,76
7.54589,76
7.54683,76
7.54778,76
7.54872,76
7.54966,76
7.55061,76
7.55155,76
7.5525,76
7.55344,76
7.55438,76
7.55533,76
7.55627,76
7.55722,76
7.55816,76
7.5591,76
7.56005,76
7.56099,76
7.56194,76
7.56288,76
7.56382,76
7.56477,76
7.56571,76
7.56666,76
7.5676,76
7.56854,76
7.56949,76
7.57043,76
7.57138,76
7.57232,76
7.57326,76
7.57421,76
7.57515,76
7.5761,76
7.57704,76
7.57798,76
7.57893,76
7.57987,76
7.58082,76
7.58176,76
7.5827,76
7.58365,76
7.58459,76
7.58554,76
7.58648,76
7.58742,76
7.58837,76
7.58931,77
7.59026,77
7.5912,77
7.59214,77
7.59309,77
7.59403,77
7.59498,77
7.59592,77
7.59686,77
7.59781,77
7.59875,77
7.5997,77
7.60064,77
7.60158,77
7.60253,77
7.60347,77
7.60442,77
7.60536,77
7.6063,77
7.60725,77
7.60819,77
7.60914,77
7.61008,77
7.61102,77
7.61197,77
7.61291,77
7.61386,77
7.6148,77
7.61574,77
7.61669,77
7.61763,77
7.61858,77
7.61952,77
7.62046,77
7.62141,77
7.62235,77
7.6233,77
7.62424,77
7.62518,77
7.62613,77
7.62707,77
7.62802,77
7.62896,77
7.6299,77
7.63085,77
7.63179,77
7.63274,77
7.63368,77
7.63462,77
7.63557,77
7.63651,77
7.63746,77
7.6384,77
7.63934,77
7.64029,77
7.64123,77
7.64218,77
7.64312,77
7.64406,77
7.64501,77
7.64595,77
7.6469,77
7.64784,77
7.64878,77
7.64973,77
7.65067,77
7.65162,77
7.65256,77
7.6535,77
7.65445,77
7.65539,77
7.65634,77
7.65728,77
7.65822,77
7.65917,77
7.66011,77
7.66106,77
7.662,77
7.66294,77
7.66389,77
7.66483,77
7.66578,77
7.66672,77
7.66766,77
7.66861,77
7.66955,77
7.6705,77
7.67144,77
7.67238,77
7.67333,77
7.67427,77
7.67522,77
7.67616,77
7.6771,77
7.67805,77
7.67899,77
7.67994,77
7.68088,77
7.68182,77
7.68277,77
7.68371,77
7.68466,77
7.6856,77
7.68654,77
7.68749,77
7.68843,77
7.68938,77
7.69032,77
7.69126,77
7.69221,77
7.69315,77
7.6941,77
7.69504,77
7.69598,77
7.69693,77
7.69787,77
7.69882,77
7.69976,77
7.7007,77
7.70165,77
7.70259,77
7.70354,77
7.70448,77
7.70542,77
7.70637,77
7.70731,77
7.70826,77
7.7092,77
7.71014,77
7.71109,77
7.71203,77
7.71298,77
7.71392,77
7.71486,77
7.71581,77
7.71675,77
7.7177,77
7.71864,77
7.71958,77
7.72053,77
7.72147,77
7.72242,77
7.72336,77
7.7243,77
7.72525,77
7.72619,77
7.72714,77
7.72808,77
7.72902,77
7.72997,77
7.73091,77
7.73186,77
7.7328,77
7.73374,77
7.73469,77
7.73563,77
7.73658,77
7.73752,77
7.73846,77
7.73941,77
7.74035,77
7.7413,77
7.74224,77
7.74318,77
7.74413,77
7.74507,77
7.74602,77
7.74696,77
7.7479,77
7.74885,77
7.74979,77
7.75074,77
7.75168,77
7.75262,77
7.75357,77
7.75451,77
7.75546,77
7.7564,77
7.75734,77
7.75829,77
7.75923,77
7.76018,77
7.76112,77
7.76206,77
7.76301,77
7.76395,77
7.7649,77
7.76584,77
7.76678,77
7.76773,77
7.76867,77
7.76962,77
7.77056,77
7.7715,77
7.77245,77
7.77339,77
7.77434,77
7.77528,77
7.77622,77
7.77717,77
7.77811,77
7.77906,77
7.78,77
7.78094,77
7.78189,77
7.78283,77
7.78378,77
7.78472,77
7.78566,77
7.78661,77
7.78755,77
7.7885,77
7.78944,77
7.79038,77
7.79133,77
7.79227,77
7.79322,77
7.79416,77
7.7951,77
7.79605,77
7.79699,77
7.79794,77
7.79888,77
7.79982,77
7.80077,77
7.80171,77
7.80266,77
7.8036,77
7.80454,77
7.80549,77
7.80643,77
7.80738,77
7.80832,77
7.80926,77
7.81021,77
7.81115,77
7.8121,77
7.81304,77
7.81398,77
7.81493,77
7.81587,77
7.81682,77
7.81776,77
7.8187,77
7.81965,77
7.82059,77
7.82154,77
7.82248,77
7.82342,77
7.82437,77
7.82531,77
7.82626,77
7.8272,77
7.82814,77
7.82909,77
7.83003,77
7.83098,77
7.83192,77
7.83286,77
7.83381,77
7.83475,77
7.8357,77
7.83664,77
7.83758,77
7.83853,77
7.83947,77
7.84042,77
7.84136,77
7.8423,77
7.84325,77
7.84419,77
7.84514,77
7.84608,77
7.84702,77
7.84797,77
7.84891,77
7.84986,77
7.8508,77
7.85174,77
7.85269,77
7.85363,77
7.85458,77
7.85552,77
7.85646,77
7.85741,77
7.85835,77
7.8593,77
7.86024,77
7.86118,77
7.86213,77
7.86307,77
7.86402,77
7.86496,77
7.8659,77
7.86685,77
7.86779,77
7.86874,77
7.86968,77
7.87062,77
7.87157,77
7.87251,77
7.87346,77
7.8744,77
7.87534,77
7.87629,77
7.87723,77
7.87818,77
7.87912,77
7.88006,77
7.88101,77
7.88195,77
7.8829,77
7.88384,77
7.88478,77
7.88573,77
7.88667,77
7.88762,77
7.88856,77
7.8895,77
7.89045,77
7.89139,77
7.89234,77
7.89328,77
7.89422,77
7.89517,77
7.89611,77
7.89706,77
7.898,77
7.89894,77
7.89989,77
7.90083,77
7.90178,77
7.90272,77
7.90366,77
7.90461,77
7.90555,77
7.9065,77
7.90744,77
7.90838,77
7.90933,77
7.91027,77
7.91122,77
7.91216,77
7.9131,77
7.91405,77
7.91499,77
7.91594,77
7.91688,77
7.91782,77
7.91877,77
7.91971,77
7.92066,77
7.9216,77
7.92254,77
7.92349,77
7.92443,77
7.92538,77
7.92632,77
7.92726,78
7.92821,78
7.92915,78
7.9301,78
7.93104,78
7.93198,78
7.93293,78
7.93387,78
7.93482,78
7.93576,78
7.9367,78
7.93765,78
7.93859,78
7.93954,78
7.94048,78
7.94142,78
7.94237,78
7.94331,78
7.94426,78
7.9452,78
7.94614,78
7.94709,78
7.94803,78
7.94898,78
7.94992,78
7.95086,78
7.95181,78
7.95275,78
7.9537,78
7.95464,78
7.95558,78
7.95653,78
7.95747,78
7.95842,78
7.95936,78
7.9603,78
7.96125,78
7.96219,78
7.96314,78
7.96408,78
7.96502,78
7.96597,78
7.96691,78
7.96786,78
7.9688,78
7.96974,78
7.97069,78
7.97163,78
7.97258,78
7.97352,78
7.97446,78
7.97541,78
7.97635,78
7.9773,78
7.97824,78
7.97918,78
7.98013,78
7.98107,78
7.98202,78
7.98296,78
7.9839,78
7.98485,78
7.98579,78
7.98674,78
7.98768,78
7.98862,78
7.98957,78
7.99051,78
7.99146,78
7.9924,78
7.99334,78
7.99429,78
7.99523,78
7.99618,78
7.99712,78
7.99806,78
7.99901,78
7.99995,78
8.0009,78
8.00184,78
8.00278,78
8.00373,78
8.00467,78
8.00562,78
8.00656,78
8.0075,78
8.00845,78
8.00939,78
8.01034,78
8.01128,78
8.01222,78
8.01317,78
8.01411,78
8.01506,78
8.016,78
8.01694,78
8.01789,78
8.01883,78
8.01978,78
8.02072,78
8.02166,78
8.02261,78
8.02355,78
8.0245,78
8.02544,78
8.02638,78
8.02733,78
8.02827,78
8.02922,78
8.03016,78
8.0311,78
8.03205,78
8.03299,78
8.03394,78
8.03488,78
8.03582,78
8.03677,78
8.03771,78
8.03866,78
8.0396,78
8.04054,78
8.04149,78
8.04243,78
8.04338,78
8.04432,78
8.04526,78
8.04621,78
8.04715,78
8.0481,78
8.04904,78
8.04998,78
8.05093,78
8.05187,78
8.05282,78
8.05376,78
8.0547,78
8.05565,78
8.05659,78
8.05754,78
8.05848,78
8.05942,78
8.06037,78
8.06131,78
8.06226,78
8.0632,78
8.06414,78
8.06509,78
8.06603,78
8.06698,78
8.06792,78
8.06886,78
8.06981,78
8.07075,78
8.0717,78
8.07264,78
8.07358,78
8.07453,78
8.07547,78
8.07642,78
8.07736,78
8.0783,78
8.07925,78
8.08019,78
8.08114,78
8.08208,78
8.08302,78
8.08397,78
8.08491,78
8.08586,78
8.0868,78
8.08774,78
8.08869,78
8.08963,78
8.09058,78
8.09152,78
8.09246,78
8.09341,78
8.09435,78
8.0953,78
8.09624,78
8.09718,78
8.09813,78
8.09907,78
8.10002,78
8.10096,78
8.1019,78
8.10285,78
8.10379,78
8.10474,78
8.10568,78
8.10662,78
8.10757,78
8.10851,78
8.10946,78
8.1104,78
8.11134,78
8.11229,78
8.11323,78
8.11418,78
8.11512,78
8.11606,78
8.11701,78
8.11795,78
8.1189,78
8.11984,78
8.12078,78
8.12173,78
8.12267,78
8.12362,78
8.12456,78
8.1255,78
8.12645,78
8.12739,78
8.12834,78
8.12928,78
8.13022,78
8.13117,78
8.13211,78
8.13306,78
8.134,78
8.13494,78
8.13589,78
8.13683,78
8.13778,78
8.13872,78
8.13966,78
8.14061,78
8.14155,78
8.1425,78
8.14344,78
8.14438,78
8.14533,78
8.14627,78
8.14722,78
8.14816,78
8.1491,78
8.15005,78
8.15099,78
8.15194,78
8.15288,78
8.15382,78
8.15477,78
8.15571,78
8.15666,78
8.1576,78
8.15854,78
8.15949,78
8.16043,78
8.16138,78
8.16232,78
8.16326,78
8.16421,78
8.16515,78
8.1661,78
8.16704,78
8.16798,78
8.16893,78
8.16987,78
8.17082,78
8.17176,78
8.1727,78
8.17365,78
8.17459,78
8.17554,78
8.17648,78
8.17742,78
8.17837,78
8.17931,78
8.18026,78
8.1812,78
8.18214,78
8.18309,78
8.18403,78
8.18498,78
8.18592,78
8.18686,78
8.18781,78
8.18875,78
8.1897,78
8.19064,78
8.19158,78
8.19253,78
8.19347,78
8.19442,78
8.19536,78
8.1963,78
8.19725,78
8.19819,78
8.19914,78
8.20008,78
8.20102,78
8.20197,78
8.20291,78
8.20386,78
8.2048,78
8.20574,78
8.20669,78
8.20763,78
8.20858,78
8.20952,78
8.21046,78
8.21141,78
8.21235,78
8.2133,78
8.21424,78
8.21518,78
8.21613,78
8.21707,78
8.21802,78
8.21896,78
8.2199,78
8.22085,78
8.22179,78
8.22274,78
8.22368,78
8.22462,78
8.22557,78
8.22651,78
8.22746,78
8.2284,78
8.22934,78
8.23029,78
8.23123,78
8.23218,78
8.23312,78
8.23406,78
8.23501,78
8.23595,78
8.2369,78
8.23784,78
8.23878,78
8.23973,78
8.24067,78
8.24162,78
8.24256,78
8.2435,78
8.24445,78
8.24539,78
8.24634,78
8.24728,78
8.24822,78
8.24917,78
8.25011,78
8.25106,78
8.252,78
8.25294,78
8.25389,78
8.25483,78
8.25578,78
8.25672,78
8.25766,78
8.25861,78
8.25955,78
8.2605,78
8.26144,78
8.26238,78
8.26333,78
8.26427,78
8.26522,79
8.26616,79
8.2671,79
8.26805,79
8.26899,79
8.26994,79
8.27088,79
8.27182,79
8.27277,79
8.27371,79
8.27466,79
8.2756,79
8.27654,79
8.27749,79
8.27843,79
8.27938,79
8.28032,79
8.28126,79
8.28221,79
8.28315,79
8.2841,79
8.28504,79
8.28598,79
8.28693,79
8.28787,79
8.28882,79
8.28976,79
8.2907,79
8.29165,79
8.29259,79
8.29354,79
8.29448,79
8.29542,79
8.29637,79
8.29731,79
8.29826,79
8.2992,79
8.30014,79
8.30109,79
8.30203,79
8.30298,79
8.30392,79
8.30486,79
8.30581,79
8.30675,79
8.3077,79
8.30864,79
8.30958,79
8.31053,79
8.31147,79
8.31242,79
8.31336,79
8.3143,79
8.31525,79
8.31619,79
8.31714,79
8.31808,79
8.31902,79
8.31997,79
8.32091,79
8.32186,79
8.3228,79
8.32374,79
8.32469,79
8.32563,79
8.32658,79
8.32752,79
8.32846,79
8.32941,79
8.33035,79
8.3313,79
8.33224,79
8.33318,79
8.33413,79
8.33507,79
8.33602,79
8.33696,79
8.3379,79
8.33885,79
8.33979,79
8.34074,79
8.34168,79
8.34262,79
8.34357,79
8.34451,79
8.34546,79
8.3464,79
8.34734,79
8.34829,79
8.34923,79
8.35018,79
8.35112,79
8.35206,79
8.35301,79
8.35395,79
8.3549,79
8.35584,79
8.35678,79
8.35773,79
8.35867,79
8.35962,79
8.36056,79
8.3615,79
8.36245,79
8.36339,79
8.36434,79
8.36528,79
8.36622,79
8.36717,79
8.36811,79
8.36906,79
8.37,79
8.37094,79
8.37189,79
8.37283,79
8.37378,79
8.37472,79
8.37566,79
8.37661,79
8.37755,79
8.3785,79
8.37944,79
8.38038,79
8.38133,79
8.38227,79
8.38322,79
8.38416,79
8.3851,79
8.38605,79
8.38699,79
8.38794,79
8.38888,79
8.38982,79
8.39077,79
8.39171,79
8.39266,79
8.3936,79
8.39454,79
8.39549,79
8.39643,79
8.39738,79
8.39832,79
8.39926,79
8.40021,79
8.40115,79
8.4021,79
8.40304,79
8.40398,79
8.40493,79
8.40587,79
8.40682,79
8.40776,79
8.4087,79
8.40965,79
8.41059,79
8.41154,79
8.41248,79
8.41342,79
8.41437,79
8.41531,79
8.41626,79
8.4172,79
8.41814,79
8.41909,79
8.42003,79
8.42098,79
8.42192,79
8.42286,79
8.42381,79
8.42475,79
8.4257,79
8.42664,79
8.42758,79
8.42853,79
8.42947,79
8.43042,79
8.43136,79
8.4323,79
8.43325,79
8.43419,79
8.43514,79
8.43608,79
8.43702,79
8.43797,79
8.43891,79
8.43986,79
8.4408,79
8.44174,79
8.44269,79
8.44363,79
8.44458,79
8.44552,79
8.44646,79
8.44741,79
8.44835,79
8.4493,79
8.45024,79
8.45118,79
8.45213,79
8.45307,79
8.45402,79
8.45496,79
8.4559,79
8.45685,79
8.45779,79
8.45874,79
8.45968,79
8.46062,79
8.46157,79
8.46251,79
8.46346,79
8.4644,79
8.46534,79
8.46629,79
8.46723,79
8.46818,79
8.46912,79
8.47006,79
8.47101,79
8.47195,79
8.4729,79
8.47384,79
8.47478,79
8.47573,79
8.47667,79
8.47762,79
8.47856,79
8.4795,79
8.48045,79
8.48139,79
8.48234,79
8.48328,79
8.48422,79
8.48517,79
8.48611,79
8.48706,79
8.488,79
8.48894,79
8.48989,79
8.49083,79
8.49178,79
8.49272,79
8.49366,79
8.49461,79
8.49555,79
8.4965,79
8.49744,79
8.49838,79
8.49933,79
8.50027,79
8.50122,79
8.50216,79
8.5031,79
8.50405,79
8.50499,79
8.50594,79
8.50688,79
8.50782,79
8.50877,79
8.50971,79
8.51066,79
8.5116,79
8.51254,79
8.51349,79
8.51443,79
8.51538,79
8.51632,79
8.51726,79
8.51821,79
8.51915,79
8.5201,79
8.52104,79
8.52198,79
8.52293,79
8.52387,79
8.52482,79
8.52576,79
8.5267,79
8.52765,79
8.52859,79
8.52954,79
8.53048,79
8.53142,79
8.53237,79
8.53331,79
8.53426,79
8.5352,79
8.53614,79
8.53709,79
8.53803,79
8.53898,79
8.53992,79
8.54086,79
8.54181,79
8.54275,79
8.5437,79
8.54464,79
8.54558,79
8.54653,79
8.54747,79
8.54842,79
8.54936,79
8.5503,79
8.55125,79
8.55219,79
8.55314,79
8.55408,79
8.55502,79
8.55597,79
8.55691,79
8.55786,79
8.5588,79
8.55974,79
8.56069,79
8.56163,79
8.56258,79
8.56352,79
8.56446,79
8.56541,79
8.56635,79
8.5673,79
8.56824,79
8.56918,79
8.57013,79
8.57107,79
8.57202,79
8.57296,79
8.5739,79
8.57485,79
8.57579,79
8.57674,79
8.57768,79
8.57862,79
8.57957,79
8.58051,79
8.58146,79
8.5824,79
8.58334,79
8.58429,79
8.58523,79
8.58618,79
8.58712,79
8.58806,79
8.58901,79
8.58995,79
8.5909,79
8.59184,79
8.59278,79
8.59373,79
8.59467,79
8.59562,79
8.59656,79
8.5975,79
8.59845,79
8.59939,79
8.60034,79
8.60128,79
8.60222,79
8.60317,80
8.60411,80
8.60506,80
8.606,80
8.60694,80
8.60789,80
8.60883,80
8.60978,80
8.61072,80
8.61166,80
8.61261,80
8.61355,80
8.6145,80
8.61544,80
8.61638,80
8.61733,80
8.61827,80
8.61922,80
8.62016,80
8.6211,80
8.62205,80
8.62299,80
8.62394,80
8.62488,80
8.62582,80
8.62677,80
8.62771,80
8.62866,80
8.6296,80
8.63054,80
8.63149,80
8.63243,80
8.63338,80
8.63432,80
8.63526,80
8.63621,80
8.63715,80
8.6381,80
8.63904,80
8.63998,80
8.64093,80
8.64187,80
8.64282,80
8.64376,80
8.6447,80
8.64565,80
8.64659,80
8.64754,80
8.64848,80
8.64942,80
8.65037,80
8.65131,80
8.65226,80
8.6532,80
8.65414,80
8.65509,80
8.65603,80
8.65698,80
8.65792,80
8.65886,80
8.65981,80
8.66075,80
8.6617,80
8.66264,80
8.66358,80
8.66453,80
8.66547,80
8.66642,80
8.66736,80
8.6683,80
8.66925,80
8.67019,80
8.67114,80
8.67208,80
8.67302,80
8.67397,80
8.67491,80
8.67586,80
8.6768,80
8.67774,80
8.67869,80
8.67963,80
8.68058,80
8.68152,80
8.68246,80
8.68341,80
8.68435,80
8.6853,80
8.68624,80
8.68718,80
8.68813,80
8.68907,80
8.69002,80
8.69096,80
8.6919,80
8.69285,80
8.69379,80
8.69474,80
8.69568,80
8.69662,80
8.69757,80
8.69851,80
8.69946,80
8.7004,80
8.70134,80
8.70229,80
8.70323,80
8.70418,80
8.70512,80
8.70606,80
8.70701,80
8.70795,80
8.7089,80
8.70984,80
8.71078,80
8.71173,80
8.71267,80
8.71362,80
8.71456,80
8.7155,80
8.71645,80
8.71739,80
8.71834,80
8.71928,80
8.72022,80
8.72117,80
8.72211,80
8.72306,80
8.724,80
8.72494,80
8.72589,80
8.72683,80
8.72778,80
8.72872,80
8.72966,80
8.73061,80
8.73155,80
8.7325,80
8.73344,80
8.73438,80
8.73533,80
8.73627,80
8.73722,80
8.73816,80
8.7391,80
8.74005,80
8.74099,80
8.74194,80
8.74288,80
8.74382,80
8.74477,80
8.74571,80
8.74666,80
8.7476,80
8.74854,80
8.74949,80
8.75043,80
8.75138,80
8.75232,80
8.75326,80
8.75421,80
8.75515,80
8.7561,80
8.75704,80
8.75798,80
8.75893,80
8.75987,80
8.76082,80
8.76176,80
8.7627,80
8.76365,80
8.76459,80
8.76554,80
8.76648,80
8.76742,80
8.76837,80
8.76931,80
8.77026,80
8.7712,80
8.77214,80
8.77309,80
8.77403,80
8.77498,80
8.77592,80
8.77686,80
8.77781,80
8.77875,80
8.7797,80
8.78064,80
8.78158,80
8.78253,80
8.78347,80
8.78442,80
8.78536,80
8.7863,80
8.78725,80
8.78819,80
8.78914,80
8.79008,80
8.79102,80
8.79197,80
8.79291,80
8.79386,80
8.7948,80
8.79574,80
8.79669,80
8.79763,80
8.79858,80
8.79952,80
8.80046,80
8.80141,80
8.80235,80
8.8033,80
8.80424,80
8.80518,80
8.80613,80
8.80707,80
8.80802,80
8.80896,80
8.8099,80
8.81085,80
8.81179,80
8.81274,80
8.81368,80
8.81462,80
8.81557,80
8.81651,80
8.81746,80
8.8184,80
8.81934,80
8.82029,80
8.82123,80
8.82218,80
8.82312,80
8.82406,80
8.82501,80
8.82595,80
8.8269,80
8.82784,80
8.82878,80
8.82973,80
8.83067,80
8.83162,80
8.83256,80
8.8335,80
8.83445,80
8.83539,80
8.83634,80
8.83728,80
8.83822,80
8.83917,80
8.84011,80
8.84106,80
8.842,80
8.84294,80
8.84389,80
8.84483,80
8.84578,80
8.84672,80
8.84766,80
8.84861,80
8.84955,80
8.8505,80
8.85144,80
8.85238,80
8.85333,80
8.85427,80
8.85522,80
8.85616,80
8.8571,80
8.85805,80
8.85899,80
8.85994,80
8.86088,80
8.86182,80
8.86277,80
8.86371,80
8.86466,80
8.8656,80
8.86654,80
8.86749,80
8.86843,80
8.86938,80
8.87032,80
8.87126,80
8.87221,80
8.87315,80
8.8741,80
8.87504,80
8.87598,80
8.87693,80
8.87787,80
8.87882,80
8.87976,80
8.8807,80
8.88165,80
8.88259,80
8.88354,80
8.88448,80
8.88542,80
8.88637,80
8.88731,80
8.88826,80
8.8892,80
8.89014,80
8.89109,80
8.89203,80
8.89298,80
8.89392,80
8.89486,80
8.89581,80
8.89675,80
8.8977,80
8.89864,80
8.89958,80
8.90053,80
8.90147,80
8.90242,80
8.90336,80
8.9043,80
8.90525,80
8.90619,80
8.90714,80
8.90808,80
8.90902,80
8.90997,80
8.91091,80
8.91186,80
8.9128,80
8.91374,80
8.91469,80
8.91563,80
8.91658,80
8.91752,80
8.91846,80
8.91941,80
8.92035,80
8.9213,80
8.92224,80
8.92318,80
8.92413,80
8.92507,80
8.92602,80
8.92696,80
8.9279,80
8.92885,80
8.92979,80
8.93074,80
8.93168,80
8.93262,80
8.93357,80
8.93451,80
8.93546,80
8.9364,80
8.93734,80
8.93829,80
8.93923,80
8.94018,80
8.94112,80
8.94206,81
8.94301,81
8.94395,81
8.9449,81
8.94584,81
8.94678,81
8.94773,81
8.94867,81
8.94962,81
8.95056,81
8.9515,81
8.95245,81
8.95339,81
8.95434,81
8.95528,81
8.95622,81
8.95717,81
8.95811,81
8.95906,81
8.96,81
8.96094,81
8.96189,81
8.96283,81
8.96378,81
8.96472,81
8.96566,81
8.96661,81
8.96755,81
8.9685,81
8.96944,81
8.97038,81
8.97133,81
8.97227,81
8.97322,81
8.97416,81
8.9751,81
8.97605,81
8.97699,81
8.97794,81
8.97888,81
8.97982,81
8.98077,81
8.98171,81
8.98266,81
8.9836,81
8.98454,81
8.98549,81
8.98643,81
8.98738,81
8.98832,81
8.98926,81
8.99021,81
8.99115,81
8.9921,81
8.99304,81
8.99398,81
8.99493,81
8.99587,81
8.99682,81
8.99776,81
8.9987,81
8.99965,81
9.00059,81
9.00154,81
9.00248,81
9.00342,81
9.00437,81
9.00531,81
9.00626,81
9.0072,81
9.00814,81
9.00909,81
9.01003,81
9.01098,81
9.01192,81
9.01286,81
9.01381,81
9.01475,81
9.0157,81
9.01664,81
9.01758,81
9.01853,81
9.01947,81
9.02042,81
9.02136,81
9.0223,81
9.02325,81
9.02419,81
9.02514,81
9.02608,81
9.02702,81
9.02797,81
9.02891,81
9.02986,81
9.0308,81
9.03174,81
9.03269,81
9.03363,81
9.03458,81
9.03552,81
9.03646,81
9.03741,81
9.03835,81
9.0393,81
9.04024,81
9.04118,81
9.04213,81
9.04307,81
9.04402,81
9.04496,81
9.0459,81
9.04685,81
9.04779,81
9.04874,81
9.04968,81
9.05062,81
9.05157,81
9.05251,81
9.05346,81
9.0544,81
9.05534,81
9.05629,81
9.05723,81
9.05818,81
9.05912,81
9.06006,81
9.06101,81
9.06195,81
9.0629,81
9.06384,81
9.06478,81
9.06573,81
9.06667,81
9.06762,81
9.06856,81
9.0695,81
9.07045,81
9.07139,81
9.07234,81
9.07328,81
9.07422,81
9.07517,81
9.07611,81
9.07706,81
9.078,81
9.07894,81
9.07989,81
9.08083,81
9.08178,81
9.08272,81
9.08366,81
9.08461,81
9.08555,81
9.0865,81
9.08744,81
9.08838,81
9.08933,81
9.09027,81
9.09122,81
9.09216,81
9.0931,81
9.09405,81
9.09499,81
9.09594,81
9.09688,81
9.09782,81
9.09877,81
9.09971,81
9.10066,81
9.1016,81
9.10254,81
9.10349,81
9.10443,81
9.10538,81
9.10632,81
9.10726,81
9.10821,81
9.10915,81
9.1101,81
9.11104,81
9.11198,81
9.11293,81
9.11387,81
9.11482,81
9.11576,81
9.1167,81
9.11765,81
9.11859,81
9.11954,81
9.12048,81
9.12142,81
9.12237,81
9.12331,81
9.12426,81
9.1252,81
9.12614,81
9.12709,81
9.12803,81
9.12898,81
9.12992,81
9.13086,81
9.13181,81
9.13275,81
9.1337,81
9.13464,81
9.13558,81
9.13653,81
9.13747,81
9.13842,81
9.13936,81
9.1403,81
9.14125,81
9.14219,81
9.14314,81
9.14408,81
9.14502,81
9.14597,81
9.14691,81
9.14786,81
9.1488,81
9.14974,81
9.15069,81
9.15163,81
9.15258,81
9.15352,81
9.15446,81
9.15541,81
9.15635,81
9.1573,81
9.15824,81
9.15918,81
9.16013,81
9.16107,81
9.16202,81
9.16296,81
9.1639,81
9.16485,81
9.16579,81
9.16674,81
9.16768,81
9.16862,81
9.16957,81
9.17051,81
9.17146,81
9.1724,81
9.17334,81
9.17429,81
9.17523,81
9.17618,81
9.17712,81
9.17806,81
9.17901,81
9.17995,81
9.1809,81
9.18184,81
9.18278,81
9.18373,81
9.18467,81
9.18562,81
9.18656,81
9.1875,81
9.18845,81
9.18939,81
9.19034,81
9.19128,81
9.19222,81
9.19317,81
9.19411,81
9.19506,81
9.196,81
9.19694,81
9.19789,81
9.19883,81
9.19978,81
9.20072,81
9.20166,81
9.20261,81
9.20355,81
9.2045,81
9.20544,81
9.20638,81
9.20733,81
9.20827,81
9.20922,81
9.21016,81
9.2111,81
9.21205,81
9.21299,81
9.21394,81
9.21488,81
9.21582,81
9.21677,81
9.21771,81
9.21866,81
9.2196,81
9.22054,81
9.22149,81
9.22243,81
9.22338,81
9.22432,81
9.22526,81
9.22621,81
9.22715,81
9.2281,81
9.22904,81
9.22998,81
9.23093,81
9.23187,81
9.23282,81
9.23376,81
9.2347,81
9.23565,81
9.23659,81
9.23754,81
9.23848,81
9.23942,81
9.24037,81
9.24131,81
9.24226,81
9.2432,81
9.24414,81
9.24509,81
9.24603,81
9.24698,81
9.24792,81
9.24886,81
9.24981,81
9.25075,81
9.2517,81
9.25264,81
9.25358,81
9.25453,81
9.25547,81
9.25642,81
9.25736,81
9.2583,81
9.25925,81
9.26019,81
9.26114,81
9.26208,81
9.26302,81
9.26397,81
9.26491,81
9.26586,81
9.2668,81
9.26774,81
9.26869,81
9.26963,81
9.27058,81
9.27152,81
9.27246,81
9.27341,81
9.27435,81
9.2753,81
9.27624,81
9.27718,81
9.27813,81
9.27907,81
9.28002,81
9.28096,81
9.2819,81
9.28285,81
9.28379,81
9.28474,81
9.28568,81
9.28662,81
9.28757,81
9.28851,81
9.28946,81
9.2904,81
9.29134,81
9.29229,81
9.29323,81
9.29418,81
9.29512,82
9.29606,82
9.29701,82
9.29795,82
9.2989,82
9.29984,82
9.30078,82
9.30173,82
9.30267,82
9.30362,82
9.30456,82
9.3055,82
9.30645,82
9.30739,82
9.30834,82
9.30928,82
9.31022,82
9.31117,82
9.31211,82
9.31306,82
9.314,82
9.31494,82
9.31589,82
9.31683,82
9.31778,82
9.31872,82
9.31966,82
9.32061,82
9.32155,82
9.3225,82
9.32344,82
9.32438,82
9.32533,82
9.32627,82
9.32722,82
9.32816,82
9.3291,82
9.33005,82
9.33099,82
9.33194,82
9.33288,82
9.33382,82
9.33477,82
9.33571,82
9.33666,82
9.3376,82
9.33854,82
9.33949,82
9.34043,82
9.34138,82
9.34232,82
9.34326,82
9.34421,82
9.34515,82
9.3461,82
9.34704,82
9.34798,82
9.34893,82
9.34987,82
9.35082,82
9.35176,82
9.3527,82
9.35365,82
9.35459,82
9.35554,82
9.35648,82
9.35742,82
9.35837,82
9.35931,82
9.36026,82
9.3612,82
9.36214,82
9.36309,82
9.36403,82
9.36498,82
9.36592,82
9.36686,82
9.36781,82
9.36875,82
9.3697,82
9.37064,82
9.37158,82
9.37253,82
9.37347,82
9.37442,82
9.37536,82
9.3763,82
9.37725,82
9.37819,82
9.37914,82
9.38008,82
9.38102,82
9.38197,82
9.38291,82
9.38386,82
9.3848,82
9.38574,82
9.38669,82
9.38763,82
9.38858,82
9.38952,82
9.39046,82
9.39141,82
9.39235,82
9.3933,82
9.39424,82
9.39518,82
9.39613,82
9.39707,82
9.39802,82
9.39896,82
9.3999,82
9.40085,82
9.40179,82
9.40274,82
9.40368,82
9.40462,82
9.40557,82
9.40651,82
9.40746,82
9.4084,82
9.40934,82
9.41029,82
9.41123,82
9.41218,82
9.41312,82
9.41406,82
9.41501,82
9.41595,82
9.4169,82
9.41784,82
9.41878,82
9.41973,82
9.42067,82
9.42162,82
9.42256,82
9.4235,82
9.42445,82
9.42539,82
9.42634,82
9.42728,82
9.42822,82
9.42917,82
9.43011,82
9.43106,82
9.432,82
9.43294,82
9.43389,82
9.43483,82
9.43578,82
9.43672,82
9.43766,82
9.43861,82
9.43955,82
9.4405,82
9.44144,82
9.44238,82
9.44333,82
9.44427,82
9.44522,82
9.44616,82
9.4471,82
9.44805,82
9.44899,82
9.44994,82
9.45088,82
9.45182,82
9.45277,82
9.45371,82
9.45466,82
9.4556,82
9.45654,82
9.45749,82
9.45843,82
9.45938,82
9.46032,82
9.46126,82
9.46221,82
9.46315,82
9.4641,82
9.46504,82
9.46598,82
9.46693,82
9.46787,82
9.46882,82
9.46976,82
9.4707,82
9.47165,82
9.47259,82
9.47354,82
9.47448,82
9.47542,82
9.47637,82
9.47731,82
9.47826,82
9.4792,82
9.48014,82
9.48109,82
9.48203,82
9.48298,82
9.48392,82
9.48486,82
9.48581,82
9.48675,82
9.4877,82
9.48864,82
9.48958,82
9.49053,82
9.49147,82
9.49242,82
9.49336,82
9.4943,82
9.49525,82
9.49619,82
9.49714,82
9.49808,82
9.49902,82
9.49997,82
9.50091,82
9.50186,82
9.5028,82
9.50374,82
9.50469,82
9.50563,82
9.50658,82
9.50752,82
9.50846,82
9.50941,82
9.51035,82
9.5113,82
9.51224,82
9.51318,82
9.51413,82
9.51507,82
9.51602,82
9.51696,82
9.5179,82
9.51885,82
9.51979,82
9.52074,82
9.52168,82
9.52262,82
9.52357,82
9.52451,82
9.52546,82
9.5264,82
9.52734,82
9.52829,82
9.52923,82
9.53018,82
9.53112,82
9.53206,82
9.53301,82
9.53395,82
9.5349,82
9.53584,82
9.53678,82
9.53773,82
9.53867,82
9.53962,82
9.54056,82
9.5415,82
9.54245,82
9.54339,82
9.54434,82
9.54528,82
9.54622,82
9.54717,82
9.54811,82
9.54906,82
9.55,82
9.55094,82
9.55189,82
9.55283,82
9.55378,82
9.55472,82
9.55566,82
9.55661,82
9.55755,82
9.5585,82
9.55944,82
9.56038,82
9.56133,82
9.56227,82
9.56322,82
9.56416,82
9.5651,82
9.56605,82
9.56699,82
9.56794,82
9.56888,82
9.56982,82
9.57077,82
9.57171,82
9.57266,82
9.5736,82
9.57454,82
9.57549,82
9.57643,82
9.57738,82
9.57832,82
9.57926,82
9.58021,82
9.58115,82
9.5821,82
9.58304,82
9.58398,82
9.58493,82
9.58587,82
9.58682,82
9.58776,82
9.5887,82
9.58965,82
9.59059,82
9.59154,82
9.59248,82
9.59342,82
9.59437,82
9.59531,82
9.59626,82
9.5972,82
9.59814,82
9.59909,82
9.60003,82
9.60098,82
9.60192,82
9.60286,82
9.60381,82
9.60475,82
9.6057,82
9.60664,82
9.60758,82
9.60853,82
9.60947,82
9.61042,82
9.61136,82
9.6123,82
9.61325,82
9.61419,82
9.61514,82
9.61608,82
9.61702,82
9.61797,82
9.61891,82
9.61986,82
9.6208,82
9.62174,82
9.62269,82
9.62363,82
9.62458,82
9.62552,82
9.62646,82
9.62741,82
9.62835,82
9.6293,82
9.63024,82
9.63118,82
9.63213,82
9.63307,82
9.63402,83
9.63496,83
9.6359,83
9.63685,83
9.63779,83
9.63874,83
9.63968,83
9.64062,83
9.64157,83
9.64251,83
9.64346,83
9.6444,83
9.64534,83
9.64629,83
9.64723,83
9.64818,83
9.64912,83
9.65006,83
9.65101,83
9.65195,83
9.6529,83
9.65384,83
9.65478,83
9.65573,83
9.65667,83
9.65762,83
9.65856,83
9.6595,83
9.66045,83
9.66139,83
9.66234,83
9.66328,83
9.66422,83
9.66517,83
9.66611,83
9.66706,83
9.668,83
9.66894,83
9.66989,83
9.67083,83
9.67178,83
9.67272,83
9.67366,83
9.67461,83
9.67555,83
9.6765,83
9.67744,83
9.67838,83
9.67933,83
9.68027,83
9.68122,83
9.68216,83
9.6831,83
9.68405,83
9.68499,83
9.68594,83
9.68688,83
9.68782,83
9.68877,83
9.68971,83
9.69066,83
9.6916,83
9.69254,83
9.69349,83
9.69443,83
9.69538,83
9.69632,83
9.69726,83
9.69821,83
9.69915,83
9.7001,83
9.70104,83
9.70198,83
9.70293,83
9.70387,83
9.70482,83
9.70576,83
9.7067,83
9.70765,83
9.70859,83
9.70954,83
9.71048,83
9.71142,83
9.71237,83
9.71331,83
9.71426,83
9.7152,83
9.71614,83
9.71709,83
9.71803,83
9.71898,83
9.71992,83
9.72086,83
9.72181,83
9.72275,83
9.7237,83
9.72464,83
9.72558,83
9.72653,83
9.72747,83
9.72842,83
9.72936,83
9.7303,83
9.73125,83
9.73219,83
9.73314,83
9.73408,83
9.73502,83
9.73597,83
9.73691,83
9.73786,83
9.7388,83
9.73974,83
9.74069,83
9.74163,83
9.74258,83
9.74352,83
9.74446,83
9.74541,83
9.74635,83
9.7473,83
9.74824,83
9.74918,83
9.75013,83
9.75107,83
9.75202,83
9.75296,83
9.7539,83
9.75485,83
9.75579,83
9.75674,83
9.75768,83
9.75862,83
9.75957,83
9.76051,83
9.76146,83
9.7624,83
9.76334,83
9.76429,83
9.76523,83
9.76618,83
9.76712,83
9.76806,83
9.76901,83
9.76995,83
9.7709,83
9.77184,83
9.77278,83
9.77373,83
9.77467,83
9.77562,83
9.77656,83
9.7775,83
9.77845,83
9.77939,83
9.78034,83
9.78128,83
9.78222,83
9.78317,83
9.78411,83
9.78506,83
9.786,83
9.78694,83
9.78789,83
9.78883,83
9.78978,83
9.79072,83
9.79166,83
9.79261,83
9.79355,83
9.7945,83
9.79544,83
9.79638,83
9.79733,83
9.79827,83
9.79922,83
9.80016,83
9.8011,83
9.80205,83
9.80299,83
9.80394,83
9.80488,83
9.80582,83
9.80677,83
9.80771,83
9.80866,83
9.8096,83
9.81054,83
9.81149,83
9.81243,83
9.81338,83
9.81432,83
9.81526,83
9.81621,83
9.81715,83
9.8181,83
9.81904,83
9.81998,83
9.82093,83
9.82187,83
9.82282,83
9.82376,83
9.8247,83
9.82565,83
9.82659,83
9.82754,83
9.82848,83
9.82942,83
9.83037,83
9.83131,83
9.83226,83
9.8332,83
9.83414,83
9.83509,83
9.83603,83
9.83698,83
9.83792,83
9.83886,83
9.83981,83
9.84075,83
9.8417,83
9.84264,83
9.84358,83
9.84453,83
9.84547,83
9.84642,83
9.84736,83
9.8483,83
9.84925,83
9.85019,83
9.85114,83
9.85208,83
9.85302,83
9.85397,83
9.85491,83
9.85586,83
9.8568,83
9.85774,83
9.85869,83
9.85963,83
9.86058,83
9.86152,83
9.86246,83
9.86341,83
9.86435,83
9.8653,83
9.86624,83
9.86718,83
9.86813,83
9.86907,83
9.87002,83
9.87096,83
9.8719,83
9.87285,83
9.87379,83
9.87474,83
9.87568,83
9.87662,83
9.87757,83
9.87851,83
9.87946,83
9.8804,83
9.88134,83
9.88229,83
9.88323,83
9.88418,83
9.88512,83
9.88606,83
9.88701,83
9.88795,83
9.8889,83
9.88984,83
9.89078,83
9.89173,83
9.89267,83
9.89362,83
9.89456,83
9.8955,83
9.89645,83
9.89739,83
9.89834,83
9.89928,83
9.90022,83
9.90117,83
9.90211,83
9.90306,83
9.904,83
9.90494,83
9.90589,83
9.90683,83
9.90778,83
9.90872,83
9.90966,83
9.91061,83
9.91155,83
9.9125,83
9.91344,83
9.91438,83
9.91533,83
9.91627,83
9.91722,83
9.91816,83
9.9191,83
9.92005,83
9.92099,83
9.92194,83
9.92288,83
9.92382,83
9.92477,83
9.92571,83
9.92666,83
9.9276,83
9.92854,83
9.92949,83
9.93043,83
9.93138,83
9.93232,83
9.93326,83
9.93421,83
9.93515,83
9.9361,83
9.93704,83
9.93798,83
9.93893,83
9.93987,83
9.94082,83
9.94176,83
9.9427,83
9.94365,83
9.94459,83
9.94554,83
9.94648,83
9.94742,83
9.94837,83
9.94931,83
9.95026,83
9.9512,83
9.95214,83
9.95309,83
9.95403,83
9.95498,83
9.95592,83
9.95686,83
9.95781,83
9.95875,83
9.9597,83
9.96064,83
9.96158,83
9.96253,83
9.96347,83
9.96442,83
9.96536,83
9.9663,83
9.96725,83
9.96819,83
9.96914,83
9.97008,83
9.97102,83
9.97197,83
9.97291,83
9.97386,83
9.9748,83
9.97574,83
9.97669,83
9.97763,83
9.97858,83
9.97952,83
9.98046,83
9.98141,83
9.98235,83
9.9833,83
9.98424,83
9.98518,83
9.98613,83
9.98707,83
9.98802,83
9.98896,83
9.9899,83
9.99085,83
9.99179,83
9.99274,83
9.99368,83
9.99462,83
9.99557,83
9.99651,83
9.99746,83
9.9984,83
9.99934,83
10.0003,83
10.0012,83
10.0022,83
10.0031,83
10.0041,83
10.005,84
10.006,84
10.0069,84
10.0078,84
10.0088,84
10.0097,84
10.0107,84
10.0116,84
10.0126,84
10.0135,84
10.0144,84
10.0154,84
10.0163,84
10.0173,84
10.0182,84
10.0192,84
10.0201,84
10.0211,84
10.022,84
10.0229,84
10.0239,84
10.0248,84
10.0258,84
10.0267,84
10.0277,84
10.0286,84
10.0296,84
10.0305,84
10.0314,84
10.0324,84
10.0333,84
10.0343,84
10.0352,84
10.0362,84
10.0371,84
10.038,84
10.039,84
10.0399,84
10.0409,84
10.0418,84
10.0428,84
10.0437,84
10.0447,84
10.0456,84
10.0465,84
10.0475,84
10.0484,84
10.0494,84
10.0503,84
10.0513,84
10.0522,84
10.0532,84
10.0541,84
10.055,84
10.056,84
10.0569,84
10.0579,84
10.0588,84
10.0598,84
10.0607,84
10.0616,84
10.0626,84
10.0635,84
10.0645,84
10.0654,84
10.0664,84
10.0673,84
10.0683,84
10.0692,84
10.0701,84
10.0711,84
10.072,84
10.073,84
10.0739,84
10.0749,84
10.0758,84
10.0768,84
10.0777,84
10.0786,84
10.0796,84
10.0805,84
10.0815,84
10.0824,84
10.0834,84
10.0843,84
10.0852,84
10.0862,84
10.0871,84
10.0881,84
10.089,84
10.09,84
10.0909,84
10.0919,84
10.0928,84
10.0937,84
10.0947,84
10.0956,84
10.123,84
10.124,84
10.1249,84
10.1258,84
10.1268,84
10.1277,84
10.1287,84
10.1296,84
10.1306,84
10.1315,84
10.1324,84
10.1334,84
10.1343,84
10.1353,84
10.1362,84
10.1372,84
10.1381,84
10.1391,84
10.14,84
10.1409,84
10.1419,84
10.1428,84
10.1438,84
10.1447,84
10.1457,84
10.1466,84
10.1476,84
10.1485,84
10.1494,84
10.1504,84
10.1513,84
10.1523,84
10.1532,84
10.1542,84
10.1551,84
10.156,84
10.157,84
10.1579,84
10.1589,84
10.1598,84
10.1608,84
10.1617,84
10.1627,84
10.1636,84
10.1645,84
10.1655,84
10.1664,84
10.1674,84
10.1683,84
10.1693,84
10.1702,84
10.1712,84
10.1721,84
10.173,84
10.174,84
10.1749,84
10.1759,84
10.1768,84
10.1778,84
10.1787,84
10.1796,84
10.1806,84
10.1815,84
10.1825,84
10.1834,84
10.1844,84
10.1853,84
10.1863,84
10.1872,84
10.1881,84
10.1891,84
10.19,84
10.191,84
10.1919,84
10.1929,84
10.1938,84
10.1948,84
10.1957,84
10.1966,84
10.1976,84
10.1985,84
10.1995,84
10.2004,84
10.2014,84
10.2023,84
10.2032,84
10.2042,84
10.2051,84
10.2061,84
10.207,84
10.208,84
10.2089,84
10.2099,84
10.2108,84
10.2117,84
10.2127,84
10.2136,84
10.241,84
10.242,84
10.2429,84
10.2438,84
10.2448,84
10.2457,84
10.2467,84
10.2476,84
10.2486,84
10.2495,84
10.2504,84
10.2514,84
10.2523,84
10.2533,84
10.2542,84
10.2552,84
10.2561,84
10.2571,84
10.258,84
10.2589,84
10.2599,84
10.2608,84
10.2618,84
10.2627,84
10.2637,84
10.2646,84
10.2656,84
10.2665,84
10.2674,84
10.2684,84
10.2693,84
10.2703,84
10.2712,84
10.2722,84
10.2731,84
10.274,84
10.275,84
10.2759,84
10.2769,84
10.2778,84
10.2788,84
10.2797,84
10.2807,84
10.2816,84
10.2825,84
10.2835,84
10.2844,84
10.2854,84
10.2863,84
10.2873,84
10.2882,84
10.2892,84
10.2901,84
10.291,84
10.292,84
10.2929,84
10.2939,84
10.2948,84
10.2958,84
10.2967,84
10.2976,84
10.2986,84
10.2995,84
10.3005,84
10.3014,84
10.3024,84
10.3033,84
10.3043,84
10.3052,84
10.3061,84
10.3071,84
10.308,84
10.309,84
10.3099,84
10.3109,84
10.3118,84
10.3128,84
10.3137,84
10.3146,84
10.3156,84
10.3165,84
10.3175,84
10.3184,84
10.3194,84
10.3203,84
10.3212,84
10.3222,84
10.3231,84
10.3241,84
10.325,84
10.326,84
10.3269,84
10.3279,84
10.3288,84
10.3297,84
10.3307,84
10.3316,84
10.3326,84
10.3335,84
10.3345,84
10.3354,84
10.3364,84
10.3373,84
10.3382,84
10.3392,84
10.3401,84
10.3411,84
10.342,84
10.343,84
10.3439,84
10.3448,84
10.3458,84
10.3467,84
10.3477,84
10.3486,84
10.3496,84
10.3505,84
10.3515,84
10.3524,84
10.3533,84
10.3543,84
10.3552,84
10.3562,84
10.3571,84
10.3581,84
10.359,84
10.36,84
10.3609,84
10.3618,84
10.3628,84
10.3637,84
10.3647,84
10.3656,84
10.3666,84
10.3675,84
10.3684,84
10.3694,84
10.3703,84
10.3713,84
10.3722,84
10.3732,84
10.3741,84
10.3751,84
10.376,84
10.3769,84
10.3779,84
10.3788,84
10.3798,84
10.3807,84
10.3817,84
10.3826,84
10.3836,84
10.3845,84
10.3854,84
10.3864,84
10.3873,84
10.3883,84
10.3892,84
10.3902,84
10.3911,84
10.392,84
10.393,84
10.3939,84
10.3949,84
10.3958,84
10.3968,84
10.3977,84
10.3987,84
10.3996,84
10.4005,84
10.4015,84
10.4024,84
10.4034,84
10.4043,84
10.4053,84
10.4062,84
10.4072,84
10.4081,84
10.409,84
10.41,84
10.4109,84
10.4119,84
10.4128,84
10.4138,84
10.4147,84
10.4156,84
10.4166,84
10.4175,84
10.4185,84
10.4194,84
10.4204,84
10.4213,84
10.4223,84
10.4232,84
10.4241,84
10.4251,84
10.426,84
10.427,84
10.4279,84
10.4289,84
10.4298,84
10.4308,84
10.4317,84
10.4326,84
10.4336,84
10.4345,84
10.4355,84
10.4364,84
10.4374,84
10.4383,84
10.4392,84
10.4402,84
10.4411,84
10.4421,84
10.443,84
10.444,84
10.4449,84
10.4459,84
10.4468,84
10.4477,84
10.4487,84
10.4496,84
10.4506,84
10.4515,84
10.4525,84
10.4534,84
10.4544,84
10.4553,84
10.4562,84
10.4572,84
10.4581,84
10.4591,84
10.46,84
10.461,84
10.4619,84
10.4628,84
10.4638,84
10.4647,84
10.4657,84
10.4666,84
10.4676,84
10.4685,84
10.4695,84
10.4704,84
10.4713,84
10.4723,84
10.4732,84
10.4742,84
10.4751,84
10.4761,84
10.477,84
10.478,84
10.4789,84
10.4798,84
10.4808,84
10.4817,84
10.4827,84
10.4836,84
10.4846,84
10.4855,84
10.4864,84
10.4874,84
10.4883,84
10.4893,84
10.4902,84
10.4912,84
10.4921,84
10.4931,84
10.494,84
10.4949,84
10.4959,84
10.4968,84
10.4978,84
10.4987,84
10.4997,84
10.5006,84
10.5016,84
10.5025,84
10.5034,84
10.5044,84
10.5053,84
10.5063,84
10.5072,84
10.5082,84
10.5091,84
10.51,84
10.511,84
10.5119,84
10.5129,84
10.5138,84
10.5148,84
10.5157,84
10.5167,84
10.5176,84
10.5185,84
10.5195,84
10.5204,84
10.5214,84
10.5223,84
10.5233,84
10.5242,84
10.5252,84
10.5261,84
10.527,84
10.528,84
10.5289,84
10.5299,84
10.5308,84
10.5318,84
10.5327,84
10.5336,84
10.5346,84
10.5355,84
10.5365,84
10.5374,84
10.5384,84
10.5393,84
10.5403,84
10.5412,84
10.5421,84
10.5431,84
10.544,84
10.545,84
10.5459,84
10.5469,84
10.5478,84
10.5488,84
10.5497,84
10.5506,84
10.5516,84
10.5525,84
10.5535,84
10.5544,84
10.5554,84
10.5563,84
10.5572,84
10.5582,84
10.5591,84
10.5601,84
10.561,84
10.562,84
10.5629,84
10.5639,84
10.5648,84
10.5657,84
10.5667,84
10.5676,84
10.5686,84
10.5695,84
10.5705,84
10.5714,84
10.5724,84
10.5733,84
10.5742,84
10.5752,84
10.5761,84
10.5771,84
10.578,84
10.579,84
10.5799,84
10.5808,84
10.5818,84
10.5827,84
10.5837,84
10.5846,84
10.5856,84
10.5865,84
10.5875,84
10.5884,84
10.5893,84
10.5903,84
10.5912,84
10.5922,84
10.5931,84
10.5941,84
10.595,84
10.596,84
10.5969,84
10.5978,84
10.5988,84
10.5997,84
10.6007,84
10.6016,84
10.6026,84
10.6035,84
10.6044,84
10.6054,84
10.6063,84
10.6073,84
10.6082,84
10.6092,84
10.6101,84
10.6111,84
10.612,84
10.6129,84
10.6139,84
10.6148,84
10.6158,84
10.6167,84
10.6177,84
10.6186,84
10.6196,84
10.6205,84
10.6214,84
10.6224,84
10.6233,84
10.6243,84
10.6252,84
10.6262,84
10.6271,84
10.628,84
10.629,84
10.6299,84
10.6309,84
10.6318,84
10.6328,84
10.6337,84
10.6347,84
10.6356,84
10.6365,84
10.6375,84
10.6384,84
10.6394,84
10.6403,84
10.6413,84
10.6422,84
10.6432,84
10.6441,84
10.645,84
10.646,84
10.6469,84
10.6479,84
10.6488,84
10.6498,84
10.6507,84
10.6516,84
10.6526,84
10.6535,84
10.6545,84
10.6554,84
10.6564,84
10.6573,84
10.6583,84
10.6592,84
10.6601,84
10.6611,84
10.662,84
10.663,84
10.6639,84
10.6649,84
10.6658,84
10.6668,84
10.6677,84
10.6686,84
10.6696,84
10.6705,84
10.6715,84
10.6724,84
10.6734,84
10.6743,84
10.6752,84
10.6762,84
10.6771,84
10.6781,84
10.679,84
10.68,84
10.6809,84
10.6819,84
10.6828,84
10.6837,84
10.6847,84
10.6856,84
10.6866,84
10.6875,84
10.6885,84
10.6894,84
10.6904,84
10.6913,84
10.6922,84
10.6932,84
10.6941,84
10.6951,84
10.696,84
10.697,84
10.6979,84
10.6988,84
10.6998,84
10.7007,84
10.7017,84
10.7026,84
10.7036,84
10.7045,84
10.7055,84
10.7064,84
10.7073,84
10.7083,84
10.7092,84
10.7102,84
10.7111,84
10.7121,84
10.713,84
10.714,84
10.7149,84
10.7158,84
10.7168,84
10.7177,84
10.7187,84
10.7196,84
10.7206,84
10.7215,84
10.7224,84
10.7234,84
10.7243,84
10.7253,84
10.7262,84
10.7272,84
10.7281,84
10.7291,84
10.73,84
10.7309,84
10.7319,84
10.7328,84
10.7338,84
10.7347,84
10.7357,84
10.7366,84
10.7376,84
10.7385,84
10.7394,84
10.7404,84
10.7413,84
10.7423,84
10.7432,84
10.7442,84
10.7451,84
10.746,84
10.747,84
10.7479,84
10.7489,84
10.7498,84
10.7508,84
10.7517,84
10.7527,84
10.7536,84
10.7545,84
10.7555,84
10.7564,84
10.7574,84
10.7583,84
10.7593,84
10.7602,84
10.7612,84
10.7621,84
10.763,84
10.764,84
10.7649,84
10.7659,84
10.7668,84
10.7678,84
10.7687,84
10.7696,84
10.7706,84
10.7715,84
10.7725,84
10.7734,84
10.7744,84
10.7753,84
10.7763,84
10.7772,84
10.7781,84
10.7791,84
10.78,84
10.781,84
10.7819,84
10.7829,84
10.7838,84
10.7848,84
10.7857,84
10.7866,84
10.7876,84
10.7885,84
10.7895,84
10.7904,84
10.7914,84
10.7923,84
10.7932,84
10.7942,84
10.7951,84
10.7961,84
10.797,84
10.798,84
10.7989,84
10.7999,84
10.8008,84
10.8017,84
10.8027,84
10.8036,84
10.8046,84
10.8055,84
10.8065,84
10.8074,84
10.8084,84
10.8093,84
10.8102,84
10.8112,84
10.8121,84
10.8131,84
10.814,84
10.815,84
10.8159,84
10.8168,84
10.8178,84
10.8187,84
10.8197,84
10.8206,84
10.8216,85
10.8225,85
10.8235,85
10.8244,85
10.8253,85
10.8263,85
10.8272,85
10.8282,85
10.8291,85
10.8301,85
10.831,85
10.832,85
10.8329,85
10.8338,85
10.8348,85
10.8357,85
10.8367,85
10.8376,85
10.8386,85
10.8395,85
10.8404,85
10.8414,85
10.8423,85
10.8433,85
10.8442,85
10.8452,85
10.8461,85
10.8471,85
10.848,85
10.8489,85
10.8499,85
10.8508,85
10.8518,85
10.8527,85
10.8537,85
10.8546,85
10.8556,85
10.8565,85
10.8574,85
10.8584,85
10.8593,85
10.8603,85
10.8612,85
10.8622,85
10.8631,85
10.864,85
10.865,85
10.8659,85
10.8669,85
10.8678,85
10.8688,85
10.8697,85
10.8707,85
10.8716,85
10.8725,85
10.8735,85
10.8744,85
10.8754,85
10.8763,85
10.8773,85
10.8782,85
10.8792,85
10.8801,85
10.881,85
10.882,85
10.8829,85
10.8839,85
10.8848,85
10.8858,85
10.8867,85
10.8876,85
10.8886,85
10.8895,85
10.8905,85
10.8914,85
10.8924,85
10.8933,85
10.8943,85
10.8952,85
10.8961,85
10.8971,85
10.898,85
10.899,85
10.8999,85
10.9009,85
10.9018,85
10.9028,85
10.9037,85
10.9046,85
10.9056,85
10.9065,85
10.9075,85
10.9084,85
10.9094,85
10.9103,85
10.9112,85
10.9122,85
10.9131,85
10.9141,85
10.915,85
10.916,85
10.9169,85
10.9179,85
10.9188,85
10.9197,85
10.9207,85
10.9216,85
10.9226,85
10.9235,85
10.9245,85
10.9254,85
10.9264,85
10.9273,85
10.9282,85
10.9292,85
10.9301,85
10.9311,85
10.932,85
10.933,85
10.9339,85
10.9348,85
10.9358,85
10.9367,85
10.9377,85
10.9386,85
10.9396,85
10.9405,85
10.9415,85
10.9424,85
10.9433,85
10.9443,85
10.9452,85
10.9462,85
10.9471,85
10.9481,85
10.949,85
10.95,85
10.9509,85
10.9518,85
10.9528,85
10.9537,85
10.9547,85
10.9556,85
10.9566,85
10.9575,85
10.9584,85
10.9594,85
10.9603,85
10.9613,85
10.9622,85
10.9632,85
10.9641,85
10.9651,85
10.966,85
10.9669,85
10.9679,85
10.9688,85
10.9698,85
10.9707,85
10.9717,85
10.9726,85
10.9736,85
10.9745,85
10.9754,85
10.9764,85
10.9773,85
10.9783,85
10.9792,85
10.9802,85
10.9811,85
10.982,85
10.983,85
10.9839,85
10.9849,85
10.9858,85
10.9868,85
10.9877,85
10.9887,85
10.9896,85
10.9905,85
10.9915,85
10.9924,85
10.9934,85
10.9943,85
10.9953,85
10.9962,85
10.9972,85
10.9981,85
10.999,85
11,85
11.0009,85
11.0019,85
11.0028,85
11.0038,85
11.0047,85
11.0056,85
11.0066,85
11.0075,85
11.0085,85
11.0094,85
11.0104,85
11.0113,85
11.0123,85
11.0132,85
11.0141,85
11.0151,85
11.016,85
11.017,85
11.0179,85
11.0189,85
11.0198,85
11.0208,85
11.0217,85
11.0226,85
11.0236,85
11.0245,85
11.0255,85
11.0264,85
11.0274,85
11.0283,85
11.0292,85
11.0302,85
11.0311,85
11.0321,85
11.033,85
11.034,85
11.0349,85
11.0359,85
11.0368,85
11.0377,85
11.0387,85
11.0396,85
11.0406,85
11.0415,85
11.0425,85
11.0434,85
11.0444,85
11.0453,85
11.0462,85
11.0472,85
11.0481,85
11.0491,85
11.05,85
11.051,85
11.0519,85
11.0528,85
11.0538,85
11.0547,85
11.0557,85
11.0566,85
11.0576,85
11.0585,85
11.0595,85
11.0604,85
11.0613,85
11.0623,85
11.0632,85
11.0642,85
11.0651,85
11.0661,85
11.067,85
11.068,85
11.0689,85
11.0698,85
11.0708,85
11.0717,85
11.0727,85
11.0736,85
11.0746,85
11.0755,85
11.0764,85
11.0774,85
11.0783,85
11.0793,85
11.0802,85
11.0812,85
11.0821,85
11.0831,85
11.084,85
11.0849,85
11.0859,85
11.0868,85
11.0878,85
11.0887,85
11.0897,85
11.0906,85
11.0916,85
11.0925,85
11.0934,85
11.0944,85
11.0953,85
11.0963,85
11.0972,85
11.0982,85
11.0991,85
11.1,85
11.101,85
11.1019,85
11.1029,85
11.1038,85
11.1048,85
11.1057,85
11.1067,85
11.1076,85
11.1085,85
11.1095,85
11.1104,85
11.1114,85
11.1123,85
11.1133,85
11.1142,85
11.1152,85
11.1161,85
11.117,85
11.118,85
11.1189,85
11.1199,85
11.1208,85
11.1218,85
11.1227,85
11.1236,85
11.1246,85
11.1255,85
11.1265,85
11.1274,85
11.1284,85
11.1293,85
11.1303,85
11.1312,85
11.1321,85
11.1331,85
11.134,85
11.135,85
11.1359,85
11.1369,85
11.1378,85
11.1388,85
11.1397,85
11.1406,85
11.1416,85
11.1425,85
11.1435,85
11.1444,85
11.1454,85
11.1463,85
11.1472,85
11.1482,85
11.1491,85
11.1501,85
11.151,85
11.152,85
11.1529,85
11.1539,85
11.1548,85
11.1557,85
11.1567,85
11.1576,85
11.1586,85
11.1595,85
11.1605,85
11.1614,85
11.1624,85
11.1633,85
11.1642,85
11.1652,85
11.1661,85
11.1671,85
11.168,85
11.169,85
11.1699,85
11.1708,85
11.1718,85
11.1727,85
11.1737,85
11.1746,85
11.1756,85
11.1765,85
11.1775,85
11.1784,85
11.1793,85
11.1803,85
11.1812,85
11.1822,85
11.1831,85
11.1841,85
11.185,85
11.186,85
11.1869,85
11.1878,85
11.1888,85
11.1897,85
11.1907,85
11.1916,85
11.1926,85
11.1935,85
11.1944,85
11.1954,85
11.1963,85
11.1973,85
11.1982,85
11.1992,85
11.2001,85
11.2011,85
11.202,85
11.2029,85
11.2039,85
11.2048,85
11.2058,85
11.2067,85
11.2077,85
11.2086,85
11.2096,85
11.2105,85
11.2114,85
11.2124,85
11.2133,85
11.2143,85
11.2152,85
11.2162,85
11.2171,85
11.218,85
11.219,85
11.2199,85
11.2209,85
11.2218,85
11.2228,85
11.2237,85
11.2247,85
11.2256,85
11.2265,85
11.2275,85
11.2284,85
11.2294,85
11.2303,85
11.2313,85
11.2322,85
11.2332,85
11.2341,85
11.235,85
11.236,85
11.2369,85
11.2379,85
11.2388,85
11.2398,85
11.2407,85
11.2416,85
11.2426,85
11.2435,85
11.2445,85
11.2454,85
11.2464,85
11.2473,85
11.2483,85
11.2492,85
11.2501,85
11.2511,85
11.252,85
11.253,85
11.2539,85
11.2549,85
11.2558,85
11.2568,85
11.2577,85
11.2586,85
11.2596,85
11.2605,85
11.2615,85
11.2624,85
11.2634,85
11.2643,85
11.2652,85
11.2662,85
11.2671,85
11.2681,85
11.269,85
11.27,85
11.2709,85
11.2719,85
11.2728,85
11.2737,85
11.2747,85
11.2756,85
11.2766,85
11.2775,85
11.2785,85
11.2794,85
11.2804,85
11.2813,85
11.2822,85
11.2832,85
11.2841,85
11.2851,85
11.286,85
11.287,85
11.2879,85
11.2888,85
11.2898,85
11.2907,85
11.2917,85
11.2926,85
11.2936,85
11.2945,85
11.2955,85
11.2964,85
11.2973,85
11.2983,85
11.2992,85
11.3002,85
11.3011,85
11.3021,85
11.303,85
11.304,85
11.3049,85
11.3058,85
11.3068,85
11.3077,85
11.3087,85
11.3096,85
11.3106,85
11.3115,85
11.3124,85
11.3134,85
11.3143,85
11.3153,85
11.3162,85
11.3172,85
11.3181,85
11.3191,85
11.32,85
11.3209,85
11.3219,85
11.3228,85
11.3238,85
11.3247,85
11.3257,85
11.3266,85
11.3276,85
11.3285,86
11.3294,86
11.3304,86
11.3313,86
11.3323,86
11.3332,86
11.3342,86
11.3351,86
11.336,86
11.337,86
11.3379,86
11.3389,86
11.3398,86
11.3408,86
11.3417,86
11.3427,86
11.3436,86
11.3445,86
11.3455,86
11.3464,86
11.3474,86
11.3483,86
11.3493,86
11.3502,86
11.3512,86
11.3521,86
11.353,86
11.354,86
11.3549,86
11.3559,86
11.3568,86
11.3578,86
11.3587,86
11.3596,86
11.3606,86
11.3615,86
11.3625,86
11.3634,86
11.3644,86
11.3653,86
11.3663,86
11.3672,86
11.3681,86
11.3691,86
11.37,86
11.371,86
11.3719,86
11.3729,86
11.3738,86
11.3748,86
11.3757,86
11.3766,86
11.3776,86
11.3785,86
11.3795,86
11.3804,86
11.3814,86
11.3823,86
11.3832,86
11.3842,86
11.3851,86
11.3861,86
11.387,86
11.388,86
11.3889,86
11.3899,86
11.3908,86
11.3917,86
11.3927,86
11.3936,86
11.3946,86
11.3955,86
11.3965,86
11.3974,86
11.3984,86
11.3993,86
11.4002,86
11.4012,86
11.4021,86
11.4031,86
11.404,86
11.405,86
11.4059,86
11.4068,86
11.4078,86
11.4087,86
11.4097,86
11.4106,86
11.4116,86
11.4125,86
11.4135,86
11.4144,86
11.4153,86
11.4163,86
11.4172,86
11.4182,86
11.4191,86
11.4201,86
11.421,86
11.422,86
11.4229,86
11.4238,86
11.4248,86
11.4257,86
11.4267,86
11.4276,86
11.4286,86
11.4295,86
11.4304,86
11.4314,86
11.4323,86
11.4333,86
11.4342,86
11.4352,86
11.4361,86
11.4371,86
11.438,86
11.4389,86
11.4399,86
11.4408,86
11.4418,86
11.4427,86
11.4437,86
11.4446,86
11.4456,86
11.4465,86
11.4474,86
11.4484,86
11.4493,86
11.4503,86
11.4512,86
11.4522,86
11.4531,86
11.454,86
11.455,86
11.4559,86
11.4569,86
11.4578,86
11.4588,86
11.4597,86
11.4607,86
11.4616,86
11.4625,86
11.4635,86
11.4644,86
11.4654,86
11.4663,86
11.4673,86
11.4682,86
11.4692,86
11.4701,86
11.471,86
11.472,86
11.4729,86
11.4739,86
11.4748,86
11.4758,86
11.4767,86
11.4776,86
11.4786,86
11.4795,86
11.4805,86
11.4814,86
11.4824,86
11.4833,86
11.4843,86
11.4852,86
11.4861,86
11.4871,86
11.488,86
11.489,86
11.4899,86
11.4909,86
11.4918,86
11.4928,86
11.4937,86
11.4946,86
11.4956,86
11.4965,86
11.4975,86
11.4984,86
11.4994,86
11.5003,86
11.5012,86
11.5022,86
11.5031,86
11.5041,86
11.505,86
11.506,86
11.5069,86
11.5079,86
11.5088,86
11.5097,86
11.5107,86
11.5116,86
11.5126,86
11.5135,86
11.5145,86
11.5154,86
11.5164,86
11.5173,86
11.5182,86
11.5192,86
11.5201,86
11.5211,86
11.522,86
11.523,86
11.5239,86
11.5248,86
11.5258,86
11.5267,86
11.5277,86
11.5286,86
11.5296,86
11.5305,86
11.5315,86
11.5324,86
11.5333,86
11.5343,86
11.5352,86
11.5362,86
11.5371,86
11.5381,86
11.539,86
11.54,86
11.5409,86
11.5418,86
11.5428,86
11.5437,86
11.5447,86
11.5456,86
11.5466,86
11.5475,86
11.5484,86
11.5494,86
11.5503,86
11.5513,86
11.5522,86
11.5532,86
11.5541,86
11.5551,86
11.556,86
11.5569,86
11.5579,86
11.5588,86
11.5598,86
11.5607,86
11.5617,86
11.5626,86
11.5636,86
11.5645,86
11.5654,86
11.5664,86
11.5673,86
11.5683,86
11.5692,86
11.5702,86
11.5711,86
11.572,86
11.573,86
11.5739,86
11.5749,86
11.5758,86
11.5768,86
11.5777,86
11.5787,86
11.5796,86
11.5805,86
11.5815,86
11.5824,86
11.5834,86
11.5843,86
11.5853,86
11.5862,86
11.5872,86
11.5881,86
11.589,86
11.59,86
11.5909,86
11.5919,86
11.5928,86
11.5938,86
11.5947,86
11.5956,86
11.5966,86
11.5975,86
11.5985,86
11.5994,86
11.6004,86
11.6013,86
11.6023,86
11.6032,86
11.6041,86
11.6051,86
11.606,86
11.607,86
11.6079,86
11.6089,86
11.6098,86
11.6108,86
11.6117,86
11.6126,86
11.6136,86
11.6145,86
11.6155,86
11.6164,86
11.6174,86
11.6183,86
11.6192,86
11.6202,86
11.6211,86
11.6221,86
11.623,86
11.624,86
11.6249,86
11.6259,86
11.6268,86
11.6277,86
11.6287,86
11.6296,86
11.6306,86
11.6315,86
11.6325,86
11.6334,86
11.6344,86
11.6353,86
11.6362,86
11.6372,86
11.6381,86
11.6391,86
11.64,86
11.641,86
11.6419,86
11.6428,86
11.6438,86
11.6447,86
11.6457,86
11.6466,86
11.6476,86
11.6485,86
11.6495,86
11.6504,86
11.6513,86
11.6523,86
11.6532,86
11.6542,86
11.6551,86
11.6561,86
11.657,86
11.658,86
11.6589,86
11.6598,86
11.6608,86
11.6617,86
11.6627,86
11.6636,86
11.6646,86
11.6655,86
11.6664,86
11.6674,86
11.6683,86
11.6693,86
11.6702,86
11.6712,86
11.6721,86
11.6731,86
11.674,86
11.6749,86
11.6759,86
11.6768,86
11.6778,86
11.6787,86
11.6797,86
11.6806,86
11.6816,86
11.6825,86
11.6834,86
11.6844,86
11.6853,86
11.6863,86
11.6872,86
11.6882,86
11.6891,86
11.69,86
11.691,86
11.6919,86
11.6929,86
11.6938,86
11.6948,86
11.6957,86
11.6967,86
11.6976,86
11.6985,86
11.6995,86
11.7004,86
11.7014,86
11.7023,86
11.7033,86
11.7042,86
11.7052,86
11.7061,86
11.707,86
11.708,86
11.7089,86
11.7099,86
11.7108,86
11.7118,86
11.7127,86
11.7136,86
11.7146,86
11.7155,86
11.7165,86
11.7174,86
11.7184,86
11.7193,86
11.7203,86
11.7212,86
11.7221,86
11.7231,86
11.724,86
11.725,86
11.7259,86
11.7269,86
11.7278,86
11.7288,86
11.7297,86
11.7306,86
11.7316,86
11.7325,86
11.7335,86
11.7344,86
11.7354,86
11.7363,86
11.7372,86
11.7382,86
11.7391,86
11.7401,86
11.741,86
11.742,86
11.7429,86
11.7439,86
11.7448,86
11.7457,86
11.7467,86
11.7476,86
11.7486,86
11.7495,86
11.7505,86
11.7514,86
11.7524,86
11.7533,86
11.7542,86
11.7552,86
11.7561,86
11.7571,86
11.758,86
11.759,86
11.7599,86
11.7608,86
11.7618,86
11.7627,86
11.7637,86
11.7646,86
11.7656,86
11.7665,86
11.7675,86
11.7684,86
11.7693,86
11.7703,86
11.7712,86
11.7722,86
11.7731,86
11.7741,86
11.775,86
11.776,86
11.7769,86
11.7778,86
11.7788,86
11.7797,86
11.7807,86
11.7816,86
11.7826,86
11.7835,86
11.7844,86
11.7854,86
11.7863,86
11.7873,86
11.7882,86
11.7892,86
11.7901,86
11.7911,86
11.792,86
11.7929,86
11.7939,86
11.7948,86
11.7958,86
11.7967,86
11.7977,86
11.7986,86
11.7996,86
11.8005,86
11.8014,86
11.8024,86
11.8033,86
11.8043,86
11.8052,86
11.8062,86
11.8071,86
11.808,86
11.809,86
11.8099,86
11.8109,86
11.8118,86
11.8128,86
11.8137,86
11.8147,86
11.8156,86
11.8165,86
11.8175,86
11.8184,86
11.8194,86
11.8203,86
11.8213,86
11.8222,86
11.8232,86
11.8241,86
11.825,86
11.826,86
11.8269,86
11.8279,86
11.8288,86
11.8298,86
11.8307,86
11.8316,86
11.8326,86
11.8335,86
11.8345,86
11.8354,87
11.8364,87
11.8373,87
11.8383,87
11.8392,87
11.8401,87
11.8411,87
11.842,87
11.843,87
11.8439,87
11.8449,87
11.8458,87
11.8468,87
11.8477,87
11.8486,87
11.8496,87
11.8505,87
11.8515,87
11.8524,87
11.8534,87
11.8543,87
11.8552,87
11.8562,87
11.8571,87
11.8581,87
11.859,87
11.86,87
11.8609,87
11.8619,87
11.8628,87
11.8637,87
11.8647,87
11.8656,87
11.8666,87
11.8675,87
11.8685,87
11.8694,87
11.8704,87
11.8713,87
11.8722,87
11.8732,87
11.8741,87
11.8751,87
11.876,87
11.877,87
11.8779,87
11.8788,87
11.8798,87
11.8807,87
11.8817,87
11.8826,87
11.8836,87
11.8845,87
11.8855,87
11.8864,87
11.8873,87
11.8883,87
11.8892,87
11.8902,87
11.8911,87
11.8921,87
11.893,87
11.894,87
11.8949,87
11.8958,87
11.8968,87
11.8977,87
11.8987,87
11.8996,87
11.9006,87
11.9015,87
11.9024,87
11.9034,87
11.9043,87
11.9053,87
11.9062,87
11.9072,87
11.9081,87
11.9091,87
11.91,87
11.9109,87
11.9119,87
11.9128,87
11.9138,87
11.9147,87
11.9157,87
11.9166,87
11.9176,87
11.9185,87
11.9194,87
11.9204,87
11.9213,87
11.9223,87
11.9232,87
11.9242,87
11.9251,87
11.926,87
11.927,87
11.9279,87
11.9289,87
11.9298,87
11.9308,87
11.9317,87
11.9327,87
11.9336,87
11.9345,87
11.9355,87
11.9364,87
11.9374,87
11.9383,87
11.9393,87
11.9402,87
11.9412,87
11.9421,87
11.943,87
11.944,87
11.9449,87
11.9459,87
11.9468,87
11.9478,87
11.9487,87
11.9496,87
11.9506,87
11.9515,87
11.9525,87
11.9534,87
11.9544,87
11.9553,87
11.9563,87
11.9572,87
11.9581,87
11.9591,87
11.96,87
11.961,87
11.9619,87
11.9629,87
11.9638,87
11.9648,87
11.9657,87
11.9666,87
11.9676,87
11.9685,87
11.9695,87
11.9704,87
11.9714,87
11.9723,87
11.9732,87
11.9742,87
11.9751,87
11.9761,87
11.977,87
11.978,87
11.9789,87
11.9799,87
11.9808,87
11.9817,87
11.9827,87
11.9836,87
11.9846,87
11.9855,87
11.9865,87
11.9874,87
11.9884,87
11.9893,87
11.9902,87
11.9912,87
11.9921,87
11.9931,87
11.994,87
11.995,87
11.9959,87
11.9968,87
11.9978,87
11.9987,87
11.9997,87
12.0006,87
12.0016,87
12.0025,87
12.0035,87
12.0044,87
12.0053,87
12.0063,87
12.0072,87
12.0082,87
12.0091,87
12.0101,87
12.011,87
12.012,87
12.0129,87
12.0138,87
12.0148,87
12.0157,87
12.0167,87
12.0176,87
12.0186,87
12.0195,87
12.0204,87
12.0214,87
12.0223,87
12.0233,87
12.0242,87
12.0252,87
12.0261,87
12.0271,87
12.028,87
12.0289,87
12.0299,87
12.0308,87
12.0318,87
12.0327,87
12.0337,87
12.0346,87
12.0356,87
12.0365,87
12.0374,87
12.0384,87
12.0393,87
12.0403,87
12.0412,87
12.0422,87
12.0431,87
12.044,87
12.045,87
12.0459,87
12.0469,87
12.0478,87
12.0488,87
12.0497,87
12.0507,87
12.0516,87
12.0525,87
12.0535,87
12.0544,87
12.0554,87
12.0563,87
12.0573,87
12.0582,87
12.0592,87
12.0601,87
12.061,87
12.062,87
12.0629,87
12.0639,87
12.0648,87
12.0658,87
12.0667,87
12.0676,87
12.0686,87
12.0695,87
12.0705,87
12.0714,87
12.0724,87
12.0733,87
12.0743,87
12.0752,87
12.0761,87
12.0771,87
12.078,87
12.079,87
12.0799,87
12.0809,87
12.0818,87
12.0828,87
12.0837,87
12.0846,87
12.0856,87
12.0865,87
12.0875,87
12.0884,87
12.0894,87
12.0903,87
12.0912,87
12.0922,87
12.0931,87
12.0941,87
12.095,87
12.096,87
12.0969,87
12.0979,87
12.0988,87
12.0997,87
12.1007,87
12.1016,87
12.1026,87
12.1035,87
12.1045,87
12.1054,87
12.1064,87
12.1073,87
12.1082,87
12.1092,87
12.1101,87
12.1111,87
12.112,87
12.113,87
12.1139,87
12.1148,87
12.1158,87
12.1167,87
12.1177,87
12.1186,87
12.1196,87
12.1205,87
12.1215,87
12.1224,87
12.1233,87
12.1243,87
12.1252,87
12.1262,87
12.1271,87
12.1281,87
12.129,87
12.13,87
12.1309,87
12.1318,87
12.1328,87
12.1337,87
12.1347,87
12.1356,87
12.1366,87
12.1375,87
12.1384,87
12.1394,87
12.1403,87
12.1413,87
12.1422,87
12.1432,87
12.1441,87
12.1451,87
12.146,87
12.1469,87
12.1479,87
12.1488,87
12.1498,87
12.1507,87
12.1517,87
12.1526,87
12.1536,87
12.1545,87
12.1554,87
12.1564,87
12.1573,87
12.1583,87
12.1592,87
12.1602,87
12.1611,87
12.162,87
12.163,87
12.1639,87
12.1649,87
12.1658,87
12.1668,87
12.1677,87
12.1687,87
12.1696,87
12.1705,87
12.1715,87
12.1724,87
12.1734,87
12.1743,87
12.1753,87
12.1762,87
12.1772,87
12.1781,87
12.179,87
12.18,87
12.1809,87
12.1819,87
12.1828,87
12.1838,87
12.1847,87
12.1856,87
12.1866,87
12.1875,87
12.1885,87
12.1894,87
12.1904,87
12.1913,87
12.1923,87
12.1932,87
12.1941,87
12.1951,87
12.196,87
12.197,87
12.1979,87
12.1989,87
12.1998,87
12.2008,87
12.2017,87
12.2026,87
12.2036,87
12.2045,87
12.2055,87
12.2064,87
12.2074,87
12.2083,87
12.2092,87
12.2102,87
12.2111,87
12.2121,87
12.213,87
12.214,87
12.2149,87
12.2159,87
12.2168,87
12.2177,87
12.2187,87
12.2196,87
12.2206,87
12.2215,87
12.2225,87
12.2234,87
12.2244,87
12.2253,87
12.2262,87
12.2272,87
12.2281,87
12.2291,87
12.23,87
12.231,87
12.2319,87
12.2328,87
12.2338,87
12.2347,87
12.2357,87
12.2366,87
12.2376,87
12.2385,87
12.2395,87
12.2404,87
12.2413,87
12.2423,87
12.2432,87
12.2442,87
12.2451,87
12.2461,87
12.247,87
12.248,87
12.2489,87
12.2498,87
12.2508,87
12.2517,87
12.2527,87
12.2536,87
12.2546,87
12.2555,87
12.2564,87
12.2574,87
12.2583,87
12.2593,87
12.2602,87
12.2612,87
12.2621,87
12.2631,87
12.264,87
12.2649,87
12.2659,87
12.2668,87
12.2678,87
12.2687,87
12.2697,87
12.2706,87
12.2716,87
12.2725,87
12.2734,87
12.2744,87
12.2753,87
12.2763,87
12.2772,87
12.2782,87
12.2791,87
12.28,87
12.281,87
12.2819,87
12.2829,87
12.2838,87
12.2848,87
12.2857,87
12.2867,87
12.2876,87
12.2885,87
12.2895,87
12.2904,87
12.2914,87
12.2923,87
12.2933,87
12.2942,87
12.2952,87
12.2961,87
12.297,87
12.298,87
12.2989,87
12.2999,87
12.3008,87
12.3018,87
12.3027,87
12.3036,87
12.3046,87
12.3055,87
12.3065,87
12.3074,87
12.3084,87
12.3093,87
12.3103,87
12.3112,87
12.3121,87
12.3131,87
12.314,87
12.315,87
12.3159,87
12.3169,87
12.3178,87
12.3188,87
12.3197,87
12.3206,87
12.3216,87
12.3225,87
12.3235,87
12.3244,87
12.3254,87
12.3263,87
12.3272,87
12.3282,87
12.3291,87
12.3301,87
12.331,87
12.332,87
12.3329,87
12.3339,87
12.3348,87
12.3357,87
12.3367,87
12.3376,87
12.3386,87
12.3395,87
12.3405,87
12.3414,87
12.3424,87
12.3433,88
12.3442,88
12.3452,88
12.3461,88
12.3471,88
12.348,88
12.349,88
12.3499,88
12.3508,88
12.3518,88
12.3527,88
12.3537,88
12.3546,88
12.3556,88
12.3565,88
12.3575,88
12.3584,88
12.3593,88
12.3603,88
12.3612,88
12.3622,88
12.3631,88
12.3641,88
12.365,88
12.366,88
12.3669,88
12.3678,88
12.3688,88
12.3697,88
12.3707,88
12.3716,88
12.3726,88
12.3735,88
12.3744,88
12.3754,88
12.3763,88
12.3773,88
12.3782,88
12.3792,88
12.3801,88
12.3811,88
12.382,88
12.3829,88
12.3839,88
12.3848,88
12.3858,88
12.3867,88
12.3877,88
12.3886,88
12.3896,88
12.3905,88
12.3914,88
12.3924,88
12.3933,88
12.3943,88
12.3952,88
12.3962,88
12.3971,88
12.398,88
12.399,88
12.3999,88
12.4009,88
12.4018,88
12.4028,88
12.4037,88
12.4047,88
12.4056,88
12.4065,88
12.4075,88
12.4084,88
12.4094,88
12.4103,88
12.4113,88
12.4122,88
12.4132,88
12.4141,88
12.415,88
12.416,88
12.4169,88
12.4179,88
12.4188,88
12.4198,88
12.4207,88
12.4216,88
12.4226,88
12.4235,88
12.4245,88
12.4254,88
12.4264,88
12.4273,88
12.4283,88
12.4292,88
12.4301,88
12.4311,88
12.432,88
12.433,88
12.4339,88
12.4349,88
12.4358,88
12.4368,88
12.4377,88
12.4386,88
12.4396,88
12.4405,88
12.4415,88
12.4424,88
12.4434,88
12.4443,88
12.4452,88
12.4462,88
12.4471,88
12.4481,88
12.449,88
12.45,88
12.4509,88
12.4519,88
12.4528,88
12.4537,88
12.4547,88
12.4556,88
12.4566,88
12.4575,88
12.4585,88
12.4594,88
12.4604,88
12.4613,88
12.4622,88
12.4632,88
12.4641,88
12.4651,88
12.466,88
12.467,88
12.4679,88
12.4688,88
12.4698,88
12.4707,88
12.4717,88
12.4726,88
12.4736,88
12.4745,88
12.4755,88
12.4764,88
12.4773,88
12.4783,88
12.4792,88
12.4802,88
12.4811,88
12.4821,88
12.483,88
12.484,88
12.4849,88
12.4858,88
12.4868,88
12.4877,88
12.4887,88
12.4896,88
12.4906,88
12.4915,88
12.4924,88
12.4934,88
12.4943,88
12.4953,88
12.4962,88
12.4972,88
12.4981,88
12.4991,88
12.5,88
12.5009,88
12.5019,88
12.5028,88
12.5038,88
12.5047,88
12.5057,88
12.5066,88
12.5076,88
12.5085,88
12.5094,88
12.5104,88
12.5113,88
12.5123,88
12.5132,88
12.5142,88
12.5151,88
12.516,88
12.517,88
12.5179,88
12.5189,88
12.5198,88
12.5208,88
12.5217,88
12.5227,88
12.5236,88
12.5245,88
12.5255,88
12.5264,88
12.5274,88
12.5283,88
12.5293,88
12.5302,88
12.5312,88
12.5321,88
12.533,88
12.534,88
12.5349,88
12.5359,88
12.5368,88
12.5378,88
12.5387,88
12.5396,88
12.5406,88
12.5415,88
12.5425,88
12.5434,88
12.5444,88
12.5453,88
12.5463,88
12.5472,88
12.5481,88
12.5491,88
12.55,88
12.551,88
12.5519,88
12.5529,88
12.5538,88
12.5548,88
12.5557,88
12.5566,88
12.5576,88
12.5585,88
12.5595,88
12.5604,88
12.5614,88
12.5623,88
12.5632,88
12.5642,88
12.5651,88
12.5661,88
12.567,88
12.568,88
12.5689,88
12.5699,88
12.5708,88
12.5717,88
12.5727,88
12.5736,88
12.5746,88
12.5755,88
12.5765,88
12.5774,88
12.5784,88
12.5793,88
12.5802,88
12.5812,88
12.5821,88
12.5831,88
12.584,88
12.585,88
12.5859,88
12.5868,88
12.5878,88
12.5887,88
12.5897,88
12.5906,88
12.5916,88
12.5925,88
12.5935,88
12.5944,88
12.5953,88
12.5963,88
12.5972,88
12.5982,88
12.5991,88
12.6001,88
12.601,88
12.602,88
12.6029,88
12.6038,88
12.6048,88
12.6057,88
12.6067,88
12.6076,88
12.6086,88
12.6095,88
12.6104,88
12.6114,88
12.6123,88
12.6133,88
12.6142,88
12.6152,88
12.6161,88
12.6171,88
12.618,88
12.6189,88
12.6199,88
12.6208,88
12.6218,88
12.6227,88
12.6237,88
12.6246,88
12.6256,88
12.6265,88
12.6274,88
12.6284,88
12.6293,88
12.6303,88
12.6312,88
12.6322,88
12.6331,88
12.634,88
12.635,88
12.6359,88
12.6369,88
12.6378,88
12.6388,88
12.6397,88
12.6407,88
12.6416,88
12.6425,88
12.6435,88
12.6444,88
12.6454,88
12.6463,88
12.6473,88
12.6482,88
12.6492,88
12.6501,88
12.651,88
12.652,88
12.6529,88
12.6539,88
12.6548,88
12.6558,88
12.6567,88
12.6576,88
12.6586,88
12.6595,88
12.6605,88
12.6614,88
12.6624,88
12.6633,88
12.6643,88
12.6652,88
12.6661,88
12.6671,88
12.668,88
12.669,88
12.6699,88
12.6709,88
12.6718,88
12.6728,88
12.6737,88
12.6746,88
12.6756,88
12.6765,88
12.6775,88
12.6784,88
12.6794,88
12.6803,88
12.6812,88
12.6822,88
12.6831,88
12.6841,88
12.685,88
12.686,88
12.6869,88
12.6879,88
12.6888,88
12.6897,88
12.6907,88
12.6916,88
12.6926,88
12.6935,88
12.6945,88
12.6954,88
12.6964,88
12.6973,88
12.6982,88
12.6992,88
12.7001,88
12.7011,88
12.702,88
12.703,88
12.7039,88
12.7048,88
12.7058,88
12.7067,88
12.7077,88
12.7086,88
12.7096,88
12.7105,88
12.7115,88
12.7124,88
12.7133,88
12.7143,88
12.7152,88
12.7162,88
12.7171,88
12.7181,88
12.719,88
12.72,88
12.7209,88
12.7218,88
12.7228,88
12.7237,88
12.7247,88
12.7256,88
12.7266,88
12.7275,88
12.7284,88
12.7294,88
12.7303,88
12.7313,88
12.7322,88
12.7332,88
12.7341,88
12.7351,88
12.736,88
12.7369,88
12.7379,88
12.7388,88
12.7398,88
12.7407,88
12.7417,88
12.7426,88
12.7436,88
12.7445,88
12.7454,88
12.7464,88
12.7473,88
12.7483,88
12.7492,88
12.7502,88
12.7511,88
12.752,88
12.753,88
12.7539,88
12.7549,88
12.7558,88
12.7568,88
12.7577,88
12.7587,88
12.7596,88
12.7605,88
12.7615,88
12.7624,88
12.7634,88
12.7643,88
12.7653,88
12.7662,88
12.7672,88
12.7681,88
12.769,88
12.77,88
12.7709,88
12.7719,88
12.7728,88
12.7738,88
12.7747,88
12.7756,88
12.7766,88
12.7775,88
12.7785,88
12.7794,88
12.7804,88
12.7813,88
12.7823,88
12.7832,88
12.7841,88
12.7851,88
12.786,88
12.787,88
12.7879,88
12.7889,88
12.7898,88
12.7908,88
12.7917,88
12.7926,88
12.7936,88
12.7945,88
12.7955,88
12.7964,88
12.7974,88
12.7983,88
12.7992,88
12.8002,88
12.8011,88
12.8021,88
12.803,88
12.804,88
12.8049,88
12.8059,88
12.8068,88
12.8077,88
12.8087,88
12.8096,88
12.8106,88
12.8115,88
12.8125,88
12.8134,88
12.8144,88
12.8153,88
12.8162,88
12.8172,88
12.8181,88
12.8191,88
12.82,88
12.821,88
12.8219,88
12.8228,88
12.8238,88
12.8247,88
12.8257,88
12.8266,88
12.8276,88
12.8285,88
12.8295,88
12.8304,88
12.8313,88
12.8323,88
12.8332,88
12.8342,88
12.8351,88
12.8361,88
12.837,88
12.838,88
12.8389,88
12.8398,88
12.8408,88
12.8417,88
12.8427,88
12.8436,88
12.8446,88
12.8455,88
12.8464,88
12.8474,88
12.8483,88
12.8493,88
12.8502,89
12.8512,89
12.8521,89
12.8531,89
12.854,89
12.8549,89
12.8559,89
12.8568,89
12.8578,89
12.8587,89
12.8597,89
12.8606,89
12.8616,89
12.8625,89
12.8634,89
12.8644,89
12.8653,89
12.8663,89
12.8672,89
12.8682,89
12.8691,89
12.87,89
12.871,89
12.8719,89
12.8729,89
12.8738,89
12.8748,89
12.8757,89
12.8767,89
12.8776,89
12.8785,89
12.8795,89
12.8804,89
12.8814,89
12.8823,89
12.8833,89
12.8842,89
12.8852,89
12.8861,89
12.887,89
12.888,89
12.8889,89
12.8899,89
12.8908,89
12.8918,89
12.8927,89
12.8936,89
12.8946,89
12.8955,89
12.8965,89
12.8974,89
12.8984,89
12.8993,89
12.9003,89
12.9012,89
12.9021,89
12.9031,89
12.904,89
12.905,89
12.9059,89
12.9069,89
12.9078,89
12.9088,89
12.9097,89
12.9106,89
12.9116,89
12.9125,89
12.9135,89
12.9144,89
12.9154,89
12.9163,89
12.9172,89
12.9182,89
12.9191,89
12.9201,89
12.921,89
12.922,89
12.9229,89
12.9239,89
12.9248,89
12.9257,89
12.9267,89
12.9276,89
12.9286,89
12.9295,89
12.9305,89
12.9314,89
12.9324,89
12.9333,89
12.9342,89
12.9352,89
12.9361,89
12.9371,89
12.938,89
12.939,89
12.9399,89
12.9408,89
12.9418,89
12.9427,89
12.9437,89
12.9446,89
12.9456,89
12.9465,89
12.9475,89
12.9484,89
12.9493,89
12.9503,89
12.9512,89
12.9522,89
12.9531,89
12.9541,89
12.955,89
12.956,89
12.9569,89
12.9578,89
12.9588,89
12.9597,89
12.9607,89
12.9616,89
12.9626,89
12.9635,89
12.9644,89
12.9654,89
12.9663,89
12.9673,89
12.9682,89
12.9692,89
12.9701,89
12.9711,89
12.972,89
12.9729,89
12.9739,89
12.9748,89
12.9758,89
12.9767,89
12.9777,89
12.9786,89
12.9796,89
12.9805,89
12.9814,89
12.9824,89
12.9833,89
12.9843,89
12.9852,89
12.9862,89
12.9871,89
12.988,89
12.989,89
12.9899,89
12.9909,89
12.9918,89
12.9928,89
12.9937,89
12.9947,89
12.9956,89
12.9965,89
12.9975,89
12.9984,89
12.9994,89
13.0003,89
13.0013,89
13.0022,89
13.0032,89
13.0041,89
13.005,89
13.006,89
13.0069,89
13.0079,89
13.0088,89
13.0098,89
13.0107,89
13.0116,89
13.0126,89
13.0135,89
13.0145,89
13.0154,89
13.0164,89
13.0173,89
13.0183,89
13.0192,89
13.0201,89
13.0211,89
13.022,89
13.023,89
13.0239,89
13.0249,89
13.0258,89
13.0268,89
13.0277,89
13.0286,89
13.0296,89
13.0305,89
13.0315,89
13.0324,89
13.0334,89
13.0343,89
13.0352,89
13.0362,89
13.0371,89
13.0381,89
13.039,89
13.04,89
13.0409,89
13.0419,89
13.0428,89
13.0437,89
13.0447,89
13.0456,89
13.0466,89
13.0475,89
13.0485,89
13.0494,89
13.0504,89
13.0513,89
13.0522,89
13.0532,89
13.0541,89
13.0551,89
13.056,89
13.057,89
13.0579,89
13.0588,89
13.0598,89
13.0607,89
13.0617,89
13.0626,89
13.0636,89
13.0645,89
13.0655,89
13.0664,89
13.0673,89
13.0683,89
13.0692,89
13.0702,89
13.0711,89
13.0721,89
13.073,89
13.074,89
13.0749,89
13.0758,89
13.0768,89
13.0777,89
13.0787,89
13.0796,89
13.0806,89
13.0815,89
13.0824,89
13.0834,89
13.0843,89
13.0853,89
13.0862,89
13.0872,89
13.0881,89
13.0891,89
13.09,89
13.0909,89
13.0919,89
13.0928,89
13.0938,89
13.0947,89
13.0957,89
13.0966,89
13.0976,89
13.0985,89
13.0994,89
13.1004,89
13.1013,89
13.1023,89
13.1032,89
13.1042,89
13.1051,89
13.106,89
13.107,89
13.1079,89
13.1089,89
13.1098,89
13.1108,89
13.1117,89
13.1127,89
13.1136,89
13.1145,89
13.1155,89
13.1164,89
13.1174,89
13.1183,89
13.1193,89
13.1202,89
13.1212,89
13.1221,89
13.123,89
13.124,89
13.1249,89
13.1259,89
13.1268,89
13.1278,89
13.1287,89
13.1296,89
13.1306,89
13.1315,89
13.1325,89
13.1334,89
13.1344,89
13.1353,89
13.1363,89
13.1372,89
13.1381,89
13.1391,89
13.14,89
13.141,89
13.1419,89
13.1429,89
13.1438,89
13.1448,89
13.1457,89
13.1466,89
13.1476,89
13.1485,89
13.1495,89
13.1504,89
13.1514,89
13.1523,89
13.1532,89
13.1542,89
13.1551,89
13.1561,89
13.157,89
13.158,89
13.1589,89
13.1599,89
13.1608,89
13.1617,89
13.1627,89
13.1636,89
13.1646,89
13.1655,89
13.1665,89
13.1674,89
13.1684,89
13.1693,89
13.1702,89
13.1712,89
13.1721,89
13.1731,89
13.174,89
13.175,89
13.1759,89
13.1768,89
13.1778,89
13.1787,89
13.1797,89
13.1806,89
13.1816,89
13.1825,89
13.1835,89
13.1844,89
13.1853,89
13.1863,89
13.1872,89
13.1882,89
13.1891,89
13.1901,89
13.191,89
13.192,89
13.1929,89
13.1938,89
13.1948,89
13.1957,89
13.1967,89
13.1976,89
13.1986,89
13.1995,89
13.2004,89
13.2014,89
13.2023,89
13.2033,89
13.2042,89
13.2052,89
13.2061,89
13.2071,89
13.208,89
13.2089,89
13.2099,89
13.2108,89
13.2118,89
13.2127,89
13.2137,89
13.2146,89
13.2156,89
13.2165,89
13.2174,89
13.2184,89
13.2193,89
13.2203,89
13.2212,89
13.2222,89
13.2231,89
13.224,89
13.225,89
13.2259,89
13.2269,89
13.2278,89
13.2288,89
13.2297,89
13.2307,89
13.2316,89
13.2325,89
13.2335,89
13.2344,89
13.2354,89
13.2363,89
13.2373,89
13.2382,89
13.2392,89
13.2401,89
13.241,89
13.242,89
13.2429,89
13.2439,89
13.2448,89
13.2458,89
13.2467,89
13.2476,89
13.2486,89
13.2495,89
13.2505,89
13.2514,89
13.2524,89
13.2533,89
13.2543,89
13.2552,89
13.2561,89
13.2571,89
13.258,89
13.259,89
13.2599,89
13.2609,89
13.2618,89
13.2628,89
13.2637,89
13.2646,89
13.2656,89
13.2665,89
13.2675,89
13.2684,89
13.2694,89
13.2703,89
13.2712,89
13.2722,89
13.2731,89
13.2741,89
13.275,89
13.276,89
13.2769,89
13.2779,89
13.2788,89
13.2797,89
13.2807,89
13.2816,89
13.2826,89
13.2835,89
13.2845,89
13.2854,89
13.2864,89
13.2873,89
13.2882,89
13.2892,89
13.2901,89
13.2911,89
13.292,89
13.293,89
13.2939,89
13.2948,89
13.2958,89
13.2967,89
13.2977,89
13.2986,89
13.2996,89
13.3005,89
13.3015,89
13.3024,89
13.3033,89
13.3043,89
13.3052,89
13.3062,89
13.3071,89
13.3081,89
13.309,89
13.31,89
13.3109,89
13.3118,89
13.3128,89
13.3137,89
13.3147,89
13.3156,89
13.3166,89
13.3175,89
13.3184,89
13.3194,89
13.3203,89
13.3213,89
13.3222,89
13.3232,89
13.3241,89
13.3251,89
13.326,89
13.3269,89
13.3279,89
13.3288,89
13.3298,89
13.3307,89
13.3317,89
13.3326,89
13.3336,89
13.3345,89
13.3354,89
13.3364,89
13.3373,89
13.3383,89
13.3392,89
13.3402,89
13.3411,89
13.342,89
13.343,89
13.3439,89
13.3449,89
13.3458,89
13.3468,89
13.3477,89
13.3487,89
13.3496,89
13.3505,89
13.3515,89
13.3524,89
13.3534,89
13.3543,89
13.3553,89
13.3562,89
13.3572,90
13.3581,90
13.359,90
13.36,90
13.3609,90
13.3619,90
13.3628,90
13.3638,90
13.3647,90
13.3656,90
13.3666,90
13.3675,90
13.3685,90
13.3694,90
13.3704,90
13.3713,90
13.3723,90
13.3732,90
13.3741,90
13.3751,90
13.376,90
13.377,90
13.3779,90
13.3789,90
13.3798,90
13.3808,90
13.3817,90
13.3826,90
13.3836,90
13.3845,90
13.3855,90
13.3864,90
13.3874,90
13.3883,90
13.3892,90
13.3902,90
13.3911,90
13.3921,90
13.393,90
13.394,90
13.3949,90
13.3959,90
13.3968,90
13.3977,90
13.3987,90
13.3996,90
13.4006,90
13.4015,90
13.4025,90
13.4034,90
13.4044,90
13.4053,90
13.4062,90
13.4072,90
13.4081,90
13.4091,90
13.41,90
13.411,90
13.4119,90
13.4128,90
13.4138,90
13.4147,90
13.4157,90
13.4166,90
13.4176,90
13.4185,90
13.4195,90
13.4204,90
13.4213,90
13.4223,90
13.4232,90
13.4242,90
13.4251,90
13.4261,90
13.427,90
13.428,90
13.4289,90
13.4298,90
13.4308,90
13.4317,90
13.4327,90
13.4336,90
13.4346,90
13.4355,90
13.4364,90
13.4374,90
13.4383,90
13.4393,90
13.4402,90
13.4412,90
13.4421,90
13.4431,90
13.444,90
13.4449,90
13.4459,90
13.4468,90
13.4478,90
13.4487,90
13.4497,90
13.4506,90
13.4516,90
13.4525,90
13.4534,90
13.4544,90
13.4553,90
13.4563,90
13.4572,90
13.4582,90
13.4591,90
13.46,90
13.461,90
13.4619,90
13.4629,90
13.4638,90
13.4648,90
13.4657,90
13.4667,90
13.4676,90
13.4685,90
13.4695,90
13.4704,90
13.4714,90
13.4723,90
13.4733,90
13.4742,90
13.4752,90
13.4761,90
13.477,90
13.478,90
13.4789,90
13.4799,90
13.4808,90
13.4818,90
13.4827,90
13.4836,90
13.4846,90
13.4855,90
13.4865,90
13.4874,90
13.4884,90
13.4893,90
13.4903,90
13.4912,90
13.4921,90
13.4931,90
13.494,90
13.495,90
13.4959,90
13.4969,90
13.4978,90
13.4988,90
13.4997,90
13.5006,90
13.5016,90
13.5025,90
13.5035,90
13.5044,90
13.5054,90
13.5063,90
13.5072,90
13.5082,90
13.5091,90
13.5101,90
13.511,90
13.512,90
13.5129,90
13.5139,90
13.5148,90
13.5157,90
13.5167,90
13.5176,90
13.5186,90
13.5195,90
13.5205,90
13.5214,90
13.5224,90
13.5233,90
13.5242,90
13.5252,90
13.5261,90
13.5271,90
13.528,90
13.529,90
13.5299,90
13.5308,90
13.5318,90
13.5327,90
13.5337,90
13.5346,90
13.5356,90
13.5365,90
13.5375,90
13.5384,90
13.5393,90
13.5403,90
13.5412,90
13.5422,90
13.5431,90
13.5441,90
13.545,90
13.546,90
13.5469,90
13.5478,90
13.5488,90
13.5497,90
13.5507,90
13.5516,90
13.5526,90
13.5535,90
13.5544,90
13.5554,90
13.5563,90
13.5573,90
13.5582,90
13.5592,90
13.5601,90
13.5611,90
13.562,90
13.5629,90
13.5639,90
13.5648,90
13.5658,90
13.5667,90
13.5677,90
13.5686,90
13.5696,90
13.5705,90
13.5714,90
13.5724,90
13.5733,90
13.5743,90
13.5752,90
13.5762,90
13.5771,90
13.578,90
13.579,90
13.5799,90
13.5809,90
13.5818,90
13.5828,90
13.5837,90
13.5847,90
13.5856,90
13.5865,90
13.5875,90
13.5884,90
13.5894,90
13.5903,90
13.5913,90
13.5922,90
13.5932,90
13.5941,90
13.595,90
13.596,90
13.5969,90
13.5979,90
13.5988,90
13.5998,90
13.6007,90
13.6016,90
13.6026,90
13.6035,90
13.6045,90
13.6054,90
13.6064,90
13.6073,90
13.6083,90
13.6092,90
13.6101,90
13.6111,90
13.612,90
13.613,90
13.6139,90
13.6149,90
13.6158,90
13.6168,90
13.6177,90
13.6186,90
13.6196,90
13.6205,90
13.6215,90
13.6224,90
13.6234,90
13.6243,90
13.6252,90
13.6262,90
13.6271,90
13.6281,90
13.629,90
13.63,90
13.6309,90
13.6319,90
13.6328,90
13.6337,90
13.6347,90
13.6356,90
13.6366,90
13.6375,90
13.6385,90
13.6394,90
13.6404,90
13.6413,90
13.6422,90
13.6432,90
13.6441,90
13.6451,90
13.646,90
13.647,90
13.6479,90
13.6488,90
13.6498,90
13.6507,90
13.6517,90
13.6526,90
13.6536,90
13.6545,90
13.6555,90
13.6564,90
13.6573,90
13.6583,90
13.6592,90
13.6602,90
13.6611,90
13.6621,90
13.663,90
13.664,90
13.6649,90
13.6658,90
13.6668,90
13.6677,90
13.6687,90
13.6696,90
13.6706,90
13.6715,90
13.6724,90
13.6734,90
13.6743,90
13.6753,90
13.6762,90
13.6772,90
13.6781,90
13.6791,90
13.68,90
13.6809,90
13.6819,90
13.6828,90
13.6838,90
13.6847,90
13.6857,90
13.6866,90
13.6876,90
13.6885,90
13.6894,90
13.6904,90
13.6913,90
13.6923,90
13.6932,90
13.6942,90
13.6951,90
13.696,90
13.697,90
13.6979,90
13.6989,90
13.6998,90
13.7008,90
13.7017,90
13.7027,90
13.7036,90
13.7045,90
13.7055,90
13.7064,90
13.7074,90
13.7083,90
13.7093,90
13.7102,90
13.7112,90
13.7121,90
13.713,90
13.714,90
13.7149,90
13.7159,90
13.7168,90
13.7178,90
13.7187,90
13.7196,90
13.7206,90
13.7215,90
13.7225,90
13.7234,90
13.7244,90
13.7253,90
13.7263,90
13.7272,90
13.7281,90
13.7291,90
13.73,90
13.731,90
13.7319,90
13.7329,90
13.7338,90
13.7348,90
13.7357,90
13.7366,90
13.7376,90
13.7385,90
13.7395,90
13.7404,90
13.7414,90
13.7423,90
13.7432,90
13.7442,90
13.7451,90
13.7461,90
13.747,90
13.748,90
13.7489,90
13.7499,90
13.7508,90
13.7517,90
13.7527,90
13.7536,90
13.7546,90
13.7555,90
13.7565,90
13.7574,90
13.7584,90
13.7593,90
13.7602,90
13.7612,90
13.7621,90
13.7631,90
13.764,90
13.765,90
13.7659,90
13.7668,90
13.7678,90
13.7687,90
13.7697,90
13.7706,90
13.7716,90
13.7725,90
13.7735,90
13.7744,90
13.7753,90
13.7763,90
13.7772,90
13.7782,90
13.7791,90
13.7801,90
13.781,90
13.782,90
13.7829,90
13.7838,90
13.7848,90
13.7857,90
13.7867,90
13.7876,90
13.7886,90
13.7895,90
13.7904,90
13.7914,90
13.7923,90
13.7933,90
13.7942,90
13.7952,90
13.7961,90
13.7971,90
13.798,90
13.7989,90
13.7999,90
13.8008,90
13.8018,90
13.8027,90
13.8037,90
13.8046,90
13.8056,90
13.8065,90
13.8074,90
13.8084,90
13.8093,90
13.8103,90
13.8112,90
13.8122,90
13.8131,90
13.814,90
13.815,90
13.8159,90
13.8169,90
13.8178,90
13.8188,90
13.8197,90
13.8207,90
13.8216,90
13.8225,90
13.8235,90
13.8244,90
13.8254,90
13.8263,90
13.8273,90
13.8282,90
13.8292,90
13.8301,90
13.831,90
13.832,90
13.8329,90
13.8339,90
13.8348,90
13.8358,90
13.8367,90
13.8376,90
13.8386,90
13.8395,90
13.8405,90
13.8414,90
13.8424,90
13.8433,90
13.8443,90
13.8452,90
13.8461,90
13.8471,90
13.848,90
13.849,90
13.8499,90
13.8509,90
13.8518,90
13.8528,90
13.8537,90
13.8546,90
13.8556,90
13.8565,90
13.8575,90
13.8584,90
13.8594,90
13.8603,90
13.8612,90
13.8622,90
13.8631,90
13.8641,91
13.865,91
13.866,91
13.8669,91
13.8679,91
13.8688,91
13.8697,91
13.8707,91
13.8716,91
13.8726,91
13.8735,91
13.8745,91
13.8754,91
13.8764,91
13.8773,91
13.8782,91
13.8792,91
13.8801,91
13.8811,91
13.882,91
13.883,91
13.8839,91
13.8848,91
13.8858,91
13.8867,91
13.8877,91
13.8886,91
13.8896,91
13.8905,91
13.8915,91
13.8924,91
13.8933,91
13.8943,91
13.8952,91
13.8962,91
13.8971,91
13.8981,91
13.899,91
13.9,91
13.9009,91
13.9018,91
13.9028,91
13.9037,91
13.9047,91
13.9056,91
13.9066,91
13.9075,91
13.9084,91
13.9094,91
13.9103,91
13.9113,91
13.9122,91
13.9132,91
13.9141,91
13.9151,91
13.916,91
13.9169,91
13.9179,91
13.9188,91
13.9198,91
13.9207,91
13.9217,91
13.9226,91
13.9236,91
13.9245,91
13.9254,91
13.9264,91
13.9273,91
13.9283,91
13.9292,91
13.9302,91
13.9311,91
13.932,91
13.933,91
13.9339,91
13.9349,91
13.9358,91
13.9368,91
13.9377,91
13.9387,91
13.9396,91
13.9405,91
13.9415,91
13.9424,91
13.9434,91
13.9443,91
13.9453,91
13.9462,91
13.9472,91
13.9481,91
13.949,91
13.95,91
13.9509,91
13.9519,91
13.9528,91
13.9538,91
13.9547,91
13.9556,91
13.9566,91
13.9575,91
13.9585,91
13.9594,91
13.9604,91
13.9613,91
13.9623,91
13.9632,91
13.9641,91
13.9651,91
13.966,91
13.967,91
13.9679,91
13.9689,91
13.9698,91
13.9708,91
13.9717,91
13.9726,91
13.9736,91
13.9745,91
13.9755,91
13.9764,91
13.9774,91
13.9783,91
13.9792,91
13.9802,91
13.9811,91
13.9821,91
13.983,91
13.984,91
13.9849,91
13.9859,91
13.9868,91
13.9877,91
13.9887,91
13.9896,91
13.9906,91
13.9915,91
13.9925,91
13.9934,91
13.9944,91
13.9953,91
13.9962,91
13.9972,91
13.9981,91
13.9991,91
14,91
14.001,91
14.0019,91
14.0028,91
14.0038,91
14.0047,91
14.0057,91
14.0066,91
14.0076,91
14.0085,91
14.0095,91
14.0104,91
14.0113,91
14.0123,91
14.0132,91
14.0142,91
14.0151,91
14.0161,91
14.017,91
14.018,91
14.0189,91
14.0198,91
14.0208,91
14.0217,91
14.0227,91
14.0236,91
14.0246,91
14.0255,91
14.0264,91
14.0274,91
14.0283,91
14.0293,91
14.0302,91
14.0312,91
14.0321,91
14.0331,91
14.034,91
14.0349,91
14.0359,91
14.0368,91
14.0378,91
14.0387,91
14.0397,91
14.0406,91
14.0416,91
14.0425,91
14.0434,91
14.0444,91
14.0453,91
14.0463,91
14.0472,91
14.0482,91
14.0491,91
14.05,91
14.051,91
14.0519,91
14.0529,91
14.0538,91
14.0548,91
14.0557,91
14.0567,91
14.0576,91
14.0585,91
14.0595,91
14.0604,91
14.0614,91
14.0623,91
14.0633,91
14.0642,91
14.0652,91
14.0661,91
14.067,91
14.068,91
14.0689,91
14.0699,91
14.0708,91
14.0718,91
14.0727,91
14.0736,91
14.0746,91
14.0755,91
14.0765,91
14.0774,91
14.0784,91
14.0793,91
14.0803,91
14.0812,91
14.0821,91
14.0831,91
14.084,91
14.085,91
14.0859,91
14.0869,91
14.0878,91
14.0888,91
14.0897,91
14.0906,91
14.0916,91
14.0925,91
14.0935,91
14.0944,91
14.0954,91
14.0963,91
14.0972,91
14.0982,91
14.0991,91
14.1001,91
14.101,91
14.102,91
14.1029,91
14.1039,91
14.1048,91
14.1057,91
14.1067,91
14.1076,91
14.1086,91
14.1095,91
14.1105,91
14.1114,91
14.1124,91
14.1133,91
14.1142,91
14.1152,91
14.1161,91
14.1171,91
14.118,91
14.119,91
14.1199,91
14.1208,91
14.1218,91
14.1227,91
14.1237,91
14.1246,91
14.1256,91
14.1265,91
14.1275,91
14.1284,91
14.1293,91
14.1303,91
14.1312,91
14.1322,91
14.1331,91
14.1341,91
14.135,91
14.136,91
14.1369,91
14.1378,91
14.1388,91
14.1397,91
14.1407,91
14.1416,91
14.1426,91
14.1435,91
14.1444,91
14.1454,91
14.1463,91
14.1473,91
14.1482,91
14.1492,91
14.1501,91
14.1511,91
14.152,91
14.1529,91
14.1539,91
14.1548,91
14.1558,91
14.1567,91
14.1577,91
14.1586,91
14.1596,91
14.1605,91
14.1614,91
14.1624,91
14.1633,91
14.1643,91
14.1652,91
14.1662,91
14.1671,91
14.168,91
14.169,91
14.1699,91
14.1709,91
14.1718,91
14.1728,91
14.1737,91
14.1747,91
14.1756,91
14.1765,91
14.1775,91
14.1784,91
14.1794,91
14.1803,91
14.1813,91
14.1822,91
14.1832,91
14.1841,91
14.185,91
14.186,91
14.1869,91
14.1879,91
14.1888,91
14.1898,91
14.1907,91
14.1916,91
14.1926,91
14.1935,91
14.1945,91
14.1954,91
14.1964,91
14.1973,91
14.1983,91
14.1992,91
14.2001,91
14.2011,91
14.202,91
14.203,91
14.2039,91
14.2049,91
14.2058,91
14.2068,91
14.2077,91
14.2086,91
14.2096,91
14.2105,91
14.2115,91
14.2124,91
14.2134,91
14.2143,91
14.2152,91
14.2162,91
14.2171,91
14.2181,91
14.219,91
14.22,91
14.2209,91
14.2219,91
14.2228,91
14.2237,91
14.2247,91
14.2256,91
14.2266,91
14.2275,91
14.2285,91
14.2294,91
14.2304,91
14.2313,91
14.2322,91
14.2332,91
14.2341,91
14.2351,91
14.236,91
14.237,91
14.2379,91
14.2388,91
14.2398,91
14.2407,91
14.2417,91
14.2426,91
14.2436,91
14.2445,91
14.2455,91
14.2464,91
14.2473,91
14.2483,91
14.2492,91
14.2502,91
14.2511,91
14.2521,91
14.253,91
14.254,91
14.2549,91
14.2558,91
14.2568,91
14.2577,91
14.2587,91
14.2596,91
14.2606,91
14.2615,91
14.2624,91
14.2634,91
14.2643,91
14.2653,91
14.2662,91
14.2672,91
14.2681,91
14.2691,91
14.27,91
14.2709,91
14.2719,91
14.2728,91
14.2738,91
14.2747,91
14.2757,91
14.2766,91
14.2776,91
14.2785,91
14.2794,91
14.2804,91
14.2813,91
14.2823,91
14.2832,91
14.2842,91
14.2851,91
14.286,91
14.287,91
14.2879,91
14.2889,91
14.2898,91
14.2908,91
14.2917,91
14.2927,91
14.2936,91
14.2945,91
14.2955,91
14.2964,91
14.2974,91
14.2983,91
14.2993,91
14.3002,91
14.3012,91
14.3021,91
14.303,91
14.304,91
14.3049,91
14.3059,91
14.3068,91
14.3078,91
14.3087,91
14.3096,91
14.3106,91
14.3115,91
14.3125,91
14.3134,91
14.3144,91
14.3153,91
14.3163,91
14.3172,91
14.3181,91
14.3191,91
14.32,91
14.321,91
14.3219,91
14.3229,91
14.3238,91
14.3248,91
14.3257,91
14.3266,91
14.3276,91
14.3285,91
14.3295,91
14.3304,91
14.3314,91
14.3323,91
14.3332,91
14.3342,91
14.3351,91
14.3361,91
14.337,91
14.338,91
14.3389,91
14.3399,91
14.3408,91
14.3417,91
14.3427,91
14.3436,91
14.3446,91
14.3455,91
14.3465,91
14.3474,91
14.3484,91
14.3493,91
14.3502,91
14.3512,91
14.3521,91
14.3531,91
14.354,91
14.355,91
14.3559,91
14.3568,91
14.3578,91
14.3587,91
14.3597,91
14.3606,91
14.3616,91
14.3625,91
14.3635,91
14.3644,91
14.3653,91
14.3663,91
14.3672,91
14.3682,91
14.3691,91
14.3701,91
14.371,92
14.372,92
14.3729,92
14.3738,92
14.3748,92
14.3757,92
14.3767,92
14.3776,92
14.3786,92
14.3795,92
14.3804,92
14.3814,92
14.3823,92
14.3833,92
14.3842,92
14.3852,92
14.3861,92
14.3871,92
14.388,92
14.3889,92
14.3899,92
14.3908,92
14.3918,92
14.3927,92
14.3937,92
14.3946,92
14.3956,92
14.3965,92
14.3974,92
14.3984,92
14.3993,92
14.4003,92
14.4012,92
14.4022,92
14.4031,92
14.404,92
14.405,92
14.4059,92
14.4069,92
14.4078,92
14.4088,92
14.4097,92
14.4107,92
14.4116,92
14.4125,92
14.4135,92
14.4144,92
14.4154,92
14.4163,92
14.4173,92
14.4182,92
14.4192,92
14.4201,92
14.421,92
14.422,92
14.4229,92
14.4239,92
14.4248,92
14.4258,92
14.4267,92
14.4276,92
14.4286,92
14.4295,92
14.4305,92
14.4314,92
14.4324,92
14.4333,92
14.4343,92
14.4352,92
14.4361,92
14.4371,92
14.438,92
14.439,92
14.4399,92
14.4409,92
14.4418,92
14.4428,92
14.4437,92
14.4446,92
14.4456,92
14.4465,92
14.4475,92
14.4484,92
14.4494,92
14.4503,92
14.4512,92
14.4522,92
14.4531,92
14.4541,92
14.455,92
14.456,92
14.4569,92
14.4579,92
14.4588,92
14.4597,92
14.4607,92
14.4616,92
14.4626,92
14.4635,92
14.4645,92
14.4654,92
14.4664,92
14.4673,92
14.4682,92
14.4692,92
14.4701,92
14.4711,92
14.472,92
14.473,92
14.4739,92
14.4748,92
14.4758,92
14.4767,92
14.4777,92
14.4786,92
14.4796,92
14.4805,92
14.4815,92
14.4824,92
14.4833,92
14.4843,92
14.4852,92
14.4862,92
14.4871,92
14.4881,92
14.489,92
14.49,92
14.4909,92
14.4918,92
14.4928,92
14.4937,92
14.4947,92
14.4956,92
14.4966,92
14.4975,92
14.4984,92
14.4994,92
14.5003,92
14.5013,92
14.5022,92
14.5032,92
14.5041,92
14.5051,92
14.506,92
14.5069,92
14.5079,92
14.5088,92
14.5098,92
14.5107,92
14.5117,92
14.5126,92
14.5136,92
14.5145,92
14.5154,92
14.5164,92
14.5173,92
14.5183,92
14.5192,92
14.5202,92
14.5211,92
14.522,92
14.523,92
14.5239,92
14.5249,92
14.5258,92
14.5268,92
14.5277,92
14.5287,92
14.5296,92
14.5305,92
14.5315,92
14.5324,92
14.5334,92
14.5343,92
14.5353,92
14.5362,92
14.5372,92
14.5381,92
14.539,92
14.54,92
14.5409,92
14.5419,92
14.5428,92
14.5438,92
14.5447,92
14.5456,92
14.5466,92
14.5475,92
14.5485,92
14.5494,92
14.5504,92
14.5513,92
14.5523,92
14.5532,92
14.5541,92
14.5551,92
14.556,92
14.557,92
14.5579,92
14.5589,92
14.5598,92
14.5608,92
14.5617,92
14.5626,92
14.5636,92
14.5645,92
14.5655,92
14.5664,92
14.5674,92
14.5683,92
14.5692,92
14.5702,92
14.5711,92
14.5721,92
14.573,92
14.574,92
14.5749,92
14.5759,92
14.5768,92
14.5777,92
14.5787,92
14.5796,92
14.5806,92
14.5815,92
14.5825,92
14.5834,92
14.5844,92
14.5853,92
14.5862,92
14.5872,92
14.5881,92
14.5891,92
14.59,92
14.591,92
14.5919,92
14.5928,92
14.5938,92
14.5947,92
14.5957,92
14.5966,92
14.5976,92
14.5985,92
14.5995,92
14.6004,92
14.6013,92
14.6023,92
14.6032,92
14.6042,92
14.6051,92
14.6061,92
14.607,92
14.608,92
14.6089,92
14.6098,92
14.6108,92
14.6117,92
14.6127,92
14.6136,92
14.6146,92
14.6155,92
14.6164,92
14.6174,92
14.6183,92
14.6193,92
14.6202,92
14.6212,92
14.6221,92
14.6231,92
14.624,92
14.6249,92
14.6259,92
14.6268,92
14.6278,92
14.6287,92
14.6297,92
14.6306,92
14.6316,92
14.6325,92
14.6334,92
14.6344,92
14.6353,92
14.6363,92
14.6372,92
14.6382,92
14.6391,92
14.64,92
14.641,92
14.6419,92
14.6429,92
14.6438,92
14.6448,92
14.6457,92
14.6467,92
14.6476,92
14.6485,92
14.6495,92
14.6504,92
14.6514,92
14.6523,92
14.6533,92
14.6542,92
14.6552,92
14.6561,92
14.657,92
14.658,92
14.6589,92
14.6599,92
14.6608,92
14.6618,92
14.6627,92
14.6636,92
14.6646,92
14.6655,92
14.6665,92
14.6674,92
14.6684,92
14.6693,92
14.6703,92
14.6712,92
14.6721,92
14.6731,92
14.674,92
14.675,92
14.6759,92
14.6769,92
14.6778,92
14.6788,92
14.6797,92
14.6806,92
14.6816,92
14.6825,92
14.6835,92
14.6844,92
14.6854,92
14.6863,92
14.6872,92
14.6882,92
14.6891,92
14.6901,92
14.691,92
14.692,92
14.6929,92
14.6939,92
14.6948,92
14.6957,92
14.6967,92
14.6976,92
14.6986,92
14.6995,92
14.7005,92
14.7014,92
14.7024,92
14.7033,92
14.7042,92
14.7052,92
14.7061,92
14.7071,92
14.708,92
14.709,92
14.7099,92
14.7108,92
14.7118,92
14.7127,92
14.7137,92
14.7146,92
14.7156,92
14.7165,92
14.7175,92
14.7184,92
14.7193,92
14.7203,92
14.7212,92
14.7222,92
14.7231,92
14.7241,92
14.725,92
14.726,92
14.7269,92
14.7278,92
14.7288,92
14.7297,92
14.7307,92
14.7316,92
14.7326,92
14.7335,92
14.7344,92
14.7354,92
14.7363,92
14.7373,92
14.7382,92
14.7392,92
14.7401,92
14.7411,92
14.742,92
14.7429,92
14.7439,92
14.7448,92
14.7458,92
14.7467,92
14.7477,92
14.7486,92
14.7496,92
14.7505,92
14.7514,92
14.7524,92
14.7533,92
14.7543,92
14.7552,92
14.7562,92
14.7571,92
14.758,92
14.759,92
14.7599,92
14.7609,92
14.7618,92
14.7628,92
14.7637,92
14.7647,92
14.7656,92
14.7665,92
14.7675,92
14.7684,92
14.7694,92
14.7703,92
14.7713,92
14.7722,92
14.7732,92
14.7741,92
14.775,92
14.776,92
14.7769,92
14.7779,92
14.7788,92
14.7798,92
14.7807,92
14.7816,92
14.7826,92
14.7835,92
14.7845,92
14.7854,92
14.7864,92
14.7873,92
14.7883,92
14.7892,92
14.7901,92
14.7911,92
14.792,92
14.793,92
14.7939,92
14.7949,92
14.7958,92
14.7968,92
14.7977,92
14.7986,92
14.7996,92
14.8005,92
14.8015,92
14.8024,92
14.8034,92
14.8043,92
14.8052,92
14.8062,92
14.8071,92
14.8081,92
14.809,92
14.81,92
14.8109,92
14.8119,92
14.8128,92
14.8137,92
14.8147,92
14.8156,92
14.8166,92
14.8175,92
14.8185,92
14.8194,92
14.8204,92
14.8213,92
14.8222,92
14.8232,92
14.8241,92
14.8251,92
14.826,92
14.827,92
14.8279,92
14.8288,92
14.8298,92
14.8307,92
14.8317,92
14.8326,92
14.8336,92
14.8345,92
14.8355,92
14.8364,92
14.8373,92
14.8383,92
14.8392,92
14.8402,92
14.8411,92
14.8421,92
14.843,92
14.844,92
14.8449,92
14.8458,92
14.8468,92
14.8477,92
14.8487,92
14.8496,92
14.8506,92
14.8515,92
14.8524,92
14.8534,92
14.8543,92
14.8553,92
14.8562,92
14.8572,92
14.8581,92
14.8591,92
14.86,92
14.8609,92
14.8619,92
14.8628,92
14.8638,92
14.8647,92
14.8657,92
14.8666,92
14.8676,92
14.8685,92
14.8694,92
14.8704,92
14.8713,92
14.8723,92
14.8732,92
14.8742,92
14.8751,92
14.876,92
14.877,92
14.8779,92
14.8789,92
14.8798,92
14.8808,92
14.8817,92
14.8827,92
14.8836,92
14.8845,92
14.8855,92
14.8864,93
14.8874,93
14.8883,93
14.8893,93
14.8902,93
14.8912,93
14.8921,93
14.893,93
14.894,93
14.8949,93
14.8959,93
14.8968,93
14.8978,93
14.8987,93
14.8996,93
14.9006,93
14.9015,93
14.9025,93
14.9034,93
14.9044,93
14.9053,93
14.9063,93
14.9072,93
14.9081,93
14.9091,93
14.91,93
14.911,93
14.9119,93
14.9129,93
14.9138,93
14.9148,93
14.9157,93
14.9166,93
14.9176,93
14.9185,93
14.9195,93
14.9204,93
14.9214,93
14.9223,93
14.9232,93
14.9242,93
14.9251,93
14.9261,93
14.927,93
14.928,93
14.9289,93
14.9299,93
14.9308,93
14.9317,93
14.9327,93
14.9336,93
14.9346,93
14.9355,93
14.9365,93
14.9374,93
14.9384,93
14.9393,93
14.9402,93
14.9412,93
14.9421,93
14.9431,93
14.944,93
14.945,93
14.9459,93
14.9468,93
14.9478,93
14.9487,93
14.9497,93
14.9506,93
14.9516,93
14.9525,93
14.9535,93
14.9544,93
14.9553,93
14.9563,93
14.9572,93
14.9582,93
14.9591,93
14.9601,93
14.961,93
14.962,93
14.9629,93
14.9638,93
14.9648,93
14.9657,93
14.9667,93
14.9676,93
14.9686,93
14.9695,93
14.9704,93
14.9714,93
14.9723,93
14.9733,93
14.9742,93
14.9752,93
14.9761,93
14.9771,93
14.978,93
14.9789,93
14.9799,93
14.9808,93
14.9818,93
14.9827,93
14.9837,93
14.9846,93
14.9856,93
14.9865,93
14.9874,93
14.9884,93
14.9893,93
14.9903,93
14.9912,93
14.9922,93
14.9931,93
14.994,93
14.995,93
14.9959,93
14.9969,93
14.9978,93
14.9988,93
14.9997,93
15.0007,93
15.0016,93
15.0025,93
15.0035,93
15.0044,93
15.0054,93
15.0063,93
15.0073,93
15.0082,93
15.0092,93
15.0101,93
15.011,93
15.012,93
15.0129,93
15.0139,93
15.0148,93
15.0158,93
15.0167,93
15.0176,93
15.0186,93
15.0195,93
15.0205,93
15.0214,93
15.0224,93
15.0233,93
15.0243,93
15.0252,93
15.0261,93
15.0271,93
15.028,93
15.029,93
15.0299,93
15.0309,93
15.0318,93
15.0328,93
15.0337,93
15.0346,93
15.0356,93
15.0365,93
15.0375,93
15.0384,93
15.0394,93
15.0403,93
15.0412,93
15.0422,93
15.0431,93
15.0441,93
15.045,93
15.046,93
15.0469,93
15.0479,93
15.0488,93
15.0497,93
15.0507,93
15.0516,93
15.0526,93
15.0535,93
15.0545,93
15.0554,93
15.0564,93
15.0573,93
15.0582,93
15.0592,93
15.0601,93
15.0611,93
15.062,93
15.063,93
15.0639,93
15.0648,93
15.0658,93
15.0667,93
15.0677,93
15.0686,93
15.0696,93
15.0705,93
15.0715,93
15.0724,93
15.0733,93
15.0743,93
15.0752,93
15.0762,93
15.0771,93
15.0781,93
15.079,93
15.08,93
15.0809,93
15.0818,93
15.0828,93
15.0837,93
15.0847,93
15.0856,93
15.0866,93
15.0875,93
15.0884,93
15.0894,93
15.0903,93
15.0913,93
15.0922,93
15.0932,93
15.0941,93
15.0951,93
15.096,93
15.0969,93
15.0979,93
15.0988,93
15.0998,93
15.1007,93
15.1017,93
15.1026,93
15.1036,93
15.1045,93
15.1054,93
15.1064,93
15.1073,93
15.1083,93
15.1092,93
15.1102,93
15.1111,93
15.112,93
15.113,93
15.1139,93
15.1149,93
15.1158,93
15.1168,93
15.1177,93
15.1187,93
15.1196,93
15.1205,93
15.1215,93
15.1224,93
15.1234,93
15.1243,93
15.1253,93
15.1262,93
15.1272,93
15.1281,93
15.129,93
15.13,93
15.1309,93
15.1319,93
15.1328,93
15.1338,93
15.1347,93
15.1356,93
15.1366,93
15.1375,93
15.1385,93
15.1394,93
15.1404,93
15.1413,93
15.1423,93
15.1432,93
15.1441,93
15.1451,93
15.146,93
15.147,93
15.1479,93
15.1489,93
15.1498,93
15.1508,93
15.1517,93
15.1526,93
15.1536,93
15.1545,93
15.1555,93
15.1564,93
15.1574,93
15.1583,93
15.1592,93
15.1602,93
15.1611,93
15.1621,93
15.163,93
15.164,93
15.1649,93
15.1659,93
15.1668,93
15.1677,93
15.1687,93
15.1696,93
15.1706,93
15.1715,93
15.1725,93
15.1734,93
15.1744,93
15.1753,93
15.1762,93
15.1772,93
15.1781,93
15.1791,93
15.18,93
15.181,93
15.1819,93
15.1828,93
15.1838,93
15.1847,93
15.1857,93
15.1866,93
15.1876,93
15.1885,93
15.1895,93
15.1904,93
15.1913,93
15.1923,93
15.1932,93
15.1942,93
15.1951,93
15.1961,93
15.197,93
15.198,93
15.1989,93
15.1998,93
15.2008,93
15.2017,93
15.2027,93
15.2036,93
15.2046,93
15.2055,93
15.2064,93
15.2074,93
15.2083,93
15.2093,93
15.2102,93
15.2112,93
15.2121,93
15.2131,93
15.214,93
15.2149,93
15.2159,93
15.2168,93
15.2178,93
15.2187,93
15.2197,93
15.2206,93
15.2216,93
15.2225,93
15.2234,93
15.2244,93
15.2253,93
15.2263,93
15.2272,93
15.2282,93
15.2291,93
15.3254,93
15.3263,92
15.3273,92
15.3282,92
15.3292,91
15.3301,90
15.3311,90
15.332,89
15.3329,88
15.3339,87
15.3348,87
15.3358,86
15.3367,85
15.3377,84
15.3386,83
15.3396,82
15.3405,81
15.3414,80
15.3424,80
15.3433,79
15.3443,78
15.3449,77
15.3699,73
15.3709,70
15.3718,67
15.3728,65
15.3737,63
15.3747,61
15.3756,60
15.3765,59
15.3775,58
15.3784,58
15.3794,58
15.3803,57
15.3813,57
15.3822,58
15.3831,58
15.3841,58
15.385,59
15.386,59
15.3869,59
15.3879,60
15.3888,60
15.3898,61
15.3907,62
15.3916,62
15.3926,63
15.3935,64
15.3945,65
15.3954,65
15.3964,66
15.3973,67
15.3983,67
15.3992,68
15.4001,68
15.4011,68
15.402,69
15.403,69
15.4039,69
15.4049,69
15.4058,69
15.4067,69
15.4077,70
15.4086,70
15.4096,70
15.4105,70
15.4115,70
15.4124,70
15.4134,70
15.4143,70
15.4152,70
15.4162,67
15.4171,65
15.4181,62
15.419,60
15.42,59
15.4209,57
15.4219,55
15.4228,54
15.4237,53
15.4247,52
15.4256,51
15.4266,51
15.4275,50
15.4285,49
15.4294,49
15.4303,48
15.4313,48
15.4322,48
15.4332,48
15.4341,48
15.4351,47
15.436,47
15.437,47
15.4379,47
15.4388,47
15.4398,47
15.4407,46
15.4417,46
15.4426,46
15.4436,46
15.4445,46
15.4455,46
15.4464,46
15.4473,46
15.4483,46
15.4492,46
15.4502,46
15.4511,46
15.4521,46
15.453,46
15.4539,46
15.4549,46
15.4558,46
15.4568,46
15.4577,46
15.4587,46
15.4596,46
15.4606,46
15.4615,46
15.4624,46
15.4634,46
15.4643,46
15.4653,46
15.4662,46
15.4672,46
15.4681,46
15.4691,46
15.47,46
15.4709,46
15.4719,46
15.4728,46
15.4738,46
15.4747,46
15.4757,46
15.4766,46
15.4775,46
15.4785,46
15.4794,46
15.4804,46
15.4813,46
15.4823,46
15.4832,46
15.4842,46
15.4851,46
15.486,46
15.487,46
15.4879,46
15.4889,46
15.4898,46
15.4908,46
15.4917,46
15.4927,46
15.4936,46
15.4945,46
15.4955,46
15.4964,46
15.4974,46
15.4983,46
15.4993,46
15.5002,46
15.5011,46
15.5021,46
15.503,47
15.504,47
15.5049,47
15.5059,47
15.5068,47
15.5078,47
15.5087,47
15.5096,47
15.5106,47
15.5115,47
15.5125,47
15.5134,47
15.5144,47
15.5153,47
15.5163,47
15.5172,47
15.5181,47
15.5191,47
15.52,47
15.521,47
15.5219,47
15.5229,47
15.5238,47
15.5247,47
15.5257,47
15.5266,47
15.5276,47
15.5285,47
15.5295,47
15.5304,47
15.5314,47
15.5323,47
15.5332,47
15.5342,47
15.5351,47
15.5361,47
15.537,47
15.538,47
15.5389,47
15.5399,47
15.5408,47
15.5417,47
15.5427,47
15.5436,47
15.5446,47
15.5455,47
15.5465,47
15.5474,47
15.5483,47
15.5493,47
15.5502,47
15.5512,47
15.5521,47
15.5531,47
15.554,47
15.555,47
15.5559,47
15.5568,47
15.5578,47
15.5587,47
15.5597,47
15.5606,47
15.5616,47
15.5625,47
15.5635,47
15.5644,47
15.5653,47
15.5663,47
15.5672,47
15.5682,47
15.5691,47
15.5701,47
15.571,47
15.5719,47
15.5729,47
15.5738,47
15.5748,47
15.5757,47
15.5767,47
15.5776,47
15.5786,47
15.5795,47
15.5804,47
15.5814,47
15.5823,47
15.5833,47
15.5842,47
15.5852,47
15.5861,47
15.5871,47
15.588,47
15.5889,47
15.5899,47
15.5908,47
15.5918,47
15.5927,47
15.5937,47
15.5946,47
15.5955,47
15.5965,47
15.5974,47
15.5984,47
15.5993,47
15.6003,47
15.6012,47
15.6022,47
15.6031,47
15.604,47
15.605,47
15.6059,47
15.6069,47
15.6078,47
15.6088,47
15.6097,47
15.6107,47
15.6116,47
15.6125,47
15.6135,47
15.6144,47
15.6154,47
15.6163,47
15.6173,47
15.6182,47
15.6191,47
15.6201,47
15.621,47
15.622,47
15.6229,47
15.6239,47
15.6248,47
15.6258,47
15.6267,47
15.6276,47
15.6286,47
15.6295,47
15.6305,47
15.6314,47
15.6324,47
15.6333,47
15.6343,47
15.6352,47
15.6361,47
15.6371,47
15.638,47
15.639,47
15.6399,47
15.6409,47
15.6418,47
15.6427,47
15.6437,47
15.6446,47
15.6456,47
15.6465,47
15.6475,47
15.6484,47
15.6494,47
15.6503,47
15.6512,47
15.6522,47
15.6531,47
15.6541,47
15.655,47
15.656,47
15.6569,47
15.6579,47
15.6588,47
15.6597,47
15.6607,47
15.6616,47
15.6626,47
15.6635,47
15.6645,47
15.6654,47
15.6663,47
15.6673,47
15.6682,47
15.6692,47
15.6701,47
15.6711,47
15.672,47
15.673,47
15.6739,47
15.6748,47
15.6758,47
15.6767,47
15.6777,47
15.6786,47
15.6796,47
15.6805,47
15.6815,47
15.6824,47
15.6833,47
15.6843,47
15.6852,47
15.6862,47
15.6871,47
15.6881,47
15.689,47
15.6899,47
15.6909,47
15.6918,47
15.6928,47
15.6937,47
15.6947,47
15.6956,47
15.6966,47
15.6975,47
15.6984,47
15.6994,47
15.7003,47
15.7013,47
15.7022,47
15.7032,47
15.7041,47
15.7051,47
15.706,47
15.7069,47
15.7079,47
15.7088,47
15.7098,47
15.7107,47
15.7117,47
15.7126,47
15.7135,47
15.7145,47
15.7154,47
15.7164,47
15.7173,47
15.7183,47
15.7192,47
15.7202,47
15.7211,48
15.722,48
15.723,48
15.7239,48
15.7249,48
15.7258,48
15.7268,48
15.7277,48
15.7287,48
15.7296,48
15.7305,48
15.7315,48
15.7324,48
15.7334,48
15.7343,48
15.7353,48
15.7362,48
15.7371,48
15.7381,48
15.739,48
15.74,48
15.7409,48
15.7419,48
15.7428,48
15.7438,48
15.7447,48
15.7456,48
15.7466,48
15.7475,48
15.7485,48
15.7494,48
15.7504,48
15.7513,48
15.7523,48
15.7532,48
15.7541,48
15.7551,48
15.756,48
15.757,48
15.7579,48
15.7589,48
15.7598,48
15.7607,48
15.7617,48
15.7626,48
15.7636,48
15.7645,48
15.7655,48
15.7664,48
15.7674,48
15.7683,48
15.7692,48
15.7702,48
15.7711,48
15.7721,48
15.773,48
15.774,48
15.7749,48
15.7759,48
15.7768,48
15.7777,48
15.7787,48
15.7796,48
15.7806,48
15.7815,48
15.7825,48
15.7834,48
15.7843,48
15.7853,48
15.7862,48
15.7872,48
15.7881,48
15.7891,48
15.79,48
15.791,48
15.7919,48
15.7928,48
15.7938,48
15.7947,48
15.7957,48
15.7966,48
15.7976,48
15.7985,48
15.7995,48
15.8004,48
15.8013,48
15.8023,48
15.8032,48
15.8042,48
15.8051,48
15.8061,48
15.807,48
15.8079,48
15.8089,48
15.8098,48
15.8108,48
15.8117,48
15.8127,48
15.8136,48
15.8146,48
15.8155,48
15.8164,48
15.8174,48
15.8183,48
15.8193,48
15.8202,48
15.8212,48
15.8221,48
15.8231,48
15.824,48
15.8249,48
15.8259,48
15.8268,48
15.8278,48
15.8287,48
15.8297,48
15.8306,48
15.8315,48
15.8325,48
15.8334,48
15.8344,48
15.8353,48
15.8363,48
15.8372,48
15.8382,48
15.8391,48
15.84,48
15.841,48
15.8419,48
15.8429,48
15.8438,48
15.8448,48
15.8457,48
15.8467,48
15.8476,48
15.8485,48
15.8495,48
15.8504,48
15.8514,48
15.8523,48
15.8533,48
15.8542,48
15.8551,48
15.8561,48
15.857,48
15.858,48
15.8589,48
15.8599,48
15.8608,48
15.8618,48
15.8627,48
15.8636,48
15.8646,48
15.8655,48
15.8665,48
15.8674,48
15.8684,48
15.8693,48
15.8703,48
15.8712,48
15.8721,48
15.8731,48
15.874,48
15.875,48
15.8759,48
15.8769,48
15.8778,48
15.8787,48
15.8797,48
15.8806,48
15.8816,48
15.8825,48
15.8835,48
15.8844,48
15.8854,48
15.8863,48
15.8872,48
15.8882,48
15.8891,48
15.8901,48
15.891,48
15.892,48
15.8929,48
15.8939,48
15.8948,48
15.8957,48
15.8967,48
15.8976,48
15.8986,48
15.8995,48
15.9005,48
15.9014,48
15.9023,48
15.9033,48
15.9042,48
15.9052,48
15.9061,48
15.9071,48
15.908,48
15.909,48
15.9099,48
15.9108,48
15.9118,48
15.9127,48
15.9137,48
15.9146,48
15.9156,48
15.9165,48
15.9175,48
15.9184,48
15.9193,48
15.9203,48
15.9212,48
15.9222,48
15.9231,48
15.9241,49
15.925,49
15.9259,49
15.9269,49
15.9278,49
15.9288,49
15.9297,49
15.9307,49
15.9316,49
15.9326,49
15.9335,49
15.9344,49
15.9354,49
15.9363,49
15.9373,49
15.9382,49
15.9392,49
15.9401,49
15.9411,49
15.942,49
15.9429,49
15.9439,49
15.9448,49
15.9458,49
15.9467,49
15.9477,49
15.9486,49
15.9495,49
15.9505,49
15.9514,49
15.9524,49
15.9533,49
15.9543,49
15.9552,49
15.9562,49
15.9571,49
15.958,49
15.959,49
15.9599,49
15.9609,49
15.9618,49
15.9628,49
15.9637,49
15.9647,49
15.9656,49
15.9665,49
15.9675,49
15.9684,49
15.9694,49
15.9703,49
15.9713,49
15.9722,49
15.9731,49
15.9741,49
15.975,49
15.976,49
15.9769,49
15.9779,49
15.9788,49
15.9798,49
15.9807,49
15.9816,49
15.9826,49
15.9835,49
15.9845,49
15.9854,49
15.9864,49
15.9873,49
15.9883,49
15.9892,49
15.9901,49
15.9911,49
15.992,49
15.993,49
15.9939,49
15.9949,49
15.9958,49
15.9967,49
15.9977,49
15.9986,49
15.9996,49
16.0005,49
16.0015,49
16.0024,49
16.0034,49
16.0043,49
16.0052,49
16.0062,49
16.0071,49
16.0081,49
16.009,49
16.01,49
16.0109,49
16.0119,49
16.0128,49
16.0137,49
16.0147,49
16.0156,49
16.0166,49
16.0175,49
16.0185,49
16.0194,49
16.0203,49
16.0213,49
16.0222,49
16.0232,49
16.0241,49
16.0251,49
16.026,49
16.027,49
16.0279,49
16.0288,49
16.0298,49
16.0307,49
16.0317,49
16.0326,49
16.0336,49
16.0345,49
16.0355,49
16.0364,49
16.0373,49
16.0383,49
16.0392,49
16.0402,49
16.0411,49
16.0421,49
16.043,49
16.0439,49
16.0449,49
16.0458,49
16.0468,49
16.0477,49
16.0487,49
16.0496,49
16.0506,49
16.0515,49
16.0524,49
16.0534,49
16.0543,49
16.0553,49
16.0562,49
16.0572,49
16.0581,49
16.0591,49
16.06,49
16.0609,49
16.0619,49
16.0628,49
16.0638,49
16.0647,49
16.0657,49
16.0666,49
16.0675,49
16.0685,49
16.0694,49
16.0704,49
16.0713,49
16.0723,49
16.0732,49
16.0742,49
16.0751,49
16.076,49
16.077,49
16.0779,49
16.0789,49
16.0798,49
16.0808,49
16.0817,49
16.0827,49
16.0836,49
16.0845,49
16.0855,49
16.0864,49
16.0874,49
16.0883,49
16.0893,49
16.0902,49
16.0911,49
16.0921,49
16.093,49
16.094,49
16.0949,49
16.0959,49
16.0968,49
16.0978,49
16.0987,49
16.0996,49
16.1006,49
16.1015,49
16.1025,49
16.1034,49
16.1044,49
16.1053,49
16.1063,49
16.1072,49
16.1081,49
16.1091,49
16.11,49
16.111,49
16.1119,49
16.1129,49
16.1138,49
16.1147,49
16.1157,49
16.1166,49
16.1176,49
16.1185,49
16.1195,49
16.1204,49
16.1214,49
16.1223,49
16.1232,49
16.1242,49
16.1251,49
16.1261,49
16.127,50
16.128,50
16.1289,50
16.1299,50
16.1308,50
16.1317,50
16.1327,50
16.1336,50
16.1346,50
16.1355,50
16.1365,50
16.1374,50
16.1383,50
16.1393,50
16.1402,50
16.1412,50
16.1421,50
16.1431,50
16.144,50
16.145,50
16.1459,50
16.1468,50
16.1478,50
16.1487,50
16.1497,50
16.1506,50
16.1516,50
16.1525,50
16.1535,50
16.1544,50
16.1553,50
16.1563,50
16.1572,50
16.1582,50
16.1591,50
16.1601,50
16.161,50
16.1619,50
16.1629,50
16.1638,50
16.1648,50
16.1657,50
16.1667,50
16.1676,50
16.1686,50
16.1695,50
16.1704,50
16.1714,50
16.1723,50
16.1733,50
16.1742,50
16.1752,50
16.1761,50
16.1771,50
16.178,50
16.1789,50
16.1799,50
16.1808,50
16.1818,50
16.1827,50
16.1837,50
16.1846,50
16.1855,50
16.1865,50
16.1874,50
16.1884,50
16.1893,50
16.1903,50
16.1912,50
16.1922,50
16.1931,50
16.194,50
16.195,50
16.1959,50
16.1969,50
16.1978,50
16.1988,50
16.1997,50
16.2007,50
16.2016,50
16.2025,50
16.2035,50
16.2044,50
16.2054,50
16.2063,50
16.2073,50
16.2082,50
16.2091,50
16.2101,50
16.211,50
16.212,50
16.2129,50
16.2139,50
16.2148,50
16.2158,50
16.2167,50
16.2176,50
16.2186,50
16.2195,50
16.2205,50
16.2214,50
16.2224,50
16.2233,50
16.2243,50
16.2252,50
16.2261,50
16.2271,50
16.228,50
16.229,50
16.2299,50
16.2309,50
16.2318,50
16.2327,50
16.2337,50
16.2346,50
16.2356,50
16.2365,50
16.2375,50
16.2384,50
16.2394,50
16.2403,50
16.2412,50
16.2422,50
16.2431,50
16.2441,50
16.245,50
16.246,50
16.2469,50
16.2479,50
16.2488,50
16.2497,50
16.2507,50
16.2516,50
16.2526,50
16.2535,50
16.2545,50
16.2554,50
16.2563,50
16.2573,50
16.2582,50
16.2592,50
16.2601,50
16.2611,50
16.262,50
16.263,50
16.2639,50
16.2648,50
16.2658,50
16.2667,50
16.2677,50
16.2686,50
16.2696,50
16.2705,50
16.2715,50
16.2724,50
16.2733,50
16.2743,50
16.2752,50
16.2762,50
16.2771,50
16.2781,50
16.279,50
16.2799,50
16.2809,50
16.2818,50
16.2828,50
16.2837,50
16.2847,50
16.2856,50
16.2866,50
16.2875,50
16.2884,50
16.2894,50
16.2903,50
16.2913,50
16.2922,50
16.2932,50
16.2941,50
16.2951,50
16.296,50
16.2969,50
16.2979,50
16.2988,50
16.2998,50
16.3007,50
16.3017,50
16.3026,50
16.3035,50
16.3045,50
16.3054,50
16.3064,50
16.3073,50
16.3083,50
16.3092,50
16.3102,50
16.3111,50
16.312,50
16.313,50
16.3139,50
16.3149,50
16.3158,50
16.3168,50
16.3177,50
16.3187,50
16.3196,50
16.3205,50
16.3215,50
16.3224,50
16.3234,50
16.3243,50
16.3253,50
16.3262,50
16.3271,50
16.3281,50
16.329,50
16.33,50
16.3309,50
16.3319,50
16.3328,50
16.3338,50
16.3347,50
16.3356,50
16.3366,50
16.3375,50
16.3385,50
16.3394,50
16.3404,50
16.3413,50
16.3423,50
16.3432,50
16.3441,50
16.3451,50
16.346,50
16.347,50
16.3479,50
16.3489,50
16.3498,50
16.3507,50
16.3517,50
16.3526,50
16.3536,50
16.3545,50
16.3555,50
16.3564,50
16.3574,50
16.3583,50
16.3592,50
16.3602,50
16.3611,50
16.3621,50
16.363,50
16.364,50
16.3649,50
16.3659,50
16.3668,50
16.3677,50
16.3687,50
16.3696,50
16.3706,50
16.3715,50
16.3725,50
16.3734,50
16.3743,50
16.3753,50
16.3762,50
16.3772,50
16.3781,50
16.3791,50
16.38,50
16.381,50
16.3819,50
16.3828,50
16.3838,50
16.3847,50
16.3857,50
16.3866,50
16.3876,50
16.3885,50
16.3895,50
16.3904,50
16.3913,50
16.3923,50
16.3932,50
16.3942,50
16.3951,50
16.3961,50
16.397,50
16.3979,50
16.3989,50
16.3998,50
16.4008,50
16.4017,50
16.4027,50
16.4036,50
16.4046,50
16.4055,50
16.414,50
16.4149,50
16.4159,50
16.4168,50
16.4178,50
16.4187,50
16.4197,50
16.4206,50
16.4215,50
16.4225,50
16.4234,50
16.4244,50
16.4253,50
16.4263,50
16.4272,50
16.4282,50
16.4291,50
16.43,50
16.431,50
16.4319,50
16.4329,50
16.4338,50
16.4348,50
16.4357,50
16.4367,50
16.4376,50
16.4385,50
16.4395,50
16.4404,50
16.4414,50
16.4423,50
16.4433,50
16.4442,50
16.4451,50
16.4461,50
16.447,50
16.448,50
16.4489,50
16.4499,50
16.4508,50
16.4518,50
16.4527,50
16.4536,50
16.4546,50
16.4555,50
16.4565,50
16.4574,50
16.4584,50
16.4593,50
16.4603,50
16.4612,50
16.4621,50
16.4631,50
16.464,50
16.465,50
16.4659,50
16.4669,50
16.4678,50
16.4687,50
16.4697,50
16.4706,50
16.4716,50
16.4725,50
16.4735,50
16.4744,50
16.4754,50
16.4763,50
16.4772,50
16.4782,50
16.4791,50
16.4801,50
16.481,50
16.482,50
16.4829,50
16.4839,50
16.4848,50
16.4857,50
16.4867,50
16.4876,50
16.4886,50
16.4895,50
16.4905,50
16.4914,50
16.4923,50
16.4933,50
16.4942,50
16.4952,50
16.4961,50
16.4971,50
16.498,50
16.499,50
16.4999,50
16.5008,50
16.5018,50
16.5027,50
16.5037,50
16.5046,50
16.5056,50
16.5065,50
16.5075,50
16.5084,50
16.5093,50
16.5103,50
16.5112,50
16.5122,50
16.5131,50
16.5141,50
16.515,50
16.5159,50
16.5169,50
16.5178,50
16.5188,50
16.5197,50
16.5207,50
16.5216,50
16.532,50
16.5329,50
16.5339,50
16.5348,50
16.5358,50
16.5367,50
16.5377,50
16.5386,50
16.5395,50
16.5405,50
16.5414,50
16.5424,50
16.5433,50
16.5443,50
16.5452,50
16.5462,50
16.5471,50
16.548,50
16.549,50
16.5499,50
16.5509,50
16.5518,50
16.5528,50
16.5537,50
16.5547,50
16.5556,50
16.5565,50
16.5575,50
16.5584,51
16.5594,51
16.5603,51
16.5613,51
16.5622,51
16.5631,51
16.5641,51
16.565,51
16.566,51
16.5669,51
16.5679,51
16.5688,51
16.5698,51
16.5707,51
16.5716,51
16.5726,51
16.5735,51
16.5745,51
16.5754,51
16.5764,51
16.5773,51
16.5783,51
16.5792,51
16.5801,51
16.5811,51
16.582,51
16.583,51
16.5839,51
16.5849,51
16.5858,51
16.5867,51
16.5877,51
16.5886,51
16.5896,51
16.5905,51
16.5915,51
16.5924,51
16.5934,51
16.5943,51
16.5952,51
16.5962,51
16.5971,51
16.5981,51
16.599,51
16.6,51
16.6009,51
16.6019,51
16.6028,51
16.6037,51
16.6047,51
16.6056,51
16.6066,51
16.6075,51
16.6085,51
16.6094,51
16.6103,51
16.6113,51
16.6122,51
16.6132,51
16.6141,51
16.6151,51
16.616,51
16.617,51
16.6179,51
16.6188,51
16.6198,51
16.6207,51
16.6217,51
16.6226,51
16.6236,51
16.6245,51
16.6255,51
16.6264,51
16.6273,51
16.6283,51
16.6292,51
16.6302,51
16.6311,51
16.6321,51
16.633,51
16.6339,51
16.6349,51
16.6358,51
16.6368,51
16.6377,51
16.6387,51
16.6396,51
16.6406,51
16.6415,51
16.6424,51
16.6434,51
16.6443,51
16.6453,51
16.6462,51
16.6472,51
16.6481,51
16.6491,51
16.65,51
16.6509,51
16.6519,51
16.6528,51
16.6538,51
16.6547,51
16.6557,51
16.6566,51
16.6575,51
16.6585,51
16.6594,51
16.6604,51
16.6613,51
16.6623,51
16.6632,51
16.6642,51
16.6651,51
16.666,51
16.667,51
16.6679,51
16.6689,51
16.6698,51
16.6708,51
16.6717,51
16.6727,51
16.6736,51
16.6745,51
16.6755,51
16.6764,51
16.6774,51
16.6783,51
16.6793,51
16.6802,51
16.6811,51
16.6821,51
16.683,51
16.684,51
16.6849,51
16.6859,51
16.6868,51
16.6878,51
16.6887,51
16.6896,51
16.6906,51
16.6915,51
16.6925,51
16.6934,51
16.6944,51
16.6953,51
16.6963,51
16.6972,51
16.6981,51
16.6991,51
16.7,51
16.701,51
16.7019,51
16.7029,51
16.7038,51
16.7047,51
16.7057,51
16.7066,51
16.7076,51
16.7085,51
16.7095,51
16.7104,51
16.7114,51
16.7123,51
16.7132,51
16.7142,51
16.7151,51
16.7161,51
16.717,51
16.718,51
16.7189,51
16.7199,51
16.7208,51
16.7217,51
16.7227,51
16.7236,51
16.7246,51
16.7255,51
16.7265,51
16.7274,51
16.7283,51
16.7293,51
16.7302,51
16.7312,51
16.7321,51
16.7331,51
16.734,51
16.735,51
16.7359,51
16.7368,51
16.7378,51
16.7387,51
16.7397,51
16.7406,51
16.7416,51
16.7425,51
16.7435,51
16.7444,51
16.7453,51
16.7463,51
16.7472,51
16.7482,51
16.7491,51
16.7501,51
16.751,51
16.7519,51
16.7529,51
16.7538,51
16.7548,51
16.7557,51
16.7567,51
16.7576,51
16.7586,51
16.7595,51
16.7604,51
16.7614,51
16.7623,51
16.7633,51
16.7642,51
16.7652,51
16.7661,51
16.7671,51
16.768,51
16.7689,51
16.7699,51
16.7708,51
16.7718,51
16.7727,51
16.7737,51
16.7746,51
16.7755,51
16.7765,51
16.7774,51
16.7784,51
16.7793,51
16.7803,51
16.7812,51
16.7822,51
16.7831,51
16.784,51
16.785,51
16.7859,51
16.7869,51
16.7878,51
16.7888,51
16.7897,51
16.7907,51
16.7916,51
16.7925,51
16.7935,51
16.7944,51
16.7954,51
16.7963,51
16.7973,51
16.7982,51
16.7991,51
16.8001,51
16.801,51
16.802,51
16.8029,51
16.8039,51
16.8048,51
16.8058,51
16.8067,51
16.8076,51
16.8086,51
16.8095,51
16.8105,51
16.8114,51
16.8124,52
16.8133,52
16.8143,52
16.8152,52
16.8161,52
16.8171,52
16.818,52
16.819,52
16.8199,52
16.8209,52
16.8218,52
16.8227,52
16.8237,52
16.8246,52
16.8256,52
16.8265,52
16.8275,52
16.8284,52
16.8294,52
16.8303,52
16.8312,52
16.8322,52
16.8331,52
16.8341,52
16.835,52
16.836,52
16.8369,52
16.8379,52
16.8388,52
16.8397,52
16.8407,52
16.8416,52
16.8426,52
16.8435,52
16.8445,52
16.8454,52
16.8463,52
16.8473,52
16.8482,52
16.8492,52
16.8501,52
16.8511,52
16.852,52
16.853,52
16.8539,52
16.8548,52
16.8558,52
16.8567,52
16.8577,52
16.8586,52
16.8596,52
16.8605,52
16.8615,52
16.8624,52
16.8633,52
16.8643,52
16.8652,52
16.8662,52
16.8671,52
16.8681,52
16.869,52
16.8699,52
16.8709,52
16.8718,52
16.8728,52
16.8737,52
16.8747,52
16.8756,52
16.8766,52
16.8775,52
16.8784,52
16.8794,52
16.8803,52
16.8813,52
16.8822,52
16.8832,52
16.8841,52
16.8851,52
16.886,52
16.8869,52
16.8879,52
16.8888,52
16.8898,52
16.8907,52
16.8917,52
16.8926,52
16.8935,52
16.8945,52
16.8954,52
16.8964,52
16.8973,52
16.8983,52
16.8992,52
16.9002,52
16.9011,52
16.902,52
16.903,52
16.9039,52
16.9049,52
16.9058,52
16.9068,52
16.9077,52
16.9087,52
16.9096,52
16.9105,52
16.9115,52
16.9124,52
16.9134,52
16.9143,52
16.9153,52
16.9162,52
16.9171,52
16.9181,52
16.919,52
16.92,52
16.9209,52
16.9219,52
16.9228,52
16.9238,52
16.9247,52
16.9256,52
16.9266,52
16.9275,52
16.9285,52
16.9294,52
16.9304,52
16.9313,52
16.9323,52
16.9332,52
16.9341,52
16.9351,52
16.936,52
16.937,52
16.9379,52
16.9389,52
16.9398,52
16.9407,52
16.9417,52
16.9426,52
16.9436,52
16.9445,52
16.9455,52
16.9464,52
16.9474,52
16.9483,52
16.9492,52
16.9502,52
16.9511,52
16.9521,52
16.953,52
16.954,52
16.9549,52
16.9559,52
16.9568,52
16.9577,52
16.9587,52
16.9596,52
16.9606,52
16.9615,52
16.9625,52
16.9634,52
16.9643,52
16.9653,52
16.9662,52
16.9672,52
16.9681,52
16.9691,52
16.97,52
16.971,52
16.9719,52
16.9728,52
16.9738,52
16.9747,52
16.9757,52
16.9766,52
16.9776,52
16.9785,52
16.9795,52
16.9804,52
16.9813,52
16.9823,52
16.9832,52
16.9842,52
16.9851,52
16.9861,52
16.987,52
16.9879,52
16.9889,52
16.9898,52
16.9908,52
16.9917,52
16.9927,52
16.9936,52
16.9946,52
16.9955,52
16.9964,52
16.9974,52
16.9983,52
16.9993,52
17.0002,52
17.0012,52
17.0021,52
17.0031,52
17.004,52
17.0049,52
17.0059,52
17.0068,52
17.0078,52
17.0087,52
17.0097,52
17.0106,52
17.0115,52
17.0125,52
17.0134,52
17.0144,52
17.0153,52
17.0163,52
17.0172,52
17.0182,52
17.0191,52
17.02,52
17.021,52
17.0219,52
17.0229,52
17.0238,52
17.0248,52
17.0257,52
17.0267,52
17.0276,52
17.0285,52
17.0295,52
17.0304,52
17.0314,52
17.0323,52
17.0333,52
17.0342,52
17.0351,52
17.0361,52
17.037,52
17.038,52
17.0389,52
17.0399,52
17.0408,52
17.0418,52
17.0427,52
17.0436,52
17.0446,52
17.0455,52
17.0465,52
17.0474,52
17.0484,52
17.0493,52
17.0503,52
17.0512,52
17.0521,52
17.0531,52
17.054,52
17.055,52
17.0559,52
17.0569,52
17.0578,52
17.0587,52
17.0597,52
17.0606,52
17.0616,52
17.0625,52
17.0635,52
17.0644,52
17.0654,52
17.0663,53
17.0672,53
17.0682,53
17.0691,53
17.0701,53
17.071,53
17.072,53
17.0729,53
17.0739,53
17.0748,53
17.0757,53
17.0767,53
17.0776,53
17.0786,53
17.0795,53
17.0805,53
17.0814,53
17.0823,53
17.0833,53
17.0842,53
17.0852,53
17.0861,53
17.0871,53
17.088,53
17.089,53
17.0899,53
17.0908,53
17.0918,53
17.0927,53
17.0937,53
17.0946,53
17.0956,53
17.0965,53
17.0975,53
17.0984,53
17.0993,53
17.1003,53
17.1012,53
17.1022,53
17.1031,53
17.1041,53
17.105,53
17.1059,53
17.1069,53
17.1078,53
17.1088,53
17.1097,53
17.1107,53
17.1116,53
17.1126,53
17.1135,53
17.1144,53
17.1154,53
17.1163,53
17.1173,53
17.1182,53
17.1192,53
17.1201,53
17.1211,53
17.122,53
17.1229,53
17.1239,53
17.1248,53
17.1258,53
17.1267,53
17.1277,53
17.1286,53
17.1295,53
17.1305,53
17.1314,53
17.1324,53
17.1333,53
17.1343,53
17.1352,53
17.1362,53
17.1371,53
17.138,53
17.139,53
17.1399,53
17.1409,53
17.1418,53
17.1428,53
17.1437,53
17.1447,53
17.1456,53
17.1465,53
17.1475,53
17.1484,53
17.1494,53
17.1503,53
17.1513,53
17.1522,53
17.1531,53
17.1541,53
17.155,53
17.156,53
17.1569,53
17.1579,53
17.1588,53
17.1598,53
17.1607,53
17.1616,53
17.1626,53
17.1635,53
17.1645,53
17.1654,53
17.1664,53
17.1673,53
17.1683,53
17.1692,53
17.1701,53
17.1711,53
17.172,53
17.173,53
17.1739,53
17.1749,53
17.1758,53
17.1767,53
17.1777,53
17.1786,53
17.1796,53
17.1805,53
17.1815,53
17.1824,53
17.1834,53
17.1843,53
17.1852,53
17.1862,53
17.1871,53
17.1881,53
17.189,53
17.19,53
17.1909,53
17.1919,53
17.1928,53
17.1937,53
17.1947,53
17.1956,53
17.1966,53
17.1975,53
17.1985,53
17.1994,53
17.2003,53
17.2013,53
17.2022,53
17.2032,53
17.2041,53
17.2051,53
17.206,53
17.207,53
17.2079,53
17.2088,53
17.2098,53
17.2107,53
17.2117,53
17.2126,53
17.2136,53
17.2145,53
17.2155,53
17.2164,53
17.2173,53
17.2183,53
17.2192,53
17.2202,53
17.2211,53
17.2221,53
17.223,53
17.2239,53
17.2249,53
17.2258,53
17.2268,53
17.2277,53
17.2287,53
17.2296,53
17.2306,53
17.2315,53
17.2324,53
17.2334,53
17.2343,53
17.2353,53
17.2362,53
17.2372,53
17.2381,53
17.2391,53
17.24,53
17.2409,53
17.2419,53
17.2428,53
17.2438,53
17.2447,53
17.2457,53
17.2466,53
17.2475,53
17.2485,53
17.2494,53
17.2504,53
17.2513,53
17.2523,53
17.2532,53
17.2542,53
17.2551,53
17.256,53
17.257,53
17.2579,53
17.2589,53
17.2598,53
17.2608,53
17.2617,53
17.2627,53
17.2636,53
17.2645,53
17.2655,53
17.2664,53
17.2674,53
17.2683,53
17.2693,53
17.2702,53
17.2711,53
17.2721,53
17.273,53
17.274,53
17.2749,53
17.2759,53
17.2768,53
17.2778,53
17.2787,53
17.2796,53
17.2806,53
17.2815,53
17.2825,53
17.2834,53
17.2844,53
17.2853,53
17.2863,53
17.2872,53
17.2881,53
17.2891,53
17.29,53
17.291,53
17.2919,53
17.2929,53
17.2938,53
17.2947,53
17.2957,53
17.2966,53
17.2976,53
17.2985,53
17.2995,53
17.3004,53
17.3014,53
17.3023,53
17.3032,53
17.3042,53
17.3051,53
17.3061,53
17.307,53
17.308,53
17.3089,53
17.3099,53
17.3108,53
17.3117,53
17.3127,53
17.3136,53
17.3146,53
17.3155,53
17.3165,53
17.3174,53
17.3183,53
17.3193,53
17.3202,54
17.3212,54
17.3221,54
17.3231,54
17.324,54
17.325,54
17.3259,54
17.3268,54
17.3278,54
17.3287,54
17.3297,54
17.3306,54
17.3316,54
17.3325,54
17.3335,54
17.3344,54
17.3353,54
17.3363,54
17.3372,54
17.3382,54
17.3391,54
17.3401,54
17.341,54
17.3419,54
17.3429,54
17.3438,54
17.3448,54
17.3457,54
17.3467,54
17.3476,54
17.3486,54
17.3495,54
17.3504,54
17.3514,54
17.3523,54
17.3533,54
17.3542,54
17.3552,54
17.3561,54
17.3571,54
17.358,54
17.3589,54
17.3599,54
17.3608,54
17.3618,54
17.3627,54
17.3637,54
17.3646,54
17.3655,54
17.3665,54
17.3674,54
17.3684,54
17.3693,54
17.3703,54
17.3712,54
17.3722,54
17.3731,54
17.374,54
17.375,54
17.3759,54
17.3769,54
17.3778,54
17.3788,54
17.3797,54
17.3807,54
17.3816,54
17.3825,54
17.3835,54
17.3844,54
17.3854,54
17.3863,54
17.3873,54
17.3882,54
17.3891,54
17.3901,54
17.391,54
17.392,54
17.3929,54
17.3939,54
17.3948,54
17.3958,54
17.3967,54
17.3976,54
17.3986,54
17.3995,54
17.4005,54
17.4014,54
17.4024,54
17.4033,54
17.4043,54
17.4052,54
17.4061,54
17.4071,54
17.408,54
17.409,54
17.4099,54
17.4109,54
17.4118,54
17.4127,54
17.4137,54
17.4146,54
17.4156,54
17.4165,54
17.4175,54
17.4184,54
17.4194,54
17.4203,54
17.4212,54
17.4222,54
17.4231,54
17.4241,54
17.425,54
17.426,54
17.4269,54
17.4279,54
17.4288,54
17.4297,54
17.4307,54
17.4316,54
17.4326,54
17.4335,54
17.4345,54
17.4354,54
17.4363,54
17.4373,54
17.4382,54
17.4392,54
17.4401,54
17.4411,54
17.442,54
17.443,54
17.4439,54
17.4448,54
17.4458,54
17.4467,54
17.4477,54
17.4486,54
17.4496,54
17.4505,54
17.4515,54
17.4524,54
17.4533,54
17.4543,54
17.4552,54
17.4562,54
17.4571,54
17.4581,54
17.459,54
17.4599,54
17.4609,54
17.4618,54
17.4628,54
17.4637,54
17.4647,54
17.4656,54
17.4666,54
17.4675,54
17.4684,54
17.4694,54
17.4703,54
17.4713,54
17.4722,54
17.4732,54
17.4741,54
17.4751,54
17.476,54
17.4769,54
17.4779,54
17.4788,54
17.4798,54
17.4807,54
17.4817,54
17.4826,54
17.4835,54
17.4845,54
17.4854,54
17.4864,54
17.4873,54
17.4883,54
17.4892,54
17.4902,54
17.4911,54
17.492,54
17.493,54
17.4939,54
17.4949,54
17.4958,54
17.4968,54
17.4977,54
17.4987,54
17.4996,54
17.5005,54
17.5015,54
17.5024,54
17.5034,54
17.5043,54
17.5053,54
17.5062,54
17.5071,54
17.5081,54
17.509,54
17.51,54
17.5109,54
17.5119,54
17.5128,54
17.5138,54
17.5147,54
17.5156,54
17.5166,54
17.5175,54
17.5185,54
17.5194,54
17.5204,54
17.5213,54
17.5223,54
17.5232,54
17.5241,54
17.5251,54
17.526,54
17.527,54
17.5279,54
17.5289,54
17.5298,54
17.5307,54
17.5317,54
17.5326,54
17.5336,54
17.5345,54
17.5355,54
17.5364,54
17.5374,54
17.5383,54
17.5392,54
17.5402,54
17.5411,54
17.5421,54
17.543,54
17.544,54
17.5449,54
17.5459,54
17.5468,54
17.5477,54
17.5487,54
17.5496,54
17.5506,54
17.5515,54
17.5525,54
17.5534,54
17.5543,54
17.5553,54
17.5562,54
17.5572,54
17.5581,54
17.5591,54
17.56,54
17.561,54
17.5619,54
17.5628,54
17.5638,54
17.5647,54
17.5657,54
17.5666,54
17.5676,54
17.5685,54
17.5695,54
17.5704,54
17.5713,54
17.5723,54
17.5732,54
17.5742,55
17.5751,55
17.5761,55
17.577,55
17.5779,55
17.5789,55
17.5798,55
17.5808,55
17.5817,55
17.5827,55
17.5836,55
17.5846,55
17.5855,55
17.5864,55
17.5874,55
17.5883,55
17.5893,55
17.5902,55
17.5912,55
17.5921,55
17.5931,55
17.594,55
17.5949,55
17.5959,55
17.5968,55
17.5978,55
17.5987,55
17.5997,55
17.6006,55
17.6015,55
17.6025,55
17.6034,55
17.6044,55
17.6053,55
17.6063,55
17.6072,55
17.6082,55
17.6091,55
17.61,55
17.611,55
17.6119,55
17.6129,55
17.6138,55
17.6148,55
17.6157,55
17.6167,55
17.6176,55
17.6185,55
17.6195,55
17.6204,55
17.6214,55
17.6223,55
17.6233,55
17.6242,55
17.6251,55
17.6261,55
17.627,55
17.628,55
17.6289,55
17.6299,55
17.6308,55
17.6318,55
17.6327,55
17.6336,55
17.6346,55
17.6355,55
17.6365,55
17.6374,55
17.6384,55
17.6393,55
17.6403,55
17.6412,55
17.6421,55
17.6431,55
17.644,55
17.645,55
17.6459,55
17.6469,55
17.6478,55
17.6487,55
17.6497,55
17.6506,55
17.6516,55
17.6525,55
17.6535,55
17.6544,55
17.6554,55
17.6563,55
17.6572,55
17.6582,55
17.6591,55
17.6601,55
17.661,55
17.662,55
17.6629,55
17.6639,55
17.6648,55
17.6657,55
17.6667,55
17.6676,55
17.6686,55
17.6695,55
17.6705,55
17.6714,55
17.6723,55
17.6733,55
17.6742,55
17.6752,55
17.6761,55
17.6771,55
17.678,55
17.679,55
17.6799,55
17.6808,55
17.6818,55
17.6827,55
17.6837,55
17.6846,55
17.6856,55
17.6865,55
17.6875,55
17.6884,55
17.6893,55
17.6903,55
17.6912,55
17.6922,55
17.6931,55
17.6941,55
17.695,55
17.6959,55
17.6969,55
17.6978,55
17.6988,55
17.6997,55
17.7007,55
17.7016,55
17.7026,55
17.7035,55
17.7044,55
17.7054,55
17.7063,55
17.7073,55
17.7082,55
17.7092,55
17.7101,55
17.7111,55
17.712,55
17.7129,55
17.7139,55
17.7148,55
17.7158,55
17.7167,55
17.7177,55
17.7186,55
17.7195,55
17.7205,55
17.7214,55
17.7224,55
17.7233,55
17.7243,55
17.7252,55
17.7262,55
17.7271,55
17.728,55
17.729,55
17.7299,55
17.7309,55
17.7318,55
17.7328,55
17.7337,55
17.7347,55
17.7356,55
17.7365,55
17.7375,55
17.7384,55
17.7394,55
17.7403,55
17.7413,55
17.7422,55
17.7431,55
17.7441,55
17.745,55
17.746,55
17.7469,55
17.7479,55
17.7488,55
17.7498,55
17.7507,55
17.7516,55
17.7526,55
17.7535,55
17.7545,55
17.7554,55
17.7564,55
17.7573,55
17.7583,55
17.7592,55
17.7601,55
17.7611,55
17.762,55
17.763,55
17.7639,55
17.7649,55
17.7658,55
17.7667,55
17.7677,55
17.7686,55
17.7696,55
17.7705,55
17.7715,55
17.7724,55
17.7734,55
17.7743,55
17.7752,55
17.7762,55
17.7771,55
17.7781,55
17.779,55
17.78,55
17.7809,55
17.7819,55
17.7828,55
17.7837,55
17.7847,55
17.7856,55
17.7866,55
17.7875,55
17.7885,55
17.7894,55
17.7903,55
17.7913,55
17.7922,55
17.7932,55
17.7941,55
17.7951,55
17.796,55
17.797,55
17.7979,55
17.7988,55
17.7998,55
17.8007,55
17.8017,55
17.8026,55
17.8036,55
17.8045,55
17.8055,55
17.8064,55
17.8073,55
17.8083,55
17.8092,55
17.8102,55
17.8111,55
17.8121,55
17.813,55
17.8139,55
17.8149,55
17.8158,55
17.8168,55
17.8177,55
17.8187,55
17.8196,55
17.8206,55
17.8215,55
17.8224,55
17.8234,55
17.8243,55
17.8253,55
17.8262,55
17.8272,55
17.8281,56
17.8291,56
17.83,56
17.8309,56
17.8319,56
17.8328,56
17.8338,56
17.8347,56
17.8357,56
17.8366,56
17.8375,56
17.8385,56
17.8394,56
17.8404,56
17.8413,56
17.8423,56
17.8432,56
17.8442,56
17.8451,56
17.846,56
17.847,56
17.8479,56
17.8489,56
17.8498,56
17.8508,56
17.8517,56
17.8527,56
17.8536,56
17.8545,56
17.8555,56
17.8564,56
17.8574,56
17.8583,56
17.8593,56
17.8602,56
17.8611,56
17.8621,56
17.863,56
17.864,56
17.8649,56
17.8659,56
17.8668,56
17.8678,56
17.8687,56
17.8696,56
17.8706,56
17.8715,56
17.8725,56
17.8734,56
17.8744,56
17.8753,56
17.8763,56
17.8772,56
17.8781,56
17.8791,56
17.88,56
17.881,56
17.8819,56
17.8829,56
17.8838,56
17.8847,56
17.8857,56
17.8866,56
17.8876,56
17.8885,56
17.8895,56
17.8904,56
17.8914,56
17.8923,56
17.8932,56
17.8942,56
17.8951,56
17.8961,56
17.897,56
17.898,56
17.8989,56
17.8999,56
17.9008,56
17.9017,56
17.9027,56
17.9036,56
17.9046,56
17.9055,56
17.9065,56
17.9074,56
17.9083,56
17.9093,56
17.9102,56
17.9112,56
17.9121,56
17.9131,56
17.914,56
17.915,56
17.9159,56
17.9168,56
17.9178,56
17.9187,56
17.9197,56
17.9206,56
17.9216,56
17.9225,56
17.9235,56
17.9244,56
17.9253,56
17.9263,56
17.9272,56
17.9282,56
17.9291,56
17.9301,56
17.931,56
17.9319,56
17.9329,56
17.9338,56
17.9348,56
17.9357,56
17.9367,56
17.9376,56
17.9386,56
17.9395,56
17.9404,56
17.9414,56
17.9423,56
17.9433,56
17.9442,56
17.9452,56
17.9461,56
17.9471,56
17.948,56
17.9489,56
17.9499,56
17.9508,56
17.9518,56
17.9527,56
17.9537,56
17.9546,56
17.9555,56
17.9565,56
17.9574,56
17.9584,56
17.9593,56
17.9603,56
17.9612,56
17.9622,56
17.9631,56
17.964,56
17.965,56
17.9659,56
17.9669,56
17.9678,56
17.9688,56
17.9697,56
17.9707,56
17.9716,56
17.9725,56
17.9735,56
17.9744,56
17.9754,56
17.9763,56
17.9773,56
17.9782,56
17.9791,56
17.9801,56
17.981,56
17.982,56
17.9829,56
17.9839,56
17.9848,56
17.9858,56
17.9867,56
17.9876,56
17.9886,56
17.9895,56
17.9905,56
17.9914,56
17.9924,56
17.9933,56
17.9943,56
17.9952,56
17.9961,56
17.9971,56
17.998,56
17.999,56
17.9999,56
18.0009,56
18.0018,56
18.0027,56
18.0037,56
18.0046,56
18.0056,56
18.0065,56
18.0075,56
18.0084,56
18.0094,56
18.0103,56
18.0112,56
18.0122,56
18.0131,56
18.0141,56
18.015,56
18.016,56
18.0169,56
18.0179,56
18.0188,56
18.0197,56
18.0207,56
18.0216,56
18.0226,56
18.0235,56
18.0245,56
18.0254,56
18.0263,56
18.0273,56
18.0282,56
18.0292,56
18.0301,56
18.0311,56
18.032,56
18.033,56
18.0339,56
18.0348,56
18.0358,56
18.0367,56
18.0377,56
18.0386,56
18.0396,56
18.0405,56
18.0415,56
18.0424,56
18.0433,56
18.0443,56
18.0452,56
18.0462,56
18.0471,56
18.0481,56
18.049,56
18.0499,56
18.0509,56
18.0518,56
18.0528,56
18.0537,56
18.0547,56
18.0556,56
18.0566,56
18.0575,56
18.0584,56
18.0594,56
18.0603,56
18.0613,56
18.0622,56
18.0632,56
18.0641,56
18.0651,56
18.066,56
18.0669,56
18.0679,56
18.0688,56
18.0698,56
18.0707,56
18.0717,56
18.0726,56
18.0735,56
18.0745,56
18.0754,56
18.0764,56
18.0773,56
18.0783,56
18.0792,56
18.0802,56
18.0811,56
18.082,56
18.083,56
18.0839,56
18.0849,56
18.0858,56
18.0868,56
18.0877,56
18.0887,56
18.0896,56
18.0905,57
18.0915,57
18.0924,57
18.0934,57
18.0943,57
18.0953,57
18.0962,57
18.0971,57
18.0981,57
18.099,57
18.1,57
18.1009,57
18.1019,57
18.1028,57
18.1038,57
18.1047,57
18.1056,57
18.1066,57
18.1075,57
18.1085,57
18.1094,57
18.1104,57
18.1113,57
18.1123,57
18.1132,57
18.1141,57
18.1151,57
18.116,57
18.117,57
18.1179,57
18.1189,57
18.1198,57
18.1207,57
18.1217,57
18.1226,57
18.1236,57
18.1245,57
18.1255,57
18.1264,57
18.1274,57
18.1283,57
18.1292,57
18.1302,57
18.1311,57
18.1321,57
18.133,57
18.134,57
18.1349,57
18.1359,57
18.1368,57
18.1377,57
18.1387,57
18.1396,57
18.1406,57
18.1415,57
18.1425,57
18.1434,57
18.1443,57
18.1453,57
18.1462,57
18.1472,57
18.1481,57
18.1491,57
18.15,57
18.151,57
18.1519,57
18.1528,57
18.1538,57
18.1547,57
18.1557,57
18.1566,57
18.1576,57
18.1585,57
18.1595,57
18.1604,57
18.1613,57
18.1623,57
18.1632,57
18.1642,57
18.1651,57
18.1661,57
18.167,57
18.1679,57
18.1689,57
18.1698,57
18.1708,57
18.1717,57
18.1727,57
18.1736,57
18.1746,57
18.1755,57
18.1764,57
18.1774,57
18.1783,57
18.1793,57
18.1802,57
18.1812,57
18.1821,57
18.1831,57
18.184,57
18.1849,57
18.1859,57
18.1868,57
18.1878,57
18.1887,57
18.1897,57
18.1906,57
18.1915,57
18.1925,57
18.1934,57
18.1944,57
18.1953,57
18.1963,57
18.1972,57
18.1982,57
18.1991,57
18.2,57
18.201,57
18.2019,57
18.2029,57
18.2038,57
18.2048,57
18.2057,57
18.2067,57
18.2076,57
18.2085,57
18.2095,57
18.2104,57
18.2114,57
18.2123,57
18.2133,57
18.2142,57
18.2151,57
18.2161,57
18.217,57
18.218,57
18.2189,57
18.2199,57
18.2208,57
18.2218,57
18.2227,57
18.2236,57
18.2246,57
18.2255,57
18.2265,57
18.2274,57
18.2284,57
18.2293,57
18.2303,57
18.2312,57
18.2321,57
18.2331,57
18.234,57
18.235,57
18.2359,57
18.2369,57
18.2378,57
18.2387,57
18.2397,57
18.2406,57
18.2416,57
18.2425,57
18.2435,57
18.2444,57
18.2454,57
18.2463,57
18.2472,57
18.2482,57
18.2491,57
18.2501,57
18.251,57
18.252,57
18.2529,57
18.2539,57
18.2548,57
18.2557,57
18.2567,57
18.2576,57
18.2586,57
18.2595,57
18.2605,57
18.2614,57
18.2623,57
18.2633,57
18.2642,57
18.2652,57
18.2661,57
18.2671,57
18.268,57
18.269,57
18.2699,57
18.2708,57
18.2718,57
18.2727,57
18.2737,57
18.2746,57
18.2756,57
18.2765,57
18.2775,57
18.2784,57
18.2793,57
18.2803,57
18.2812,57
18.2822,57
18.2831,57
18.2841,57
18.285,57
18.2859,57
18.2869,57
18.2878,57
18.2888,57
18.2897,57
18.2907,57
18.2916,57
18.2926,57
18.2935,57
18.2944,57
18.2954,57
18.2963,57
18.2973,57
18.2982,57
18.2992,57
18.3001,57
18.3011,57
18.302,57
18.3029,57
18.3039,57
18.3048,57
18.3058,57
18.3067,57
18.3077,57
18.3086,57
18.3095,57
18.3105,57
18.3114,57
18.3124,57
18.3133,57
18.3143,57
18.3152,57
18.3162,57
18.3171,57
18.318,57
18.319,57
18.3199,57
18.3209,57
18.3218,57
18.3228,57
18.3237,57
18.3247,57
18.3256,57
18.3265,57
18.3275,57
18.3284,57
18.3294,57
18.3303,57
18.3313,57
18.3322,57
18.3331,57
18.3341,57
18.335,57
18.336,57
18.3369,57
18.3379,57
18.3388,57
18.3398,57
18.3407,57
18.3416,57
18.3426,57
18.3435,57
18.3445,58
18.3454,58
18.3464,58
18.3473,58
18.3483,58
18.3492,58
18.3501,58
18.3511,58
18.352,58
18.353,58
18.3539,58
18.3549,58
18.3558,58
18.3567,58
18.3577,58
18.3586,58
18.3596,58
18.3605,58
18.3615,58
18.3624,58
18.3634,58
18.3643,58
18.3652,58
18.3662,58
18.3671,58
18.3681,58
18.369,58
18.37,58
18.3709,58
18.3719,58
18.3728,58
18.3737,58
18.3747,58
18.3756,58
18.3766,58
18.3775,58
18.3785,58
18.3794,58
18.3803,58
18.3813,58
18.3822,58
18.3832,58
18.3841,58
18.3851,58
18.386,58
18.387,58
18.3879,58
18.3888,58
18.3898,58
18.3907,58
18.3917,58
18.3926,58
18.3936,58
18.3945,58
18.3955,58
18.3964,58
18.3973,58
18.3983,58
18.3992,58
18.4002,58
18.4011,58
18.4021,58
18.403,58
18.4039,58
18.4049,58
18.4058,58
18.4068,58
18.4077,58
18.4087,58
18.4096,58
18.4106,58
18.4115,58
18.4124,58
18.4134,58
18.4143,58
18.4153,58
18.4162,58
18.4172,58
18.4181,58
18.4191,58
18.42,58
18.4209,58
18.4219,58
18.4228,58
18.4238,58
18.4247,58
18.4257,58
18.4266,58
18.4275,58
18.4285,58
18.4294,58
18.4304,58
18.4313,58
18.4323,58
18.4332,58
18.4342,58
18.4351,58
18.436,58
18.437,58
18.4379,58
18.4389,58
18.4398,58
18.4408,58
18.4417,58
18.4427,58
18.4436,58
18.4445,58
18.4455,58
18.4464,58
18.4474,58
18.4483,58
18.4493,58
18.4502,58
18.4511,58
18.4521,58
18.453,58
18.454,58
18.4549,58
18.4559,58
18.4568,58
18.4578,58
18.4587,58
18.4596,58
18.4606,58
18.4615,58
18.4625,58
18.4634,58
18.4644,58
18.4653,58
18.4663,58
18.4672,58
18.4681,58
18.4691,58
18.47,58
18.471,58
18.4719,58
18.4729,58
18.4738,58
18.4747,58
18.4757,58
18.4766,58
18.4776,58
18.4785,58
18.4795,58
18.4804,58
18.4814,58
18.4823,58
18.4832,58
18.4842,58
18.4851,58
18.4861,58
18.487,58
18.488,58
18.4889,58
18.4899,58
18.4908,58
18.4917,58
18.4927,58
18.4936,58
18.4946,58
18.4955,58
18.4965,58
18.4974,58
18.4983,58
18.4993,58
18.5002,58
18.5012,58
18.5021,58
18.5031,58
18.504,58
18.505,58
18.5059,58
18.5068,58
18.5078,58
18.5087,58
18.5097,58
18.5106,58
18.5116,58
18.5125,58
18.5135,58
18.5144,58
18.5153,58
18.5163,58
18.5172,58
18.5182,58
18.5191,58
18.5201,58
18.521,58
18.5219,58
18.5229,58
18.5238,58
18.5248,58
18.5257,58
18.5267,58
18.5276,58
18.5286,58
18.5295,58
18.5304,58
18.5314,58
18.5323,58
18.5333,58
18.5342,58
18.5352,58
18.5361,58
18.5371,58
18.538,58
18.5389,58
18.5399,58
18.5408,58
18.5418,58
18.5427,58
18.5437,58
18.5446,58
18.5455,58
18.5465,58
18.5474,58
18.5484,58
18.5493,58
18.5503,58
18.5512,58
18.5522,58
18.5531,58
18.554,58
18.555,58
18.5559,58
18.5569,58
18.5578,58
18.5588,58
18.5597,58
18.5607,58
18.5616,58
18.5625,58
18.5635,58
18.5644,58
18.5654,58
18.5663,58
18.5673,58
18.5682,58
18.5691,58
18.5701,58
18.571,58
18.572,58
18.5729,58
18.5739,58
18.5748,58
18.5758,58
18.5767,58
18.5776,58
18.5786,58
18.5795,58
18.5805,58
18.5814,58
18.5824,58
18.5833,58
18.5843,58
18.5852,58
18.5861,58
18.5871,58
18.588,58
18.589,58
18.5899,58
18.5909,58
18.5918,58
18.5927,58
18.5937,58
18.5946,58
18.5956,58
18.5965,58
18.5975,59
18.5984,59
18.5994,59
18.6003,59
18.6012,59
18.6022,59
18.6031,59
18.6041,59
18.605,59
18.606,59
18.6069,59
18.6079,59
18.6088,59
18.6097,59
18.6107,59
18.6116,59
18.6126,59
18.6135,59
18.6145,59
18.6154,59
18.6163,59
18.6173,59
18.6182,59
18.6192,59
18.6201,59
18.6211,59
18.622,59
18.623,59
18.6239,59
18.6248,59
18.6258,59
18.6267,59
18.6277,59
18.6286,59
18.6296,59
18.6305,59
18.6315,59
18.6324,59
18.6333,59
18.6343,59
18.6352,59
18.6362,59
18.6371,59
18.6381,59
18.639,59
18.6399,59
18.6409,59
18.6418,59
18.6428,59
18.6437,59
18.6447,59
18.6456,59
18.6466,59
18.6475,59
18.6484,59
18.6494,59
18.6503,59
18.6513,59
18.6522,59
18.6532,59
18.6541,59
18.6551,59
18.656,59
18.6569,59
18.6579,59
18.6588,59
18.6598,59
18.6607,59
18.6617,59
18.6626,59
18.6635,59
18.6645,59
18.6654,59
18.6664,59
18.6673,59
18.6683,59
18.6692,59
18.6702,59
18.6711,59
18.672,59
18.673,59
18.6739,59
18.6749,59
18.6758,59
18.6768,59
18.6777,59
18.6787,59
18.6796,59
18.6805,59
18.6815,59
18.6824,59
18.6834,59
18.6843,59
18.6853,59
18.6862,59
18.6871,59
18.6881,59
18.689,59
18.69,59
18.6909,59
18.6919,59
18.6928,59
18.6938,59
18.6947,59
18.6956,59
18.6966,59
18.6975,59
18.6985,59
18.6994,59
18.7004,59
18.7013,59
18.7023,59
18.7032,59
18.7041,59
18.7051,59
18.706,59
18.707,59
18.7079,59
18.7089,59
18.7098,59
18.7107,59
18.7117,59
18.7126,59
18.7136,59
18.7145,59
18.7155,59
18.7164,59
18.7174,59
18.7183,59
18.7192,59
18.7202,59
18.7211,59
18.7221,59
18.723,59
18.724,59
18.7249,59
18.7259,59
18.7268,59
18.7277,59
18.7287,59
18.7296,59
18.7306,59
18.7315,59
18.7325,59
18.7334,59
18.7343,59
18.7353,59
18.7362,59
18.7372,59
18.7381,59
18.7391,59
18.74,59
18.741,59
18.7419,59
18.7428,59
18.7438,59
18.7447,59
18.7457,59
18.7466,59
18.7476,59
18.7485,59
18.7495,59
18.7504,59
18.7513,59
18.7523,59
18.7532,59
18.7542,59
18.7551,59
18.7561,59
18.757,59
18.7579,59
18.7589,59
18.7598,59
18.7608,59
18.7617,59
18.7627,59
18.7636,59
18.7646,59
18.7655,59
18.7664,59
18.7674,59
18.7683,59
18.7693,59
18.7702,59
18.7712,59
18.7721,59
18.7731,59
18.774,59
18.7749,59
18.7759,59
18.7768,59
18.7778,59
18.7787,59
18.7797,59
18.7806,59
18.7815,59
18.7825,59
18.7834,59
18.7844,59
18.7853,59
18.7863,59
18.7872,59
18.7882,59
18.7891,59
18.79,59
18.791,59
18.7919,59
18.7929,59
18.7938,59
18.7948,59
18.7957,59
18.7967,59
18.7976,59
18.7985,59
18.7995,59
18.8004,59
18.8014,59
18.8023,59
18.8033,59
18.8042,59
18.8051,59
18.8061,59
18.807,59
18.808,59
18.8089,59
18.8099,59
18.8108,59
18.8118,59
18.8127,59
18.8136,59
18.8146,59
18.8155,59
18.8165,59
18.8174,59
18.8184,59
18.8193,59
18.8203,59
18.8212,59
18.8221,59
18.8231,59
18.824,59
18.825,59
18.8259,59
18.8269,59
18.8278,59
18.8287,59
18.8297,59
18.8306,59
18.8316,59
18.8325,59
18.8335,59
18.8344,59
18.8354,59
18.8363,59
18.8372,59
18.8382,59
18.8391,59
18.8401,59
18.841,59
18.842,59
18.8429,59
18.8439,59
18.8448,59
18.8457,59
18.8467,59
18.8476,59
18.8486,59
18.8495,59
18.8505,59
18.8514,60
18.8523,60
18.8533,60
18.8542,60
18.8552,60
18.8561,60
18.8571,60
18.858,60
18.859,60
18.8599,60
18.8608,60
18.8618,60
18.8627,60
18.8637,60
18.8646,60
18.8656,60
18.8665,60
18.8675,60
18.8684,60
18.8693,60
18.8703,60
18.8712,60
18.8722,60
18.8731,60
18.8741,60
18.875,60
18.8759,60
18.8769,60
18.8778,60
18.8788,60
18.8797,60
18.8807,60
18.8816,60
18.8826,60
18.8835,60
18.8844,60
18.8854,60
18.8863,60
18.8873,60
18.8882,60
18.8892,60
18.8901,60
18.8911,60
18.892,60
18.8929,60
18.8939,60
18.8948,60
18.8958,60
18.8967,60
18.8977,60
18.8986,60
18.8995,60
18.9005,60
18.9014,60
18.9024,60
18.9033,60
18.9043,60
18.9052,60
18.9062,60
18.9071,60
18.908,60
18.909,60
18.9099,60
18.9109,60
18.9118,60
18.9128,60
18.9137,60
18.9147,60
18.9156,60
18.9165,60
18.9175,60
18.9184,60
18.9194,60
18.9203,60
18.9213,60
18.9222,60
18.9231,60
18.9241,60
18.925,60
18.926,60
18.9269,60
18.9279,60
18.9288,60
18.9298,60
18.9307,60
18.9316,60
18.9326,60
18.9335,60
18.9345,60
18.9354,60
18.9364,60
18.9373,60
18.9383,60
18.9392,60
18.9401,60
18.9411,60
18.942,60
18.943,60
18.9439,60
18.9449,60
18.9458,60
18.9467,60
18.9477,60
18.9486,60
18.9496,60
18.9505,60
18.9515,60
18.9524,60
18.9534,60
18.9543,60
18.9552,60
18.9562,60
18.9571,60
18.9581,60
18.959,60
18.96,60
18.9609,60
18.9619,60
18.9628,60
18.9637,60
18.9647,60
18.9656,60
18.9666,60
18.9675,60
18.9685,60
18.9694,60
18.9703,60
18.9713,60
18.9722,60
18.9732,60
18.9741,60
18.9751,60
18.976,60
18.977,60
18.9779,60
18.9788,60
18.9798,60
18.9807,60
18.9817,60
18.9826,60
18.9836,60
18.9845,60
18.9855,60
18.9864,60
18.9873,60
18.9883,60
18.9892,60
18.9902,60
18.9911,60
18.9921,60
18.993,60
18.9939,60
18.9949,60
18.9958,60
18.9968,60
18.9977,60
18.9987,60
18.9996,60
19.0006,60
19.0015,60
19.0024,60
19.0034,60
19.0043,60
19.0053,60
19.0062,60
19.0072,60
19.0081,60
19.0091,60
19.01,60
19.0109,60
19.0119,60
19.0128,60
19.0138,60
19.0147,60
19.0157,60
19.0166,60
19.0175,60
19.0185,60
19.0194,60
19.0204,60
19.0213,60
19.0223,60
19.0232,60
19.0242,60
19.0251,60
19.026,60
19.027,60
19.0279,60
19.0289,60
19.0298,60
19.0308,60
19.0317,60
19.0327,60
19.0336,60
19.0345,60
19.0355,60
19.0364,60
19.0374,60
19.0383,60
19.0393,60
19.0402,60
19.0411,60
19.0421,60
19.043,60
19.044,60
19.0449,60
19.0459,60
19.0468,60
19.0478,60
19.0487,60
19.0496,60
19.0506,60
19.0515,60
19.0525,60
19.0534,60
19.0544,60
19.0553,60
19.0563,60
19.0572,60
19.0581,60
19.0591,60
19.06,60
19.061,60
19.0619,60
19.0629,60
19.0638,60
19.0647,60
19.0657,60
19.0666,60
19.0676,60
19.0685,60
19.0695,60
19.0704,60
19.0714,60
19.0723,60
19.0732,60
19.0742,60
19.0751,60
19.0761,60
19.077,60
19.078,60
19.0789,60
19.0799,60
19.0808,60
19.0817,60
19.0827,60
19.0836,60
19.0846,60
19.0855,60
19.0865,60
19.0874,60
19.0883,60
19.0893,60
19.0902,60
19.0912,60
19.0921,60
19.0931,60
19.094,60
19.095,60
19.0959,60
19.0968,60
19.0978,60
19.0987,60
19.0997,60
19.1006,60
19.1016,60
19.1025,60
19.1035,60
19.1044,60
19.1053,60
19.1063,61
19.1072,61
19.1082,61
19.1091,61
19.1101,61
19.111,61
19.1119,61
19.1129,61
19.1138,61
19.1148,61
19.1157,61
19.1167,61
19.1176,61
19.1186,61
19.1195,61
19.1204,61
19.1214,61
19.1223,61
19.1233,61
19.1242,61
19.1252,61
19.1261,61
19.1271,61
19.128,61
19.1289,61
19.1299,61
19.1308,61
19.1318,61
19.1327,61
19.1337,61
19.1346,61
19.1355,61
19.1365,61
19.1374,61
19.1384,61
19.1393,61
19.1403,61
19.1412,61
19.1422,61
19.1431,61
19.144,61
19.145,61
19.1459,61
19.1469,61
19.1478,61
19.1488,61
19.1497,61
19.1507,61
19.1516,61
19.1525,61
19.1535,61
19.1544,61
19.1554,61
19.1563,61
19.1573,61
19.1582,61
19.1591,61
19.1601,61
19.161,61
19.162,61
19.1629,61
19.1639,61
19.1648,61
19.1658,61
19.1667,61
19.1676,61
19.1686,61
19.1695,61
19.1705,61
19.1714,61
19.1724,61
19.1733,61
19.1743,61
19.1752,61
19.1761,61
19.1771,61
19.178,61
19.179,61
19.1799,61
19.1809,61
19.1818,61
19.1827,61
19.1837,61
19.1846,61
19.1856,61
19.1865,61
19.1875,61
19.1884,61
19.1894,61
19.1903,61
19.1912,61
19.1922,61
19.1931,61
19.1941,61
19.195,61
19.196,61
19.1969,61
19.1979,61
19.1988,61
19.1997,61
19.2007,61
19.2016,61
19.2026,61
19.2035,61
19.2045,61
19.2054,61
19.2063,61
19.2073,61
19.2082,61
19.2092,61
19.2101,61
19.2111,61
19.212,61
19.213,61
19.2139,61
19.2148,61
19.2158,61
19.2167,61
19.2177,61
19.2186,61
19.2196,61
19.2205,61
19.2215,61
19.2224,61
19.2233,61
19.2243,61
19.2252,61
19.2262,61
19.2271,61
19.2281,61
19.229,61
19.2299,61
19.2309,61
19.2318,61
19.2328,61
19.2337,61
19.2347,61
19.2356,61
19.2366,61
19.2375,61
19.2384,61
19.2394,61
19.2403,61
19.2413,61
19.2422,61
19.2432,61
19.2441,61
19.2451,61
19.246,61
19.2469,61
19.2479,61
19.2488,61
19.2498,61
19.2507,61
19.2517,61
19.2526,61
19.2535,61
19.2545,61
19.2554,61
19.2564,61
19.2573,61
19.2583,61
19.2592,61
19.2602,61
19.2611,61
19.262,61
19.263,61
19.2639,61
19.2649,61
19.2658,61
19.2668,61
19.2677,61
19.2687,61
19.2696,61
19.2705,61
19.2715,61
19.2724,61
19.2734,61
19.2743,61
19.2753,61
19.2762,61
19.2771,61
19.2781,61
19.279,61
19.28,61
19.2809,61
19.2819,61
19.2828,61
19.2838,61
19.2847,61
19.2856,61
19.2866,61
19.2875,61
19.2885,61
19.2894,61
19.2904,61
19.2913,61
19.2923,61
19.2932,61
19.2941,61
19.2951,61
19.296,61
19.297,61
19.2979,61
19.2989,61
19.2998,61
19.3007,61
19.3017,61
19.3026,61
19.3036,61
19.3045,61
19.3055,61
19.3064,61
19.3074,61
19.3083,61
19.3092,61
19.3102,61
19.3111,61
19.3121,61
19.313,61
19.314,61
19.3149,61
19.3159,61
19.3168,61
19.3177,61
19.3187,61
19.3196,61
19.3206,61
19.3215,61
19.3225,61
19.3234,61
19.3243,61
19.3253,61
19.3262,61
19.3272,61
19.3281,61
19.3291,61
19.33,61
19.331,61
19.3319,61
19.3328,61
19.3338,61
19.3347,61
19.3357,61
19.3366,61
19.3376,61
19.3385,61
19.3395,61
19.3404,61
19.3413,61
19.3423,61
19.3432,61
19.3442,61
19.3451,61
19.3461,61
19.347,61
19.3479,61
19.3489,61
19.3498,61
19.3508,61
19.3517,61
19.3527,61
19.3536,61
19.3546,61
19.3555,61
19.3564,61
19.3574,61
19.3583,61
19.3593,61
19.3602,62
19.3612,62
19.3621,62
19.3631,62
19.364,62
19.3649,62
19.3659,62
19.3668,62
19.3678,62
19.3687,62
19.3697,62
19.3706,62
19.3715,62
19.3725,62
19.3734,62
19.3744,62
19.3753,62
19.3763,62
19.3772,62
19.3782,62
19.3791,62
19.38,62
19.381,62
19.3819,62
19.3829,62
19.3838,62
19.3848,62
19.3857,62
19.3867,62
19.3876,62
19.3885,62
19.3895,62
19.3904,62
19.3914,62
19.3923,62
19.3933,62
19.3942,62
19.3951,62
19.3961,62
19.397,62
19.398,62
19.3989,62
19.3999,62
19.4008,62
19.4018,62
19.4027,62
19.4036,62
19.4046,62
19.4055,62
19.4065,62
19.4074,62
19.4084,62
19.4093,62
19.4103,62
19.4112,62
19.4121,62
19.4131,62
19.414,62
19.415,62
19.4159,62
19.4169,62
19.4178,62
19.4187,62
19.4197,62
19.4206,62
19.4216,62
19.4225,62
19.4235,62
19.4244,62
19.4254,62
19.4263,62
19.4272,62
19.4282,62
19.4291,62
19.4301,62
19.431,62
19.432,62
19.4329,62
19.4339,62
19.4348,62
19.4357,62
19.4367,62
19.4376,62
19.4386,62
19.4395,62
19.4405,62
19.4414,62
19.4423,62
19.4433,62
19.4442,62
19.4452,62
19.4461,62
19.4471,62
19.448,62
19.449,62
19.4499,62
19.4508,62
19.4518,62
19.4527,62
19.4537,62
19.4546,62
19.4556,62
19.4565,62
19.4575,62
19.4584,62
19.4593,62
19.4603,62
19.4612,62
19.4622,62
19.4631,62
19.4641,62
19.465,62
19.4659,62
19.4669,62
19.4678,62
19.4688,62
19.4697,62
19.4707,62
19.4716,62
19.4726,62
19.4735,62
19.4744,62
19.4754,62
19.4763,62
19.4773,62
19.4782,62
19.4792,62
19.4801,62
19.4811,62
19.482,62
19.4829,62
19.4839,62
19.4848,62
19.4858,62
19.4867,62
19.4877,62
19.4886,62
19.4895,62
19.4905,62
19.4914,62
19.4924,62
19.4933,62
19.4943,62
19.4952,62
19.4962,62
19.4971,62
19.498,62
19.499,62
19.4999,62
19.5009,62
19.5018,62
19.5028,62
19.5037,62
19.5047,62
19.5056,62
19.5065,62
19.5075,62
19.5084,62
19.5094,62
19.5103,62
19.5113,62
19.5122,62
19.5131,62
19.5141,62
19.515,62
19.516,62
19.5169,62
19.5179,62
19.5188,62
19.5198,62
19.5207,62
19.5216,62
19.5226,62
19.5235,62
19.5245,62
19.5254,62
19.5264,62
19.5273,62
19.5283,62
19.5292,62
19.5301,62
19.5311,62
19.532,62
19.533,62
19.5339,62
19.5349,62
19.5358,62
19.5367,62
19.5377,62
19.5386,62
19.5396,62
19.5405,62
19.5415,62
19.5424,62
19.5434,62
19.5443,62
19.5452,62
19.5462,62
19.5471,62
19.5481,62
19.549,62
19.55,62
19.5509,62
19.5519,62
19.5528,62
19.5537,62
19.5547,62
19.5556,62
19.5566,62
19.5575,62
19.5585,62
19.5594,62
19.5603,62
19.5613,62
19.5622,62
19.5632,62
19.5641,62
19.5651,62
19.566,62
19.567,62
19.5679,62
19.5688,62
19.5698,62
19.5707,62
19.5717,62
19.5726,62
19.5736,62
19.5745,62
19.5755,62
19.5764,62
19.5773,62
19.5783,62
19.5792,62
19.5802,62
19.5811,62
19.5821,62
19.583,62
19.5839,62
19.5849,62
19.5858,62
19.5868,62
19.5877,62
19.5887,62
19.5896,62
19.5906,62
19.5915,62
19.5924,62
19.5934,62
19.5943,62
19.5953,62
19.5962,62
19.5972,62
19.5981,62
19.5991,62
19.6,62
19.6009,62
19.6019,62
19.6028,62
19.6038,62
19.6047,62
19.6057,62
19.6066,62
19.6075,62
19.6085,62
19.6094,62
19.6104,62
19.6113,62
19.6123,62
19.6132,62
19.6142,63
19.6151,63
19.616,63
19.617,63
19.6179,63
19.6189,63
19.6198,63
19.6208,63
19.6217,63
19.6227,63
19.6236,63
19.6245,63
19.6255,63
19.6264,63
19.6274,63
19.6283,63
19.6293,63
19.6302,63
19.6311,63
19.6321,63
19.633,63
19.634,63
19.6349,63
19.6359,63
19.6368,63
19.6378,63
19.6387,63
19.6396,63
19.6406,63
19.6415,63
19.6425,63
19.6434,63
19.6444,63
19.6453,63
19.6463,63
19.6472,63
19.6481,63
19.6491,63
19.65,63
19.651,63
19.6519,63
19.6529,63
19.6538,63
19.6547,63
19.6557,63
19.6566,63
19.6576,63
19.6585,63
19.6595,63
19.6604,63
19.6614,63
19.6623,63
19.6632,63
19.6642,63
19.6651,63
19.6661,63
19.667,63
19.668,63
19.6689,63
19.6699,63
19.6708,63
19.6717,63
19.6727,63
19.6736,63
19.6746,63
19.6755,63
19.6765,63
19.6774,63
19.6783,63
19.6793,63
19.6802,63
19.6812,63
19.6821,63
19.6831,63
19.684,63
19.685,63
19.6859,63
19.6868,63
19.6878,63
19.6887,63
19.6897,63
19.6906,63
19.6916,63
19.6925,63
19.6935,63
19.6944,63
19.6953,63
19.6963,63
19.6972,63
19.6982,63
19.6991,63
19.7001,63
19.701,63
19.7019,63
19.7029,63
19.7038,63
19.7048,63
19.7057,63
19.7067,63
19.7076,63
19.7086,63
19.7095,63
19.7104,63
19.7114,63
19.7123,63
19.7133,63
19.7142,63
19.7152,63
19.7161,63
19.7171,63
19.718,63
19.7189,63
19.7199,63
19.7208,63
19.7218,63
19.7227,63
19.7237,63
19.7246,63
19.7255,63
19.7265,63
19.7274,63
19.7284,63
19.7293,63
19.7303,63
19.7312,63
19.7322,63
19.7331,63
19.734,63
19.735,63
19.7359,63
19.7369,63
19.7378,63
19.7388,63
19.7397,63
19.7407,63
19.7416,63
19.7425,63
19.7435,63
19.7444,63
19.7454,63
19.7463,63
19.7473,63
19.7482,63
19.7491,63
19.7501,63
19.751,63
19.752,63
19.7529,63
19.7539,63
19.7548,63
19.7558,63
19.7567,63
19.7576,63
19.7586,63
19.7595,63
19.7605,63
19.7614,63
19.7624,63
19.7633,63
19.7643,63
19.7652,63
19.7661,63
19.7671,63
19.768,63
19.769,63
19.7699,63
19.7709,63
19.7718,63
19.7727,63
19.7737,63
19.7746,63
19.7756,63
19.7765,63
19.7775,63
19.7784,63
19.7794,63
19.7803,63
19.7812,63
19.7822,63
19.7831,63
19.7841,63
19.785,63
19.786,63
19.7869,63
19.7879,63
19.7888,63
19.7897,63
19.7907,63
19.7916,63
19.7926,63
19.7935,63
19.7945,63
19.7954,63
19.7963,63
19.7973,63
19.7982,63
19.7992,63
19.8001,63
19.8011,63
19.802,63
19.803,63
19.8039,63
19.8048,63
19.8058,63
19.8067,63
19.8077,63
19.8086,63
19.8096,63
19.8105,63
19.8115,63
19.8124,63
19.8133,63
19.8143,63
19.8152,63
19.8162,63
19.8171,63
19.8181,63
19.819,63
19.8199,63
19.8209,63
19.8218,63
19.8228,63
19.8237,63
19.8247,63
19.8256,63
19.8266,63
19.8275,63
19.8284,63
19.8294,63
19.8303,63
19.8313,63
19.8322,63
19.8332,63
19.8341,63
19.8351,63
19.836,63
19.8369,63
19.8379,63
19.8388,63
19.8398,63
19.8407,63
19.8417,63
19.8426,63
19.8435,63
19.8445,63
19.8454,63
19.8464,63
19.8473,63
19.8483,63
19.8492,63
19.8502,63
19.8511,63
19.852,63
19.853,63
19.8539,63
19.8549,63
19.8558,63
19.8568,63
19.8577,63
19.8587,63
19.8596,63
19.8605,63
19.8615,63
19.8624,63
19.8634,63
19.8643,63
19.8653,63
19.8662,63
19.8671,63
19.8681,63
19.869,63
19.87,63
19.8709,63
19.8719,63
19.8728,63
19.8738,63
19.8747,63
19.8756,63
19.8766,63
19.8775,63
19.8785,63
19.8794,63
19.8804,63
19.8813,63
19.8823,63
19.8832,63
19.8841,63
19.8851,63
19.886,63
19.887,63
19.8879,63
19.8889,63
19.8898,63
19.8907,63
19.8917,63
19.8926,63
19.8936,63
19.8945,63
19.8955,63
19.8964,63
19.8974,63
19.8983,63
19.8992,63
19.9002,63
19.9011,63
19.9021,63
19.903,63
19.904,63
19.9049,63
19.9059,63
19.9068,63
19.9077,63
19.9087,63
19.9096,63
19.9106,63
19.9115,63
19.9125,63
19.9134,63
19.9143,63
19.9153,63
19.9162,63
19.9172,64
19.9181,64
19.9191,64
19.92,64
19.921,64
19.9219,64
19.9228,64
19.9238,64
19.9247,64
19.9257,64
19.9266,64
19.9276,64
19.9285,64
19.9295,64
19.9304,64
19.9313,64
19.9323,64
19.9332,64
19.9342,64
19.9351,64
19.9361,64
19.937,64
19.9379,64
19.9389,64
19.9398,64
19.9408,64
19.9417,64
19.9427,64
19.9436,64
19.9446,64
19.9455,64
19.9464,64
19.9474,64
19.9483,64
19.9493,64
19.9502,64
19.9512,64
19.9521,64
19.9531,64
19.954,64
19.9549,64
19.9559,64
19.9568,64
19.9578,64
19.9587,64
19.9597,64
19.9606,64
19.9615,64
19.9625,64
19.9634,64
19.9644,64
19.9653,64
19.9663,64
19.9672,64
19.9682,64
19.9691,64
19.97,64
19.971,64
19.9719,64
19.9729,64
19.9738,64
19.9748,64
19.9757,64
19.9767,64
19.9776,64
19.9785,64
19.9795,64
19.9804,64
19.9814,64
19.9823,64
19.9833,64
19.9842,64
19.9851,64
19.9861,64
19.987,64
19.988,64
19.9889,64
19.9899,64
19.9908,64
19.9918,64
19.9927,64
19.9936,64
19.9946,64
19.9955,64
19.9965,64
19.9974,64
19.9984,64
19.9993,64
