0.120046,1
0.120046,0
0.160608,1
0.160608,0
0.161552,1
0.161552,0
0.162496,1
0.162496,0
0.16344,1
0.16344,0
0.164384,1
0.164384,0
0.201123,1
0.201123,0
0.202067,1
0.202067,0
0.203011,1
0.203011,0
0.203955,1
0.203955,0
0.204899,1
0.204899,0
0.205843,1
0.205843,0
0.206787,1
0.206787,0
0.207731,1
0.207731,0
0.208675,1
0.208675,0
0.241638,1
0.241638,0
0.242582,1
0.242582,0
0.243526,1
0.243526,0
0.24447,1
0.24447,0
0.245414,1
0.245414,0
0.246358,1
0.246358,0
0.247302,1
0.247302,0
0.248246,1
0.248246,0
0.24919,1
0.24919,0
0.250134,1
0.250134,0
0.251078,1
0.251078,0
0.252022,1
0.252022,0
0.252966,1
0.252966,0
0.25391,1
0.25391,0
0.254854,1
0.254854,0
0.255798,1
0.255798,0
0.256742,1
0.256742,0
0.257686,1
0.257686,0
0.282154,1
0.282154,0
0.283098,1
0.283098,0
0.284042,1
0.284042,0
0.284986,1
0.284986,0
0.28593,1
0.28593,0
0.286874,1
0.286874,0
0.287818,1
0.287818,0
0.288762,1
0.288762,0
0.289706,1
0.289706,0
0.29065,1
0.29065,0
0.291594,1
0.291594,0
0.292538,1
0.292538,0
0.293482,1
0.293482,0
0.294426,1
0.294426,0
0.29537,1
0.29537,0
0.296314,1
0.296314,0
0.297258,1
0.297258,0
0.298202,1
0.298202,0
0.299146,1
0.299146,0
0.30009,1
0.30009,0
0.301034,1
0.301034,0
0.301978,1
0.301978,0
0.302922,1
0.302922,0
0.303866,1
0.303866,0
0.30481,1
0.30481,0
0.305754,1
0.305754,0
0.306698,1
0.306698,0
0.307642,1
0.307642,0
0.308586,1
0.308586,0
0.30953,1
0.30953,0
0.310474,1
0.310474,0
0.311418,1
0.311418,0
0.312362,1
0.312362,0
0.313306,1
0.313306,0
0.31425,1
0.31425,0
0.315194,1
0.315194,0
0.322669,1
0.322669,0
0.323613,1
0.323613,0
0.324557,1
0.324557,0
0.325501,1
0.325501,0
0.326445,1
0.326445,0
0.327389,1
0.327389,0
0.328333,1
0.328333,0
0.329277,1
0.329277,0
0.330221,1
0.330221,0
0.331165,1
0.331165,0
0.332109,1
0.332109,0
0.333053,1
0.333053,0
0.333997,1
0.333997,0
0.334941,1
0.334941,0
0.335885,1
0.335885,0
0.336829,1
0.336829,0
0.337773,1
0.337773,0
0.338717,1
0.338717,0
0.339661,1
0.339661,0
0.340605,1
0.340605,0
0.341549,1
0.341549,0
0.342493,1
0.342493,0
0.343437,1
0.343437,0
0.344381,1
0.344381,0
0.345325,1
0.345325,0
0.346269,1
0.346269,0
0.347213,1
0.347213,0
0.348157,1
0.348157,0
0.349101,1
0.349101,0
0.350045,1
0.350045,0
0.350989,1
0.350989,0
0.351933,1
0.351933,0
0.352877,1
0.352877,0
0.353821,1
0.353821,0
0.354765,1
0.354765,0
0.355709,1
0.355709,0
0.356653,1
0.356653,0
0.357597,1
0.357597,0
0.358541,1
0.358541,0
0.359485,1
0.359485,0
0.360429,1
0.360429,0
0.361373,1
0.361373,0
0.362317,1
0.362317,0
0.363261,1
0.363261,0
0.364205,1
0.364205,0
0.365149,1
0.365149,0
0.366093,1
0.366093,0
0.367037,1
0.367037,0
0.367981,1
0.367981,0
0.368925,1
0.368925,0
0.369869,1
0.369869,0
0.370813,1
0.370813,0
0.371757,1
0.371757,0
0.372701,1
0.372701,0
0.373645,1
0.373645,0
0.374589,1
0.374589,0
0.375533,1
0.375533,0
0.376477,1
0.376477,0
0.377421,1
0.377421,0
0.378365,1
0.378365,0
0.379309,1
0.379309,0
0.380253,1
0.380253,0
0.381197,1
0.381197,0
0.382141,1
0.382141,0
0.383085,1
0.383085,0
0.384029,1
0.384029,0
0.384973,1
0.384973,0
0.385917,1
0.385917,0
0.386861,1
0.386861,0
0.387805,1
0.387805,0
0.388749,1
0.388749,0
0.389693,1
0.389693,0
0.390637,1
0.390637,0
0.391581,1
0.391581,0
0.392525,1
0.392525,0
0.393469,1
0.393469,0
0.394413,1
0.394413,0
0.395357,1
0.395357,0
0.396301,1
0.396301,0
0.397245,1
0.397245,0
0.398189,1
0.398189,0
0.399133,1
0.399133,0
0.400077,1
0.400077,0
0.401021,1
0.401021,0
0.401965,1
0.401965,0
0.402909,1
0.402909,0
0.403853,1
0.403853,0
0.404797,1
0.404797,0
0.405741,1
0.405741,0
0.406685,1
0.406685,0
0.407629,1
0.407629,0
0.408573,1
0.408573,0
0.409517,1
0.409517,0
0.410461,1
0.410461,0
0.411405,1
0.411405,0
0.412349,1
0.412349,0
0.413293,1
0.413293,0
0.414237,1
0.414237,0
0.415181,1
0.415181,0
0.416125,1
0.416125,0
0.417069,1
0.417069,0
0.418013,1
0.418013,0
0.418957,1
0.418957,0
0.419901,1
0.419901,0
0.420845,1
0.420845,0
0.421789,1
0.421789,0
0.422733,1
0.422733,0
0.423677,1
0.423677,0
0.424621,1
0.424621,0
0.425565,1
0.425565,0
0.426509,1
0.426509,0
0.427453,1
0.427453,0
0.428397,1
0.428397,0
0.429341,1
0.429341,0
0.430285,1
0.430285,0
0.431229,1
0.431229,0
0.432173,1
0.432173,0
0.433117,1
0.433117,0
0.434061,1
0.434061,0
0.435005,1
0.435005,0
0.435949,1
0.435949,0
0.436893,1
0.436893,0
0.437837,1
0.437837,0
0.438781,1
0.438781,0
0.439725,1
0.439725,0
0.440669,1
0.440669,0
0.441613,1
0.441613,0
0.442557,1
0.442557,0
0.443501,1
0.443501,0
0.444445,1
0.444445,0
0.445389,1
0.445389,0
0.446333,1
0.446333,0
0.447277,1
0.447277,0
0.448221,1
0.448221,0
0.449165,1
0.449165,0
0.450109,1
0.450109,0
0.451053,1
0.451053,0
0.451997,1
0.451997,0
0.452941,1
0.452941,0
0.453885,1
0.453885,0
0.454829,1
0.454829,0
0.455773,1
0.455773,0
0.456717,1
0.456717,0
0.457661,1
0.457661,0
0.458605,1
0.458605,0
0.459549,1
0.459549,0
0.460493,1
0.460493,0
0.461437,1
0.461437,0
0.462381,1
0.462381,0
0.463325,1
0.463325,0
0.464269,1
0.464269,0
0.465213,1
0.465213,0
0.466157,1
0.466157,0
0.467101,1
0.467101,0
0.468045,1
0.468045,0
0.468989,1
0.468989,0
0.469933,1
0.469933,0
0.470877,1
0.470877,0
0.471821,1
0.471821,0
0.472765,1
0.472765,0
0.473709,1
0.473709,0
0.474653,1
0.474653,0
0.475597,1
0.475597,0
0.476541,1
0.476541,0
0.477485,1
0.477485,0
0.478429,1
0.478429,0
0.479373,1
0.479373,0
0.480317,1
0.480317,0
0.481261,1
0.481261,0
0.482205,1
0.482205,0
0.483149,1
0.483149,0
0.484093,1
0.484093,0
0.485037,1
0.485037,0
0.485981,1
0.485981,0
0.486925,1
0.486925,0
0.487869,1
0.487869,0
0.488813,1
0.488813,0
0.489757,1
0.489757,0
0.490701,1
0.490701,0
0.491645,1
0.491645,0
0.492589,1
0.492589,0
0.493533,1
0.493533,0
0.494477,1
0.494477,0
0.495421,1
0.495421,0
0.496365,1
0.496365,0
0.497309,1
0.497309,0
0.498253,1
0.498253,0
0.499197,1
0.499197,0
0.500141,1
0.500141,0
0.501085,1
0.501085,0
0.502029,1
0.502029,0
0.502973,1
0.502973,0
0.503917,1
0.503917,0
0.504861,1
0.504861,0
0.505805,1
0.505805,0
0.506749,1
0.506749,0
0.507693,1
0.507693,0
0.508637,1
0.508637,0
0.509581,1
0.509581,0
0.510525,1
0.510525,0
0.511469,1
0.511469,0
0.512413,1
0.512413,0
0.513357,1
0.513357,0
0.514301,1
0.514301,0
0.515245,1
0.515245,0
0.516189,1
0.516189,0
0.517133,1
0.517133,0
0.518077,1
0.518077,0
0.519021,1
0.519021,0
0.519965,1
0.519965,0
0.520909,1
0.520909,0
0.521853,1
0.521853,0
0.522797,1
0.522797,0
0.523741,1
0.523741,0
0.524685,1
0.524685,0
0.525629,1
0.525629,0
0.526573,1
0.526573,0
0.527517,1
0.527517,0
0.528461,1
0.528461,0
0.529405,1
0.529405,0
0.530349,1
0.530349,0
0.531293,1
0.531293,0
0.532237,1
0.532237,0
0.533181,1
0.533181,0
0.534125,1
0.534125,0
0.535069,1
0.535069,0
0.536013,1
0.536013,0
0.536957,1
0.536957,0
0.537901,1
0.537901,0
0.538845,1
0.538845,0
0.539789,1
0.539789,0
0.540261,1
0.540261,0
0.540733,1
0.540733,0
0.541205,1
0.541205,0
0.541677,1
0.541677,0
0.542149,1
0.542149,0
0.542621,1
0.542621,0
0.543093,1
0.543093,0
0.543565,1
0.543565,0
0.544037,1
0.544037,0
0.544509,1
0.544509,0
0.544981,1
0.544981,0
0.545453,1
0.545453,0
0.545925,1
0.545925,0
0.546397,1
0.546397,0
0.546869,1
0.546869,0
0.547341,1
0.547341,0
0.547813,1
0.547813,0
0.548285,1
0.548285,0
0.548757,1
0.548757,0
0.549229,1
0.549229,0
0.549701,1
0.549701,0
0.550173,1
0.550173,0
0.550645,1
0.550645,0
0.551117,1
0.551117,0
0.551589,1
0.551589,0
0.552061,1
0.552061,0
0.552533,1
0.552533,0
0.553005,1
0.553005,0
0.553477,1
0.553477,0
0.553949,1
0.553949,0
0.554421,1
0.554421,0
0.554893,1
0.554893,0
0.555365,1
0.555365,0
0.555837,1
0.555837,0
0.556309,1
0.556309,0
0.556781,1
0.556781,0
0.557253,1
0.557253,0
0.557725,1
0.557725,0
0.558197,1
0.558197,0
0.558669,1
0.558669,0
0.559141,1
0.559141,0
0.559613,1
0.559613,0
0.560085,1
0.560085,0
0.560557,1
0.560557,0
0.561029,1
0.561029,0
0.561501,1
0.561501,0
0.561973,1
0.561973,0
0.562445,1
0.562445,0
0.562917,1
0.562917,0
0.563389,1
0.563389,0
0.563861,1
0.563861,0
0.564333,1
0.564333,0
0.564805,1
0.564805,0
0.565277,1
0.565277,0
0.565749,1
0.565749,0
0.566221,1
0.566221,0
0.566693,1
0.566693,0
0.567165,1
0.567165,0
0.567637,1
0.567637,0
0.568109,1
0.568109,0
0.568581,1
0.568581,0
0.569053,1
0.569053,0
0.569525,1
0.569525,0
0.569997,1
0.569997,0
0.570469,1
0.570469,0
0.570941,1
0.570941,0
0.571413,1
0.571413,0
0.571885,1
0.571885,0
0.572357,1
0.572357,0
0.572829,1
0.572829,0
0.573301,1
0.573301,0
0.573773,1
0.573773,0
0.574245,1
0.574245,0
0.574717,1
0.574717,0
0.575189,1
0.575189,0
0.575661,1
0.575661,0
0.576133,1
0.576133,0
0.576605,1
0.576605,0
0.577077,1
0.577077,0
0.577549,1
0.577549,0
0.578021,1
0.578021,0
0.578493,1
0.578493,0
0.578965,1
0.578965,0
0.579437,1
0.579437,0
0.579909,1
0.579909,0
0.580381,1
0.580381,0
0.580853,1
0.580853,0
0.581325,1
0.581325,0
0.581797,1
0.581797,0
0.582269,1
0.582269,0
0.582741,1
0.582741,0
0.583213,1
0.583213,0
0.583685,1
0.583685,0
0.584157,1
0.584157,0
0.584629,1
0.584629,0
0.585101,1
0.585101,0
0.585573,1
0.585573,0
0.586045,1
0.586045,0
0.586517,1
0.586517,0
0.586989,1
0.586989,0
0.587461,1
0.587461,0
0.587933,1
0.587933,0
0.588405,1
0.588405,0
0.588877,1
0.588877,0
0.589349,1
0.589349,0
0.589821,1
0.589821,0
0.590293,1
0.590293,0
0.590765,1
0.590765,0
0.591237,1
0.591237,0
0.591709,1
0.591709,0
0.592181,1
0.592181,0
0.592653,1
0.592653,0
0.593125,1
0.593125,0
0.593597,1
0.593597,0
0.594069,1
0.594069,0
0.594541,1
0.594541,0
0.595013,1
0.595013,0
0.595485,1
0.595485,0
0.595957,1
0.595957,0
0.596429,1
0.596429,0
0.596901,1
0.596901,0
0.597373,1
0.597373,0
0.597845,1
0.597845,0
0.598317,1
0.598317,0
0.598789,1
0.598789,0
0.599261,1
0.599261,0
0.599733,1
0.599733,0
0.600205,1
0.600205,0
0.600645,1
0.600645,0
0.601117,1
0.601117,0
0.60155,1
0.60155,0
0.602022,1
0.602022,0
0.602456,1
0.602456,0
0.602928,1
0.602928,0
0.603362,1
0.603362,0
0.603834,1
0.603834,0
0.604306,1
0.604306,0
0.604778,1
0.604778,0
0.60525,1
0.60525,0
0.605722,1
0.605722,0
0.606194,1
0.606194,0
0.606666,1
0.606666,0
0.607138,1
0.607138,0
0.60761,1
0.60761,0
0.608082,1
0.608082,0
0.608554,1
0.608554,0
0.609026,1
0.609026,0
0.609498,1
0.609498,0
0.60997,1
0.60997,0
0.610154,1
0.610154,0
0.610626,1
0.610626,0
0.611059,1
0.611059,0
0.611531,1
0.611531,0
0.611965,1
0.611965,0
0.612437,1
0.612437,0
0.61287,1
0.61287,0
0.613342,1
0.613342,0
0.613776,1
0.613776,0
0.614248,1
0.614248,0
0.61472,1
0.61472,0
0.615192,1
0.615192,0
0.615664,1
0.615664,0
0.616136,1
0.616136,0
0.616608,1
0.616608,0
0.61708,1
0.61708,0
0.617552,1
0.617552,0
0.618024,1
0.618024,0
0.618496,1
0.618496,0
0.618968,1
0.618968,0
0.61944,1
0.61944,0
0.619912,1
0.619912,0
0.620384,1
0.620384,0
0.620568,1
0.620568,0
0.62104,1
0.62104,0
0.621474,1
0.621474,0
0.621946,1
0.621946,0
0.622379,1
0.622379,0
0.622851,1
0.622851,0
0.623285,1
0.623285,0
0.623757,1
0.623757,0
0.62419,1
0.62419,0
0.624662,1
0.624662,0
0.625134,1
0.625134,0
0.625606,1
0.625606,0
0.626078,1
0.626078,0
0.62655,1
0.62655,0
0.627022,1
0.627022,0
0.627494,1
0.627494,0
0.627966,1
0.627966,0
0.628438,1
0.628438,0
0.62891,1
0.62891,0
0.629382,1
0.629382,0
0.629854,1
0.629854,0
0.630326,1
0.630326,0
0.630798,1
0.630798,0
0.630982,1
0.630982,0
0.631454,1
0.631454,0
0.631888,1
0.631888,0
0.63236,1
0.63236,0
0.632794,1
0.632794,0
0.633266,1
0.633266,0
0.633699,1
0.633699,0
0.634171,1
0.634171,0
0.634643,1
0.634643,0
0.635115,1
0.635115,0
0.635587,1
0.635587,0
0.636059,1
0.636059,0
0.636531,1
0.636531,0
0.637003,1
0.637003,0
0.637475,1
0.637475,0
0.637947,1
0.637947,0
0.638419,1
0.638419,0
0.638891,1
0.638891,0
0.639363,1
0.639363,0
0.639835,1
0.639835,0
0.640019,1
0.640019,0
0.640491,1
0.640491,0
0.640925,1
0.640925,0
0.641397,1
0.641397,0
0.64183,1
0.64183,0
0.642302,1
0.642302,0
0.642736,1
0.642736,0
0.643208,1
0.643208,0
0.643642,1
0.643642,0
0.644114,1
0.644114,0
0.644586,1
0.644586,0
0.645058,1
0.645058,0
0.64553,1
0.64553,0
0.646002,1
0.646002,0
0.646474,1
0.646474,0
0.646946,1
0.646946,0
0.647418,1
0.647418,0
0.64789,1
0.64789,0
0.648362,1
0.648362,0
0.648834,1
0.648834,0
0.649306,1
0.649306,0
0.649778,1
0.649778,0
0.65025,1
0.65025,0
0.650434,1
0.650434,0
0.650906,1
0.650906,0
0.651339,1
0.651339,0
0.651811,1
0.651811,0
0.652245,1
0.652245,0
0.652717,1
0.652717,0
0.65315,1
0.65315,0
0.653622,1
0.653622,0
0.654056,1
0.654056,0
0.654528,1
0.654528,0
0.655,1
0.655,0
0.655472,1
0.655472,0
0.655944,1
0.655944,0
0.656416,1
0.656416,0
0.656888,1
0.656888,0
0.65736,1
0.65736,0
0.657832,1
0.657832,0
0.658304,1
0.658304,0
0.658776,1
0.658776,0
0.659248,1
0.659248,0
0.65972,1
0.65972,0
0.660192,1
0.660192,0
0.660664,1
0.660664,0
0.661136,1
0.661136,0
0.661608,1
0.661608,0
0.66208,1
0.66208,0
0.662552,1
0.662552,0
0.663024,1
0.663024,0
0.663496,1
0.663496,0
0.663968,1
0.663968,0
0.66444,1
0.66444,0
0.664912,1
0.664912,0
0.665384,1
0.665384,0
0.665856,1
0.665856,0
0.666328,1
0.666328,0
0.6668,1
0.6668,0
0.667272,1
0.667272,0
0.667744,1
0.667744,0
0.668216,1
0.668216,0
0.668688,1
0.668688,0
0.66916,1
0.66916,0
0.669632,1
0.669632,0
0.670104,1
0.670104,0
0.670576,1
0.670576,0
0.671048,1
0.671048,0
0.67152,1
0.67152,0
0.671992,1
0.671992,0
0.672464,1
0.672464,0
0.672936,1
0.672936,0
0.673408,1
0.673408,0
0.67388,1
0.67388,0
0.674352,1
0.674352,0
0.674824,1
0.674824,0
0.675296,1
0.675296,0
0.675768,1
0.675768,0
0.67624,1
0.67624,0
0.676712,1
0.676712,0
0.677184,1
0.677184,0
0.677656,1
0.677656,0
0.678128,1
0.678128,0
0.6786,1
0.6786,0
0.679072,1
0.679072,0
0.679544,1
0.679544,0
0.680016,1
0.680016,0
0.680488,1
0.680488,0
0.68096,1
0.68096,0
0.681432,1
0.681432,0
0.681904,1
0.681904,0
0.682376,1
0.682376,0
0.682848,1
0.682848,0
0.68332,1
0.68332,0
0.683792,1
0.683792,0
0.684264,1
0.684264,0
0.684736,1
0.684736,0
0.685208,1
0.685208,0
0.68568,1
0.68568,0
0.686152,1
0.686152,0
0.686624,1
0.686624,0
0.687096,1
0.687096,0
0.687568,1
0.687568,0
0.68804,1
0.68804,0
0.688512,1
0.688512,0
0.688984,1
0.688984,0
0.689456,1
0.689456,0
0.689928,1
0.689928,0
0.6904,1
0.6904,0
0.690872,1
0.690872,0
0.691344,1
0.691344,0
0.691816,1
0.691816,0
0.692288,1
0.692288,0
0.69276,1
0.69276,0
0.693232,1
0.693232,0
0.693704,1
0.693704,0
0.694176,1
0.694176,0
0.694648,1
0.694648,0
0.69512,1
0.69512,0
0.695592,1
0.695592,0
0.696064,1
0.696064,0
0.696536,1
0.696536,0
0.697008,1
0.697008,0
0.69748,1
0.69748,0
0.697952,1
0.697952,0
0.698424,1
0.698424,0
0.698896,1
0.698896,0
0.699368,1
0.699368,0
0.69984,1
0.69984,0
0.700312,1
0.700312,0
0.700784,1
0.700784,0
0.701256,1
0.701256,0
0.701728,1
0.701728,0
0.7022,1
0.7022,0
0.702672,1
0.702672,0
0.703144,1
0.703144,0
0.703616,1
0.703616,0
0.704088,1
0.704088,0
0.70456,1
0.70456,0
0.705032,1
0.705032,0
0.705504,1
0.705504,0
0.705976,1
0.705976,0
0.706448,1
0.706448,0
0.70692,1
0.70692,0
0.707392,1
0.707392,0
0.707864,1
0.707864,0
0.708336,1
0.708336,0
0.708808,1
0.708808,0
0.70928,1
0.70928,0
0.709752,1
0.709752,0
0.710224,1
0.710224,0
0.710696,1
0.710696,0
0.711168,1
0.711168,0
0.71164,1
0.71164,0
0.712112,1
0.712112,0
0.712584,1
0.712584,0
0.713056,1
0.713056,0
0.713528,1
0.713528,0
0.714,1
0.714,0
0.714472,1
0.714472,0
0.714944,1
0.714944,0
0.715416,1
0.715416,0
0.715888,1
0.715888,0
0.71636,1
0.71636,0
0.716832,1
0.716832,0
0.717304,1
0.717304,0
0.717776,1
0.717776,0
0.718248,1
0.718248,0
0.71872,1
0.71872,0
0.719192,1
0.719192,0
0.719664,1
0.719664,0
0.720136,1
0.720136,0
0.720608,1
0.720608,0
0.72108,1
0.72108,0
0.721552,1
0.721552,0
0.722024,1
0.722024,0
0.722496,1
0.722496,0
0.722968,1
0.722968,0
0.72344,1
0.72344,0
0.723912,1
0.723912,0
0.724346,1
0.724346,0
0.753099,1
0.753099,0
0.754043,1
0.754043,0
0.754987,1
0.754987,0
0.755931,1
0.755931,0
0.756875,1
0.756875,0
0.757819,1
0.757819,0
0.758763,1
0.758763,0
0.759707,1
0.759707,0
0.760651,1
0.760651,0
0.761595,1
0.761595,0
0.762539,1
0.762539,0
0.763483,1
0.763483,0
0.764427,1
0.764427,0
0.765371,1
0.765371,0
0.766315,1
0.766315,0
0.767259,1
0.767259,0
0.768203,1
0.768203,0
0.769147,1
0.769147,0
0.770091,1
0.770091,0
0.771035,1
0.771035,0
0.771979,1
0.771979,0
0.772923,1
0.772923,0
0.773867,1
0.773867,0
0.774811,1
0.774811,0
0.775755,1
0.775755,0
0.776699,1
0.776699,0
0.777643,1
0.777643,0
0.778587,1
0.778587,0
0.779531,1
0.779531,0
0.780475,1
0.780475,0
0.781419,1
0.781419,0
0.782363,1
0.782363,0
0.783307,1
0.783307,0
0.784251,1
0.784251,0
0.785195,1
0.785195,0
0.786139,1
0.786139,0
0.787083,1
0.787083,0
0.788027,1
0.788027,0
0.788971,1
0.788971,0
0.789915,1
0.789915,0
0.790859,1
0.790859,0
0.791803,1
0.791803,0
0.792747,1
0.792747,0
0.793691,1
0.793691,0
0.794635,1
0.794635,0
0.795579,1
0.795579,0
0.796523,1
0.796523,0
0.797467,1
0.797467,0
0.798411,1
0.798411,0
0.799355,1
0.799355,0
0.800299,1
0.800299,0
0.801243,1
0.801243,0
0.802187,1
0.802187,0
0.803131,1
0.803131,0
0.804075,1
0.804075,0
0.805019,1
0.805019,0
0.805963,1
0.805963,0
0.806907,1
0.806907,0
0.807851,1
0.807851,0
0.808795,1
0.808795,0
0.809739,1
0.809739,0
0.810683,1
0.810683,0
0.811627,1
0.811627,0
0.812571,1
0.812571,0
0.813515,1
0.813515,0
0.814459,1
0.814459,0
0.815403,1
0.815403,0
0.816347,1
0.816347,0
0.817291,1
0.817291,0
0.818235,1
0.818235,0
0.819179,1
0.819179,0
0.820123,1
0.820123,0
0.821067,1
0.821067,0
0.822011,1
0.822011,0
0.822955,1
0.822955,0
0.823899,1
0.823899,0
0.824843,1
0.824843,0
0.825787,1
0.825787,0
0.826731,1
0.826731,0
0.827675,1
0.827675,0
0.828619,1
0.828619,0
0.829563,1
0.829563,0
0.830507,1
0.830507,0
0.831451,1
0.831451,0
0.832395,1
0.832395,0
0.833339,1
0.833339,0
0.834283,1
0.834283,0
0.835227,1
0.835227,0
0.836171,1
0.836171,0
0.837115,1
0.837115,0
0.838059,1
0.838059,0
0.839003,1
0.839003,0
0.839947,1
0.839947,0
0.840891,1
0.840891,0
0.841835,1
0.841835,0
0.842779,1
0.842779,0
0.843723,1
0.843723,0
0.844667,1
0.844667,0
0.845611,1
0.845611,0
0.846555,1
0.846555,0
0.847499,1
0.847499,0
0.848443,1
0.848443,0
0.849387,1
0.849387,0
0.850331,1
0.850331,0
0.851275,1
0.851275,0
0.852219,1
0.852219,0
0.853163,1
0.853163,0
0.854107,1
0.854107,0
0.855051,1
0.855051,0
0.855995,1
0.855995,0
0.856939,1
0.856939,0
0.857883,1
0.857883,0
0.858827,1
0.858827,0
0.859771,1
0.859771,0
0.860715,1
0.860715,0
0.861659,1
0.861659,0
0.862603,1
0.862603,0
0.863547,1
0.863547,0
0.864491,1
0.864491,0
0.865435,1
0.865435,0
0.866379,1
0.866379,0
0.867323,1
0.867323,0
0.868267,1
0.868267,0
0.869211,1
0.869211,0
0.870155,1
0.870155,0
0.871099,1
0.871099,0
0.872043,1
0.872043,0
0.872987,1
0.872987,0
0.873931,1
0.873931,0
0.874875,1
0.874875,0
0.875819,1
0.875819,0
0.876763,1
0.876763,0
0.877707,1
0.877707,0
0.878651,1
0.878651,0
0.879595,1
0.879595,0
0.880539,1
0.880539,0
0.881483,1
0.881483,0
0.882427,1
0.882427,0
0.883371,1
0.883371,0
0.884315,1
0.884315,0
0.885259,1
0.885259,0
0.886203,1
0.886203,0
0.887147,1
0.887147,0
0.888091,1
0.888091,0
0.889035,1
0.889035,0
0.889979,1
0.889979,0
0.890923,1
0.890923,0
0.891867,1
0.891867,0
0.892811,1
0.892811,0
0.893755,1
0.893755,0
0.894699,1
0.894699,0
0.895643,1
0.895643,0
0.896587,1
0.896587,0
0.897531,1
0.897531,0
0.898475,1
0.898475,0
0.899419,1
0.899419,0
0.900363,1
0.900363,0
0.901307,1
0.901307,0
0.902251,1
0.902251,0
0.903195,1
0.903195,0
0.904139,1
0.904139,0
0.905083,1
0.905083,0
0.906027,1
0.906027,0
0.906971,1
0.906971,0
0.907915,1
0.907915,0
0.908859,1
0.908859,0
0.909803,1
0.909803,0
0.910747,1
0.910747,0
0.911691,1
0.911691,0
0.912635,1
0.912635,0
0.913579,1
0.913579,0
0.914523,1
0.914523,0
0.915467,1
0.915467,0
0.916411,1
0.916411,0
0.917355,1
0.917355,0
0.918299,1
0.918299,0
0.919243,1
0.919243,0
0.920187,1
0.920187,0
0.921131,1
0.921131,0
0.922075,1
0.922075,0
0.923019,1
0.923019,0
0.923963,1
0.923963,0
0.924907,1
0.924907,0
0.925851,1
0.925851,0
0.926795,1
0.926795,0
0.927739,1
0.927739,0
0.928683,1
0.928683,0
0.929627,1
0.929627,0
0.930571,1
0.930571,0
0.931515,1
0.931515,0
0.932459,1
0.932459,0
0.933403,1
0.933403,0
0.934347,1
0.934347,0
0.935291,1
0.935291,0
0.936235,1
0.936235,0
0.937179,1
0.937179,0
0.938123,1
0.938123,0
0.939067,1
0.939067,0
0.940011,1
0.940011,0
0.940955,1
0.940955,0
0.941899,1
0.941899,0
0.942843,1
0.942843,0
0.943787,1
0.943787,0
0.944731,1
0.944731,0
0.945675,1
0.945675,0
0.946619,1
0.946619,0
0.947563,1
0.947563,0
0.948507,1
0.948507,0
0.949451,1
0.949451,0
0.950395,1
0.950395,0
0.951339,1
0.951339,0
0.952283,1
0.952283,0
0.953227,1
0.953227,0
0.954171,1
0.954171,0
0.955115,1
0.955115,0
0.956059,1
0.956059,0
0.957003,1
0.957003,0
0.957947,1
0.957947,0
0.958891,1
0.958891,0
0.959835,1
0.959835,0
0.960779,1
0.960779,0
0.961723,1
0.961723,0
0.962667,1
0.962667,0
0.963611,1
0.963611,0
0.964555,1
0.964555,0
0.965499,1
0.965499,0
0.966443,1
0.966443,0
0.967387,1
0.967387,0
0.968331,1
0.968331,0
0.969275,1
0.969275,0
0.970219,1
0.970219,0
0.971163,1
0.971163,0
0.972107,1
0.972107,0
0.973051,1
0.973051,0
0.973995,1
0.973995,0
0.974939,1
0.974939,0
0.975883,1
0.975883,0
0.976827,1
0.976827,0
0.977771,1
0.977771,0
0.978715,1
0.978715,0
0.979659,1
0.979659,0
0.980603,1
0.980603,0
0.981547,1
0.981547,0
0.982491,1
0.982491,0
0.983435,1
0.983435,0
0.984379,1
0.984379,0
0.985323,1
0.985323,0
0.986267,1
0.986267,0
0.987211,1
0.987211,0
0.988155,1
0.988155,0
0.989099,1
0.989099,0
0.990043,1
0.990043,0
0.990987,1
0.990987,0
0.991931,1
0.991931,0
0.992875,1
0.992875,0
0.993819,1
0.993819,0
0.994763,1
0.994763,0
0.995707,1
0.995707,0
0.996651,1
0.996651,0
0.997595,1
0.997595,0
0.998539,1
0.998539,0
0.999483,1
0.999483,0
1.00043,1
1.00043,0
1.00137,1
1.00137,0
1.00232,1
1.00232,0
1.00326,1
1.00326,0
1.0042,1
1.0042,0
1.00515,1
1.00515,0
1.00609,1
1.00609,0
1.00704,1
1.00704,0
1.00798,1
1.00798,0
1.00892,1
1.00892,0
1.00987,1
1.00987,0
1.01081,1
1.01081,0
1.01176,1
1.01176,0
1.0127,1
1.0127,0
1.01364,1
1.01364,0
1.01459,1
1.01459,0
1.01553,1
1.01553,0
1.01648,1
1.01648,0
1.01742,1
1.01742,0
1.01836,1
1.01836,0
1.01931,1
1.01931,0
1.02025,1
1.02025,0
1.0212,1
1.0212,0
1.02214,1
1.02214,0
1.02308,1
1.02308,0
1.02403,1
1.02403,0
1.02497,1
1.02497,0
1.02592,1
1.02592,0
1.02686,1
1.02686,0
1.0278,1
1.0278,0
1.02875,1
1.02875,0
1.02969,1
1.02969,0
1.03064,1
1.03064,0
1.03158,1
1.03158,0
1.03252,1
1.03252,0
1.03347,1
1.03347,0
1.03441,1
1.03441,0
1.03536,1
1.03536,0
1.0363,1
1.0363,0
1.03724,1
1.03724,0
1.03819,1
1.03819,0
1.03913,1
1.03913,0
1.04008,1
1.04008,0
1.04102,1
1.04102,0
1.04196,1
1.04196,0
1.04291,1
1.04291,0
1.04385,1
1.04385,0
1.0448,1
1.0448,0
1.04574,1
1.04574,0
1.04668,1
1.04668,0
1.04763,1
1.04763,0
1.04857,1
1.04857,0
1.04952,1
1.04952,0
1.05046,1
1.05046,0
1.0514,1
1.0514,0
1.05235,1
1.05235,0
1.05329,1
1.05329,0
1.05424,1
1.05424,0
1.05518,1
1.05518,0
1.05612,1
1.05612,0
1.05707,1
1.05707,0
1.05801,1
1.05801,0
1.05896,1
1.05896,0
1.0599,1
1.0599,0
1.06084,1
1.06084,0
1.06179,1
1.06179,0
1.06273,1
1.06273,0
1.06368,1
1.06368,0
1.06462,1
1.06462,0
1.06556,1
1.06556,0
1.06651,1
1.06651,0
1.06745,1
1.06745,0
1.0684,1
1.0684,0
1.06934,1
1.06934,0
1.07028,1
1.07028,0
1.07123,1
1.07123,0
1.07217,1
1.07217,0
1.07312,1
1.07312,0
1.07406,1
1.07406,0
1.075,1
1.075,0
1.07595,1
1.07595,0
1.07689,1
1.07689,0
1.07784,1
1.07784,0
1.07878,1
1.07878,0
1.07972,1
1.07972,0
1.08067,1
1.08067,0
1.08161,1
1.08161,0
1.08256,1
1.08256,0
1.0835,1
1.0835,0
1.08444,1
1.08444,0
1.08539,1
1.08539,0
1.08633,1
1.08633,0
1.08728,1
1.08728,0
1.08822,1
1.08822,0
1.08916,1
1.08916,0
1.09011,1
1.09011,0
1.09105,1
1.09105,0
1.092,1
1.092,0
1.09294,1
1.09294,0
1.09388,1
1.09388,0
1.09483,1
1.09483,0
1.09577,1
1.09577,0
1.09672,1
1.09672,0
1.09766,1
1.09766,0
1.0986,1
1.0986,0
1.09955,1
1.09955,0
1.10049,1
1.10049,0
1.10144,1
1.10144,0
1.10238,1
1.10238,0
1.10332,1
1.10332,0
1.10427,1
1.10427,0
1.10521,1
1.10521,0
1.10616,1
1.10616,0
1.1071,1
1.1071,0
1.10804,1
1.10804,0
1.10899,1
1.10899,0
1.10993,1
1.10993,0
1.11088,1
1.11088,0
1.11182,1
1.11182,0
1.11276,1
1.11276,0
1.11371,1
1.11371,0
1.11465,1
1.11465,0
1.1156,1
1.1156,0
1.11654,1
1.11654,0
1.11748,1
1.11748,0
1.11843,1
1.11843,0
1.11937,1
1.11937,0
1.12032,1
1.12032,0
1.12126,1
1.12126,0
1.1222,1
1.1222,0
1.12315,1
1.12315,0
1.12409,1
1.12409,0
1.12504,1
1.12504,0
1.12598,1
1.12598,0
1.12692,1
1.12692,0
1.12787,1
1.12787,0
1.12881,1
1.12881,0
1.12976,1
1.12976,0
1.1307,1
1.1307,0
1.13164,1
1.13164,0
1.13259,1
1.13259,0
1.13353,1
1.13353,0
1.13448,1
1.13448,0
1.13542,1
1.13542,0
1.13636,1
1.13636,0
1.13731,1
1.13731,0
1.13825,1
1.13825,0
1.1392,1
1.1392,0
1.14014,1
1.14014,0
1.14108,1
1.14108,0
1.14203,1
1.14203,0
1.14297,1
1.14297,0
1.14392,1
1.14392,0
1.14486,1
1.14486,0
1.1458,1
1.1458,0
1.14675,1
1.14675,0
1.14769,1
1.14769,0
1.14864,1
1.14864,0
1.14958,1
1.14958,0
1.15052,1
1.15052,0
1.15147,1
1.15147,0
1.15241,1
1.15241,0
1.15336,1
1.15336,0
1.1543,1
1.1543,0
1.15524,1
1.15524,0
1.15619,1
1.15619,0
1.15713,1
1.15713,0
1.15808,1
1.15808,0
1.15902,1
1.15902,0
1.15996,1
1.15996,0
1.16091,1
1.16091,0
1.16185,1
1.16185,0
1.1628,1
1.1628,0
1.16374,1
1.16374,0
1.16468,1
1.16468,0
1.16563,1
1.16563,0
1.16657,1
1.16657,0
1.16752,1
1.16752,0
1.16846,1
1.16846,0
1.1694,1
1.1694,0
1.17035,1
1.17035,0
1.17129,1
1.17129,0
1.17224,1
1.17224,0
1.17318,1
1.17318,0
1.17412,1
1.17412,0
1.17507,1
1.17507,0
1.17601,1
1.17601,0
1.17696,1
1.17696,0
1.1779,1
1.1779,0
1.17884,1
1.17884,0
1.17979,1
1.17979,0
1.18073,1
1.18073,0
1.18168,1
1.18168,0
1.18262,1
1.18262,0
1.18356,1
1.18356,0
1.18451,1
1.18451,0
1.18545,1
1.18545,0
1.1864,1
1.1864,0
1.18734,1
1.18734,0
1.18828,1
1.18828,0
1.18923,1
1.18923,0
1.19017,1
1.19017,0
1.19112,1
1.19112,0
1.19206,1
1.19206,0
1.193,1
1.193,0
1.19395,1
1.19395,0
1.19489,1
1.19489,0
1.19584,1
1.19584,0
1.19678,1
1.19678,0
1.19772,1
1.19772,0
1.19867,1
1.19867,0
1.19961,1
1.19961,0
1.20056,1
1.20056,0
1.2015,1
1.2015,0
1.20244,1
1.20244,0
1.20339,1
1.20339,0
1.20433,1
1.20433,0
1.20528,1
1.20528,0
1.20622,1
1.20622,0
1.20716,1
1.20716,0
1.20811,1
1.20811,0
1.20905,1
1.20905,0
1.21,1
1.21,0
1.21094,1
1.21094,0
1.21188,1
1.21188,0
1.21283,1
1.21283,0
1.21377,1
1.21377,0
1.21472,1
1.21472,0
1.21566,1
1.21566,0
1.2166,1
1.2166,0
1.21755,1
1.21755,0
1.21849,1
1.21849,0
1.21944,1
1.21944,0
1.22038,1
1.22038,0
1.22132,1
1.22132,0
1.22227,1
1.22227,0
1.22321,1
1.22321,0
1.22416,1
1.22416,0
1.2251,1
1.2251,0
1.22604,1
1.22604,0
1.22699,1
1.22699,0
1.22793,1
1.22793,0
1.22888,1
1.22888,0
1.22982,1
1.22982,0
1.23076,1
1.23076,0
1.23171,1
1.23171,0
1.23265,1
1.23265,0
1.2336,1
1.2336,0
1.23454,1
1.23454,0
1.23548,1
1.23548,0
1.23643,1
1.23643,0
1.23737,1
1.23737,0
1.23832,1
1.23832,0
1.23926,1
1.23926,0
1.2402,1
1.2402,0
1.24115,1
1.24115,0
1.24209,1
1.24209,0
1.24304,1
1.24304,0
1.24398,1
1.24398,0
1.24492,1
1.24492,0
1.24587,1
1.24587,0
1.24681,1
1.24681,0
1.24776,1
1.24776,0
1.2487,1
1.2487,0
1.24964,1
1.24964,0
1.25059,1
1.25059,0
1.25153,1
1.25153,0
1.25248,1
1.25248,0
1.25342,1
1.25342,0
1.25436,1
1.25436,0
1.25531,1
1.25531,0
1.25625,1
1.25625,0
1.2572,1
1.2572,0
1.25814,1
1.25814,0
1.25908,1
1.25908,0
1.26003,1
1.26003,0
1.26097,1
1.26097,0
1.26192,1
1.26192,0
1.26286,1
1.26286,0
1.2638,1
1.2638,0
1.26475,1
1.26475,0
1.26569,1
1.26569,0
1.26664,1
1.26664,0
1.26758,1
1.26758,0
1.26852,1
1.26852,0
1.26947,1
1.26947,0
1.27041,1
1.27041,0
1.27136,1
1.27136,0
1.2723,1
1.2723,0
1.27324,1
1.27324,0
1.27419,1
1.27419,0
1.27513,1
1.27513,0
1.27608,1
1.27608,0
1.27702,1
1.27702,0
1.27796,1
1.27796,0
1.27891,1
1.27891,0
1.27985,1
1.27985,0
1.2808,1
1.2808,0
1.28174,1
1.28174,0
1.28268,1
1.28268,0
1.28363,1
1.28363,0
1.28457,1
1.28457,0
1.28552,1
1.28552,0
1.28646,1
1.28646,0
1.2874,1
1.2874,0
1.28835,1
1.28835,0
1.28929,1
1.28929,0
1.29024,1
1.29024,0
1.29118,1
1.29118,0
1.29212,1
1.29212,0
1.29307,1
1.29307,0
1.29401,1
1.29401,0
1.29496,1
1.29496,0
1.2959,1
1.2959,0
1.29684,1
1.29684,0
1.29779,1
1.29779,0
1.29873,1
1.29873,0
1.29968,1
1.29968,0
1.30062,1
1.30062,0
1.30156,1
1.30156,0
1.30251,1
1.30251,0
1.30345,1
1.30345,0
1.3044,1
1.3044,0
1.30534,1
1.30534,0
1.30628,1
1.30628,0
1.30723,1
1.30723,0
1.30817,1
1.30817,0
1.30912,1
1.30912,0
1.31006,1
1.31006,0
1.311,1
1.311,0
1.31195,1
1.31195,0
1.31289,1
1.31289,0
1.31384,1
1.31384,0
1.31478,1
1.31478,0
1.31572,1
1.31572,0
1.31667,1
1.31667,0
1.31761,1
1.31761,0
1.31856,1
1.31856,0
1.3195,1
1.3195,0
1.32044,1
1.32044,0
1.32139,1
1.32139,0
1.32233,1
1.32233,0
1.32328,1
1.32328,0
1.32422,1
1.32422,0
1.32516,1
1.32516,0
1.32611,1
1.32611,0
1.32705,1
1.32705,0
1.328,1
1.328,0
1.32894,1
1.32894,0
1.32988,1
1.32988,0
1.33083,1
1.33083,0
1.33177,1
1.33177,0
1.33272,1
1.33272,0
1.33366,1
1.33366,0
1.3346,1
1.3346,0
1.33555,1
1.33555,0
1.33649,1
1.33649,0
1.33744,1
1.33744,0
1.33838,1
1.33838,0
1.33932,1
1.33932,0
1.34027,1
1.34027,0
1.34121,1
1.34121,0
1.34216,1
1.34216,0
1.3431,1
1.3431,0
1.34404,1
1.34404,0
1.34499,1
1.34499,0
1.34593,1
1.34593,0
1.34688,1
1.34688,0
1.34782,1
1.34782,0
1.34876,1
1.34876,0
1.34971,1
1.34971,0
1.35065,1
1.35065,0
1.3516,1
1.3516,0
1.35254,1
1.35254,0
1.35348,1
1.35348,0
1.35443,1
1.35443,0
1.35537,1
1.35537,0
1.35632,1
1.35632,0
1.35726,1
1.35726,0
1.3582,1
1.3582,0
1.35915,1
1.35915,0
1.36009,1
1.36009,0
1.36104,1
1.36104,0
1.36198,1
1.36198,0
1.36292,1
1.36292,0
1.36387,1
1.36387,0
1.36481,1
1.36481,0
1.36576,1
1.36576,0
1.3667,1
1.3667,0
1.36764,1
1.36764,0
1.36859,1
1.36859,0
1.36953,1
1.36953,0
1.37048,1
1.37048,0
1.37142,1
1.37142,0
1.37236,1
1.37236,0
1.37331,1
1.37331,0
1.37425,1
1.37425,0
1.3752,1
1.3752,0
1.37614,1
1.37614,0
1.37708,1
1.37708,0
1.37803,1
1.37803,0
1.37897,1
1.37897,0
1.37992,1
1.37992,0
1.38086,1
1.38086,0
1.3818,1
1.3818,0
1.38275,1
1.38275,0
1.38369,1
1.38369,0
1.38464,1
1.38464,0
1.38558,1
1.38558,0
1.38652,1
1.38652,0
1.38747,1
1.38747,0
1.38841,1
1.38841,0
1.38936,1
1.38936,0
1.3903,1
1.3903,0
1.39124,1
1.39124,0
1.39219,1
1.39219,0
1.39313,1
1.39313,0
1.39408,1
1.39408,0
1.39502,1
1.39502,0
1.39596,1
1.39596,0
1.39691,1
1.39691,0
1.39785,1
1.39785,0
1.3988,1
1.3988,0
1.39974,1
1.39974,0
1.40068,1
1.40068,0
1.40163,1
1.40163,0
1.40257,1
1.40257,0
1.40352,1
1.40352,0
1.40446,1
1.40446,0
1.4054,1
1.4054,0
1.40635,1
1.40635,0
1.40729,1
1.40729,0
1.40824,1
1.40824,0
1.40918,1
1.40918,0
1.41012,1
1.41012,0
1.41107,1
1.41107,0
1.41201,1
1.41201,0
1.41296,1
1.41296,0
1.4139,1
1.4139,0
1.41484,1
1.41484,0
1.41579,1
1.41579,0
1.41673,1
1.41673,0
1.41768,1
1.41768,0
1.41862,1
1.41862,0
1.41956,1
1.41956,0
1.42051,1
1.42051,0
1.42145,1
1.42145,0
1.4224,1
1.4224,0
1.42334,1
1.42334,0
1.42428,1
1.42428,0
1.42523,1
1.42523,0
1.42617,1
1.42617,0
1.42712,1
1.42712,0
1.42806,1
1.42806,0
1.429,1
1.429,0
1.42995,1
1.42995,0
1.43089,1
1.43089,0
1.43184,1
1.43184,0
1.43278,1
1.43278,0
1.43372,1
1.43372,0
1.43467,1
1.43467,0
1.43561,1
1.43561,0
1.43656,1
1.43656,0
1.4375,1
1.4375,0
1.43844,1
1.43844,0
1.43939,1
1.43939,0
1.44033,1
1.44033,0
1.44128,1
1.44128,0
1.44222,1
1.44222,0
1.44316,1
1.44316,0
1.44411,1
1.44411,0
1.44505,1
1.44505,0
1.446,1
1.446,0
1.44694,1
1.44694,0
1.44788,1
1.44788,0
1.44883,1
1.44883,0
1.44977,1
1.44977,0
1.45072,1
1.45072,0
1.45166,1
1.45166,0
1.4526,1
1.4526,0
1.45355,1
1.45355,0
1.45449,1
1.45449,0
1.45544,1
1.45544,0
1.45638,1
1.45638,0
1.45732,1
1.45732,0
1.45827,1
1.45827,0
1.45921,1
1.45921,0
1.46016,1
1.46016,0
1.4611,1
1.4611,0
1.46204,1
1.46204,0
1.46299,1
1.46299,0
1.46393,1
1.46393,0
1.46488,1
1.46488,0
1.46582,1
1.46582,0
1.46676,1
1.46676,0
1.46771,1
1.46771,0
1.46865,1
1.46865,0
1.4696,1
1.4696,0
1.47054,1
1.47054,0
1.47148,1
1.47148,0
1.47243,1
1.47243,0
1.47337,1
1.47337,0
1.47432,1
1.47432,0
1.47526,1
1.47526,0
1.4762,1
1.4762,0
1.47715,1
1.47715,0
1.47809,1
1.47809,0
1.47904,1
1.47904,0
1.47998,1
1.47998,0
1.48092,1
1.48092,0
1.48187,1
1.48187,0
1.48281,1
1.48281,0
1.48376,1
1.48376,0
1.4847,1
1.4847,0
1.48564,1
1.48564,0
1.48659,1
1.48659,0
1.48753,1
1.48753,0
1.48848,1
1.48848,0
1.48942,1
1.48942,0
1.49036,1
1.49036,0
1.49131,1
1.49131,0
1.49225,1
1.49225,0
1.4932,1
1.4932,0
1.49414,1
1.49414,0
1.49508,1
1.49508,0
1.49603,1
1.49603,0
1.49697,1
1.49697,0
1.49792,1
1.49792,0
1.49886,1
1.49886,0
1.4998,1
1.4998,0
1.50075,1
1.50075,0
1.50169,1
1.50169,0
1.50264,1
1.50264,0
1.50358,1
1.50358,0
1.50452,1
1.50452,0
1.50547,1
1.50547,0
1.50641,1
1.50641,0
1.50736,1
1.50736,0
1.5083,1
1.5083,0
1.50924,1
1.50924,0
1.51019,1
1.51019,0
1.51113,1
1.51113,0
1.51208,1
1.51208,0
1.51302,1
1.51302,0
1.51396,1
1.51396,0
1.51491,1
1.51491,0
1.51585,1
1.51585,0
1.5168,1
1.5168,0
1.51774,1
1.51774,0
1.51868,1
1.51868,0
1.51963,1
1.51963,0
1.52057,1
1.52057,0
1.52152,1
1.52152,0
1.52246,1
1.52246,0
1.5234,1
1.5234,0
1.52435,1
1.52435,0
1.52529,1
1.52529,0
1.52624,1
1.52624,0
1.52718,1
1.52718,0
1.52812,1
1.52812,0
1.52907,1
1.52907,0
1.53001,1
1.53001,0
1.53096,1
1.53096,0
1.5319,1
1.5319,0
1.53284,1
1.53284,0
1.53379,1
1.53379,0
1.53473,1
1.53473,0
1.53568,1
1.53568,0
1.53662,1
1.53662,0
1.53756,1
1.53756,0
1.53851,1
1.53851,0
1.53945,1
1.53945,0
1.5404,1
1.5404,0
1.54134,1
1.54134,0
1.54228,1
1.54228,0
1.54323,1
1.54323,0
1.54417,1
1.54417,0
1.54512,1
1.54512,0
1.54606,1
1.54606,0
1.547,1
1.547,0
1.54795,1
1.54795,0
1.54889,1
1.54889,0
1.54984,1
1.54984,0
1.55078,1
1.55078,0
1.55172,1
1.55172,0
1.55267,1
1.55267,0
1.55361,1
1.55361,0
1.55456,1
1.55456,0
1.5555,1
1.5555,0
1.55644,1
1.55644,0
1.55739,1
1.55739,0
1.55833,1
1.55833,0
1.55928,1
1.55928,0
1.56022,1
1.56022,0
1.56116,1
1.56116,0
1.56211,1
1.56211,0
1.56305,1
1.56305,0
1.564,1
1.564,0
1.56494,1
1.56494,0
1.56588,1
1.56588,0
1.56683,1
1.56683,0
1.56777,1
1.56777,0
1.56872,1
1.56872,0
1.56966,1
1.56966,0
1.5706,1
1.5706,0
1.57155,1
1.57155,0
1.57249,1
1.57249,0
1.57344,1
1.57344,0
1.57438,1
1.57438,0
1.57532,1
1.57532,0
1.57627,1
1.57627,0
1.57721,1
1.57721,0
1.57816,1
1.57816,0
1.5791,1
1.5791,0
1.58004,1
1.58004,0
1.58099,1
1.58099,0
1.58193,1
1.58193,0
1.58288,1
1.58288,0
1.58382,1
1.58382,0
1.58476,1
1.58476,0
1.58571,1
1.58571,0
1.58665,1
1.58665,0
1.5876,1
1.5876,0
1.58854,1
1.58854,0
1.58948,1
1.58948,0
1.59043,1
1.59043,0
1.59137,1
1.59137,0
1.59232,1
1.59232,0
1.59326,1
1.59326,0
1.5942,1
1.5942,0
1.59515,1
1.59515,0
1.59609,1
1.59609,0
1.59704,1
1.59704,0
1.59798,1
1.59798,0
1.59892,1
1.59892,0
1.59987,1
1.59987,0
1.60081,1
1.60081,0
1.60176,1
1.60176,0
1.6027,1
1.6027,0
1.60364,1
1.60364,0
1.60459,1
1.60459,0
1.60553,1
1.60553,0
1.60648,1
1.60648,0
1.60742,1
1.60742,0
1.60836,1
1.60836,0
1.60931,1
1.60931,0
1.61025,1
1.61025,0
1.6112,1
1.6112,0
1.61214,1
1.61214,0
1.61308,1
1.61308,0
1.61403,1
1.61403,0
1.61497,1
1.61497,0
1.61592,1
1.61592,0
1.61686,1
1.61686,0
1.6178,1
1.6178,0
1.61875,1
1.61875,0
1.61969,1
1.61969,0
1.62064,1
1.62064,0
1.62158,1
1.62158,0
1.62252,1
1.62252,0
1.62347,1
1.62347,0
1.62441,1
1.62441,0
1.62536,1
1.62536,0
1.6263,1
1.6263,0
1.62724,1
1.62724,0
1.62819,1
1.62819,0
1.62913,1
1.62913,0
1.63008,1
1.63008,0
1.63102,1
1.63102,0
1.63196,1
1.63196,0
1.63291,1
1.63291,0
1.63385,1
1.63385,0
1.6348,1
1.6348,0
1.63574,1
1.63574,0
1.63668,1
1.63668,0
1.63763,1
1.63763,0
1.63857,1
1.63857,0
1.63952,1
1.63952,0
1.64046,1
1.64046,0
1.6414,1
1.6414,0
1.64235,1
1.64235,0
1.64329,1
1.64329,0
1.64424,1
1.64424,0
1.64518,1
1.64518,0
1.64612,1
1.64612,0
1.64707,1
1.64707,0
1.64801,1
1.64801,0
1.64896,1
1.64896,0
1.6499,1
1.6499,0
1.65084,1
1.65084,0
1.65179,1
1.65179,0
1.65273,1
1.65273,0
1.65368,1
1.65368,0
1.65462,1
1.65462,0
1.65556,1
1.65556,0
1.65651,1
1.65651,0
1.65745,1
1.65745,0
1.6584,1
1.6584,0
1.65934,1
1.65934,0
1.66028,1
1.66028,0
1.66123,1
1.66123,0
1.66217,1
1.66217,0
1.66312,1
1.66312,0
1.66406,1
1.66406,0
1.665,1
1.665,0
1.66595,1
1.66595,0
1.66689,1
1.66689,0
1.66784,1
1.66784,0
1.66878,1
1.66878,0
1.66972,1
1.66972,0
1.67067,1
1.67067,0
1.67161,1
1.67161,0
1.67256,1
1.67256,0
1.6735,1
1.6735,0
1.67444,1
1.67444,0
1.67539,1
1.67539,0
1.67633,1
1.67633,0
1.67728,1
1.67728,0
1.67822,1
1.67822,0
1.67916,1
1.67916,0
1.68011,1
1.68011,0
1.68105,1
1.68105,0
1.682,1
1.682,0
1.68294,1
1.68294,0
1.68388,1
1.68388,0
1.68483,1
1.68483,0
1.68577,1
1.68577,0
1.68672,1
1.68672,0
1.68766,1
1.68766,0
1.6886,1
1.6886,0
1.68955,1
1.68955,0
1.69049,1
1.69049,0
1.69144,1
1.69144,0
1.69238,1
1.69238,0
1.69332,1
1.69332,0
1.69427,1
1.69427,0
1.69521,1
1.69521,0
1.69616,1
1.69616,0
1.6971,1
1.6971,0
1.69804,1
1.69804,0
1.69899,1
1.69899,0
1.69993,1
1.69993,0
1.70088,1
1.70088,0
1.70182,1
1.70182,0
1.70276,1
1.70276,0
1.70371,1
1.70371,0
1.70465,1
1.70465,0
1.7056,1
1.7056,0
1.70654,1
1.70654,0
1.70748,1
1.70748,0
1.70843,1
1.70843,0
1.70937,1
1.70937,0
1.71032,1
1.71032,0
1.71126,1
1.71126,0
1.7122,1
1.7122,0
1.71315,1
1.71315,0
1.71409,1
1.71409,0
1.71504,1
1.71504,0
1.71598,1
1.71598,0
1.71692,1
1.71692,0
1.71787,1
1.71787,0
1.71881,1
1.71881,0
1.71976,1
1.71976,0
1.7207,1
1.7207,0
1.72164,1
1.72164,0
1.72259,1
1.72259,0
1.72353,1
1.72353,0
1.72448,1
1.72448,0
1.72542,1
1.72542,0
1.72636,1
1.72636,0
1.72731,1
1.72731,0
1.72825,1
1.72825,0
1.7292,1
1.7292,0
1.73014,1
1.73014,0
1.73108,1
1.73108,0
1.73203,1
1.73203,0
1.73297,1
1.73297,0
1.73392,1
1.73392,0
1.73439,1
1.73439,0
1.73486,1
1.73486,0
1.73533,1
1.73533,0
1.7358,1
1.7358,0
1.73628,1
1.73628,0
1.73675,1
1.73675,0
1.73722,1
1.73722,0
1.73769,1
1.73769,0
1.73816,1
1.73816,0
1.73864,1
1.73864,0
1.73911,1
1.73911,0
1.73958,1
1.73958,0
1.74005,1
1.74005,0
1.74052,1
1.74052,0
1.741,1
1.741,0
1.74147,1
1.74147,0
1.74194,1
1.74194,0
1.74241,1
1.74241,0
1.74288,1
1.74288,0
1.74336,1
1.74336,0
1.74383,1
1.74383,0
1.7443,1
1.7443,0
1.74477,1
1.74477,0
1.74524,1
1.74524,0
1.74572,1
1.74572,0
1.74619,1
1.74619,0
1.74666,1
1.74666,0
1.74713,1
1.74713,0
1.7476,1
1.7476,0
1.74808,1
1.74808,0
1.74855,1
1.74855,0
1.74902,1
1.74902,0
1.74949,1
1.74949,0
1.74996,1
1.74996,0
1.75044,1
1.75044,0
1.75091,1
1.75091,0
1.75138,1
1.75138,0
1.75185,1
1.75185,0
1.75232,1
1.75232,0
1.7528,1
1.7528,0
1.75327,1
1.75327,0
1.75374,1
1.75374,0
1.75421,1
1.75421,0
1.75468,1
1.75468,0
1.75516,1
1.75516,0
1.75563,1
1.75563,0
1.7561,1
1.7561,0
1.75657,1
1.75657,0
1.75704,1
1.75704,0
1.75752,1
1.75752,0
1.75799,1
1.75799,0
1.75846,1
1.75846,0
1.75893,1
1.75893,0
1.7594,1
1.7594,0
1.75988,1
1.75988,0
1.76035,1
1.76035,0
1.76082,1
1.76082,0
1.76129,1
1.76129,0
1.76176,1
1.76176,0
1.76224,1
1.76224,0
1.76271,1
1.76271,0
1.76318,1
1.76318,0
1.76365,1
1.76365,0
1.76412,1
1.76412,0
1.7646,1
1.7646,0
1.76507,1
1.76507,0
1.76554,1
1.76554,0
1.76601,1
1.76601,0
1.76648,1
1.76648,0
1.76696,1
1.76696,0
1.76743,1
1.76743,0
1.7679,1
1.7679,0
1.76837,1
1.76837,0
1.76884,1
1.76884,0
1.76932,1
1.76932,0
1.76979,1
1.76979,0
1.77026,1
1.77026,0
1.77073,1
1.77073,0
1.7712,1
1.7712,0
1.77168,1
1.77168,0
1.77215,1
1.77215,0
1.77262,1
1.77262,0
1.77309,1
1.77309,0
1.77356,1
1.77356,0
1.77404,1
1.77404,0
1.77451,1
1.77451,0
1.77498,1
1.77498,0
1.77545,1
1.77545,0
1.77592,1
1.77592,0
1.7764,1
1.7764,0
1.77687,1
1.77687,0
1.77734,1
1.77734,0
1.77781,1
1.77781,0
1.77828,1
1.77828,0
1.77876,1
1.77876,0
1.77923,1
1.77923,0
1.7797,1
1.7797,0
1.78017,1
1.78017,0
1.78064,1
1.78064,0
1.78112,1
1.78112,0
1.78159,1
1.78159,0
1.78206,1
1.78206,0
1.78253,1
1.78253,0
1.783,1
1.783,0
1.78348,1
1.78348,0
1.78395,1
1.78395,0
1.78442,1
1.78442,0
1.78489,1
1.78489,0
1.78536,1
1.78536,0
1.78584,1
1.78584,0
1.78631,1
1.78631,0
1.78678,1
1.78678,0
1.78725,1
1.78725,0
1.78772,1
1.78772,0
1.7882,1
1.7882,0
1.78867,1
1.78867,0
1.78914,1
1.78914,0
1.78961,1
1.78961,0
1.79008,1
1.79008,0
1.79056,1
1.79056,0
1.79103,1
1.79103,0
1.7915,1
1.7915,0
1.79197,1
1.79197,0
1.79244,1
1.79244,0
1.79292,1
1.79292,0
1.79339,1
1.79339,0
1.79386,1
1.79386,0
1.79433,1
1.79433,0
1.7948,1
1.7948,0
1.79528,1
1.79528,0
1.79575,1
1.79575,0
1.79622,1
1.79622,0
1.79669,1
1.79669,0
1.79716,1
1.79716,0
1.79764,1
1.79764,0
1.79811,1
1.79811,0
1.79858,1
1.79858,0
1.79905,1
1.79905,0
1.79952,1
1.79952,0
1.8,1
1.8,0
1.80047,1
1.80047,0
1.80094,1
1.80094,0
1.80141,1
1.80141,0
1.80188,1
1.80188,0
1.80236,1
1.80236,0
1.80283,1
1.80283,0
1.8033,1
1.8033,0
1.80377,1
1.80377,0
1.80424,1
1.80424,0
1.80472,1
1.80472,0
1.80519,1
1.80519,0
1.80566,1
1.80566,0
1.80613,1
1.80613,0
1.8066,1
1.8066,0
1.80708,1
1.80708,0
1.80755,1
1.80755,0
1.80802,1
1.80802,0
1.80849,1
1.80849,0
1.80896,1
1.80896,0
1.80944,1
1.80944,0
1.80991,1
1.80991,0
1.81038,1
1.81038,0
1.81085,1
1.81085,0
1.81132,1
1.81132,0
1.8118,1
1.8118,0
1.81227,1
1.81227,0
1.81274,1
1.81274,0
1.81321,1
1.81321,0
1.81368,1
1.81368,0
1.81416,1
1.81416,0
1.81463,1
1.81463,0
1.8151,1
1.8151,0
1.81557,1
1.81557,0
1.81604,1
1.81604,0
1.81652,1
1.81652,0
1.81699,1
1.81699,0
1.81746,1
1.81746,0
1.81793,1
1.81793,0
1.8184,1
1.8184,0
1.81888,1
1.81888,0
1.81935,1
1.81935,0
1.81982,1
1.81982,0
1.82029,1
1.82029,0
1.82076,1
1.82076,0
1.82124,1
1.82124,0
1.82171,1
1.82171,0
1.82218,1
1.82218,0
1.82265,1
1.82265,0
1.82312,1
1.82312,0
1.8236,1
1.8236,0
1.82407,1
1.82407,0
1.82454,1
1.82454,0
1.82501,1
1.82501,0
1.82548,1
1.82548,0
1.82596,1
1.82596,0
1.82643,1
1.82643,0
1.8269,1
1.8269,0
1.82737,1
1.82737,0
1.82784,1
1.82784,0
1.82832,1
1.82832,0
1.82879,1
1.82879,0
1.82926,1
1.82926,0
1.82973,1
1.82973,0
1.8302,1
1.8302,0
1.83068,1
1.83068,0
1.83162,1
1.83162,0
1.83256,1
1.83256,0
1.83351,1
1.83351,0
1.83445,1
1.83445,0
1.83492,1
1.83492,0
1.8354,1
1.8354,0
1.83587,1
1.83587,0
1.83634,1
1.83634,0
1.83681,1
1.83681,0
1.83728,1
1.83728,0
1.83776,1
1.83776,0
1.83823,1
1.83823,0
1.8387,1
1.8387,0
1.83917,1
1.83917,0
1.83964,1
1.83964,0
1.84012,1
1.84012,0
1.84059,1
1.84059,0
1.84106,1
1.84106,0
1.84153,1
1.84153,0
1.842,1
1.842,0
1.84248,1
1.84248,0
1.84295,1
1.84295,0
1.84342,1
1.84342,0
1.84389,1
1.84389,0
1.84436,1
1.84436,0
1.84484,1
1.84484,0
1.84531,1
1.84531,0
1.84578,1
1.84578,0
1.84625,1
1.84625,0
1.84672,1
1.84672,0
1.8472,1
1.8472,0
1.84767,1
1.84767,0
1.84814,1
1.84814,0
1.84861,1
1.84861,0
1.84868,1
1.84868,0
1.84915,1
1.84915,0
1.84962,1
1.84962,0
1.8501,1
1.8501,0
1.85057,1
1.85057,0
1.85104,1
1.85104,0
1.85151,1
1.85151,0
1.85198,1
1.85198,0
1.85246,1
1.85246,0
1.85293,1
1.85293,0
1.8534,1
1.8534,0
1.85387,1
1.85387,0
1.85434,1
1.85434,0
1.85482,1
1.85482,0
1.85529,1
1.85529,0
1.85576,1
1.85576,0
1.85623,1
1.85623,0
1.8567,1
1.8567,0
1.85718,1
1.85718,0
1.85765,1
1.85765,0
1.85812,1
1.85812,0
1.85859,1
1.85859,0
1.85906,1
1.85906,0
1.85954,1
1.85954,0
1.86001,1
1.86001,0
1.86048,1
1.86048,0
1.86095,1
1.86095,0
1.86142,1
1.86142,0
1.8619,1
1.8619,0
1.86237,1
1.86237,0
1.86284,1
1.86284,0
1.86331,1
1.86331,0
1.86378,1
1.86378,0
1.86426,1
1.86426,0
1.86473,1
1.86473,0
1.8652,1
1.8652,0
1.86567,1
1.86567,0
1.86614,1
1.86614,0
1.86662,1
1.86662,0
1.86709,1
1.86709,0
1.86756,1
1.86756,0
1.86803,1
1.86803,0
1.8685,1
1.8685,0
1.86898,1
1.86898,0
1.86945,1
1.86945,0
1.86992,1
1.86992,0
1.87039,1
1.87039,0
1.87086,1
1.87086,0
1.87134,1
1.87134,0
1.87181,1
1.87181,0
1.87228,1
1.87228,0
1.87275,1
1.87275,0
1.87322,1
1.87322,0
1.8737,1
1.8737,0
1.87417,1
1.87417,0
1.87464,1
1.87464,0
1.87511,1
1.87511,0
1.87558,1
1.87558,0
1.87606,1
1.87606,0
1.87653,1
1.87653,0
1.877,1
1.877,0
1.87747,1
1.87747,0
1.87794,1
1.87794,0
1.87842,1
1.87842,0
1.87889,1
1.87889,0
1.87936,1
1.87936,0
1.87983,1
1.87983,0
1.8803,1
1.8803,0
1.88078,1
1.88078,0
1.88125,1
1.88125,0
1.88172,1
1.88172,0
1.88219,1
1.88219,0
1.88266,1
1.88266,0
1.88314,1
1.88314,0
1.88361,1
1.88361,0
1.88408,1
1.88408,0
1.88455,1
1.88455,0
1.88502,1
1.88502,0
1.8855,1
1.8855,0
1.88597,1
1.88597,0
1.88644,1
1.88644,0
1.88691,1
1.88691,0
1.88738,1
1.88738,0
1.88786,1
1.88786,0
1.88833,1
1.88833,0
1.8888,1
1.8888,0
1.88927,1
1.88927,0
1.88974,1
1.88974,0
1.89022,1
1.89022,0
1.89069,1
1.89069,0
1.89116,1
1.89116,0
1.89163,1
1.89163,0
1.8921,1
1.8921,0
1.89258,1
1.89258,0
1.89305,1
1.89305,0
1.89352,1
1.89352,0
1.89399,1
1.89399,0
1.89446,1
1.89446,0
1.89494,1
1.89494,0
1.89541,1
1.89541,0
1.89588,1
1.89588,0
1.89635,1
1.89635,0
1.89682,1
1.89682,0
1.8973,1
1.8973,0
1.89777,1
1.89777,0
1.89824,1
1.89824,0
1.89871,1
1.89871,0
1.89918,1
1.89918,0
1.89966,1
1.89966,0
1.90013,1
1.90013,0
1.9006,1
1.9006,0
1.90107,1
1.90107,0
1.90154,1
1.90154,0
1.90202,1
1.90202,0
1.90249,1
1.90249,0
1.90296,1
1.90296,0
1.90343,1
1.90343,0
1.9039,1
1.9039,0
1.90438,1
1.90438,0
1.90485,1
1.90485,0
1.90532,1
1.90532,0
1.90579,1
1.90579,0
1.90626,1
1.90626,0
1.90674,1
1.90674,0
1.90721,1
1.90721,0
1.90768,1
1.90768,0
1.90815,1
1.90815,0
1.90862,1
1.90862,0
1.9091,1
1.9091,0
1.90957,1
1.90957,0
1.91004,1
1.91004,0
1.91051,1
1.91051,0
1.91098,1
1.91098,0
1.91146,1
1.91146,0
1.91193,1
1.91193,0
1.9124,1
1.9124,0
1.91287,1
1.91287,0
1.91334,1
1.91334,0
1.91382,1
1.91382,0
1.91429,1
1.91429,0
1.91476,1
1.91476,0
1.91523,1
1.91523,0
1.9157,1
1.9157,0
1.91618,1
1.91618,0
1.91665,1
1.91665,0
1.91712,1
1.91712,0
1.91759,1
1.91759,0
1.91806,1
1.91806,0
1.91854,1
1.91854,0
1.91901,1
1.91901,0
1.91948,1
1.91948,0
1.91995,1
1.91995,0
1.92042,1
1.92042,0
1.9209,1
1.9209,0
1.92137,1
1.92137,0
1.92184,1
1.92184,0
1.92231,1
1.92231,0
1.92278,1
1.92278,0
1.92326,1
1.92326,0
1.92373,1
1.92373,0
1.9242,1
1.9242,0
1.92467,1
1.92467,0
1.92514,1
1.92514,0
1.92562,1
1.92562,0
1.92609,1
1.92609,0
1.92656,1
1.92656,0
1.92703,1
1.92703,0
1.9275,1
1.9275,0
1.92798,1
1.92798,0
1.92845,1
1.92845,0
1.92892,1
1.92892,0
1.92939,1
1.92939,0
1.92986,1
1.92986,0
1.93034,1
1.93034,0
1.93081,1
1.93081,0
1.93128,1
1.93128,0
1.93175,1
1.93175,0
1.93222,1
1.93222,0
1.9327,1
1.9327,0
1.93317,1
1.93317,0
1.93364,1
1.93364,0
1.93411,1
1.93411,0
1.93458,1
1.93458,0
1.93506,1
1.93506,0
1.93553,1
1.93553,0
1.936,1
1.936,0
1.93647,1
1.93647,0
1.93694,1
1.93694,0
1.93742,1
1.93742,0
1.93789,1
1.93789,0
1.93836,1
1.93836,0
1.93883,1
1.93883,0
1.9393,1
1.9393,0
1.93978,1
1.93978,0
1.94025,1
1.94025,0
1.94072,1
1.94072,0
1.94119,1
1.94119,0
1.94166,1
1.94166,0
1.94214,1
1.94214,0
1.94261,1
1.94261,0
1.94308,1
1.94308,0
1.94355,1
1.94355,0
1.94402,1
1.94402,0
1.9445,1
1.9445,0
1.94497,1
1.94497,0
1.94544,1
1.94544,0
1.94591,1
1.94591,0
1.94638,1
1.94638,0
1.94686,1
1.94686,0
1.94733,1
1.94733,0
1.9478,1
1.9478,0
1.94827,1
1.94827,0
1.94874,1
1.94874,0
1.94922,1
1.94922,0
1.94969,1
1.94969,0
1.95063,1
1.95063,0
1.95158,1
1.95158,0
1.95252,1
1.95252,0
1.95346,1
1.95346,0
1.95441,1
1.95441,0
1.95535,1
1.95535,0
1.9563,1
1.9563,0
1.95724,1
1.95724,0
1.95818,1
1.95818,0
1.95913,1
1.95913,0
1.96007,1
1.96007,0
1.96102,1
1.96102,0
1.96196,1
1.96196,0
1.9629,1
1.9629,0
1.96385,1
1.96385,0
1.96479,1
1.96479,0
1.96574,1
1.96574,0
1.96668,1
1.96668,0
1.96762,1
1.96762,0
1.96857,1
1.96857,0
1.96951,1
1.96951,0
1.97046,1
1.97046,0
1.9714,1
1.9714,0
1.97234,1
1.97234,0
1.97329,1
1.97329,0
1.97423,1
1.97423,0
1.97518,1
1.97518,0
1.97612,1
1.97612,0
1.97706,1
1.97706,0
1.97801,1
1.97801,0
1.97895,1
1.97895,0
1.9799,1
1.9799,0
1.98084,1
1.98084,0
1.98178,1
1.98178,0
1.98273,1
1.98273,0
1.98367,1
1.98367,0
1.98462,1
1.98462,0
1.98556,1
1.98556,0
1.9865,1
1.9865,0
1.98745,1
1.98745,0
1.98839,1
1.98839,0
1.98934,1
1.98934,0
1.99028,1
1.99028,0
1.99122,1
1.99122,0
1.99217,1
1.99217,0
1.99311,1
1.99311,0
1.99406,1
1.99406,0
1.995,1
1.995,0
1.99594,1
1.99594,0
1.99689,1
1.99689,0
1.99783,1
1.99783,0
1.99878,1
1.99878,0
1.99972,1
1.99972,0
2.00066,1
2.00066,0
2.00161,1
2.00161,0
2.00255,1
2.00255,0
2.0035,1
2.0035,0
2.00444,1
2.00444,0
2.00538,1
2.00538,0
2.00633,1
2.00633,0
2.00727,1
2.00727,0
2.00822,1
2.00822,0
2.00916,1
2.00916,0
2.0101,1
2.0101,0
2.01105,1
2.01105,0
2.01199,1
2.01199,0
2.01294,1
2.01294,0
2.01388,1
2.01388,0
2.01482,1
2.01482,0
2.01577,1
2.01577,0
2.01671,1
2.01671,0
2.01766,1
2.01766,0
2.0186,1
2.0186,0
2.01954,1
2.01954,0
2.02049,1
2.02049,0
2.02143,1
2.02143,0
2.02238,1
2.02238,0
2.02332,1
2.02332,0
2.02426,1
2.02426,0
2.02521,1
2.02521,0
2.02615,1
2.02615,0
2.0271,1
2.0271,0
2.02804,1
2.02804,0
2.02898,1
2.02898,0
2.02993,1
2.02993,0
2.03087,1
2.03087,0
2.03182,1
2.03182,0
2.03276,1
2.03276,0
2.0337,1
2.0337,0
2.03465,1
2.03465,0
2.03559,1
2.03559,0
2.03654,1
2.03654,0
2.03748,1
2.03748,0
2.03842,1
2.03842,0
2.03937,1
2.03937,0
2.04031,1
2.04031,0
2.04126,1
2.04126,0
2.0422,1
2.0422,0
2.04314,1
2.04314,0
2.04409,1
2.04409,0
2.04503,1
2.04503,0
2.04598,1
2.04598,0
2.04692,1
2.04692,0
2.04786,1
2.04786,0
2.04881,1
2.04881,0
2.04975,1
2.04975,0
2.0507,1
2.0507,0
2.05164,1
2.05164,0
2.05258,1
2.05258,0
2.05353,1
2.05353,0
2.05447,1
2.05447,0
2.05542,1
2.05542,0
2.05636,1
2.05636,0
2.0573,1
2.0573,0
2.05825,1
2.05825,0
2.05919,1
2.05919,0
2.06014,1
2.06014,0
2.06108,1
2.06108,0
2.06202,1
2.06202,0
2.06297,1
2.06297,0
2.06391,1
2.06391,0
2.06486,1
2.06486,0
2.0658,1
2.0658,0
2.06674,1
2.06674,0
2.06769,1
2.06769,0
2.06863,1
2.06863,0
2.06958,1
2.06958,0
2.07052,1
2.07052,0
2.07146,1
2.07146,0
2.07241,1
2.07241,0
2.07335,1
2.07335,0
2.0743,1
2.0743,0
2.07524,1
2.07524,0
2.07618,1
2.07618,0
2.07713,1
2.07713,0
2.07807,1
2.07807,0
2.07902,1
2.07902,0
2.07996,1
2.07996,0
2.0809,1
2.0809,0
2.08185,1
2.08185,0
2.08279,1
2.08279,0
2.08374,1
2.08374,0
2.08468,1
2.08468,0
2.08562,1
2.08562,0
2.08657,1
2.08657,0
2.08751,1
2.08751,0
2.08846,1
2.08846,0
2.0894,1
2.0894,0
2.09034,1
2.09034,0
2.09129,1
2.09129,0
2.09223,1
2.09223,0
2.09318,1
2.09318,0
2.09412,1
2.09412,0
2.09506,1
2.09506,0
2.09601,1
2.09601,0
2.09695,1
2.09695,0
2.0979,1
2.0979,0
2.09884,1
2.09884,0
2.09978,1
2.09978,0
2.10073,1
2.10073,0
2.10167,1
2.10167,0
2.10262,1
2.10262,0
2.10356,1
2.10356,0
2.1045,1
2.1045,0
2.10545,1
2.10545,0
2.10639,1
2.10639,0
2.10734,1
2.10734,0
2.10828,1
2.10828,0
2.10922,1
2.10922,0
2.11017,1
2.11017,0
2.11111,1
2.11111,0
2.11206,1
2.11206,0
2.113,1
2.113,0
2.11394,1
2.11394,0
2.11489,1
2.11489,0
2.11583,1
2.11583,0
2.11678,1
2.11678,0
2.11772,1
2.11772,0
2.11866,1
2.11866,0
2.11961,1
2.11961,0
2.12055,1
2.12055,0
2.1215,1
2.1215,0
2.12244,1
2.12244,0
2.12338,1
2.12338,0
2.12433,1
2.12433,0
2.12527,1
2.12527,0
2.12622,1
2.12622,0
2.12716,1
2.12716,0
2.1281,1
2.1281,0
2.12905,1
2.12905,0
2.12999,1
2.12999,0
2.13094,1
2.13094,0
2.13188,1
2.13188,0
2.13282,1
2.13282,0
2.13377,1
2.13377,0
2.13471,1
2.13471,0
2.13566,1
2.13566,0
2.1366,1
2.1366,0
2.13754,1
2.13754,0
2.13849,1
2.13849,0
2.13943,1
2.13943,0
2.14038,1
2.14038,0
2.14132,1
2.14132,0
2.14226,1
2.14226,0
2.14321,1
2.14321,0
2.14415,1
2.14415,0
2.1451,1
2.1451,0
2.14604,1
2.14604,0
2.14698,1
2.14698,0
2.14793,1
2.14793,0
2.14887,1
2.14887,0
2.14982,1
2.14982,0
2.15076,1
2.15076,0
2.1517,1
2.1517,0
2.15265,1
2.15265,0
2.15359,1
2.15359,0
2.15454,1
2.15454,0
2.15548,1
2.15548,0
2.15642,1
2.15642,0
2.15737,1
2.15737,0
2.15831,1
2.15831,0
2.15926,1
2.15926,0
2.1602,1
2.1602,0
2.16114,1
2.16114,0
2.16209,1
2.16209,0
2.16303,1
2.16303,0
2.16398,1
2.16398,0
2.16492,1
2.16492,0
2.16586,1
2.16586,0
2.16681,1
2.16681,0
2.16775,1
2.16775,0
2.1687,1
2.1687,0
2.16964,1
2.16964,0
2.17058,1
2.17058,0
2.17153,1
2.17153,0
2.17247,1
2.17247,0
2.17342,1
2.17342,0
2.17436,1
2.17436,0
2.1753,1
2.1753,0
2.17625,1
2.17625,0
2.17719,1
2.17719,0
2.17814,1
2.17814,0
2.17908,1
2.17908,0
2.18002,1
2.18002,0
2.18097,1
2.18097,0
2.18191,1
2.18191,0
2.18286,1
2.18286,0
2.1838,1
2.1838,0
2.18474,1
2.18474,0
2.18569,1
2.18569,0
2.18663,1
2.18663,0
2.18758,1
2.18758,0
2.18852,1
2.18852,0
2.18946,1
2.18946,0
2.19041,1
2.19041,0
2.19135,1
2.19135,0
2.1923,1
2.1923,0
2.19324,1
2.19324,0
2.19418,1
2.19418,0
2.19513,1
2.19513,0
2.19607,1
2.19607,0
2.19702,1
2.19702,0
2.19796,1
2.19796,0
2.1989,1
2.1989,0
2.19985,1
2.19985,0
2.20079,1
2.20079,0
2.20174,1
2.20174,0
2.20268,1
2.20268,0
2.20362,1
2.20362,0
2.20457,1
2.20457,0
2.20551,1
2.20551,0
2.20646,1
2.20646,0
2.2074,1
2.2074,0
2.20834,1
2.20834,0
2.20929,1
2.20929,0
2.21023,1
2.21023,0
2.21118,1
2.21118,0
2.21212,1
2.21212,0
2.21306,1
2.21306,0
2.21401,1
2.21401,0
2.21495,1
2.21495,0
2.2159,1
2.2159,0
2.21684,1
2.21684,0
2.21778,1
2.21778,0
2.21873,1
2.21873,0
2.21967,1
2.21967,0
2.22062,1
2.22062,0
2.22156,1
2.22156,0
2.2225,1
2.2225,0
2.22345,1
2.22345,0
2.22439,1
2.22439,0
2.22534,1
2.22534,0
2.22628,1
2.22628,0
2.22722,1
2.22722,0
2.22817,1
2.22817,0
2.22911,1
2.22911,0
2.23006,1
2.23006,0
2.231,1
2.231,0
2.23194,1
2.23194,0
2.23289,1
2.23289,0
2.23383,1
2.23383,0
2.23478,1
2.23478,0
2.23572,1
2.23572,0
2.23666,1
2.23666,0
2.23761,1
2.23761,0
2.23855,1
2.23855,0
2.2395,1
2.2395,0
2.24044,1
2.24044,0
2.24138,1
2.24138,0
2.24233,1
2.24233,0
2.24327,1
2.24327,0
2.24422,1
2.24422,0
2.24516,1
2.24516,0
2.2461,1
2.2461,0
2.24705,1
2.24705,0
2.24799,1
2.24799,0
2.24894,1
2.24894,0
2.24988,1
2.24988,0
2.25082,1
2.25082,0
2.25177,1
2.25177,0
2.25271,1
2.25271,0
2.25366,1
2.25366,0
2.2546,1
2.2546,0
2.25554,1
2.25554,0
2.25649,1
2.25649,0
2.25743,1
2.25743,0
2.25838,1
2.25838,0
2.25932,1
2.25932,0
2.26026,1
2.26026,0
2.26121,1
2.26121,0
2.26215,1
2.26215,0
2.2631,1
2.2631,0
2.26404,1
2.26404,0
2.26498,1
2.26498,0
2.26593,1
2.26593,0
2.26687,1
2.26687,0
2.26782,1
2.26782,0
2.26876,1
2.26876,0
2.2697,1
2.2697,0
2.27065,1
2.27065,0
2.27159,1
2.27159,0
2.27254,1
2.27254,0
2.27348,1
2.27348,0
2.27442,1
2.27442,0
2.27537,1
2.27537,0
2.27631,1
2.27631,0
2.27726,1
2.27726,0
2.2782,1
2.2782,0
2.27914,1
2.27914,0
2.28009,1
2.28009,0
2.28103,1
2.28103,0
2.28198,1
2.28198,0
2.28292,1
2.28292,0
2.28386,1
2.28386,0
2.28481,1
2.28481,0
2.28575,1
2.28575,0
2.2867,1
2.2867,0
2.28764,1
2.28764,0
2.28858,1
2.28858,0
2.28953,1
2.28953,0
2.29047,1
2.29047,0
2.29142,1
2.29142,0
2.29236,1
2.29236,0
2.2933,1
2.2933,0
2.29425,1
2.29425,0
2.29519,1
2.29519,0
2.29614,1
2.29614,0
2.29708,1
2.29708,0
2.29802,1
2.29802,0
2.29897,1
2.29897,0
2.29991,1
2.29991,0
2.30086,1
2.30086,0
2.3018,1
2.3018,0
2.30274,1
2.30274,0
2.30369,1
2.30369,0
2.30463,1
2.30463,0
2.30558,1
2.30558,0
2.30652,1
2.30652,0
2.30746,1
2.30746,0
2.30841,1
2.30841,0
2.30935,1
2.30935,0
2.3103,1
2.3103,0
2.31124,1
2.31124,0
2.31218,1
2.31218,0
2.31313,1
2.31313,0
2.31407,1
2.31407,0
2.31502,1
2.31502,0
2.31596,1
2.31596,0
2.3169,1
2.3169,0
2.31785,1
2.31785,0
2.31879,1
2.31879,0
2.31974,1
2.31974,0
2.32068,1
2.32068,0
2.32162,1
2.32162,0
2.32257,1
2.32257,0
2.32351,1
2.32351,0
2.32446,1
2.32446,0
2.3254,1
2.3254,0
2.32634,1
2.32634,0
2.32729,1
2.32729,0
2.32823,1
2.32823,0
2.32918,1
2.32918,0
2.33012,1
2.33012,0
2.33106,1
2.33106,0
2.33201,1
2.33201,0
2.33295,1
2.33295,0
2.3339,1
2.3339,0
2.33484,1
2.33484,0
2.33578,1
2.33578,0
2.33673,1
2.33673,0
2.33767,1
2.33767,0
2.33862,1
2.33862,0
2.33956,1
2.33956,0
2.3405,1
2.3405,0
2.34145,1
2.34145,0
2.34239,1
2.34239,0
2.34334,1
2.34334,0
2.34428,1
2.34428,0
2.34522,1
2.34522,0
2.34617,1
2.34617,0
2.34711,1
2.34711,0
2.34806,1
2.34806,0
2.349,1
2.349,0
2.34994,1
2.34994,0
2.35089,1
2.35089,0
2.35183,1
2.35183,0
2.35278,1
2.35278,0
2.35372,1
2.35372,0
2.35466,1
2.35466,0
2.35561,1
2.35561,0
2.35655,1
2.35655,0
2.3575,1
2.3575,0
2.35844,1
2.35844,0
2.35938,1
2.35938,0
2.36033,1
2.36033,0
2.36127,1
2.36127,0
2.36222,1
2.36222,0
2.36316,1
2.36316,0
2.3641,1
2.3641,0
2.36505,1
2.36505,0
2.36599,1
2.36599,0
2.36694,1
2.36694,0
2.36788,1
2.36788,0
2.36882,1
2.36882,0
2.36977,1
2.36977,0
2.37071,1
2.37071,0
2.37166,1
2.37166,0
2.3726,1
2.3726,0
2.37354,1
2.37354,0
2.37449,1
2.37449,0
2.37543,1
2.37543,0
2.37638,1
2.37638,0
2.37732,1
2.37732,0
2.37826,1
2.37826,0
2.37921,1
2.37921,0
2.38015,1
2.38015,0
2.3811,1
2.3811,0
2.38204,1
2.38204,0
2.38298,1
2.38298,0
2.38393,1
2.38393,0
2.38487,1
2.38487,0
2.38582,1
2.38582,0
2.38676,1
2.38676,0
2.3877,1
2.3877,0
2.38865,1
2.38865,0
2.38959,1
2.38959,0
2.39054,1
2.39054,0
2.39148,1
2.39148,0
2.39242,1
2.39242,0
2.39337,1
2.39337,0
2.39431,1
2.39431,0
2.39526,1
2.39526,0
2.3962,1
2.3962,0
2.39714,1
2.39714,0
2.39809,1
2.39809,0
2.39903,1
2.39903,0
2.39998,1
2.39998,0
2.40092,1
2.40092,0
2.40186,1
2.40186,0
2.40281,1
2.40281,0
2.40375,1
2.40375,0
2.4047,1
2.4047,0
2.40564,1
2.40564,0
2.40658,1
2.40658,0
2.40753,1
2.40753,0
2.40847,1
2.40847,0
2.40942,1
2.40942,0
2.41036,1
2.41036,0
2.4113,1
2.4113,0
2.41225,1
2.41225,0
2.41319,1
2.41319,0
2.41414,1
2.41414,0
2.41508,1
2.41508,0
2.41602,1
2.41602,0
2.41697,1
2.41697,0
2.41791,1
2.41791,0
2.41886,1
2.41886,0
2.4198,1
2.4198,0
2.42074,1
2.42074,0
2.42169,1
2.42169,0
2.42263,1
2.42263,0
2.42358,1
2.42358,0
2.42452,1
2.42452,0
2.42546,1
2.42546,0
2.42641,1
2.42641,0
2.42735,1
2.42735,0
2.4283,1
2.4283,0
2.42924,1
2.42924,0
2.43018,1
2.43018,0
2.43113,1
2.43113,0
2.43207,1
2.43207,0
2.43302,1
2.43302,0
2.43396,1
2.43396,0
2.4349,1
2.4349,0
2.43585,1
2.43585,0
2.43679,1
2.43679,0
2.43774,1
2.43774,0
2.43868,1
2.43868,0
2.43962,1
2.43962,0
2.44057,1
2.44057,0
2.44151,1
2.44151,0
2.44246,1
2.44246,0
2.4434,1
2.4434,0
2.44434,1
2.44434,0
2.44529,1
2.44529,0
2.44623,1
2.44623,0
2.44718,1
2.44718,0
2.44812,1
2.44812,0
2.44906,1
2.44906,0
2.45001,1
2.45001,0
2.45095,1
2.45095,0
2.4519,1
2.4519,0
2.45284,1
2.45284,0
2.45378,1
2.45378,0
2.45473,1
2.45473,0
2.45567,1
2.45567,0
2.45662,1
2.45662,0
2.45756,1
2.45756,0
2.4585,1
2.4585,0
2.45945,1
2.45945,0
2.46039,1
2.46039,0
2.46134,1
2.46134,0
2.46228,1
2.46228,0
2.46322,1
2.46322,0
2.46417,1
2.46417,0
2.46511,1
2.46511,0
2.46606,1
2.46606,0
2.467,1
2.467,0
2.46794,1
2.46794,0
2.46889,1
2.46889,0
2.46983,1
2.46983,0
2.47078,1
2.47078,0
2.47172,1
2.47172,0
2.47266,1
2.47266,0
2.47361,1
2.47361,0
2.47455,1
2.47455,0
2.4755,1
2.4755,0
2.47644,1
2.47644,0
2.47738,1
2.47738,0
2.47833,1
2.47833,0
2.47927,1
2.47927,0
2.48022,1
2.48022,0
2.48116,1
2.48116,0
2.4821,1
2.4821,0
2.48305,1
2.48305,0
2.48399,1
2.48399,0
2.48494,1
2.48494,0
2.48588,1
2.48588,0
2.48682,1
2.48682,0
2.48777,1
2.48777,0
2.48871,1
2.48871,0
2.48966,1
2.48966,0
2.4906,1
2.4906,0
2.49154,1
2.49154,0
2.49249,1
2.49249,0
2.49343,1
2.49343,0
2.49438,1
2.49438,0
2.49532,1
2.49532,0
2.49626,1
2.49626,0
2.49721,1
2.49721,0
2.49815,1
2.49815,0
2.4991,1
2.4991,0
2.50004,1
2.50004,0
2.50098,1
2.50098,0
2.50193,1
2.50193,0
2.50287,1
2.50287,0
2.50382,1
2.50382,0
2.50476,1
2.50476,0
2.5057,1
2.5057,0
2.50665,1
2.50665,0
2.50759,1
2.50759,0
2.50854,1
2.50854,0
2.50948,1
2.50948,0
2.51042,1
2.51042,0
2.51137,1
2.51137,0
2.51231,1
2.51231,0
2.51326,1
2.51326,0
2.5142,1
2.5142,0
2.51514,1
2.51514,0
2.51609,1
2.51609,0
2.51703,1
2.51703,0
2.51798,1
2.51798,0
2.51892,1
2.51892,0
2.51986,1
2.51986,0
2.52081,1
2.52081,0
2.52175,1
2.52175,0
2.5227,1
2.5227,0
2.52364,1
2.52364,0
2.52458,1
2.52458,0
2.52553,1
2.52553,0
2.52647,1
2.52647,0
2.52742,1
2.52742,0
2.52836,1
2.52836,0
2.5293,1
2.5293,0
2.53025,1
2.53025,0
2.53119,1
2.53119,0
2.53214,1
2.53214,0
2.53308,1
2.53308,0
2.53402,1
2.53402,0
2.53497,1
2.53497,0
2.53591,1
2.53591,0
2.53686,1
2.53686,0
2.5378,1
2.5378,0
2.53874,1
2.53874,0
2.53969,1
2.53969,0
2.54063,1
2.54063,0
2.54158,1
2.54158,0
2.54252,1
2.54252,0
2.54346,1
2.54346,0
2.54441,1
2.54441,0
2.54535,1
2.54535,0
2.5463,1
2.5463,0
2.54724,1
2.54724,0
2.54818,1
2.54818,0
2.54913,1
2.54913,0
2.55007,1
2.55007,0
2.55102,1
2.55102,0
2.55196,1
2.55196,0
2.5529,1
2.5529,0
2.55385,1
2.55385,0
2.55479,1
2.55479,0
2.55574,1
2.55574,0
2.55668,1
2.55668,0
2.55762,1
2.55762,0
2.55857,1
2.55857,0
2.55951,1
2.55951,0
2.56046,1
2.56046,0
2.5614,1
2.5614,0
2.56234,1
2.56234,0
2.56329,1
2.56329,0
2.56423,1
2.56423,0
2.56518,1
2.56518,0
2.56612,1
2.56612,0
2.56706,1
2.56706,0
2.56801,1
2.56801,0
2.56895,1
2.56895,0
2.5699,1
2.5699,0
2.57084,1
2.57084,0
2.57178,1
2.57178,0
2.57273,1
2.57273,0
2.57367,1
2.57367,0
2.57462,1
2.57462,0
2.57556,1
2.57556,0
2.5765,1
2.5765,0
2.57745,1
2.57745,0
2.57839,1
2.57839,0
2.57934,1
2.57934,0
2.58028,1
2.58028,0
2.58122,1
2.58122,0
2.58217,1
2.58217,0
2.58311,1
2.58311,0
2.58406,1
2.58406,0
2.585,1
2.585,0
2.58594,1
2.58594,0
2.58689,1
2.58689,0
2.58783,1
2.58783,0
2.58878,1
2.58878,0
2.58972,1
2.58972,0
2.59066,1
2.59066,0
2.59161,1
2.59161,0
2.59255,1
2.59255,0
2.5935,1
2.5935,0
2.59444,1
2.59444,0
2.59538,1
2.59538,0
2.59633,1
2.59633,0
2.59727,1
2.59727,0
2.59822,1
2.59822,0
2.59916,1
2.59916,0
2.6001,1
2.6001,0
2.60105,1
2.60105,0
2.60199,1
2.60199,0
2.60294,1
2.60294,0
2.60388,1
2.60388,0
2.60482,1
2.60482,0
2.60577,1
2.60577,0
2.60671,1
2.60671,0
2.60766,1
2.60766,0
2.6086,1
2.6086,0
2.60954,1
2.60954,0
2.61049,1
2.61049,0
2.61143,1
2.61143,0
2.61238,1
2.61238,0
2.61332,1
2.61332,0
2.61426,1
2.61426,0
2.61521,1
2.61521,0
2.61615,1
2.61615,0
2.6171,1
2.6171,0
2.61804,1
2.61804,0
2.61898,1
2.61898,0
2.61993,1
2.61993,0
2.62087,1
2.62087,0
2.62182,1
2.62182,0
2.62276,1
2.62276,0
2.6237,1
2.6237,0
2.62465,1
2.62465,0
2.62559,1
2.62559,0
2.62654,1
2.62654,0
2.62748,1
2.62748,0
2.62842,1
2.62842,0
2.62937,1
2.62937,0
2.63031,1
2.63031,0
2.63126,1
2.63126,0
2.6322,1
2.6322,0
2.63314,1
2.63314,0
2.63409,1
2.63409,0
2.63503,1
2.63503,0
2.63598,1
2.63598,0
2.63692,1
2.63692,0
2.63786,1
2.63786,0
2.63881,1
2.63881,0
2.63975,1
2.63975,0
2.6407,1
2.6407,0
2.64164,1
2.64164,0
2.64258,1
2.64258,0
2.64353,1
2.64353,0
2.64447,1
2.64447,0
2.64542,1
2.64542,0
2.64636,1
2.64636,0
2.6473,1
2.6473,0
2.64825,1
2.64825,0
2.64919,1
2.64919,0
2.65014,1
2.65014,0
2.65108,1
2.65108,0
2.65202,1
2.65202,0
2.65297,1
2.65297,0
2.65391,1
2.65391,0
2.65486,1
2.65486,0
2.6558,1
2.6558,0
2.65674,1
2.65674,0
2.65769,1
2.65769,0
2.65863,1
2.65863,0
2.65958,1
2.65958,0
2.66052,1
2.66052,0
2.66146,1
2.66146,0
2.66241,1
2.66241,0
2.66335,1
2.66335,0
2.6643,1
2.6643,0
2.66524,1
2.66524,0
2.66618,1
2.66618,0
2.66713,1
2.66713,0
2.66807,1
2.66807,0
2.66902,1
2.66902,0
2.66996,1
2.66996,0
2.6709,1
2.6709,0
2.67185,1
2.67185,0
2.67279,1
2.67279,0
2.67374,1
2.67374,0
2.67468,1
2.67468,0
2.67562,1
2.67562,0
2.67657,1
2.67657,0
2.67751,1
2.67751,0
2.67846,1
2.67846,0
2.6794,1
2.6794,0
2.68034,1
2.68034,0
2.68129,1
2.68129,0
2.68223,1
2.68223,0
2.68318,1
2.68318,0
2.68412,1
2.68412,0
2.68506,1
2.68506,0
2.68601,1
2.68601,0
2.68695,1
2.68695,0
2.6879,1
2.6879,0
2.68884,1
2.68884,0
2.68978,1
2.68978,0
2.69073,1
2.69073,0
2.69167,1
2.69167,0
2.69262,1
2.69262,0
2.69356,1
2.69356,0
2.6945,1
2.6945,0
2.69545,1
2.69545,0
2.69639,1
2.69639,0
2.69734,1
2.69734,0
2.69828,1
2.69828,0
2.69922,1
2.69922,0
2.70017,1
2.70017,0
2.70111,1
2.70111,0
2.70206,1
2.70206,0
2.703,1
2.703,0
2.70394,1
2.70394,0
2.70489,1
2.70489,0
2.70583,1
2.70583,0
2.70678,1
2.70678,0
2.70772,1
2.70772,0
2.70866,1
2.70866,0
2.70961,1
2.70961,0
2.71055,1
2.71055,0
2.7115,1
2.7115,0
2.71244,1
2.71244,0
2.71338,1
2.71338,0
2.71433,1
2.71433,0
2.71527,1
2.71527,0
2.71622,1
2.71622,0
2.71716,1
2.71716,0
2.7181,1
2.7181,0
2.71905,1
2.71905,0
2.71999,1
2.71999,0
2.72094,1
2.72094,0
2.72188,1
2.72188,0
2.72282,1
2.72282,0
2.72377,1
2.72377,0
2.72471,1
2.72471,0
2.72566,1
2.72566,0
2.7266,1
2.7266,0
2.72754,1
2.72754,0
2.72849,1
2.72849,0
2.72943,1
2.72943,0
2.73038,1
2.73038,0
2.73132,1
2.73132,0
2.73226,1
2.73226,0
2.73321,1
2.73321,0
2.73415,1
2.73415,0
2.7351,1
2.7351,0
2.73604,1
2.73604,0
2.73698,1
2.73698,0
2.73793,1
2.73793,0
2.73887,1
2.73887,0
2.73982,1
2.73982,0
2.74076,1
2.74076,0
2.7417,1
2.7417,0
2.74265,1
2.74265,0
2.74359,1
2.74359,0
2.74454,1
2.74454,0
2.74548,1
2.74548,0
2.74642,1
2.74642,0
2.74737,1
2.74737,0
2.74831,1
2.74831,0
2.74926,1
2.74926,0
2.7502,1
2.7502,0
2.75114,1
2.75114,0
2.75209,1
2.75209,0
2.75303,1
2.75303,0
2.75398,1
2.75398,0
2.75492,1
2.75492,0
2.75586,1
2.75586,0
2.75681,1
2.75681,0
2.75775,1
2.75775,0
2.7587,1
2.7587,0
2.75964,1
2.75964,0
2.76058,1
2.76058,0
2.76153,1
2.76153,0
2.76247,1
2.76247,0
2.76342,1
2.76342,0
2.76436,1
2.76436,0
2.7653,1
2.7653,0
2.76625,1
2.76625,0
2.76719,1
2.76719,0
2.76814,1
2.76814,0
2.76908,1
2.76908,0
2.77002,1
2.77002,0
2.77097,1
2.77097,0
2.77191,1
2.77191,0
2.77286,1
2.77286,0
2.7738,1
2.7738,0
2.77474,1
2.77474,0
2.77569,1
2.77569,0
2.77663,1
2.77663,0
2.77758,1
2.77758,0
2.77852,1
2.77852,0
2.77946,1
2.77946,0
2.78041,1
2.78041,0
2.78135,1
2.78135,0
2.7823,1
2.7823,0
2.78324,1
2.78324,0
2.78418,1
2.78418,0
2.78513,1
2.78513,0
2.78607,1
2.78607,0
2.78702,1
2.78702,0
2.78796,1
2.78796,0
2.7889,1
2.7889,0
2.78985,1
2.78985,0
2.79079,1
2.79079,0
2.79174,1
2.79174,0
2.79268,1
2.79268,0
2.79362,1
2.79362,0
2.79457,1
2.79457,0
2.79551,1
2.79551,0
2.79646,1
2.79646,0
2.7974,1
2.7974,0
2.79834,1
2.79834,0
2.79929,1
2.79929,0
2.80023,1
2.80023,0
2.80118,1
2.80118,0
2.80212,1
2.80212,0
2.80306,1
2.80306,0
2.80401,1
2.80401,0
2.80495,1
2.80495,0
2.8059,1
2.8059,0
2.80684,1
2.80684,0
2.80778,1
2.80778,0
2.80873,1
2.80873,0
2.80967,1
2.80967,0
2.81062,1
2.81062,0
2.81156,1
2.81156,0
2.8125,1
2.8125,0
2.81345,1
2.81345,0
2.81439,1
2.81439,0
2.81534,1
2.81534,0
2.81628,1
2.81628,0
2.81722,1
2.81722,0
2.81817,1
2.81817,0
2.81911,1
2.81911,0
2.82006,1
2.82006,0
2.821,1
2.821,0
2.82194,1
2.82194,0
2.82289,1
2.82289,0
2.82383,1
2.82383,0
2.82478,1
2.82478,0
2.82572,1
2.82572,0
2.82666,1
2.82666,0
2.82761,1
2.82761,0
2.82855,1
2.82855,0
2.8295,1
2.8295,0
2.83044,1
2.83044,0
2.83138,1
2.83138,0
2.83233,1
2.83233,0
2.83327,1
2.83327,0
2.83422,1
2.83422,0
2.83516,1
2.83516,0
2.8361,1
2.8361,0
2.83705,1
2.83705,0
2.83799,1
2.83799,0
2.83894,1
2.83894,0
2.83988,1
2.83988,0
2.84082,1
2.84082,0
2.84177,1
2.84177,0
2.84271,1
2.84271,0
2.84366,1
2.84366,0
2.8446,1
2.8446,0
2.84554,1
2.84554,0
2.84649,1
2.84649,0
2.84743,1
2.84743,0
2.84838,1
2.84838,0
2.84932,1
2.84932,0
2.85026,1
2.85026,0
2.85121,1
2.85121,0
2.85215,1
2.85215,0
2.8531,1
2.8531,0
2.85404,1
2.85404,0
2.85498,1
2.85498,0
2.85593,1
2.85593,0
2.85687,1
2.85687,0
2.85782,1
2.85782,0
2.85876,1
2.85876,0
2.8597,1
2.8597,0
2.86065,1
2.86065,0
2.86159,1
2.86159,0
2.86254,1
2.86254,0
2.86348,1
2.86348,0
2.86442,1
2.86442,0
2.86537,1
2.86537,0
2.86631,1
2.86631,0
2.86726,1
2.86726,0
2.8682,1
2.8682,0
2.86914,1
2.86914,0
2.87009,1
2.87009,0
2.87103,1
2.87103,0
2.87198,1
2.87198,0
2.87292,1
2.87292,0
2.87386,1
2.87386,0
2.87481,1
2.87481,0
2.87575,1
2.87575,0
2.8767,1
2.8767,0
2.87764,1
2.87764,0
2.87858,1
2.87858,0
2.87953,1
2.87953,0
2.88047,1
2.88047,0
2.88142,1
2.88142,0
2.88236,1
2.88236,0
2.8833,1
2.8833,0
2.88425,1
2.88425,0
2.88519,1
2.88519,0
2.88614,1
2.88614,0
2.88708,1
2.88708,0
2.88802,1
2.88802,0
2.88897,1
2.88897,0
2.88991,1
2.88991,0
2.89086,1
2.89086,0
2.8918,1
2.8918,0
2.89274,1
2.89274,0
2.89369,1
2.89369,0
2.89463,1
2.89463,0
2.89558,1
2.89558,0
2.89652,1
2.89652,0
2.89746,1
2.89746,0
2.89841,1
2.89841,0
2.89935,1
2.89935,0
2.9003,1
2.9003,0
2.90124,1
2.90124,0
2.90218,1
2.90218,0
2.90313,1
2.90313,0
2.90407,1
2.90407,0
2.90502,1
2.90502,0
2.90596,1
2.90596,0
2.9069,1
2.9069,0
2.90785,1
2.90785,0
2.90879,1
2.90879,0
2.90974,1
2.90974,0
2.91068,1
2.91068,0
2.91162,1
2.91162,0
2.91257,1
2.91257,0
2.91351,1
2.91351,0
2.91446,1
2.91446,0
2.9154,1
2.9154,0
2.91634,1
2.91634,0
2.91729,1
2.91729,0
2.91823,1
2.91823,0
2.91918,1
2.91918,0
2.92012,1
2.92012,0
2.92106,1
2.92106,0
2.92201,1
2.92201,0
2.92295,1
2.92295,0
2.9239,1
2.9239,0
2.92484,1
2.92484,0
2.92578,1
2.92578,0
2.92673,1
2.92673,0
2.92767,1
2.92767,0
2.92862,1
2.92862,0
2.92956,1
2.92956,0
2.9305,1
2.9305,0
2.93145,1
2.93145,0
2.93239,1
2.93239,0
2.93334,1
2.93334,0
2.93428,1
2.93428,0
2.93522,1
2.93522,0
2.93617,1
2.93617,0
2.93711,1
2.93711,0
2.93806,1
2.93806,0
2.939,1
2.939,0
2.93994,1
2.93994,0
2.94089,1
2.94089,0
2.94183,1
2.94183,0
2.94278,1
2.94278,0
2.94372,1
2.94372,0
2.94466,1
2.94466,0
2.94561,1
2.94561,0
2.94655,1
2.94655,0
2.9475,1
2.9475,0
2.94844,1
2.94844,0
2.94938,1
2.94938,0
2.95033,1
2.95033,0
2.95127,1
2.95127,0
2.95222,1
2.95222,0
2.95316,1
2.95316,0
2.9541,1
2.9541,0
2.95505,1
2.95505,0
2.95599,1
2.95599,0
2.95694,1
2.95694,0
2.95788,1
2.95788,0
2.95882,1
2.95882,0
2.95977,1
2.95977,0
2.96071,1
2.96071,0
2.96166,1
2.96166,0
2.9626,1
2.9626,0
2.96354,1
2.96354,0
2.96449,1
2.96449,0
2.96543,1
2.96543,0
2.96638,1
2.96638,0
2.96732,1
2.96732,0
2.96826,1
2.96826,0
2.96921,1
2.96921,0
2.97015,1
2.97015,0
2.9711,1
2.9711,0
2.97204,1
2.97204,0
2.97298,1
2.97298,0
2.97393,1
2.97393,0
2.97487,1
2.97487,0
2.97582,1
2.97582,0
2.97676,1
2.97676,0
2.9777,1
2.9777,0
2.97865,1
2.97865,0
2.97959,1
2.97959,0
2.98054,1
2.98054,0
2.98148,1
2.98148,0
2.98242,1
2.98242,0
2.98337,1
2.98337,0
2.98431,1
2.98431,0
2.98526,1
2.98526,0
2.9862,1
2.9862,0
2.98714,1
2.98714,0
2.98809,1
2.98809,0
2.98903,1
2.98903,0
2.98998,1
2.98998,0
2.99092,1
2.99092,0
2.99186,1
2.99186,0
2.99281,1
2.99281,0
2.99375,1
2.99375,0
2.9947,1
2.9947,0
2.99564,1
2.99564,0
2.99658,1
2.99658,0
2.99753,1
2.99753,0
2.99847,1
2.99847,0
2.99942,1
2.99942,0
3.00036,1
3.00036,0
3.0013,1
3.0013,0
3.00225,1
3.00225,0
3.00319,1
3.00319,0
3.00414,1
3.00414,0
3.00508,1
3.00508,0
3.00602,1
3.00602,0
3.00697,1
3.00697,0
3.00791,1
3.00791,0
3.00886,1
3.00886,0
3.0098,1
3.0098,0
3.01074,1
3.01074,0
3.01169,1
3.01169,0
3.01263,1
3.01263,0
3.01358,1
3.01358,0
3.01452,1
3.01452,0
3.01546,1
3.01546,0
3.01641,1
3.01641,0
3.01735,1
3.01735,0
3.0183,1
3.0183,0
3.01924,1
3.01924,0
3.02018,1
3.02018,0
3.02113,1
3.02113,0
3.02207,1
3.02207,0
3.02302,1
3.02302,0
3.02396,1
3.02396,0
3.0249,1
3.0249,0
3.02585,1
3.02585,0
3.02679,1
3.02679,0
3.02774,1
3.02774,0
3.02868,1
3.02868,0
3.02962,1
3.02962,0
3.03057,1
3.03057,0
3.03151,1
3.03151,0
3.03246,1
3.03246,0
3.0334,1
3.0334,0
3.03434,1
3.03434,0
3.03529,1
3.03529,0
3.03623,1
3.03623,0
3.03718,1
3.03718,0
3.03812,1
3.03812,0
3.03906,1
3.03906,0
3.04001,1
3.04001,0
3.04095,1
3.04095,0
3.0419,1
3.0419,0
3.04284,1
3.04284,0
3.04378,1
3.04378,0
3.04473,1
3.04473,0
3.04567,1
3.04567,0
3.04662,1
3.04662,0
3.04756,1
3.04756,0
3.0485,1
3.0485,0
3.04945,1
3.04945,0
3.05039,1
3.05039,0
3.05134,1
3.05134,0
3.05228,1
3.05228,0
3.05322,1
3.05322,0
3.05417,1
3.05417,0
3.05511,1
3.05511,0
3.05606,1
3.05606,0
3.057,1
3.057,0
3.05794,1
3.05794,0
3.05889,1
3.05889,0
3.05983,1
3.05983,0
3.06078,1
3.06078,0
3.06172,1
3.06172,0
3.06266,1
3.06266,0
3.06361,1
3.06361,0
3.06455,1
3.06455,0
3.0655,1
3.0655,0
3.06644,1
3.06644,0
3.06738,1
3.06738,0
3.06833,1
3.06833,0
3.06927,1
3.06927,0
3.07022,1
3.07022,0
3.07116,1
3.07116,0
3.0721,1
3.0721,0
3.07305,1
3.07305,0
3.07399,1
3.07399,0
3.07494,1
3.07494,0
3.07588,1
3.07588,0
3.07682,1
3.07682,0
3.07777,1
3.07777,0
3.07871,1
3.07871,0
3.07966,1
3.07966,0
3.0806,1
3.0806,0
3.08154,1
3.08154,0
3.08249,1
3.08249,0
3.08343,1
3.08343,0
3.08438,1
3.08438,0
3.08532,1
3.08532,0
3.08626,1
3.08626,0
3.08721,1
3.08721,0
3.08815,1
3.08815,0
3.0891,1
3.0891,0
3.09004,1
3.09004,0
3.09098,1
3.09098,0
3.09193,1
3.09193,0
3.09287,1
3.09287,0
3.09382,1
3.09382,0
3.09476,1
3.09476,0
3.0957,1
3.0957,0
3.09665,1
3.09665,0
3.09759,1
3.09759,0
3.09854,1
3.09854,0
3.09948,1
3.09948,0
3.10042,1
3.10042,0
3.10137,1
3.10137,0
3.10231,1
3.10231,0
3.10326,1
3.10326,0
3.1042,1
3.1042,0
3.10514,1
3.10514,0
3.10609,1
3.10609,0
3.10703,1
3.10703,0
3.10798,1
3.10798,0
3.10892,1
3.10892,0
3.10986,1
3.10986,0
3.11081,1
3.11081,0
3.11175,1
3.11175,0
3.1127,1
3.1127,0
3.11364,1
3.11364,0
3.11458,1
3.11458,0
3.11553,1
3.11553,0
3.11647,1
3.11647,0
3.11742,1
3.11742,0
3.11836,1
3.11836,0
3.1193,1
3.1193,0
3.12025,1
3.12025,0
3.12119,1
3.12119,0
3.12214,1
3.12214,0
3.12308,1
3.12308,0
3.12402,1
3.12402,0
3.12497,1
3.12497,0
3.12591,1
3.12591,0
3.12686,1
3.12686,0
3.1278,1
3.1278,0
3.12874,1
3.12874,0
3.12969,1
3.12969,0
3.13063,1
3.13063,0
3.13158,1
3.13158,0
3.13252,1
3.13252,0
3.13346,1
3.13346,0
3.13441,1
3.13441,0
3.13535,1
3.13535,0
3.1363,1
3.1363,0
3.13724,1
3.13724,0
3.13818,1
3.13818,0
3.13913,1
3.13913,0
3.14007,1
3.14007,0
3.14102,1
3.14102,0
3.14196,1
3.14196,0
3.1429,1
3.1429,0
3.14385,1
3.14385,0
3.14479,1
3.14479,0
3.14574,1
3.14574,0
3.14668,1
3.14668,0
3.14762,1
3.14762,0
3.14857,1
3.14857,0
3.14951,1
3.14951,0
3.15046,1
3.15046,0
3.1514,1
3.1514,0
3.15234,1
3.15234,0
3.15329,1
3.15329,0
3.15423,1
3.15423,0
3.15518,1
3.15518,0
3.15612,1
3.15612,0
3.15706,1
3.15706,0
3.15801,1
3.15801,0
3.15895,1
3.15895,0
3.1599,1
3.1599,0
3.16084,1
3.16084,0
3.16178,1
3.16178,0
3.16273,1
3.16273,0
3.16367,1
3.16367,0
3.16462,1
3.16462,0
3.16556,1
3.16556,0
3.1665,1
3.1665,0
3.16745,1
3.16745,0
3.16839,1
3.16839,0
3.16934,1
3.16934,0
3.17028,1
3.17028,0
3.17122,1
3.17122,0
3.17217,1
3.17217,0
3.17311,1
3.17311,0
3.17406,1
3.17406,0
3.175,1
3.175,0
3.17594,1
3.17594,0
3.17689,1
3.17689,0
3.17783,1
3.17783,0
3.17878,1
3.17878,0
3.17972,1
3.17972,0
3.18066,1
3.18066,0
3.18161,1
3.18161,0
3.18255,1
3.18255,0
3.1835,1
3.1835,0
3.18444,1
3.18444,0
3.18538,1
3.18538,0
3.18633,1
3.18633,0
3.18727,1
3.18727,0
3.18822,1
3.18822,0
3.18916,1
3.18916,0
3.1901,1
3.1901,0
3.19105,1
3.19105,0
3.19199,1
3.19199,0
3.19294,1
3.19294,0
3.19388,1
3.19388,0
3.19482,1
3.19482,0
3.19577,1
3.19577,0
3.19671,1
3.19671,0
3.19766,1
3.19766,0
3.1986,1
3.1986,0
3.19954,1
3.19954,0
3.20049,1
3.20049,0
3.20143,1
3.20143,0
3.20238,1
3.20238,0
3.20332,1
3.20332,0
3.20426,1
3.20426,0
3.20521,1
3.20521,0
3.20615,1
3.20615,0
3.2071,1
3.2071,0
3.20804,1
3.20804,0
3.20898,1
3.20898,0
3.20993,1
3.20993,0
3.21087,1
3.21087,0
3.21182,1
3.21182,0
3.21276,1
3.21276,0
3.2137,1
3.2137,0
3.21465,1
3.21465,0
3.21559,1
3.21559,0
3.21654,1
3.21654,0
3.21748,1
3.21748,0
3.21842,1
3.21842,0
3.21937,1
3.21937,0
3.22031,1
3.22031,0
3.22126,1
3.22126,0
3.2222,1
3.2222,0
3.22314,1
3.22314,0
3.22409,1
3.22409,0
3.22503,1
3.22503,0
3.22598,1
3.22598,0
3.22692,1
3.22692,0
3.22786,1
3.22786,0
3.22881,1
3.22881,0
3.22975,1
3.22975,0
3.2307,1
3.2307,0
3.23164,1
3.23164,0
3.23258,1
3.23258,0
3.23353,1
3.23353,0
3.23447,1
3.23447,0
3.23542,1
3.23542,0
3.23636,1
3.23636,0
3.2373,1
3.2373,0
3.23825,1
3.23825,0
3.23919,1
3.23919,0
3.24014,1
3.24014,0
3.24108,1
3.24108,0
3.24202,1
3.24202,0
3.24297,1
3.24297,0
3.24391,1
3.24391,0
3.24486,1
3.24486,0
3.2458,1
3.2458,0
3.24674,1
3.24674,0
3.24769,1
3.24769,0
3.24863,1
3.24863,0
3.24958,1
3.24958,0
3.25052,1
3.25052,0
3.25146,1
3.25146,0
3.25241,1
3.25241,0
3.25335,1
3.25335,0
3.2543,1
3.2543,0
3.25524,1
3.25524,0
3.25618,1
3.25618,0
3.25713,1
3.25713,0
3.25807,1
3.25807,0
3.25902,1
3.25902,0
3.25996,1
3.25996,0
3.2609,1
3.2609,0
3.26185,1
3.26185,0
3.26279,1
3.26279,0
3.26374,1
3.26374,0
3.26468,1
3.26468,0
3.26562,1
3.26562,0
3.26657,1
3.26657,0
3.26751,1
3.26751,0
3.26846,1
3.26846,0
3.2694,1
3.2694,0
3.27034,1
3.27034,0
3.27129,1
3.27129,0
3.27223,1
3.27223,0
3.27318,1
3.27318,0
3.27412,1
3.27412,0
3.27506,1
3.27506,0
3.27601,1
3.27601,0
3.27695,1
3.27695,0
3.2779,1
3.2779,0
3.27884,1
3.27884,0
3.27978,1
3.27978,0
3.28073,1
3.28073,0
3.28167,1
3.28167,0
3.28262,1
3.28262,0
3.28356,1
3.28356,0
3.2845,1
3.2845,0
3.28545,1
3.28545,0
3.28639,1
3.28639,0
3.28734,1
3.28734,0
3.28828,1
3.28828,0
3.28922,1
3.28922,0
3.29017,1
3.29017,0
3.29111,1
3.29111,0
3.29206,1
3.29206,0
3.293,1
3.293,0
3.29394,1
3.29394,0
3.29489,1
3.29489,0
3.29583,1
3.29583,0
3.29678,1
3.29678,0
3.29772,1
3.29772,0
3.29866,1
3.29866,0
3.29961,1
3.29961,0
3.30055,1
3.30055,0
3.3015,1
3.3015,0
3.30244,1
3.30244,0
3.30338,1
3.30338,0
3.30433,1
3.30433,0
3.30527,1
3.30527,0
3.30622,1
3.30622,0
3.30716,1
3.30716,0
3.3081,1
3.3081,0
3.30905,1
3.30905,0
3.30999,1
3.30999,0
3.31094,1
3.31094,0
3.31188,1
3.31188,0
3.31282,1
3.31282,0
3.31377,1
3.31377,0
3.31471,1
3.31471,0
3.31566,1
3.31566,0
3.3166,1
3.3166,0
3.31754,1
3.31754,0
3.31849,1
3.31849,0
3.31943,1
3.31943,0
3.32038,1
3.32038,0
3.32132,1
3.32132,0
3.32226,1
3.32226,0
3.32321,1
3.32321,0
3.32415,1
3.32415,0
3.3251,1
3.3251,0
3.32604,1
3.32604,0
3.32698,1
3.32698,0
3.32793,1
3.32793,0
3.32887,1
3.32887,0
3.32982,1
3.32982,0
3.33076,1
3.33076,0
3.3317,1
3.3317,0
3.33265,1
3.33265,0
3.33359,1
3.33359,0
3.33454,1
3.33454,0
3.33548,1
3.33548,0
3.33642,1
3.33642,0
3.33737,1
3.33737,0
3.33831,1
3.33831,0
3.33926,1
3.33926,0
3.3402,1
3.3402,0
3.34114,1
3.34114,0
3.34209,1
3.34209,0
3.34303,1
3.34303,0
3.34398,1
3.34398,0
3.34492,1
3.34492,0
3.34586,1
3.34586,0
3.34681,1
3.34681,0
3.34775,1
3.34775,0
3.3487,1
3.3487,0
3.34964,1
3.34964,0
3.35058,1
3.35058,0
3.35153,1
3.35153,0
3.35247,1
3.35247,0
3.35342,1
3.35342,0
3.35436,1
3.35436,0
3.3553,1
3.3553,0
3.35625,1
3.35625,0
3.35719,1
3.35719,0
3.35814,1
3.35814,0
3.35908,1
3.35908,0
3.36002,1
3.36002,0
3.36097,1
3.36097,0
3.36191,1
3.36191,0
3.36286,1
3.36286,0
3.3638,1
3.3638,0
3.36474,1
3.36474,0
3.36569,1
3.36569,0
3.36663,1
3.36663,0
3.36758,1
3.36758,0
3.36852,1
3.36852,0
3.36946,1
3.36946,0
3.37041,1
3.37041,0
3.37135,1
3.37135,0
3.3723,1
3.3723,0
3.37324,1
3.37324,0
3.37418,1
3.37418,0
3.37513,1
3.37513,0
3.37607,1
3.37607,0
3.37702,1
3.37702,0
3.37796,1
3.37796,0
3.3789,1
3.3789,0
3.37985,1
3.37985,0
3.38079,1
3.38079,0
3.38174,1
3.38174,0
3.38268,1
3.38268,0
3.38362,1
3.38362,0
3.38457,1
3.38457,0
3.38551,1
3.38551,0
3.38646,1
3.38646,0
3.3874,1
3.3874,0
3.38834,1
3.38834,0
3.38929,1
3.38929,0
3.39023,1
3.39023,0
3.39118,1
3.39118,0
3.39212,1
3.39212,0
3.39306,1
3.39306,0
3.39401,1
3.39401,0
3.39495,1
3.39495,0
3.3959,1
3.3959,0
3.39684,1
3.39684,0
3.39778,1
3.39778,0
3.39873,1
3.39873,0
3.39967,1
3.39967,0
3.40062,1
3.40062,0
3.40156,1
3.40156,0
3.4025,1
3.4025,0
3.40345,1
3.40345,0
3.40439,1
3.40439,0
3.40534,1
3.40534,0
3.40628,1
3.40628,0
3.40722,1
3.40722,0
3.40817,1
3.40817,0
3.40911,1
3.40911,0
3.41006,1
3.41006,0
3.411,1
3.411,0
3.41194,1
3.41194,0
3.41289,1
3.41289,0
3.41383,1
3.41383,0
3.41478,1
3.41478,0
3.41572,1
3.41572,0
3.41666,1
3.41666,0
3.41761,1
3.41761,0
3.41855,1
3.41855,0
3.4195,1
3.4195,0
3.42044,1
3.42044,0
3.42138,1
3.42138,0
3.42233,1
3.42233,0
3.42327,1
3.42327,0
3.42422,1
3.42422,0
3.42516,1
3.42516,0
3.4261,1
3.4261,0
3.42705,1
3.42705,0
3.42799,1
3.42799,0
3.42894,1
3.42894,0
3.42988,1
3.42988,0
3.43082,1
3.43082,0
3.43177,1
3.43177,0
3.43271,1
3.43271,0
3.43366,1
3.43366,0
3.4346,1
3.4346,0
3.43554,1
3.43554,0
3.43649,1
3.43649,0
3.43743,1
3.43743,0
3.43838,1
3.43838,0
3.43932,1
3.43932,0
3.44026,1
3.44026,0
3.44121,1
3.44121,0
3.44215,1
3.44215,0
3.4431,1
3.4431,0
3.44404,1
3.44404,0
3.44498,1
3.44498,0
3.44593,1
3.44593,0
3.44687,1
3.44687,0
3.44782,1
3.44782,0
3.44876,1
3.44876,0
3.4497,1
3.4497,0
3.45065,1
3.45065,0
3.45159,1
3.45159,0
3.45254,1
3.45254,0
3.45348,1
3.45348,0
3.45442,1
3.45442,0
3.45537,1
3.45537,0
3.45631,1
3.45631,0
3.45726,1
3.45726,0
3.4582,1
3.4582,0
3.45914,1
3.45914,0
3.46009,1
3.46009,0
3.46103,1
3.46103,0
3.46198,1
3.46198,0
3.46292,1
3.46292,0
3.46386,1
3.46386,0
3.46481,1
3.46481,0
3.46575,1
3.46575,0
3.4667,1
3.4667,0
3.46764,1
3.46764,0
3.46858,1
3.46858,0
3.46953,1
3.46953,0
3.47047,1
3.47047,0
3.47142,1
3.47142,0
3.47236,1
3.47236,0
3.4733,1
3.4733,0
3.47425,1
3.47425,0
3.47519,1
3.47519,0
3.47614,1
3.47614,0
3.47708,1
3.47708,0
3.47802,1
3.47802,0
3.47897,1
3.47897,0
3.47991,1
3.47991,0
3.48086,1
3.48086,0
3.4818,1
3.4818,0
3.48274,1
3.48274,0
3.48369,1
3.48369,0
3.48463,1
3.48463,0
3.48558,1
3.48558,0
3.48652,1
3.48652,0
3.48746,1
3.48746,0
3.48841,1
3.48841,0
3.48935,1
3.48935,0
3.4903,1
3.4903,0
3.49124,1
3.49124,0
3.49218,1
3.49218,0
3.49313,1
3.49313,0
3.49407,1
3.49407,0
3.49502,1
3.49502,0
3.49596,1
3.49596,0
3.4969,1
3.4969,0
3.49785,1
3.49785,0
3.49879,1
3.49879,0
3.49974,1
3.49974,0
3.50068,1
3.50068,0
3.50162,1
3.50162,0
3.50257,1
3.50257,0
3.50351,1
3.50351,0
3.50446,1
3.50446,0
3.5054,1
3.5054,0
3.50634,1
3.50634,0
3.50729,1
3.50729,0
3.50823,1
3.50823,0
3.50918,1
3.50918,0
3.51012,1
3.51012,0
3.51106,1
3.51106,0
3.51201,1
3.51201,0
3.51295,1
3.51295,0
3.5139,1
3.5139,0
3.51484,1
3.51484,0
3.51578,1
3.51578,0
3.51673,1
3.51673,0
3.51767,1
3.51767,0
3.51862,1
3.51862,0
3.51956,1
3.51956,0
3.5205,1
3.5205,0
3.52145,1
3.52145,0
3.52239,1
3.52239,0
3.52334,1
3.52334,0
3.52428,1
3.52428,0
3.52522,1
3.52522,0
3.52617,1
3.52617,0
3.52711,1
3.52711,0
3.52806,1
3.52806,0
3.529,1
3.529,0
3.52994,1
3.52994,0
3.53089,1
3.53089,0
3.53183,1
3.53183,0
3.53278,1
3.53278,0
3.53372,1
3.53372,0
3.53466,1
3.53466,0
3.53561,1
3.53561,0
3.53655,1
3.53655,0
3.5375,1
3.5375,0
3.53844,1
3.53844,0
3.53938,1
3.53938,0
3.54033,1
3.54033,0
3.54127,1
3.54127,0
3.54222,1
3.54222,0
3.54316,1
3.54316,0
3.5441,1
3.5441,0
3.54505,1
3.54505,0
3.54599,1
3.54599,0
3.54694,1
3.54694,0
3.54788,1
3.54788,0
3.54882,1
3.54882,0
3.54977,1
3.54977,0
3.55071,1
3.55071,0
3.55166,1
3.55166,0
3.5526,1
3.5526,0
3.55354,1
3.55354,0
3.55449,1
3.55449,0
3.55543,1
3.55543,0
3.55638,1
3.55638,0
3.55732,1
3.55732,0
3.55826,1
3.55826,0
3.55921,1
3.55921,0
3.56015,1
3.56015,0
3.5611,1
3.5611,0
3.56204,1
3.56204,0
3.56298,1
3.56298,0
3.56393,1
3.56393,0
3.56487,1
3.56487,0
3.56582,1
3.56582,0
3.56676,1
3.56676,0
3.5677,1
3.5677,0
3.56865,1
3.56865,0
3.56959,1
3.56959,0
3.57054,1
3.57054,0
3.57148,1
3.57148,0
3.57242,1
3.57242,0
3.57337,1
3.57337,0
3.57431,1
3.57431,0
3.57526,1
3.57526,0
3.5762,1
3.5762,0
3.57714,1
3.57714,0
3.57809,1
3.57809,0
3.57903,1
3.57903,0
3.57998,1
3.57998,0
3.58092,1
3.58092,0
3.58186,1
3.58186,0
3.58281,1
3.58281,0
3.58375,1
3.58375,0
3.5847,1
3.5847,0
3.58564,1
3.58564,0
3.58658,1
3.58658,0
3.58753,1
3.58753,0
3.58847,1
3.58847,0
3.58942,1
3.58942,0
3.59036,1
3.59036,0
3.5913,1
3.5913,0
3.59225,1
3.59225,0
3.59319,1
3.59319,0
3.59414,1
3.59414,0
3.59508,1
3.59508,0
3.59602,1
3.59602,0
3.59697,1
3.59697,0
3.59791,1
3.59791,0
3.59886,1
3.59886,0
3.5998,1
3.5998,0
3.60074,1
3.60074,0
3.60169,1
3.60169,0
3.60263,1
3.60263,0
3.60358,1
3.60358,0
3.60452,1
3.60452,0
3.60546,1
3.60546,0
3.60641,1
3.60641,0
3.60735,1
3.60735,0
3.6083,1
3.6083,0
3.60924,1
3.60924,0
3.61018,1
3.61018,0
3.61113,1
3.61113,0
3.61207,1
3.61207,0
3.61302,1
3.61302,0
3.61396,1
3.61396,0
3.6149,1
3.6149,0
3.61585,1
3.61585,0
3.61679,1
3.61679,0
3.61774,1
3.61774,0
3.61868,1
3.61868,0
3.61962,1
3.61962,0
3.62057,1
3.62057,0
3.62151,1
3.62151,0
3.62246,1
3.62246,0
3.6234,1
3.6234,0
3.62434,1
3.62434,0
3.62529,1
3.62529,0
3.62623,1
3.62623,0
3.62718,1
3.62718,0
3.62812,1
3.62812,0
3.62906,1
3.62906,0
3.63001,1
3.63001,0
3.63095,1
3.63095,0
3.6319,1
3.6319,0
3.63284,1
3.63284,0
3.63378,1
3.63378,0
3.63473,1
3.63473,0
3.63567,1
3.63567,0
3.63662,1
3.63662,0
3.63756,1
3.63756,0
3.6385,1
3.6385,0
3.63945,1
3.63945,0
3.64039,1
3.64039,0
3.64134,1
3.64134,0
3.64228,1
3.64228,0
3.64322,1
3.64322,0
3.64417,1
3.64417,0
3.64511,1
3.64511,0
3.64606,1
3.64606,0
3.647,1
3.647,0
3.64794,1
3.64794,0
3.64889,1
3.64889,0
3.64983,1
3.64983,0
3.65078,1
3.65078,0
3.65172,1
3.65172,0
3.65266,1
3.65266,0
3.65361,1
3.65361,0
3.65455,1
3.65455,0
3.6555,1
3.6555,0
3.65644,1
3.65644,0
3.65738,1
3.65738,0
3.65833,1
3.65833,0
3.65927,1
3.65927,0
3.66022,1
3.66022,0
3.66116,1
3.66116,0
3.6621,1
3.6621,0
3.66305,1
3.66305,0
3.66399,1
3.66399,0
3.66494,1
3.66494,0
3.66588,1
3.66588,0
3.66682,1
3.66682,0
3.66777,1
3.66777,0
3.66871,1
3.66871,0
3.66966,1
3.66966,0
3.6706,1
3.6706,0
3.67154,1
3.67154,0
3.67249,1
3.67249,0
3.67343,1
3.67343,0
3.67438,1
3.67438,0
3.67532,1
3.67532,0
3.67626,1
3.67626,0
3.67721,1
3.67721,0
3.67815,1
3.67815,0
3.6791,1
3.6791,0
3.68004,1
3.68004,0
3.68098,1
3.68098,0
3.68193,1
3.68193,0
3.68287,1
3.68287,0
3.68382,1
3.68382,0
3.68476,1
3.68476,0
3.6857,1
3.6857,0
3.68665,1
3.68665,0
3.68759,1
3.68759,0
3.68854,1
3.68854,0
3.68948,1
3.68948,0
3.69042,1
3.69042,0
3.69137,1
3.69137,0
3.69231,1
3.69231,0
3.69326,1
3.69326,0
3.6942,1
3.6942,0
3.69514,1
3.69514,0
3.69609,1
3.69609,0
3.69703,1
3.69703,0
3.69798,1
3.69798,0
3.69892,1
3.69892,0
3.69986,1
3.69986,0
3.70081,1
3.70081,0
3.70175,1
3.70175,0
3.7027,1
3.7027,0
3.70364,1
3.70364,0
3.70458,1
3.70458,0
3.70553,1
3.70553,0
3.70647,1
3.70647,0
3.70742,1
3.70742,0
3.70836,1
3.70836,0
3.7093,1
3.7093,0
3.71025,1
3.71025,0
3.71119,1
3.71119,0
3.71214,1
3.71214,0
3.71308,1
3.71308,0
3.71402,1
3.71402,0
3.71497,1
3.71497,0
3.71591,1
3.71591,0
3.71686,1
3.71686,0
3.7178,1
3.7178,0
3.71874,1
3.71874,0
3.71969,1
3.71969,0
3.72063,1
3.72063,0
3.72158,1
3.72158,0
3.72252,1
3.72252,0
3.72346,1
3.72346,0
3.72441,1
3.72441,0
3.72535,1
3.72535,0
3.7263,1
3.7263,0
3.72724,1
3.72724,0
3.72818,1
3.72818,0
3.72913,1
3.72913,0
3.73007,1
3.73007,0
3.73102,1
3.73102,0
3.73196,1
3.73196,0
3.7329,1
3.7329,0
3.73385,1
3.73385,0
3.73479,1
3.73479,0
3.73574,1
3.73574,0
3.73668,1
3.73668,0
3.73762,1
3.73762,0
3.73857,1
3.73857,0
3.73951,1
3.73951,0
3.74046,1
3.74046,0
3.7414,1
3.7414,0
3.74234,1
3.74234,0
3.74329,1
3.74329,0
3.74423,1
3.74423,0
3.74518,1
3.74518,0
3.74612,1
3.74612,0
3.74706,1
3.74706,0
3.74801,1
3.74801,0
3.74895,1
3.74895,0
3.7499,1
3.7499,0
3.75084,1
3.75084,0
3.75178,1
3.75178,0
3.75273,1
3.75273,0
3.75367,1
3.75367,0
3.75462,1
3.75462,0
3.75556,1
3.75556,0
3.7565,1
3.7565,0
3.75745,1
3.75745,0
3.75839,1
3.75839,0
3.75934,1
3.75934,0
3.76028,1
3.76028,0
3.76122,1
3.76122,0
3.76217,1
3.76217,0
3.76311,1
3.76311,0
3.76406,1
3.76406,0
3.765,1
3.765,0
3.76594,1
3.76594,0
3.76689,1
3.76689,0
3.76783,1
3.76783,0
3.76878,1
3.76878,0
3.76972,1
3.76972,0
3.77066,1
3.77066,0
3.77161,1
3.77161,0
3.77255,1
3.77255,0
3.7735,1
3.7735,0
3.77444,1
3.77444,0
3.77538,1
3.77538,0
3.77633,1
3.77633,0
3.77727,1
3.77727,0
3.77822,1
3.77822,0
3.77916,1
3.77916,0
3.7801,1
3.7801,0
3.78105,1
3.78105,0
3.78199,1
3.78199,0
3.78294,1
3.78294,0
3.78388,1
3.78388,0
3.78482,1
3.78482,0
3.78577,1
3.78577,0
3.78671,1
3.78671,0
3.78766,1
3.78766,0
3.7886,1
3.7886,0
3.78954,1
3.78954,0
3.79049,1
3.79049,0
3.79143,1
3.79143,0
3.79238,1
3.79238,0
3.79332,1
3.79332,0
3.79426,1
3.79426,0
3.79521,1
3.79521,0
3.79615,1
3.79615,0
3.7971,1
3.7971,0
3.79804,1
3.79804,0
3.79898,1
3.79898,0
3.79993,1
3.79993,0
3.80087,1
3.80087,0
3.80182,1
3.80182,0
3.80276,1
3.80276,0
3.8037,1
3.8037,0
3.80465,1
3.80465,0
3.80559,1
3.80559,0
3.80654,1
3.80654,0
3.80748,1
3.80748,0
3.80842,1
3.80842,0
3.80937,1
3.80937,0
3.81031,1
3.81031,0
3.81126,1
3.81126,0
3.8122,1
3.8122,0
3.81314,1
3.81314,0
3.81409,1
3.81409,0
3.81503,1
3.81503,0
3.81598,1
3.81598,0
3.81692,1
3.81692,0
3.81786,1
3.81786,0
3.81881,1
3.81881,0
3.81975,1
3.81975,0
3.8207,1
3.8207,0
3.82164,1
3.82164,0
3.82258,1
3.82258,0
3.82353,1
3.82353,0
3.82447,1
3.82447,0
3.82542,1
3.82542,0
3.82636,1
3.82636,0
3.8273,1
3.8273,0
3.82825,1
3.82825,0
3.82919,1
3.82919,0
3.83014,1
3.83014,0
3.83108,1
3.83108,0
3.83202,1
3.83202,0
3.83297,1
3.83297,0
3.83391,1
3.83391,0
3.83486,1
3.83486,0
3.8358,1
3.8358,0
3.83674,1
3.83674,0
3.83769,1
3.83769,0
3.83863,1
3.83863,0
3.83958,1
3.83958,0
3.84052,1
3.84052,0
3.84146,1
3.84146,0
3.84241,1
3.84241,0
3.84335,1
3.84335,0
3.8443,1
3.8443,0
3.84524,1
3.84524,0
3.84618,1
3.84618,0
3.84713,1
3.84713,0
3.84807,1
3.84807,0
3.84902,1
3.84902,0
3.84996,1
3.84996,0
3.8509,1
3.8509,0
3.85185,1
3.85185,0
3.85279,1
3.85279,0
3.85374,1
3.85374,0
3.85468,1
3.85468,0
3.85562,1
3.85562,0
3.85657,1
3.85657,0
3.85751,1
3.85751,0
3.85846,1
3.85846,0
3.8594,1
3.8594,0
3.86034,1
3.86034,0
3.86129,1
3.86129,0
3.86223,1
3.86223,0
3.86318,1
3.86318,0
3.86412,1
3.86412,0
3.86506,1
3.86506,0
3.86601,1
3.86601,0
3.86695,1
3.86695,0
3.8679,1
3.8679,0
3.86884,1
3.86884,0
3.86978,1
3.86978,0
3.87073,1
3.87073,0
3.87167,1
3.87167,0
3.87262,1
3.87262,0
3.87356,1
3.87356,0
3.8745,1
3.8745,0
3.87545,1
3.87545,0
3.87639,1
3.87639,0
3.87734,1
3.87734,0
3.87828,1
3.87828,0
3.87922,1
3.87922,0
3.88017,1
3.88017,0
3.88111,1
3.88111,0
3.88206,1
3.88206,0
3.883,1
3.883,0
3.88394,1
3.88394,0
3.88489,1
3.88489,0
3.88583,1
3.88583,0
3.88678,1
3.88678,0
3.88772,1
3.88772,0
3.88866,1
3.88866,0
3.88961,1
3.88961,0
3.89055,1
3.89055,0
3.8915,1
3.8915,0
3.89244,1
3.89244,0
3.89338,1
3.89338,0
3.89433,1
3.89433,0
3.89527,1
3.89527,0
3.89622,1
3.89622,0
3.89716,1
3.89716,0
3.8981,1
3.8981,0
3.89905,1
3.89905,0
3.89999,1
3.89999,0
3.90094,1
3.90094,0
3.90188,1
3.90188,0
3.90282,1
3.90282,0
3.90377,1
3.90377,0
3.90471,1
3.90471,0
3.90566,1
3.90566,0
3.9066,1
3.9066,0
3.90754,1
3.90754,0
3.90849,1
3.90849,0
3.90943,1
3.90943,0
3.91038,1
3.91038,0
3.91132,1
3.91132,0
3.91226,1
3.91226,0
3.91321,1
3.91321,0
3.91415,1
3.91415,0
3.9151,1
3.9151,0
3.91604,1
3.91604,0
3.91698,1
3.91698,0
3.91793,1
3.91793,0
3.91887,1
3.91887,0
3.91982,1
3.91982,0
3.92076,1
3.92076,0
3.9217,1
3.9217,0
3.92265,1
3.92265,0
3.92359,1
3.92359,0
3.92454,1
3.92454,0
3.92548,1
3.92548,0
3.92642,1
3.92642,0
3.92737,1
3.92737,0
3.92831,1
3.92831,0
3.92926,1
3.92926,0
3.9302,1
3.9302,0
3.93114,1
3.93114,0
3.93209,1
3.93209,0
3.93303,1
3.93303,0
3.93398,1
3.93398,0
3.93492,1
3.93492,0
3.93586,1
3.93586,0
3.93681,1
3.93681,0
3.93775,1
3.93775,0
3.9387,1
3.9387,0
3.93964,1
3.93964,0
3.94058,1
3.94058,0
3.94153,1
3.94153,0
3.94247,1
3.94247,0
3.94342,1
3.94342,0
3.94436,1
3.94436,0
3.9453,1
3.9453,0
3.94625,1
3.94625,0
3.94719,1
3.94719,0
3.94814,1
3.94814,0
3.94908,1
3.94908,0
3.95002,1
3.95002,0
3.95097,1
3.95097,0
3.95191,1
3.95191,0
3.95286,1
3.95286,0
3.9538,1
3.9538,0
3.95474,1
3.95474,0
3.95569,1
3.95569,0
3.95663,1
3.95663,0
3.95758,1
3.95758,0
3.95852,1
3.95852,0
3.95946,1
3.95946,0
3.96041,1
3.96041,0
3.96135,1
3.96135,0
3.9623,1
3.9623,0
3.96324,1
3.96324,0
3.96418,1
3.96418,0
3.96513,1
3.96513,0
3.96607,1
3.96607,0
3.96702,1
3.96702,0
3.96796,1
3.96796,0
3.9689,1
3.9689,0
3.96985,1
3.96985,0
3.97079,1
3.97079,0
3.97174,1
3.97174,0
3.97268,1
3.97268,0
3.97362,1
3.97362,0
3.97457,1
3.97457,0
3.97551,1
3.97551,0
3.97646,1
3.97646,0
3.9774,1
3.9774,0
3.97834,1
3.97834,0
3.97929,1
3.97929,0
3.98023,1
3.98023,0
3.98118,1
3.98118,0
3.98212,1
3.98212,0
3.98306,1
3.98306,0
3.98401,1
3.98401,0
3.98495,1
3.98495,0
3.9859,1
3.9859,0
3.98684,1
3.98684,0
3.98778,1
3.98778,0
3.98873,1
3.98873,0
3.98967,1
3.98967,0
3.99062,1
3.99062,0
3.99156,1
3.99156,0
3.9925,1
3.9925,0
3.99345,1
3.99345,0
3.99439,1
3.99439,0
3.99534,1
3.99534,0
3.99628,1
3.99628,0
3.99722,1
3.99722,0
3.99817,1
3.99817,0
3.99911,1
3.99911,0
4.00006,1
4.00006,0
4.001,1
4.001,0
4.00194,1
4.00194,0
4.00289,1
4.00289,0
4.00383,1
4.00383,0
4.00478,1
4.00478,0
4.00572,1
4.00572,0
4.00666,1
4.00666,0
4.00761,1
4.00761,0
4.00855,1
4.00855,0
4.0095,1
4.0095,0
4.01044,1
4.01044,0
4.01138,1
4.01138,0
4.01233,1
4.01233,0
4.01327,1
4.01327,0
4.01422,1
4.01422,0
4.01516,1
4.01516,0
4.0161,1
4.0161,0
4.01705,1
4.01705,0
4.01799,1
4.01799,0
4.01894,1
4.01894,0
4.01988,1
4.01988,0
4.02082,1
4.02082,0
4.02177,1
4.02177,0
4.02271,1
4.02271,0
4.02366,1
4.02366,0
4.0246,1
4.0246,0
4.02554,1
4.02554,0
4.02649,1
4.02649,0
4.02743,1
4.02743,0
4.02838,1
4.02838,0
4.02932,1
4.02932,0
4.03026,1
4.03026,0
4.03121,1
4.03121,0
4.03215,1
4.03215,0
4.0331,1
4.0331,0
4.03404,1
4.03404,0
4.03498,1
4.03498,0
4.03593,1
4.03593,0
4.03687,1
4.03687,0
4.03782,1
4.03782,0
4.03876,1
4.03876,0
4.0397,1
4.0397,0
4.04065,1
4.04065,0
4.04159,1
4.04159,0
4.04254,1
4.04254,0
4.04348,1
4.04348,0
4.04442,1
4.04442,0
4.04537,1
4.04537,0
4.04631,1
4.04631,0
4.04726,1
4.04726,0
4.0482,1
4.0482,0
4.04914,1
4.04914,0
4.05009,1
4.05009,0
4.05103,1
4.05103,0
4.05198,1
4.05198,0
4.05292,1
4.05292,0
4.05386,1
4.05386,0
4.05481,1
4.05481,0
4.05575,1
4.05575,0
4.0567,1
4.0567,0
4.05764,1
4.05764,0
4.05858,1
4.05858,0
4.05953,1
4.05953,0
4.06047,1
4.06047,0
4.06142,1
4.06142,0
4.06236,1
4.06236,0
4.0633,1
4.0633,0
4.06425,1
4.06425,0
4.06519,1
4.06519,0
4.06614,1
4.06614,0
4.06708,1
4.06708,0
4.06802,1
4.06802,0
4.06897,1
4.06897,0
4.06991,1
4.06991,0
4.07086,1
4.07086,0
4.0718,1
4.0718,0
4.07274,1
4.07274,0
4.07369,1
4.07369,0
4.07463,1
4.07463,0
4.07558,1
4.07558,0
4.07652,1
4.07652,0
4.07746,1
4.07746,0
4.07841,1
4.07841,0
4.07935,1
4.07935,0
4.0803,1
4.0803,0
4.08124,1
4.08124,0
4.08218,1
4.08218,0
4.08313,1
4.08313,0
4.08407,1
4.08407,0
4.08502,1
4.08502,0
4.08596,1
4.08596,0
4.0869,1
4.0869,0
4.08785,1
4.08785,0
4.08879,1
4.08879,0
4.08974,1
4.08974,0
4.09068,1
4.09068,0
4.09162,1
4.09162,0
4.09257,1
4.09257,0
4.09351,1
4.09351,0
4.09446,1
4.09446,0
4.0954,1
4.0954,0
4.09634,1
4.09634,0
4.09729,1
4.09729,0
4.09823,1
4.09823,0
4.09918,1
4.09918,0
4.10012,1
4.10012,0
4.10106,1
4.10106,0
4.10201,1
4.10201,0
4.10295,1
4.10295,0
4.1039,1
4.1039,0
4.10484,1
4.10484,0
4.10578,1
4.10578,0
4.10673,1
4.10673,0
4.10767,1
4.10767,0
4.10862,1
4.10862,0
4.10956,1
4.10956,0
4.1105,1
4.1105,0
4.11145,1
4.11145,0
4.11239,1
4.11239,0
4.11334,1
4.11334,0
4.11428,1
4.11428,0
4.11522,1
4.11522,0
4.11617,1
4.11617,0
4.11711,1
4.11711,0
4.11806,1
4.11806,0
4.119,1
4.119,0
4.11994,1
4.11994,0
4.12089,1
4.12089,0
4.12183,1
4.12183,0
4.12278,1
4.12278,0
4.12372,1
4.12372,0
4.12466,1
4.12466,0
4.12561,1
4.12561,0
4.12655,1
4.12655,0
4.1275,1
4.1275,0
4.12844,1
4.12844,0
4.12938,1
4.12938,0
4.13033,1
4.13033,0
4.13127,1
4.13127,0
4.13222,1
4.13222,0
4.13316,1
4.13316,0
4.1341,1
4.1341,0
4.13505,1
4.13505,0
4.13599,1
4.13599,0
4.13694,1
4.13694,0
4.13788,1
4.13788,0
4.13882,1
4.13882,0
4.13977,1
4.13977,0
4.14071,1
4.14071,0
4.14166,1
4.14166,0
4.1426,1
4.1426,0
4.14354,1
4.14354,0
4.14449,1
4.14449,0
4.14543,1
4.14543,0
4.14638,1
4.14638,0
4.14732,1
4.14732,0
4.14826,1
4.14826,0
4.14921,1
4.14921,0
4.15015,1
4.15015,0
4.1511,1
4.1511,0
4.15204,1
4.15204,0
4.15298,1
4.15298,0
4.15393,1
4.15393,0
4.15487,1
4.15487,0
4.15582,1
4.15582,0
4.15676,1
4.15676,0
4.1577,1
4.1577,0
4.15865,1
4.15865,0
4.15959,1
4.15959,0
4.16054,1
4.16054,0
4.16148,1
4.16148,0
4.16242,1
4.16242,0
4.16337,1
4.16337,0
4.16431,1
4.16431,0
4.16526,1
4.16526,0
4.1662,1
4.1662,0
4.16714,1
4.16714,0
4.16809,1
4.16809,0
4.16903,1
4.16903,0
4.16998,1
4.16998,0
4.17092,1
4.17092,0
4.17186,1
4.17186,0
4.17281,1
4.17281,0
4.17375,1
4.17375,0
4.1747,1
4.1747,0
4.17564,1
4.17564,0
4.17658,1
4.17658,0
4.17753,1
4.17753,0
4.17847,1
4.17847,0
4.17942,1
4.17942,0
4.18036,1
4.18036,0
4.1813,1
4.1813,0
4.18225,1
4.18225,0
4.18319,1
4.18319,0
4.18414,1
4.18414,0
4.18508,1
4.18508,0
4.18602,1
4.18602,0
4.18697,1
4.18697,0
4.18791,1
4.18791,0
4.18886,1
4.18886,0
4.1898,1
4.1898,0
4.19074,1
4.19074,0
4.19169,1
4.19169,0
4.19263,1
4.19263,0
4.19358,1
4.19358,0
4.19452,1
4.19452,0
4.19546,1
4.19546,0
4.19641,1
4.19641,0
4.19735,1
4.19735,0
4.1983,1
4.1983,0
4.19924,1
4.19924,0
4.20018,1
4.20018,0
4.20113,1
4.20113,0
4.20207,1
4.20207,0
4.20302,1
4.20302,0
4.20396,1
4.20396,0
4.2049,1
4.2049,0
4.20585,1
4.20585,0
4.20679,1
4.20679,0
4.20774,1
4.20774,0
4.20868,1
4.20868,0
4.20962,1
4.20962,0
4.21057,1
4.21057,0
4.21151,1
4.21151,0
4.21246,1
4.21246,0
4.2134,1
4.2134,0
4.21434,1
4.21434,0
4.21529,1
4.21529,0
4.21623,1
4.21623,0
4.21718,1
4.21718,0
4.21812,1
4.21812,0
4.21906,1
4.21906,0
4.22001,1
4.22001,0
4.22095,1
4.22095,0
4.2219,1
4.2219,0
4.22284,1
4.22284,0
4.22378,1
4.22378,0
4.22473,1
4.22473,0
4.22567,1
4.22567,0
4.22662,1
4.22662,0
4.22756,1
4.22756,0
4.2285,1
4.2285,0
4.22945,1
4.22945,0
4.23039,1
4.23039,0
4.23134,1
4.23134,0
4.23228,1
4.23228,0
4.23322,1
4.23322,0
4.23417,1
4.23417,0
4.23511,1
4.23511,0
4.23606,1
4.23606,0
4.237,1
4.237,0
4.23794,1
4.23794,0
4.23889,1
4.23889,0
4.23983,1
4.23983,0
4.24078,1
4.24078,0
4.24172,1
4.24172,0
4.24266,1
4.24266,0
4.24361,1
4.24361,0
4.24455,1
4.24455,0
4.2455,1
4.2455,0
4.24644,1
4.24644,0
4.24738,1
4.24738,0
4.24833,1
4.24833,0
4.24927,1
4.24927,0
4.25022,1
4.25022,0
4.25116,1
4.25116,0
4.2521,1
4.2521,0
4.25305,1
4.25305,0
4.25399,1
4.25399,0
4.25494,1
4.25494,0
4.25588,1
4.25588,0
4.25682,1
4.25682,0
4.25777,1
4.25777,0
4.25871,1
4.25871,0
4.25966,1
4.25966,0
4.2606,1
4.2606,0
4.26154,1
4.26154,0
4.26249,1
4.26249,0
4.26343,1
4.26343,0
4.26438,1
4.26438,0
4.26532,1
4.26532,0
4.26626,1
4.26626,0
4.26721,1
4.26721,0
4.26815,1
4.26815,0
4.2691,1
4.2691,0
4.27004,1
4.27004,0
4.27098,1
4.27098,0
4.27193,1
4.27193,0
4.27287,1
4.27287,0
4.27382,1
4.27382,0
4.27476,1
4.27476,0
4.2757,1
4.2757,0
4.27665,1
4.27665,0
4.27759,1
4.27759,0
4.27854,1
4.27854,0
4.27948,1
4.27948,0
4.28042,1
4.28042,0
4.28137,1
4.28137,0
4.28231,1
4.28231,0
4.28326,1
4.28326,0
4.2842,1
4.2842,0
4.28514,1
4.28514,0
4.28609,1
4.28609,0
4.28703,1
4.28703,0
4.28798,1
4.28798,0
4.28892,1
4.28892,0
4.28986,1
4.28986,0
4.29081,1
4.29081,0
4.29175,1
4.29175,0
4.2927,1
4.2927,0
4.29364,1
4.29364,0
4.29458,1
4.29458,0
4.29553,1
4.29553,0
4.29647,1
4.29647,0
4.29742,1
4.29742,0
4.29836,1
4.29836,0
4.2993,1
4.2993,0
4.30025,1
4.30025,0
4.30119,1
4.30119,0
4.30214,1
4.30214,0
4.30308,1
4.30308,0
4.30402,1
4.30402,0
4.30497,1
4.30497,0
4.30591,1
4.30591,0
4.30686,1
4.30686,0
4.3078,1
4.3078,0
4.30874,1
4.30874,0
4.30969,1
4.30969,0
4.31063,1
4.31063,0
4.31158,1
4.31158,0
4.31252,1
4.31252,0
4.31346,1
4.31346,0
4.31441,1
4.31441,0
4.31535,1
4.31535,0
4.3163,1
4.3163,0
4.31724,1
4.31724,0
4.31818,1
4.31818,0
4.31913,1
4.31913,0
4.32007,1
4.32007,0
4.32102,1
4.32102,0
4.32196,1
4.32196,0
4.3229,1
4.3229,0
4.32385,1
4.32385,0
4.32479,1
4.32479,0
4.32574,1
4.32574,0
4.32668,1
4.32668,0
4.32762,1
4.32762,0
4.32857,1
4.32857,0
4.32951,1
4.32951,0
4.33046,1
4.33046,0
4.3314,1
4.3314,0
4.33234,1
4.33234,0
4.33329,1
4.33329,0
4.33423,1
4.33423,0
4.33518,1
4.33518,0
4.33612,1
4.33612,0
4.33706,1
4.33706,0
4.33801,1
4.33801,0
4.33895,1
4.33895,0
4.3399,1
4.3399,0
4.34084,1
4.34084,0
4.34178,1
4.34178,0
4.34273,1
4.34273,0
4.34367,1
4.34367,0
4.34462,1
4.34462,0
4.34556,1
4.34556,0
4.3465,1
4.3465,0
4.34745,1
4.34745,0
4.34839,1
4.34839,0
4.34934,1
4.34934,0
4.35028,1
4.35028,0
4.35122,1
4.35122,0
4.35217,1
4.35217,0
4.35311,1
4.35311,0
4.35406,1
4.35406,0
4.355,1
4.355,0
4.35594,1
4.35594,0
4.35689,1
4.35689,0
4.35783,1
4.35783,0
4.35878,1
4.35878,0
4.35972,1
4.35972,0
4.36066,1
4.36066,0
4.36161,1
4.36161,0
4.36255,1
4.36255,0
4.3635,1
4.3635,0
4.36444,1
4.36444,0
4.36538,1
4.36538,0
4.36633,1
4.36633,0
4.36727,1
4.36727,0
4.36822,1
4.36822,0
4.36916,1
4.36916,0
4.3701,1
4.3701,0
4.37105,1
4.37105,0
4.37199,1
4.37199,0
4.37294,1
4.37294,0
4.37388,1
4.37388,0
4.37482,1
4.37482,0
4.37577,1
4.37577,0
4.37671,1
4.37671,0
4.37766,1
4.37766,0
4.3786,1
4.3786,0
4.37954,1
4.37954,0
4.38049,1
4.38049,0
4.38143,1
4.38143,0
4.38238,1
4.38238,0
4.38332,1
4.38332,0
4.38426,1
4.38426,0
4.38521,1
4.38521,0
4.38615,1
4.38615,0
4.3871,1
4.3871,0
4.38804,1
4.38804,0
4.38898,1
4.38898,0
4.38993,1
4.38993,0
4.39087,1
4.39087,0
4.39182,1
4.39182,0
4.39276,1
4.39276,0
4.3937,1
4.3937,0
4.39465,1
4.39465,0
4.39559,1
4.39559,0
4.39654,1
4.39654,0
4.39748,1
4.39748,0
4.39842,1
4.39842,0
4.39937,1
4.39937,0
4.40031,1
4.40031,0
4.40126,1
4.40126,0
4.4022,1
4.4022,0
4.40314,1
4.40314,0
4.40409,1
4.40409,0
4.40503,1
4.40503,0
4.40598,1
4.40598,0
4.40692,1
4.40692,0
4.40786,1
4.40786,0
4.40881,1
4.40881,0
4.40975,1
4.40975,0
4.4107,1
4.4107,0
4.41164,1
4.41164,0
4.41258,1
4.41258,0
4.41353,1
4.41353,0
4.41447,1
4.41447,0
4.41542,1
4.41542,0
4.41636,1
4.41636,0
4.4173,1
4.4173,0
4.41825,1
4.41825,0
4.41919,1
4.41919,0
4.42014,1
4.42014,0
4.42108,1
4.42108,0
4.42202,1
4.42202,0
4.42297,1
4.42297,0
4.42391,1
4.42391,0
4.42486,1
4.42486,0
4.4258,1
4.4258,0
4.42674,1
4.42674,0
4.42769,1
4.42769,0
4.42863,1
4.42863,0
4.42958,1
4.42958,0
4.43052,1
4.43052,0
4.43146,1
4.43146,0
4.43241,1
4.43241,0
4.43335,1
4.43335,0
4.4343,1
4.4343,0
4.43524,1
4.43524,0
4.43618,1
4.43618,0
4.43713,1
4.43713,0
4.43807,1
4.43807,0
4.43902,1
4.43902,0
4.43996,1
4.43996,0
4.4409,1
4.4409,0
4.44185,1
4.44185,0
4.44279,1
4.44279,0
4.44374,1
4.44374,0
4.44468,1
4.44468,0
4.44562,1
4.44562,0
4.44657,1
4.44657,0
4.44751,1
4.44751,0
4.44846,1
4.44846,0
4.4494,1
4.4494,0
4.45034,1
4.45034,0
4.45129,1
4.45129,0
4.45223,1
4.45223,0
4.45318,1
4.45318,0
4.45412,1
4.45412,0
4.45506,1
4.45506,0
4.45601,1
4.45601,0
4.45695,1
4.45695,0
4.4579,1
4.4579,0
4.45884,1
4.45884,0
4.45978,1
4.45978,0
4.46073,1
4.46073,0
4.46167,1
4.46167,0
4.46262,1
4.46262,0
4.46356,1
4.46356,0
4.4645,1
4.4645,0
4.46545,1
4.46545,0
4.46639,1
4.46639,0
4.46734,1
4.46734,0
4.46828,1
4.46828,0
4.46922,1
4.46922,0
4.47017,1
4.47017,0
4.47111,1
4.47111,0
4.47206,1
4.47206,0
4.473,1
4.473,0
4.47394,1
4.47394,0
4.47489,1
4.47489,0
4.47583,1
4.47583,0
4.47678,1
4.47678,0
4.47772,1
4.47772,0
4.47866,1
4.47866,0
4.47961,1
4.47961,0
4.48055,1
4.48055,0
4.4815,1
4.4815,0
4.48244,1
4.48244,0
4.48338,1
4.48338,0
4.48433,1
4.48433,0
4.48527,1
4.48527,0
4.48622,1
4.48622,0
4.48716,1
4.48716,0
4.4881,1
4.4881,0
4.48905,1
4.48905,0
4.48999,1
4.48999,0
4.49094,1
4.49094,0
4.49188,1
4.49188,0
4.49282,1
4.49282,0
4.49377,1
4.49377,0
4.49471,1
4.49471,0
4.49566,1
4.49566,0
4.4966,1
4.4966,0
4.49754,1
4.49754,0
4.49849,1
4.49849,0
4.49943,1
4.49943,0
4.50038,1
4.50038,0
4.50132,1
4.50132,0
4.50226,1
4.50226,0
4.50321,1
4.50321,0
4.50415,1
4.50415,0
4.5051,1
4.5051,0
4.50604,1
4.50604,0
4.50698,1
4.50698,0
4.50793,1
4.50793,0
4.50887,1
4.50887,0
4.50982,1
4.50982,0
4.51076,1
4.51076,0
4.5117,1
4.5117,0
4.51265,1
4.51265,0
4.51359,1
4.51359,0
4.51454,1
4.51454,0
4.51548,1
4.51548,0
4.51642,1
4.51642,0
4.51737,1
4.51737,0
4.51831,1
4.51831,0
4.51926,1
4.51926,0
4.5202,1
4.5202,0
4.52114,1
4.52114,0
4.52209,1
4.52209,0
4.52303,1
4.52303,0
4.52398,1
4.52398,0
4.52492,1
4.52492,0
4.52586,1
4.52586,0
4.52681,1
4.52681,0
4.52775,1
4.52775,0
4.5287,1
4.5287,0
4.52964,1
4.52964,0
4.53058,1
4.53058,0
4.53153,1
4.53153,0
4.53247,1
4.53247,0
4.53342,1
4.53342,0
4.53436,1
4.53436,0
4.5353,1
4.5353,0
4.53625,1
4.53625,0
4.53719,1
4.53719,0
4.53814,1
4.53814,0
4.53908,1
4.53908,0
4.54002,1
4.54002,0
4.54097,1
4.54097,0
4.54191,1
4.54191,0
4.54286,1
4.54286,0
4.5438,1
4.5438,0
4.54474,1
4.54474,0
4.54569,1
4.54569,0
4.54663,1
4.54663,0
4.54758,1
4.54758,0
4.54852,1
4.54852,0
4.54946,1
4.54946,0
4.55041,1
4.55041,0
4.55135,1
4.55135,0
4.5523,1
4.5523,0
4.55324,1
4.55324,0
4.55418,1
4.55418,0
4.55513,1
4.55513,0
4.55607,1
4.55607,0
4.55702,1
4.55702,0
4.55796,1
4.55796,0
4.5589,1
4.5589,0
4.55985,1
4.55985,0
4.56079,1
4.56079,0
4.56174,1
4.56174,0
4.56268,1
4.56268,0
4.56362,1
4.56362,0
4.56457,1
4.56457,0
4.56551,1
4.56551,0
4.56646,1
4.56646,0
4.5674,1
4.5674,0
4.56834,1
4.56834,0
4.56929,1
4.56929,0
4.57023,1
4.57023,0
4.57118,1
4.57118,0
4.57212,1
4.57212,0
4.57306,1
4.57306,0
4.57401,1
4.57401,0
4.57495,1
4.57495,0
4.5759,1
4.5759,0
4.57684,1
4.57684,0
4.57778,1
4.57778,0
4.57873,1
4.57873,0
4.57967,1
4.57967,0
4.58062,1
4.58062,0
4.58156,1
4.58156,0
4.5825,1
4.5825,0
4.58345,1
4.58345,0
4.58439,1
4.58439,0
4.58534,1
4.58534,0
4.58628,1
4.58628,0
4.58722,1
4.58722,0
4.58817,1
4.58817,0
4.58911,1
4.58911,0
4.59006,1
4.59006,0
4.591,1
4.591,0
4.59194,1
4.59194,0
4.59289,1
4.59289,0
4.59383,1
4.59383,0
4.59478,1
4.59478,0
4.59572,1
4.59572,0
4.59666,1
4.59666,0
4.59761,1
4.59761,0
4.59855,1
4.59855,0
4.5995,1
4.5995,0
4.60044,1
4.60044,0
4.60138,1
4.60138,0
4.60233,1
4.60233,0
4.60327,1
4.60327,0
4.60422,1
4.60422,0
4.60516,1
4.60516,0
4.6061,1
4.6061,0
4.60705,1
4.60705,0
4.60799,1
4.60799,0
4.60894,1
4.60894,0
4.60988,1
4.60988,0
4.61082,1
4.61082,0
4.61177,1
4.61177,0
4.61271,1
4.61271,0
4.61366,1
4.61366,0
4.6146,1
4.6146,0
4.61554,1
4.61554,0
4.61649,1
4.61649,0
4.61743,1
4.61743,0
4.61838,1
4.61838,0
4.61932,1
4.61932,0
4.62026,1
4.62026,0
4.62121,1
4.62121,0
4.62215,1
4.62215,0
4.6231,1
4.6231,0
4.62404,1
4.62404,0
4.62498,1
4.62498,0
4.62593,1
4.62593,0
4.62687,1
4.62687,0
4.62782,1
4.62782,0
4.62876,1
4.62876,0
4.6297,1
4.6297,0
4.63065,1
4.63065,0
4.63159,1
4.63159,0
4.63254,1
4.63254,0
4.63348,1
4.63348,0
4.63442,1
4.63442,0
4.63537,1
4.63537,0
4.63631,1
4.63631,0
4.63726,1
4.63726,0
4.6382,1
4.6382,0
4.63914,1
4.63914,0
4.64009,1
4.64009,0
4.64103,1
4.64103,0
4.64198,1
4.64198,0
4.64292,1
4.64292,0
4.64386,1
4.64386,0
4.64481,1
4.64481,0
4.64575,1
4.64575,0
4.6467,1
4.6467,0
4.64764,1
4.64764,0
4.64858,1
4.64858,0
4.64953,1
4.64953,0
4.65047,1
4.65047,0
4.65142,1
4.65142,0
4.65236,1
4.65236,0
4.6533,1
4.6533,0
4.65425,1
4.65425,0
4.65519,1
4.65519,0
4.65614,1
4.65614,0
4.65708,1
4.65708,0
4.65802,1
4.65802,0
4.65897,1
4.65897,0
4.65991,1
4.65991,0
4.66086,1
4.66086,0
4.6618,1
4.6618,0
4.66274,1
4.66274,0
4.66369,1
4.66369,0
4.66463,1
4.66463,0
4.66558,1
4.66558,0
4.66652,1
4.66652,0
4.66746,1
4.66746,0
4.66841,1
4.66841,0
4.66935,1
4.66935,0
4.6703,1
4.6703,0
4.67124,1
4.67124,0
4.67218,1
4.67218,0
4.67313,1
4.67313,0
4.67407,1
4.67407,0
4.67502,1
4.67502,0
4.67596,1
4.67596,0
4.6769,1
4.6769,0
4.67785,1
4.67785,0
4.67879,1
4.67879,0
4.67974,1
4.67974,0
4.68068,1
4.68068,0
4.68162,1
4.68162,0
4.68257,1
4.68257,0
4.68351,1
4.68351,0
4.68446,1
4.68446,0
4.6854,1
4.6854,0
4.68634,1
4.68634,0
4.68729,1
4.68729,0
4.68823,1
4.68823,0
4.68918,1
4.68918,0
4.69012,1
4.69012,0
4.69106,1
4.69106,0
4.69201,1
4.69201,0
4.69295,1
4.69295,0
4.6939,1
4.6939,0
4.69484,1
4.69484,0
4.69578,1
4.69578,0
4.69673,1
4.69673,0
4.69767,1
4.69767,0
4.69862,1
4.69862,0
4.69956,1
4.69956,0
4.7005,1
4.7005,0
4.70145,1
4.70145,0
4.70239,1
4.70239,0
4.70334,1
4.70334,0
4.70428,1
4.70428,0
4.70522,1
4.70522,0
4.70617,1
4.70617,0
4.70711,1
4.70711,0
4.70806,1
4.70806,0
4.709,1
4.709,0
4.70994,1
4.70994,0
4.71089,1
4.71089,0
4.71183,1
4.71183,0
4.71278,1
4.71278,0
4.71372,1
4.71372,0
4.71466,1
4.71466,0
4.71561,1
4.71561,0
4.71655,1
4.71655,0
4.7175,1
4.7175,0
4.71844,1
4.71844,0
4.71938,1
4.71938,0
4.72033,1
4.72033,0
4.72127,1
4.72127,0
4.72222,1
4.72222,0
4.72316,1
4.72316,0
4.7241,1
4.7241,0
4.72505,1
4.72505,0
4.72599,1
4.72599,0
4.72694,1
4.72694,0
4.72788,1
4.72788,0
4.72882,1
4.72882,0
4.72977,1
4.72977,0
4.73071,1
4.73071,0
4.73166,1
4.73166,0
4.7326,1
4.7326,0
4.73354,1
4.73354,0
4.73449,1
4.73449,0
4.73543,1
4.73543,0
4.73638,1
4.73638,0
4.73732,1
4.73732,0
4.73826,1
4.73826,0
4.73921,1
4.73921,0
4.74015,1
4.74015,0
4.7411,1
4.7411,0
4.74204,1
4.74204,0
4.74298,1
4.74298,0
4.74393,1
4.74393,0
4.74487,1
4.74487,0
4.74582,1
4.74582,0
4.74676,1
4.74676,0
4.7477,1
4.7477,0
4.74865,1
4.74865,0
4.74959,1
4.74959,0
4.75054,1
4.75054,0
4.75148,1
4.75148,0
4.75242,1
4.75242,0
4.75337,1
4.75337,0
4.75431,1
4.75431,0
4.75526,1
4.75526,0
4.7562,1
4.7562,0
4.75714,1
4.75714,0
4.75809,1
4.75809,0
4.75903,1
4.75903,0
4.75998,1
4.75998,0
4.76092,1
4.76092,0
4.76186,1
4.76186,0
4.76281,1
4.76281,0
4.76375,1
4.76375,0
4.7647,1
4.7647,0
4.76564,1
4.76564,0
4.76658,1
4.76658,0
4.76753,1
4.76753,0
4.76847,1
4.76847,0
4.76942,1
4.76942,0
4.77036,1
4.77036,0
4.7713,1
4.7713,0
4.77225,1
4.77225,0
4.77319,1
4.77319,0
4.77414,1
4.77414,0
4.77508,1
4.77508,0
4.77602,1
4.77602,0
4.77697,1
4.77697,0
4.77791,1
4.77791,0
4.77886,1
4.77886,0
4.7798,1
4.7798,0
4.78074,1
4.78074,0
4.78169,1
4.78169,0
4.78263,1
4.78263,0
4.78358,1
4.78358,0
4.78452,1
4.78452,0
4.78546,1
4.78546,0
4.78641,1
4.78641,0
4.78735,1
4.78735,0
4.7883,1
4.7883,0
4.78924,1
4.78924,0
4.79018,1
4.79018,0
4.79113,1
4.79113,0
4.79207,1
4.79207,0
4.79302,1
4.79302,0
4.79396,1
4.79396,0
4.7949,1
4.7949,0
4.79585,1
4.79585,0
4.79679,1
4.79679,0
4.79774,1
4.79774,0
4.79868,1
4.79868,0
4.79962,1
4.79962,0
4.80057,1
4.80057,0
4.80151,1
4.80151,0
4.80246,1
4.80246,0
4.8034,1
4.8034,0
4.80434,1
4.80434,0
4.80529,1
4.80529,0
4.80623,1
4.80623,0
4.80718,1
4.80718,0
4.80812,1
4.80812,0
4.80906,1
4.80906,0
4.81001,1
4.81001,0
4.81095,1
4.81095,0
4.8119,1
4.8119,0
4.81284,1
4.81284,0
4.81378,1
4.81378,0
4.81473,1
4.81473,0
4.81567,1
4.81567,0
4.81662,1
4.81662,0
4.81756,1
4.81756,0
4.8185,1
4.8185,0
4.81945,1
4.81945,0
4.82039,1
4.82039,0
4.82134,1
4.82134,0
4.82228,1
4.82228,0
4.82322,1
4.82322,0
4.82417,1
4.82417,0
4.82511,1
4.82511,0
4.82606,1
4.82606,0
4.827,1
4.827,0
4.82794,1
4.82794,0
4.82889,1
4.82889,0
4.82983,1
4.82983,0
4.83078,1
4.83078,0
4.83172,1
4.83172,0
4.83266,1
4.83266,0
4.83361,1
4.83361,0
4.83455,1
4.83455,0
4.8355,1
4.8355,0
4.83644,1
4.83644,0
4.83738,1
4.83738,0
4.83833,1
4.83833,0
4.83927,1
4.83927,0
4.84022,1
4.84022,0
4.84116,1
4.84116,0
4.8421,1
4.8421,0
4.84305,1
4.84305,0
4.84399,1
4.84399,0
4.84494,1
4.84494,0
4.84588,1
4.84588,0
4.84682,1
4.84682,0
4.84777,1
4.84777,0
4.84871,1
4.84871,0
4.84966,1
4.84966,0
4.8506,1
4.8506,0
4.85154,1
4.85154,0
4.85249,1
4.85249,0
4.85343,1
4.85343,0
4.85438,1
4.85438,0
4.85532,1
4.85532,0
4.85626,1
4.85626,0
4.85721,1
4.85721,0
4.85815,1
4.85815,0
4.8591,1
4.8591,0
4.86004,1
4.86004,0
4.86098,1
4.86098,0
4.86193,1
4.86193,0
4.86287,1
4.86287,0
4.86382,1
4.86382,0
4.86476,1
4.86476,0
4.8657,1
4.8657,0
4.86665,1
4.86665,0
4.86759,1
4.86759,0
4.86854,1
4.86854,0
4.86948,1
4.86948,0
4.87042,1
4.87042,0
4.87137,1
4.87137,0
4.87231,1
4.87231,0
4.87326,1
4.87326,0
4.8742,1
4.8742,0
4.87514,1
4.87514,0
4.87609,1
4.87609,0
4.87703,1
4.87703,0
4.87798,1
4.87798,0
4.87892,1
4.87892,0
4.87986,1
4.87986,0
4.88081,1
4.88081,0
4.88175,1
4.88175,0
4.8827,1
4.8827,0
4.88364,1
4.88364,0
4.88458,1
4.88458,0
4.88553,1
4.88553,0
4.88647,1
4.88647,0
4.88742,1
4.88742,0
4.88836,1
4.88836,0
4.8893,1
4.8893,0
4.89025,1
4.89025,0
4.89119,1
4.89119,0
4.89214,1
4.89214,0
4.89308,1
4.89308,0
4.89402,1
4.89402,0
4.89497,1
4.89497,0
4.89591,1
4.89591,0
4.89686,1
4.89686,0
4.8978,1
4.8978,0
4.89874,1
4.89874,0
4.89969,1
4.89969,0
4.90063,1
4.90063,0
4.90158,1
4.90158,0
4.90252,1
4.90252,0
4.90346,1
4.90346,0
4.90441,1
4.90441,0
4.90535,1
4.90535,0
4.9063,1
4.9063,0
4.90724,1
4.90724,0
4.90818,1
4.90818,0
4.90913,1
4.90913,0
4.91007,1
4.91007,0
4.91102,1
4.91102,0
4.91196,1
4.91196,0
4.9129,1
4.9129,0
4.91385,1
4.91385,0
4.91479,1
4.91479,0
4.91574,1
4.91574,0
4.91668,1
4.91668,0
4.91762,1
4.91762,0
4.91857,1
4.91857,0
4.91951,1
4.91951,0
4.92046,1
4.92046,0
4.9214,1
4.9214,0
4.92234,1
4.92234,0
4.92329,1
4.92329,0
4.92423,1
4.92423,0
4.92518,1
4.92518,0
4.92612,1
4.92612,0
4.92706,1
4.92706,0
4.92801,1
4.92801,0
4.92895,1
4.92895,0
4.9299,1
4.9299,0
4.93084,1
4.93084,0
4.93178,1
4.93178,0
4.93273,1
4.93273,0
4.93367,1
4.93367,0
4.93462,1
4.93462,0
4.93556,1
4.93556,0
4.9365,1
4.9365,0
4.93745,1
4.93745,0
4.93839,1
4.93839,0
4.93934,1
4.93934,0
4.94028,1
4.94028,0
4.94122,1
4.94122,0
4.94217,1
4.94217,0
4.94311,1
4.94311,0
4.94406,1
4.94406,0
4.945,1
4.945,0
4.94594,1
4.94594,0
4.94689,1
4.94689,0
4.94783,1
4.94783,0
4.94878,1
4.94878,0
4.94972,1
4.94972,0
4.95066,1
4.95066,0
4.95161,1
4.95161,0
4.95255,1
4.95255,0
4.9535,1
4.9535,0
4.95444,1
4.95444,0
4.95538,1
4.95538,0
4.95633,1
4.95633,0
4.95727,1
4.95727,0
4.95822,1
4.95822,0
4.95916,1
4.95916,0
4.9601,1
4.9601,0
4.96105,1
4.96105,0
4.96199,1
4.96199,0
4.96294,1
4.96294,0
4.96388,1
4.96388,0
4.96482,1
4.96482,0
4.96577,1
4.96577,0
4.96671,1
4.96671,0
4.96766,1
4.96766,0
4.9686,1
4.9686,0
4.96954,1
4.96954,0
4.97049,1
4.97049,0
4.97143,1
4.97143,0
4.97238,1
4.97238,0
4.97332,1
4.97332,0
4.97426,1
4.97426,0
4.97521,1
4.97521,0
4.97615,1
4.97615,0
4.9771,1
4.9771,0
4.97804,1
4.97804,0
4.97898,1
4.97898,0
4.97993,1
4.97993,0
4.98087,1
4.98087,0
4.98182,1
4.98182,0
4.98276,1
4.98276,0
4.9837,1
4.9837,0
4.98465,1
4.98465,0
4.98559,1
4.98559,0
4.98654,1
4.98654,0
4.98748,1
4.98748,0
4.98842,1
4.98842,0
4.98937,1
4.98937,0
4.99031,1
4.99031,0
4.99126,1
4.99126,0
4.9922,1
4.9922,0
4.99314,1
4.99314,0
4.99409,1
4.99409,0
4.99503,1
4.99503,0
4.99598,1
4.99598,0
4.99692,1
4.99692,0
4.99786,1
4.99786,0
4.99881,1
4.99881,0
4.99975,1
4.99975,0
5.0007,1
5.0007,0
5.00164,1
5.00164,0
5.00258,1
5.00258,0
5.00353,1
5.00353,0
5.00447,1
5.00447,0
5.00542,1
5.00542,0
5.00636,1
5.00636,0
5.0073,1
5.0073,0
5.00825,1
5.00825,0
5.00919,1
5.00919,0
5.01014,1
5.01014,0
5.01108,1
5.01108,0
5.01202,1
5.01202,0
5.01297,1
5.01297,0
5.01391,1
5.01391,0
5.01486,1
5.01486,0
5.0158,1
5.0158,0
5.01674,1
5.01674,0
5.01769,1
5.01769,0
5.01863,1
5.01863,0
5.01958,1
5.01958,0
5.02052,1
5.02052,0
5.02146,1
5.02146,0
5.02241,1
5.02241,0
5.02335,1
5.02335,0
5.0243,1
5.0243,0
5.02524,1
5.02524,0
5.02618,1
5.02618,0
5.02713,1
5.02713,0
5.02807,1
5.02807,0
5.02902,1
5.02902,0
5.02996,1
5.02996,0
5.0309,1
5.0309,0
5.03185,1
5.03185,0
5.03279,1
5.03279,0
5.03374,1
5.03374,0
5.03468,1
5.03468,0
5.03562,1
5.03562,0
5.03657,1
5.03657,0
5.03751,1
5.03751,0
5.03846,1
5.03846,0
5.0394,1
5.0394,0
5.04034,1
5.04034,0
5.04129,1
5.04129,0
5.04223,1
5.04223,0
5.04318,1
5.04318,0
5.04412,1
5.04412,0
5.04506,1
5.04506,0
5.04601,1
5.04601,0
5.04695,1
5.04695,0
5.0479,1
5.0479,0
5.04884,1
5.04884,0
5.04978,1
5.04978,0
5.05073,1
5.05073,0
5.05167,1
5.05167,0
5.05262,1
5.05262,0
5.05356,1
5.05356,0
5.0545,1
5.0545,0
5.05545,1
5.05545,0
5.05639,1
5.05639,0
5.05734,1
5.05734,0
5.05828,1
5.05828,0
5.05922,1
5.05922,0
5.06017,1
5.06017,0
5.06111,1
5.06111,0
5.06206,1
5.06206,0
5.063,1
5.063,0
5.06394,1
5.06394,0
5.06489,1
5.06489,0
5.06583,1
5.06583,0
5.06678,1
5.06678,0
5.06772,1
5.06772,0
5.06866,1
5.06866,0
5.06961,1
5.06961,0
5.07055,1
5.07055,0
5.0715,1
5.0715,0
5.07244,1
5.07244,0
5.07338,1
5.07338,0
5.07433,1
5.07433,0
5.07527,1
5.07527,0
5.07622,1
5.07622,0
5.07716,1
5.07716,0
5.0781,1
5.0781,0
5.07905,1
5.07905,0
5.07999,1
5.07999,0
5.08094,1
5.08094,0
5.08188,1
5.08188,0
5.08282,1
5.08282,0
5.08377,1
5.08377,0
5.08471,1
5.08471,0
5.08566,1
5.08566,0
5.0866,1
5.0866,0
5.08754,1
5.08754,0
5.08849,1
5.08849,0
5.08943,1
5.08943,0
5.09038,1
5.09038,0
5.09132,1
5.09132,0
5.09226,1
5.09226,0
5.09321,1
5.09321,0
5.09415,1
5.09415,0
5.0951,1
5.0951,0
5.09604,1
5.09604,0
5.09698,1
5.09698,0
5.09793,1
5.09793,0
5.09887,1
5.09887,0
5.09982,1
5.09982,0
5.10076,1
5.10076,0
5.1017,1
5.1017,0
5.10265,1
5.10265,0
5.10359,1
5.10359,0
5.10454,1
5.10454,0
5.10548,1
5.10548,0
5.10642,1
5.10642,0
5.10737,1
5.10737,0
5.10831,1
5.10831,0
5.10926,1
5.10926,0
5.1102,1
5.1102,0
5.11114,1
5.11114,0
5.11209,1
5.11209,0
5.11303,1
5.11303,0
5.11398,1
5.11398,0
5.11492,1
5.11492,0
5.11586,1
5.11586,0
5.11681,1
5.11681,0
5.11775,1
5.11775,0
5.1187,1
5.1187,0
5.11964,1
5.11964,0
5.12058,1
5.12058,0
5.12153,1
5.12153,0
5.12247,1
5.12247,0
5.12342,1
5.12342,0
5.12436,1
5.12436,0
5.1253,1
5.1253,0
5.12625,1
5.12625,0
5.12719,1
5.12719,0
5.12814,1
5.12814,0
5.12908,1
5.12908,0
5.13002,1
5.13002,0
5.13097,1
5.13097,0
5.13191,1
5.13191,0
5.13286,1
5.13286,0
5.1338,1
5.1338,0
5.13474,1
5.13474,0
5.13569,1
5.13569,0
5.13663,1
5.13663,0
5.13758,1
5.13758,0
5.13852,1
5.13852,0
5.13946,1
5.13946,0
5.14041,1
5.14041,0
5.14135,1
5.14135,0
5.1423,1
5.1423,0
5.14324,1
5.14324,0
5.14418,1
5.14418,0
5.14513,1
5.14513,0
5.14607,1
5.14607,0
5.14702,1
5.14702,0
5.14796,1
5.14796,0
5.1489,1
5.1489,0
5.14985,1
5.14985,0
5.15079,1
5.15079,0
5.15174,1
5.15174,0
5.15268,1
5.15268,0
5.15362,1
5.15362,0
5.15457,1
5.15457,0
5.15551,1
5.15551,0
5.15646,1
5.15646,0
5.1574,1
5.1574,0
5.15834,1
5.15834,0
5.15929,1
5.15929,0
5.16023,1
5.16023,0
5.16118,1
5.16118,0
5.16212,1
5.16212,0
5.16306,1
5.16306,0
5.16401,1
5.16401,0
5.16495,1
5.16495,0
5.1659,1
5.1659,0
5.16684,1
5.16684,0
5.16778,1
5.16778,0
5.16873,1
5.16873,0
5.16967,1
5.16967,0
5.17062,1
5.17062,0
5.17156,1
5.17156,0
5.1725,1
5.1725,0
5.17345,1
5.17345,0
5.17439,1
5.17439,0
5.17534,1
5.17534,0
5.17628,1
5.17628,0
5.17722,1
5.17722,0
5.17817,1
5.17817,0
5.17911,1
5.17911,0
5.18006,1
5.18006,0
5.181,1
5.181,0
5.18194,1
5.18194,0
5.18289,1
5.18289,0
5.18383,1
5.18383,0
5.18478,1
5.18478,0
5.18572,1
5.18572,0
5.18666,1
5.18666,0
5.18761,1
5.18761,0
5.18855,1
5.18855,0
5.1895,1
5.1895,0
5.19044,1
5.19044,0
5.19138,1
5.19138,0
5.19233,1
5.19233,0
5.19327,1
5.19327,0
5.19422,1
5.19422,0
5.19516,1
5.19516,0
5.1961,1
5.1961,0
5.19705,1
5.19705,0
5.19799,1
5.19799,0
5.19894,1
5.19894,0
5.19988,1
5.19988,0
5.20082,1
5.20082,0
5.20177,1
5.20177,0
5.20271,1
5.20271,0
5.20366,1
5.20366,0
5.2046,1
5.2046,0
5.20554,1
5.20554,0
5.20649,1
5.20649,0
5.20743,1
5.20743,0
5.20838,1
5.20838,0
5.20932,1
5.20932,0
5.21026,1
5.21026,0
5.21121,1
5.21121,0
5.21215,1
5.21215,0
5.2131,1
5.2131,0
5.21404,1
5.21404,0
5.21498,1
5.21498,0
5.21593,1
5.21593,0
5.21687,1
5.21687,0
5.21782,1
5.21782,0
5.21876,1
5.21876,0
5.2197,1
5.2197,0
5.22065,1
5.22065,0
5.22159,1
5.22159,0
5.22254,1
5.22254,0
5.22348,1
5.22348,0
5.22442,1
5.22442,0
5.22537,1
5.22537,0
5.22631,1
5.22631,0
5.22726,1
5.22726,0
5.2282,1
5.2282,0
5.22914,1
5.22914,0
5.23009,1
5.23009,0
5.23103,1
5.23103,0
5.23198,1
5.23198,0
5.23292,1
5.23292,0
5.23386,1
5.23386,0
5.23481,1
5.23481,0
5.23575,1
5.23575,0
5.2367,1
5.2367,0
5.23764,1
5.23764,0
5.23858,1
5.23858,0
5.23953,1
5.23953,0
5.24047,1
5.24047,0
5.24142,1
5.24142,0
5.24236,1
5.24236,0
5.2433,1
5.2433,0
5.24425,1
5.24425,0
5.24519,1
5.24519,0
5.24614,1
5.24614,0
5.24708,1
5.24708,0
5.24802,1
5.24802,0
5.24897,1
5.24897,0
5.24991,1
5.24991,0
5.25086,1
5.25086,0
5.2518,1
5.2518,0
5.25274,1
5.25274,0
5.25369,1
5.25369,0
5.25463,1
5.25463,0
5.25558,1
5.25558,0
5.25652,1
5.25652,0
5.25746,1
5.25746,0
5.25841,1
5.25841,0
5.25935,1
5.25935,0
5.2603,1
5.2603,0
5.26124,1
5.26124,0
5.26218,1
5.26218,0
5.26313,1
5.26313,0
5.26407,1
5.26407,0
5.26502,1
5.26502,0
5.26596,1
5.26596,0
5.2669,1
5.2669,0
5.26785,1
5.26785,0
5.26879,1
5.26879,0
5.26974,1
5.26974,0
5.27068,1
5.27068,0
5.27162,1
5.27162,0
5.27257,1
5.27257,0
5.27351,1
5.27351,0
5.27446,1
5.27446,0
5.2754,1
5.2754,0
5.27634,1
5.27634,0
5.27729,1
5.27729,0
5.27823,1
5.27823,0
5.27918,1
5.27918,0
5.28012,1
5.28012,0
5.28106,1
5.28106,0
5.28201,1
5.28201,0
5.28295,1
5.28295,0
5.2839,1
5.2839,0
5.28484,1
5.28484,0
5.28578,1
5.28578,0
5.28673,1
5.28673,0
5.28767,1
5.28767,0
5.28862,1
5.28862,0
5.28956,1
5.28956,0
5.2905,1
5.2905,0
5.29145,1
5.29145,0
5.29239,1
5.29239,0
5.29334,1
5.29334,0
5.29428,1
5.29428,0
5.29522,1
5.29522,0
5.29617,1
5.29617,0
5.29711,1
5.29711,0
5.29806,1
5.29806,0
5.299,1
5.299,0
5.29994,1
5.29994,0
5.30089,1
5.30089,0
5.30183,1
5.30183,0
5.30278,1
5.30278,0
5.30372,1
5.30372,0
5.30466,1
5.30466,0
5.30561,1
5.30561,0
5.30655,1
5.30655,0
5.3075,1
5.3075,0
5.30844,1
5.30844,0
5.30938,1
5.30938,0
5.31033,1
5.31033,0
5.31127,1
5.31127,0
5.31222,1
5.31222,0
5.31316,1
5.31316,0
5.3141,1
5.3141,0
5.31505,1
5.31505,0
5.31599,1
5.31599,0
5.31694,1
5.31694,0
5.31788,1
5.31788,0
5.31882,1
5.31882,0
5.31977,1
5.31977,0
5.32071,1
5.32071,0
5.32166,1
5.32166,0
5.3226,1
5.3226,0
5.32354,1
5.32354,0
5.32449,1
5.32449,0
5.32543,1
5.32543,0
5.32638,1
5.32638,0
5.32732,1
5.32732,0
5.32826,1
5.32826,0
5.32921,1
5.32921,0
5.33015,1
5.33015,0
5.3311,1
5.3311,0
5.33204,1
5.33204,0
5.33298,1
5.33298,0
5.33393,1
5.33393,0
5.33487,1
5.33487,0
5.33582,1
5.33582,0
5.33676,1
5.33676,0
5.3377,1
5.3377,0
5.33865,1
5.33865,0
5.33959,1
5.33959,0
5.34054,1
5.34054,0
5.34148,1
5.34148,0
5.34242,1
5.34242,0
5.34337,1
5.34337,0
5.34431,1
5.34431,0
5.34526,1
5.34526,0
5.3462,1
5.3462,0
5.34714,1
5.34714,0
5.34809,1
5.34809,0
5.34903,1
5.34903,0
5.34998,1
5.34998,0
5.35092,1
5.35092,0
5.35186,1
5.35186,0
5.35281,1
5.35281,0
5.35375,1
5.35375,0
5.3547,1
5.3547,0
5.35564,1
5.35564,0
5.35658,1
5.35658,0
5.35753,1
5.35753,0
5.35847,1
5.35847,0
5.35942,1
5.35942,0
5.36036,1
5.36036,0
5.3613,1
5.3613,0
5.36225,1
5.36225,0
5.36319,1
5.36319,0
5.36414,1
5.36414,0
5.36508,1
5.36508,0
5.36602,1
5.36602,0
5.36697,1
5.36697,0
5.36791,1
5.36791,0
5.36886,1
5.36886,0
5.3698,1
5.3698,0
5.37074,1
5.37074,0
5.37169,1
5.37169,0
5.37263,1
5.37263,0
5.37358,1
5.37358,0
5.37452,1
5.37452,0
5.37546,1
5.37546,0
5.37641,1
5.37641,0
5.37735,1
5.37735,0
5.3783,1
5.3783,0
5.37924,1
5.37924,0
5.38018,1
5.38018,0
5.38113,1
5.38113,0
5.38207,1
5.38207,0
5.38302,1
5.38302,0
5.38396,1
5.38396,0
5.3849,1
5.3849,0
5.38585,1
5.38585,0
5.38679,1
5.38679,0
5.38774,1
5.38774,0
5.38868,1
5.38868,0
5.38962,1
5.38962,0
5.39057,1
5.39057,0
5.39151,1
5.39151,0
5.39246,1
5.39246,0
5.3934,1
5.3934,0
5.39434,1
5.39434,0
5.39529,1
5.39529,0
5.39623,1
5.39623,0
5.39718,1
5.39718,0
5.39812,1
5.39812,0
5.39906,1
5.39906,0
5.40001,1
5.40001,0
5.40095,1
5.40095,0
5.4019,1
5.4019,0
5.40284,1
5.40284,0
5.40378,1
5.40378,0
5.40473,1
5.40473,0
5.40567,1
5.40567,0
5.40662,1
5.40662,0
5.40756,1
5.40756,0
5.4085,1
5.4085,0
5.40945,1
5.40945,0
5.41039,1
5.41039,0
5.41134,1
5.41134,0
5.41228,1
5.41228,0
5.41322,1
5.41322,0
5.41417,1
5.41417,0
5.41511,1
5.41511,0
5.41606,1
5.41606,0
5.417,1
5.417,0
5.41794,1
5.41794,0
5.41889,1
5.41889,0
5.41983,1
5.41983,0
5.42078,1
5.42078,0
5.42172,1
5.42172,0
5.42266,1
5.42266,0
5.42361,1
5.42361,0
5.42455,1
5.42455,0
5.4255,1
5.4255,0
5.42644,1
5.42644,0
5.42738,1
5.42738,0
5.42833,1
5.42833,0
5.42927,1
5.42927,0
5.43022,1
5.43022,0
5.43116,1
5.43116,0
5.4321,1
5.4321,0
5.43305,1
5.43305,0
5.43399,1
5.43399,0
5.43494,1
5.43494,0
5.43588,1
5.43588,0
5.43682,1
5.43682,0
5.43777,1
5.43777,0
5.43871,1
5.43871,0
5.43966,1
5.43966,0
5.4406,1
5.4406,0
5.44154,1
5.44154,0
5.44249,1
5.44249,0
5.44343,1
5.44343,0
5.44438,1
5.44438,0
5.44532,1
5.44532,0
5.44626,1
5.44626,0
5.44721,1
5.44721,0
5.44815,1
5.44815,0
5.4491,1
5.4491,0
5.45004,1
5.45004,0
5.45098,1
5.45098,0
5.45193,1
5.45193,0
5.45287,1
5.45287,0
5.45382,1
5.45382,0
5.45476,1
5.45476,0
5.4557,1
5.4557,0
5.45665,1
5.45665,0
5.45759,1
5.45759,0
5.45854,1
5.45854,0
5.45948,1
5.45948,0
5.46042,1
5.46042,0
5.46137,1
5.46137,0
5.46231,1
5.46231,0
5.46326,1
5.46326,0
5.4642,1
5.4642,0
5.46514,1
5.46514,0
5.46609,1
5.46609,0
5.46703,1
5.46703,0
5.46798,1
5.46798,0
5.46892,1
5.46892,0
5.46986,1
5.46986,0
5.47081,1
5.47081,0
5.47175,1
5.47175,0
5.4727,1
5.4727,0
5.47364,1
5.47364,0
5.47458,1
5.47458,0
5.47553,1
5.47553,0
5.47647,1
5.47647,0
5.47742,1
5.47742,0
5.47836,1
5.47836,0
5.4793,1
5.4793,0
5.48025,1
5.48025,0
5.48119,1
5.48119,0
5.48214,1
5.48214,0
5.48308,1
5.48308,0
5.48402,1
5.48402,0
5.48497,1
5.48497,0
5.48591,1
5.48591,0
5.48686,1
5.48686,0
5.4878,1
5.4878,0
5.48874,1
5.48874,0
5.48969,1
5.48969,0
5.49063,1
5.49063,0
5.49158,1
5.49158,0
5.49252,1
5.49252,0
5.49346,1
5.49346,0
5.49441,1
5.49441,0
5.49535,1
5.49535,0
5.4963,1
5.4963,0
5.49724,1
5.49724,0
5.49818,1
5.49818,0
5.49913,1
5.49913,0
5.50007,1
5.50007,0
5.50102,1
5.50102,0
5.50196,1
5.50196,0
5.5029,1
5.5029,0
5.50385,1
5.50385,0
5.50479,1
5.50479,0
5.50574,1
5.50574,0
5.50668,1
5.50668,0
5.50762,1
5.50762,0
5.50857,1
5.50857,0
5.50951,1
5.50951,0
5.51046,1
5.51046,0
5.5114,1
5.5114,0
5.51234,1
5.51234,0
5.51329,1
5.51329,0
5.51423,1
5.51423,0
5.51518,1
5.51518,0
5.51612,1
5.51612,0
5.51706,1
5.51706,0
5.51801,1
5.51801,0
5.51895,1
5.51895,0
5.5199,1
5.5199,0
5.52084,1
5.52084,0
5.52178,1
5.52178,0
5.52273,1
5.52273,0
5.52367,1
5.52367,0
5.52462,1
5.52462,0
5.52556,1
5.52556,0
5.5265,1
5.5265,0
5.52745,1
5.52745,0
5.52839,1
5.52839,0
5.52934,1
5.52934,0
5.53028,1
5.53028,0
5.53122,1
5.53122,0
5.53217,1
5.53217,0
5.53311,1
5.53311,0
5.53406,1
5.53406,0
5.535,1
5.535,0
5.53594,1
5.53594,0
5.53689,1
5.53689,0
5.53783,1
5.53783,0
5.53878,1
5.53878,0
5.53972,1
5.53972,0
5.54066,1
5.54066,0
5.54161,1
5.54161,0
5.54255,1
5.54255,0
5.5435,1
5.5435,0
5.54444,1
5.54444,0
5.54538,1
5.54538,0
5.54633,1
5.54633,0
5.54727,1
5.54727,0
5.54822,1
5.54822,0
5.54916,1
5.54916,0
5.5501,1
5.5501,0
5.55105,1
5.55105,0
5.55199,1
5.55199,0
5.55294,1
5.55294,0
5.55388,1
5.55388,0
5.55482,1
5.55482,0
5.55577,1
5.55577,0
5.55671,1
5.55671,0
5.55766,1
5.55766,0
5.5586,1
5.5586,0
5.55954,1
5.55954,0
5.56049,1
5.56049,0
5.56143,1
5.56143,0
5.56238,1
5.56238,0
5.56332,1
5.56332,0
5.56426,1
5.56426,0
5.56521,1
5.56521,0
5.56615,1
5.56615,0
5.5671,1
5.5671,0
5.56804,1
5.56804,0
5.56898,1
5.56898,0
5.56993,1
5.56993,0
5.57087,1
5.57087,0
5.57182,1
5.57182,0
5.57276,1
5.57276,0
5.5737,1
5.5737,0
5.57465,1
5.57465,0
5.57559,1
5.57559,0
5.57654,1
5.57654,0
5.57748,1
5.57748,0
5.57842,1
5.57842,0
5.57937,1
5.57937,0
5.58031,1
5.58031,0
5.58126,1
5.58126,0
5.5822,1
5.5822,0
5.58314,1
5.58314,0
5.58409,1
5.58409,0
5.58503,1
5.58503,0
5.58598,1
5.58598,0
5.58692,1
5.58692,0
5.58786,1
5.58786,0
5.58881,1
5.58881,0
5.58975,1
5.58975,0
5.5907,1
5.5907,0
5.59164,1
5.59164,0
5.59258,1
5.59258,0
5.59353,1
5.59353,0
5.59447,1
5.59447,0
5.59542,1
5.59542,0
5.59636,1
5.59636,0
5.5973,1
5.5973,0
5.59825,1
5.59825,0
5.59919,1
5.59919,0
5.60014,1
5.60014,0
5.60108,1
5.60108,0
5.60202,1
5.60202,0
5.60297,1
5.60297,0
5.60391,1
5.60391,0
5.60486,1
5.60486,0
5.6058,1
5.6058,0
5.60674,1
5.60674,0
5.60769,1
5.60769,0
5.60863,1
5.60863,0
5.60958,1
5.60958,0
5.61052,1
5.61052,0
5.61146,1
5.61146,0
5.61241,1
5.61241,0
5.61335,1
5.61335,0
5.6143,1
5.6143,0
5.61524,1
5.61524,0
5.61618,1
5.61618,0
5.61713,1
5.61713,0
5.61807,1
5.61807,0
5.61902,1
5.61902,0
5.61996,1
5.61996,0
5.6209,1
5.6209,0
5.62185,1
5.62185,0
5.62279,1
5.62279,0
5.62374,1
5.62374,0
5.62468,1
5.62468,0
5.62562,1
5.62562,0
5.62657,1
5.62657,0
5.62751,1
5.62751,0
5.62846,1
5.62846,0
5.6294,1
5.6294,0
5.63034,1
5.63034,0
5.63129,1
5.63129,0
5.63223,1
5.63223,0
5.63318,1
5.63318,0
5.63412,1
5.63412,0
5.63506,1
5.63506,0
5.63601,1
5.63601,0
5.63695,1
5.63695,0
5.6379,1
5.6379,0
5.63884,1
5.63884,0
5.63978,1
5.63978,0
5.64073,1
5.64073,0
5.64167,1
5.64167,0
5.64262,1
5.64262,0
5.64356,1
5.64356,0
5.6445,1
5.6445,0
5.64545,1
5.64545,0
5.64639,1
5.64639,0
5.64734,1
5.64734,0
5.64828,1
5.64828,0
5.64922,1
5.64922,0
5.65017,1
5.65017,0
5.65111,1
5.65111,0
5.65206,1
5.65206,0
5.653,1
5.653,0
5.65394,1
5.65394,0
5.65489,1
5.65489,0
5.65583,1
5.65583,0
5.65678,1
5.65678,0
5.65772,1
5.65772,0
5.65866,1
5.65866,0
5.65961,1
5.65961,0
5.66055,1
5.66055,0
5.6615,1
5.6615,0
5.66244,1
5.66244,0
5.66338,1
5.66338,0
5.66433,1
5.66433,0
5.66527,1
5.66527,0
5.66622,1
5.66622,0
5.66716,1
5.66716,0
5.6681,1
5.6681,0
5.66905,1
5.66905,0
5.66999,1
5.66999,0
5.67094,1
5.67094,0
5.67188,1
5.67188,0
5.67282,1
5.67282,0
5.67377,1
5.67377,0
5.67471,1
5.67471,0
5.67566,1
5.67566,0
5.6766,1
5.6766,0
5.67754,1
5.67754,0
5.67849,1
5.67849,0
5.67943,1
5.67943,0
5.68038,1
5.68038,0
5.68132,1
5.68132,0
5.68226,1
5.68226,0
5.68321,1
5.68321,0
5.68415,1
5.68415,0
5.6851,1
5.6851,0
5.68604,1
5.68604,0
5.68698,1
5.68698,0
5.68793,1
5.68793,0
5.68887,1
5.68887,0
5.68982,1
5.68982,0
5.69076,1
5.69076,0
5.6917,1
5.6917,0
5.69265,1
5.69265,0
5.69359,1
5.69359,0
5.69454,1
5.69454,0
5.69548,1
5.69548,0
5.69642,1
5.69642,0
5.69737,1
5.69737,0
5.69831,1
5.69831,0
5.69926,1
5.69926,0
5.7002,1
5.7002,0
5.70114,1
5.70114,0
5.70209,1
5.70209,0
5.70303,1
5.70303,0
5.70398,1
5.70398,0
5.70492,1
5.70492,0
5.70586,1
5.70586,0
5.70681,1
5.70681,0
5.70775,1
5.70775,0
5.7087,1
5.7087,0
5.70964,1
5.70964,0
5.71058,1
5.71058,0
5.71153,1
5.71153,0
5.71247,1
5.71247,0
5.71342,1
5.71342,0
5.71436,1
5.71436,0
5.7153,1
5.7153,0
5.71625,1
5.71625,0
5.71719,1
5.71719,0
5.71814,1
5.71814,0
5.71908,1
5.71908,0
5.72002,1
5.72002,0
5.72097,1
5.72097,0
5.72191,1
5.72191,0
5.72286,1
5.72286,0
5.7238,1
5.7238,0
5.72474,1
5.72474,0
5.72569,1
5.72569,0
5.72663,1
5.72663,0
5.72758,1
5.72758,0
5.72852,1
5.72852,0
5.72946,1
5.72946,0
5.73041,1
5.73041,0
5.73135,1
5.73135,0
5.7323,1
5.7323,0
5.73324,1
5.73324,0
5.73418,1
5.73418,0
5.73513,1
5.73513,0
5.73607,1
5.73607,0
5.73702,1
5.73702,0
5.73796,1
5.73796,0
5.7389,1
5.7389,0
5.73985,1
5.73985,0
5.74079,1
5.74079,0
5.74174,1
5.74174,0
5.74268,1
5.74268,0
5.74362,1
5.74362,0
5.74457,1
5.74457,0
5.74551,1
5.74551,0
5.74646,1
5.74646,0
5.7474,1
5.7474,0
5.74834,1
5.74834,0
5.74929,1
5.74929,0
5.75023,1
5.75023,0
5.75118,1
5.75118,0
5.75212,1
5.75212,0
5.75306,1
5.75306,0
5.75401,1
5.75401,0
5.75495,1
5.75495,0
5.7559,1
5.7559,0
5.75684,1
5.75684,0
5.75778,1
5.75778,0
5.75873,1
5.75873,0
5.75967,1
5.75967,0
5.76062,1
5.76062,0
5.76156,1
5.76156,0
5.7625,1
5.7625,0
5.76345,1
5.76345,0
5.76439,1
5.76439,0
5.76534,1
5.76534,0
5.76628,1
5.76628,0
5.76722,1
5.76722,0
5.76817,1
5.76817,0
5.76911,1
5.76911,0
5.77006,1
5.77006,0
5.771,1
5.771,0
5.77194,1
5.77194,0
5.77289,1
5.77289,0
5.77383,1
5.77383,0
5.77478,1
5.77478,0
5.77572,1
5.77572,0
5.77666,1
5.77666,0
5.77761,1
5.77761,0
5.77855,1
5.77855,0
5.7795,1
5.7795,0
5.78044,1
5.78044,0
5.78138,1
5.78138,0
5.78233,1
5.78233,0
5.78327,1
5.78327,0
5.78422,1
5.78422,0
5.78516,1
5.78516,0
5.7861,1
5.7861,0
5.78705,1
5.78705,0
5.78799,1
5.78799,0
5.78894,1
5.78894,0
5.78988,1
5.78988,0
5.79082,1
5.79082,0
5.79177,1
5.79177,0
5.79271,1
5.79271,0
5.79366,1
5.79366,0
5.7946,1
5.7946,0
5.79554,1
5.79554,0
5.79649,1
5.79649,0
5.79743,1
5.79743,0
5.79838,1
5.79838,0
5.79932,1
5.79932,0
5.80026,1
5.80026,0
5.80121,1
5.80121,0
5.80215,1
5.80215,0
5.8031,1
5.8031,0
5.80404,1
5.80404,0
5.80498,1
5.80498,0
5.80593,1
5.80593,0
5.80687,1
5.80687,0
5.80782,1
5.80782,0
5.80876,1
5.80876,0
5.8097,1
5.8097,0
5.81065,1
5.81065,0
5.81159,1
5.81159,0
5.81254,1
5.81254,0
5.81348,1
5.81348,0
5.81442,1
5.81442,0
5.81537,1
5.81537,0
5.81631,1
5.81631,0
5.81726,1
5.81726,0
5.8182,1
5.8182,0
5.81914,1
5.81914,0
5.82009,1
5.82009,0
5.82103,1
5.82103,0
5.82198,1
5.82198,0
5.82292,1
5.82292,0
5.82386,1
5.82386,0
5.82481,1
5.82481,0
5.82575,1
5.82575,0
5.8267,1
5.8267,0
5.82764,1
5.82764,0
5.82858,1
5.82858,0
5.82953,1
5.82953,0
5.83047,1
5.83047,0
5.83142,1
5.83142,0
5.83236,1
5.83236,0
5.8333,1
5.8333,0
5.83425,1
5.83425,0
5.83519,1
5.83519,0
5.83614,1
5.83614,0
5.83708,1
5.83708,0
5.83802,1
5.83802,0
5.83897,1
5.83897,0
5.83991,1
5.83991,0
5.84086,1
5.84086,0
5.8418,1
5.8418,0
5.84274,1
5.84274,0
5.84369,1
5.84369,0
5.84463,1
5.84463,0
5.84558,1
5.84558,0
5.84652,1
5.84652,0
5.84746,1
5.84746,0
5.84841,1
5.84841,0
5.84935,1
5.84935,0
5.8503,1
5.8503,0
5.85124,1
5.85124,0
5.85218,1
5.85218,0
5.85313,1
5.85313,0
5.85407,1
5.85407,0
5.85502,1
5.85502,0
5.85596,1
5.85596,0
5.8569,1
5.8569,0
5.85785,1
5.85785,0
5.85879,1
5.85879,0
5.85974,1
5.85974,0
5.86068,1
5.86068,0
5.86162,1
5.86162,0
5.86257,1
5.86257,0
5.86351,1
5.86351,0
5.86446,1
5.86446,0
5.8654,1
5.8654,0
5.86634,1
5.86634,0
5.86729,1
5.86729,0
5.86823,1
5.86823,0
5.86918,1
5.86918,0
5.87012,1
5.87012,0
5.87106,1
5.87106,0
5.87201,1
5.87201,0
5.87295,1
5.87295,0
5.8739,1
5.8739,0
5.87484,1
5.87484,0
5.87578,1
5.87578,0
5.87673,1
5.87673,0
5.87767,1
5.87767,0
5.87862,1
5.87862,0
5.87956,1
5.87956,0
5.8805,1
5.8805,0
5.88145,1
5.88145,0
5.88239,1
5.88239,0
5.88334,1
5.88334,0
5.88428,1
5.88428,0
5.88522,1
5.88522,0
5.88617,1
5.88617,0
5.88711,1
5.88711,0
5.88806,1
5.88806,0
5.889,1
5.889,0
5.88994,1
5.88994,0
5.89089,1
5.89089,0
5.89183,1
5.89183,0
5.89278,1
5.89278,0
5.89372,1
5.89372,0
5.89466,1
5.89466,0
5.89561,1
5.89561,0
5.89655,1
5.89655,0
5.8975,1
5.8975,0
5.89844,1
5.89844,0
5.89938,1
5.89938,0
5.90033,1
5.90033,0
5.90127,1
5.90127,0
5.90222,1
5.90222,0
5.90316,1
5.90316,0
5.9041,1
5.9041,0
5.90505,1
5.90505,0
5.90599,1
5.90599,0
5.90694,1
5.90694,0
5.90788,1
5.90788,0
5.90882,1
5.90882,0
5.90977,1
5.90977,0
5.91071,1
5.91071,0
5.91166,1
5.91166,0
5.9126,1
5.9126,0
5.91354,1
5.91354,0
5.91449,1
5.91449,0
5.91543,1
5.91543,0
5.91638,1
5.91638,0
5.91732,1
5.91732,0
5.91826,1
5.91826,0
5.91921,1
5.91921,0
5.92015,1
5.92015,0
5.9211,1
5.9211,0
5.92204,1
5.92204,0
5.92298,1
5.92298,0
5.92393,1
5.92393,0
5.92487,1
5.92487,0
5.92582,1
5.92582,0
5.92676,1
5.92676,0
5.9277,1
5.9277,0
5.92865,1
5.92865,0
5.92959,1
5.92959,0
5.93054,1
5.93054,0
5.93148,1
5.93148,0
5.93242,1
5.93242,0
5.93337,1
5.93337,0
5.93431,1
5.93431,0
5.93526,1
5.93526,0
5.9362,1
5.9362,0
5.93714,1
5.93714,0
5.93809,1
5.93809,0
5.93903,1
5.93903,0
5.93998,1
5.93998,0
5.94092,1
5.94092,0
5.94186,1
5.94186,0
5.94281,1
5.94281,0
5.94375,1
5.94375,0
5.9447,1
5.9447,0
5.94564,1
5.94564,0
5.94658,1
5.94658,0
5.94753,1
5.94753,0
5.94847,1
5.94847,0
5.94942,1
5.94942,0
5.95036,1
5.95036,0
5.9513,1
5.9513,0
5.95225,1
5.95225,0
5.95319,1
5.95319,0
5.95414,1
5.95414,0
5.95508,1
5.95508,0
5.95602,1
5.95602,0
5.95697,1
5.95697,0
5.95791,1
5.95791,0
5.95886,1
5.95886,0
5.9598,1
5.9598,0
5.96074,1
5.96074,0
5.96169,1
5.96169,0
5.96263,1
5.96263,0
5.96358,1
5.96358,0
5.96452,1
5.96452,0
5.96546,1
5.96546,0
5.96641,1
5.96641,0
5.96735,1
5.96735,0
5.9683,1
5.9683,0
5.96924,1
5.96924,0
5.97018,1
5.97018,0
5.97113,1
5.97113,0
5.97207,1
5.97207,0
5.97302,1
5.97302,0
5.97396,1
5.97396,0
5.9749,1
5.9749,0
5.97585,1
5.97585,0
5.97679,1
5.97679,0
5.97774,1
5.97774,0
5.97868,1
5.97868,0
5.97962,1
5.97962,0
5.98057,1
5.98057,0
5.98151,1
5.98151,0
5.98246,1
5.98246,0
5.9834,1
5.9834,0
5.98434,1
5.98434,0
5.98529,1
5.98529,0
5.98623,1
5.98623,0
5.98718,1
5.98718,0
5.98812,1
5.98812,0
5.98906,1
5.98906,0
5.99001,1
5.99001,0
5.99095,1
5.99095,0
5.9919,1
5.9919,0
5.99284,1
5.99284,0
5.99378,1
5.99378,0
5.99473,1
5.99473,0
5.99567,1
5.99567,0
5.99662,1
5.99662,0
5.99756,1
5.99756,0
5.9985,1
5.9985,0
5.99945,1
5.99945,0
6.00039,1
6.00039,0
6.00134,1
6.00134,0
6.00228,1
6.00228,0
6.00322,1
6.00322,0
6.00417,1
6.00417,0
6.00511,1
6.00511,0
6.00606,1
6.00606,0
6.007,1
6.007,0
6.00794,1
6.00794,0
6.00889,1
6.00889,0
6.00983,1
6.00983,0
6.01078,1
6.01078,0
6.01172,1
6.01172,0
6.01266,1
6.01266,0
6.01361,1
6.01361,0
6.01455,1
6.01455,0
6.0155,1
6.0155,0
6.01644,1
6.01644,0
6.01738,1
6.01738,0
6.01833,1
6.01833,0
6.01927,1
6.01927,0
6.02022,1
6.02022,0
6.02116,1
6.02116,0
6.0221,1
6.0221,0
6.02305,1
6.02305,0
6.02399,1
6.02399,0
6.02494,1
6.02494,0
6.02588,1
6.02588,0
6.02682,1
6.02682,0
6.02777,1
6.02777,0
6.02871,1
6.02871,0
6.02966,1
6.02966,0
6.0306,1
6.0306,0
6.03154,1
6.03154,0
6.03249,1
6.03249,0
6.03343,1
6.03343,0
6.03438,1
6.03438,0
6.03532,1
6.03532,0
6.03626,1
6.03626,0
6.03721,1
6.03721,0
6.03815,1
6.03815,0
6.0391,1
6.0391,0
6.04004,1
6.04004,0
6.04098,1
6.04098,0
6.04193,1
6.04193,0
6.04287,1
6.04287,0
6.04382,1
6.04382,0
6.04476,1
6.04476,0
6.0457,1
6.0457,0
6.04665,1
6.04665,0
6.04759,1
6.04759,0
6.04854,1
6.04854,0
6.04948,1
6.04948,0
6.05042,1
6.05042,0
6.05137,1
6.05137,0
6.05231,1
6.05231,0
6.05326,1
6.05326,0
6.0542,1
6.0542,0
6.05514,1
6.05514,0
6.05609,1
6.05609,0
6.05703,1
6.05703,0
6.05798,1
6.05798,0
6.05892,1
6.05892,0
6.05986,1
6.05986,0
6.06081,1
6.06081,0
6.06175,1
6.06175,0
6.0627,1
6.0627,0
6.06364,1
6.06364,0
6.06458,1
6.06458,0
6.06553,1
6.06553,0
6.06647,1
6.06647,0
6.06742,1
6.06742,0
6.06836,1
6.06836,0
6.0693,1
6.0693,0
6.07025,1
6.07025,0
6.07119,1
6.07119,0
6.07214,1
6.07214,0
6.07308,1
6.07308,0
6.07402,1
6.07402,0
6.07497,1
6.07497,0
6.07591,1
6.07591,0
6.07686,1
6.07686,0
6.0778,1
6.0778,0
6.07874,1
6.07874,0
6.07969,1
6.07969,0
6.08063,1
6.08063,0
6.08158,1
6.08158,0
6.08252,1
6.08252,0
6.08346,1
6.08346,0
6.08441,1
6.08441,0
6.08535,1
6.08535,0
6.0863,1
6.0863,0
6.08724,1
6.08724,0
6.08818,1
6.08818,0
6.08913,1
6.08913,0
6.09007,1
6.09007,0
6.09102,1
6.09102,0
6.09196,1
6.09196,0
6.0929,1
6.0929,0
6.09385,1
6.09385,0
6.09479,1
6.09479,0
6.09574,1
6.09574,0
6.09668,1
6.09668,0
6.09762,1
6.09762,0
6.09857,1
6.09857,0
6.09951,1
6.09951,0
6.10046,1
6.10046,0
6.1014,1
6.1014,0
6.10234,1
6.10234,0
6.10329,1
6.10329,0
6.10423,1
6.10423,0
6.10518,1
6.10518,0
6.10612,1
6.10612,0
6.10706,1
6.10706,0
6.10801,1
6.10801,0
6.10895,1
6.10895,0
6.1099,1
6.1099,0
6.11084,1
6.11084,0
6.11178,1
6.11178,0
6.11273,1
6.11273,0
6.11367,1
6.11367,0
6.11462,1
6.11462,0
6.11556,1
6.11556,0
6.1165,1
6.1165,0
6.11745,1
6.11745,0
6.11839,1
6.11839,0
6.11934,1
6.11934,0
6.12028,1
6.12028,0
6.12122,1
6.12122,0
6.12217,1
6.12217,0
6.12311,1
6.12311,0
6.12406,1
6.12406,0
6.125,1
6.125,0
6.12594,1
6.12594,0
6.12689,1
6.12689,0
6.12783,1
6.12783,0
6.12878,1
6.12878,0
6.12972,1
6.12972,0
6.13066,1
6.13066,0
6.13161,1
6.13161,0
6.13255,1
6.13255,0
6.1335,1
6.1335,0
6.13444,1
6.13444,0
6.13538,1
6.13538,0
6.13633,1
6.13633,0
6.13727,1
6.13727,0
6.13822,1
6.13822,0
6.13916,1
6.13916,0
6.1401,1
6.1401,0
6.14105,1
6.14105,0
6.14199,1
6.14199,0
6.14294,1
6.14294,0
6.14388,1
6.14388,0
6.14482,1
6.14482,0
6.14577,1
6.14577,0
6.14671,1
6.14671,0
6.14766,1
6.14766,0
6.1486,1
6.1486,0
6.14954,1
6.14954,0
6.15049,1
6.15049,0
6.15143,1
6.15143,0
6.15238,1
6.15238,0
6.15332,1
6.15332,0
6.15426,1
6.15426,0
6.15521,1
6.15521,0
6.15615,1
6.15615,0
6.1571,1
6.1571,0
6.15804,1
6.15804,0
6.15898,1
6.15898,0
6.15993,1
6.15993,0
6.16087,1
6.16087,0
6.16182,1
6.16182,0
6.16276,1
6.16276,0
6.1637,1
6.1637,0
6.16465,1
6.16465,0
6.16559,1
6.16559,0
6.16654,1
6.16654,0
6.16748,1
6.16748,0
6.16842,1
6.16842,0
6.16937,1
6.16937,0
6.17031,1
6.17031,0
6.17126,1
6.17126,0
6.1722,1
6.1722,0
6.17314,1
6.17314,0
6.17409,1
6.17409,0
6.17503,1
6.17503,0
6.17598,1
6.17598,0
6.17692,1
6.17692,0
6.17786,1
6.17786,0
6.17881,1
6.17881,0
6.17975,1
6.17975,0
6.1807,1
6.1807,0
6.18164,1
6.18164,0
6.18258,1
6.18258,0
6.18353,1
6.18353,0
6.18447,1
6.18447,0
6.18542,1
6.18542,0
6.18636,1
6.18636,0
6.1873,1
6.1873,0
6.18825,1
6.18825,0
6.18919,1
6.18919,0
6.19014,1
6.19014,0
6.19108,1
6.19108,0
6.19202,1
6.19202,0
6.19297,1
6.19297,0
6.19391,1
6.19391,0
6.19486,1
6.19486,0
6.1958,1
6.1958,0
6.19674,1
6.19674,0
6.19769,1
6.19769,0
6.19863,1
6.19863,0
6.19958,1
6.19958,0
6.20052,1
6.20052,0
6.20146,1
6.20146,0
6.20241,1
6.20241,0
6.20335,1
6.20335,0
6.2043,1
6.2043,0
6.20524,1
6.20524,0
6.20618,1
6.20618,0
6.20713,1
6.20713,0
6.20807,1
6.20807,0
6.20902,1
6.20902,0
6.20996,1
6.20996,0
6.2109,1
6.2109,0
6.21185,1
6.21185,0
6.21279,1
6.21279,0
6.21374,1
6.21374,0
6.21468,1
6.21468,0
6.21562,1
6.21562,0
6.21657,1
6.21657,0
6.21751,1
6.21751,0
6.21846,1
6.21846,0
6.2194,1
6.2194,0
6.22034,1
6.22034,0
6.22129,1
6.22129,0
6.22223,1
6.22223,0
6.22318,1
6.22318,0
6.22412,1
6.22412,0
6.22506,1
6.22506,0
6.22601,1
6.22601,0
6.22695,1
6.22695,0
6.2279,1
6.2279,0
6.22884,1
6.22884,0
6.22978,1
6.22978,0
6.23073,1
6.23073,0
6.23167,1
6.23167,0
6.23262,1
6.23262,0
6.23356,1
6.23356,0
6.2345,1
6.2345,0
6.23545,1
6.23545,0
6.23639,1
6.23639,0
6.23734,1
6.23734,0
6.23828,1
6.23828,0
6.23922,1
6.23922,0
6.24017,1
6.24017,0
6.24111,1
6.24111,0
6.24206,1
6.24206,0
6.243,1
6.243,0
6.24394,1
6.24394,0
6.24489,1
6.24489,0
6.24583,1
6.24583,0
6.24678,1
6.24678,0
6.24772,1
6.24772,0
6.24866,1
6.24866,0
6.24961,1
6.24961,0
6.25055,1
6.25055,0
6.2515,1
6.2515,0
6.25244,1
6.25244,0
6.25338,1
6.25338,0
6.25433,1
6.25433,0
6.25527,1
6.25527,0
6.25622,1
6.25622,0
6.25716,1
6.25716,0
6.2581,1
6.2581,0
6.25905,1
6.25905,0
6.25999,1
6.25999,0
6.26094,1
6.26094,0
6.26188,1
6.26188,0
6.26282,1
6.26282,0
6.26377,1
6.26377,0
6.26471,1
6.26471,0
6.26566,1
6.26566,0
6.2666,1
6.2666,0
6.26754,1
6.26754,0
6.26849,1
6.26849,0
6.26943,1
6.26943,0
6.27038,1
6.27038,0
6.27132,1
6.27132,0
6.27226,1
6.27226,0
6.27321,1
6.27321,0
6.27415,1
6.27415,0
6.2751,1
6.2751,0
6.27604,1
6.27604,0
6.27698,1
6.27698,0
6.27793,1
6.27793,0
6.27887,1
6.27887,0
6.27982,1
6.27982,0
6.28076,1
6.28076,0
6.2817,1
6.2817,0
6.28265,1
6.28265,0
6.28359,1
6.28359,0
6.28454,1
6.28454,0
6.28548,1
6.28548,0
6.28642,1
6.28642,0
6.28737,1
6.28737,0
6.28831,1
6.28831,0
6.28926,1
6.28926,0
6.2902,1
6.2902,0
6.29114,1
6.29114,0
6.29209,1
6.29209,0
6.29303,1
6.29303,0
6.29398,1
6.29398,0
6.29492,1
6.29492,0
6.29586,1
6.29586,0
6.29681,1
6.29681,0
6.29775,1
6.29775,0
6.2987,1
6.2987,0
6.29964,1
6.29964,0
6.30058,1
6.30058,0
6.30153,1
6.30153,0
6.30247,1
6.30247,0
6.30342,1
6.30342,0
6.30436,1
6.30436,0
6.3053,1
6.3053,0
6.30625,1
6.30625,0
6.30719,1
6.30719,0
6.30814,1
6.30814,0
6.30908,1
6.30908,0
6.31002,1
6.31002,0
6.31097,1
6.31097,0
6.31191,1
6.31191,0
6.31286,1
6.31286,0
6.3138,1
6.3138,0
6.31474,1
6.31474,0
6.31569,1
6.31569,0
6.31663,1
6.31663,0
6.31758,1
6.31758,0
6.31852,1
6.31852,0
6.31946,1
6.31946,0
6.32041,1
6.32041,0
6.32135,1
6.32135,0
6.3223,1
6.3223,0
6.32324,1
6.32324,0
6.32418,1
6.32418,0
6.32513,1
6.32513,0
6.32607,1
6.32607,0
6.32702,1
6.32702,0
6.32796,1
6.32796,0
6.3289,1
6.3289,0
6.32985,1
6.32985,0
6.33079,1
6.33079,0
6.33174,1
6.33174,0
6.33268,1
6.33268,0
6.33362,1
6.33362,0
6.33457,1
6.33457,0
6.33551,1
6.33551,0
6.33646,1
6.33646,0
6.3374,1
6.3374,0
6.33834,1
6.33834,0
6.33929,1
6.33929,0
6.34023,1
6.34023,0
6.34118,1
6.34118,0
6.34212,1
6.34212,0
6.34306,1
6.34306,0
6.34401,1
6.34401,0
6.34495,1
6.34495,0
6.3459,1
6.3459,0
6.34684,1
6.34684,0
6.34778,1
6.34778,0
6.34873,1
6.34873,0
6.34967,1
6.34967,0
6.35062,1
6.35062,0
6.35156,1
6.35156,0
6.3525,1
6.3525,0
6.35345,1
6.35345,0
6.35439,1
6.35439,0
6.35534,1
6.35534,0
6.35628,1
6.35628,0
6.35722,1
6.35722,0
6.35817,1
6.35817,0
6.35911,1
6.35911,0
6.36006,1
6.36006,0
6.361,1
6.361,0
6.36194,1
6.36194,0
6.36289,1
6.36289,0
6.36383,1
6.36383,0
6.36478,1
6.36478,0
6.36572,1
6.36572,0
6.36666,1
6.36666,0
6.36761,1
6.36761,0
6.36855,1
6.36855,0
6.3695,1
6.3695,0
6.37044,1
6.37044,0
6.37138,1
6.37138,0
6.37233,1
6.37233,0
6.37327,1
6.37327,0
6.37422,1
6.37422,0
6.37516,1
6.37516,0
6.3761,1
6.3761,0
6.37705,1
6.37705,0
6.37799,1
6.37799,0
6.37894,1
6.37894,0
6.37988,1
6.37988,0
6.38082,1
6.38082,0
6.38177,1
6.38177,0
6.38271,1
6.38271,0
6.38366,1
6.38366,0
6.3846,1
6.3846,0
6.38554,1
6.38554,0
6.38649,1
6.38649,0
6.38743,1
6.38743,0
6.38838,1
6.38838,0
6.38932,1
6.38932,0
6.39026,1
6.39026,0
6.39121,1
6.39121,0
6.39215,1
6.39215,0
6.3931,1
6.3931,0
6.39404,1
6.39404,0
6.39498,1
6.39498,0
6.39593,1
6.39593,0
6.39687,1
6.39687,0
6.39782,1
6.39782,0
6.39876,1
6.39876,0
6.3997,1
6.3997,0
6.40065,1
6.40065,0
6.40159,1
6.40159,0
6.40254,1
6.40254,0
6.40348,1
6.40348,0
6.40442,1
6.40442,0
6.40537,1
6.40537,0
6.40631,1
6.40631,0
6.40726,1
6.40726,0
6.4082,1
6.4082,0
6.40914,1
6.40914,0
6.41009,1
6.41009,0
6.41103,1
6.41103,0
6.41198,1
6.41198,0
6.41292,1
6.41292,0
6.41386,1
6.41386,0
6.41481,1
6.41481,0
6.41575,1
6.41575,0
6.4167,1
6.4167,0
6.41764,1
6.41764,0
6.41858,1
6.41858,0
6.41953,1
6.41953,0
6.42047,1
6.42047,0
6.42142,1
6.42142,0
6.42236,1
6.42236,0
6.4233,1
6.4233,0
6.42425,1
6.42425,0
6.42519,1
6.42519,0
6.42614,1
6.42614,0
6.42708,1
6.42708,0
6.42802,1
6.42802,0
6.42897,1
6.42897,0
6.42991,1
6.42991,0
6.43086,1
6.43086,0
6.4318,1
6.4318,0
6.43274,1
6.43274,0
6.43369,1
6.43369,0
6.43463,1
6.43463,0
6.43558,1
6.43558,0
6.43652,1
6.43652,0
6.43746,1
6.43746,0
6.43841,1
6.43841,0
6.43935,1
6.43935,0
6.4403,1
6.4403,0
6.44124,1
6.44124,0
6.44218,1
6.44218,0
6.44313,1
6.44313,0
6.44407,1
6.44407,0
6.44502,1
6.44502,0
6.44596,1
6.44596,0
6.4469,1
6.4469,0
6.44785,1
6.44785,0
6.44879,1
6.44879,0
6.44974,1
6.44974,0
6.45068,1
6.45068,0
6.45162,1
6.45162,0
6.45257,1
6.45257,0
6.45351,1
6.45351,0
6.45446,1
6.45446,0
6.4554,1
6.4554,0
6.45634,1
6.45634,0
6.45729,1
6.45729,0
6.45823,1
6.45823,0
6.45918,1
6.45918,0
6.46012,1
6.46012,0
6.46106,1
6.46106,0
6.46201,1
6.46201,0
6.46295,1
6.46295,0
6.4639,1
6.4639,0
6.46484,1
6.46484,0
6.46578,1
6.46578,0
6.46673,1
6.46673,0
6.46767,1
6.46767,0
6.46862,1
6.46862,0
6.46956,1
6.46956,0
6.4705,1
6.4705,0
6.47145,1
6.47145,0
6.47239,1
6.47239,0
6.47334,1
6.47334,0
6.47428,1
6.47428,0
6.47522,1
6.47522,0
6.47617,1
6.47617,0
6.47711,1
6.47711,0
6.47806,1
6.47806,0
6.479,1
6.479,0
6.47994,1
6.47994,0
6.48089,1
6.48089,0
6.48183,1
6.48183,0
6.48278,1
6.48278,0
6.48372,1
6.48372,0
6.48466,1
6.48466,0
6.48561,1
6.48561,0
6.48655,1
6.48655,0
6.4875,1
6.4875,0
6.48844,1
6.48844,0
6.48938,1
6.48938,0
6.49033,1
6.49033,0
6.49127,1
6.49127,0
6.49222,1
6.49222,0
6.49316,1
6.49316,0
6.4941,1
6.4941,0
6.49505,1
6.49505,0
6.49599,1
6.49599,0
6.49694,1
6.49694,0
6.49788,1
6.49788,0
6.49882,1
6.49882,0
6.49977,1
6.49977,0
6.50071,1
6.50071,0
6.50166,1
6.50166,0
6.5026,1
6.5026,0
6.50354,1
6.50354,0
6.50449,1
6.50449,0
6.50543,1
6.50543,0
6.50638,1
6.50638,0
6.50732,1
6.50732,0
6.50826,1
6.50826,0
6.50921,1
6.50921,0
6.51015,1
6.51015,0
6.5111,1
6.5111,0
6.51204,1
6.51204,0
6.51298,1
6.51298,0
6.51393,1
6.51393,0
6.51487,1
6.51487,0
6.51582,1
6.51582,0
6.51676,1
6.51676,0
6.5177,1
6.5177,0
6.51865,1
6.51865,0
6.51959,1
6.51959,0
6.52054,1
6.52054,0
6.52148,1
6.52148,0
6.52242,1
6.52242,0
6.52337,1
6.52337,0
6.52431,1
6.52431,0
6.52526,1
6.52526,0
6.5262,1
6.5262,0
6.52714,1
6.52714,0
6.52809,1
6.52809,0
6.52903,1
6.52903,0
6.52998,1
6.52998,0
6.53092,1
6.53092,0
6.53186,1
6.53186,0
6.53281,1
6.53281,0
6.53375,1
6.53375,0
6.5347,1
6.5347,0
6.53564,1
6.53564,0
6.53658,1
6.53658,0
6.53753,1
6.53753,0
6.53847,1
6.53847,0
6.53942,1
6.53942,0
6.54036,1
6.54036,0
6.5413,1
6.5413,0
6.54225,1
6.54225,0
6.54319,1
6.54319,0
6.54414,1
6.54414,0
6.54508,1
6.54508,0
6.54602,1
6.54602,0
6.54697,1
6.54697,0
6.54791,1
6.54791,0
6.54886,1
6.54886,0
6.5498,1
6.5498,0
6.55074,1
6.55074,0
6.55169,1
6.55169,0
6.55263,1
6.55263,0
6.55358,1
6.55358,0
6.55452,1
6.55452,0
6.55546,1
6.55546,0
6.55641,1
6.55641,0
6.55735,1
6.55735,0
6.5583,1
6.5583,0
6.55924,1
6.55924,0
6.56018,1
6.56018,0
6.56113,1
6.56113,0
6.56207,1
6.56207,0
6.56302,1
6.56302,0
6.56396,1
6.56396,0
6.5649,1
6.5649,0
6.56585,1
6.56585,0
6.56679,1
6.56679,0
6.56774,1
6.56774,0
6.56868,1
6.56868,0
6.56962,1
6.56962,0
6.57057,1
6.57057,0
6.57151,1
6.57151,0
6.57246,1
6.57246,0
6.5734,1
6.5734,0
6.57434,1
6.57434,0
6.57529,1
6.57529,0
6.57623,1
6.57623,0
6.57718,1
6.57718,0
6.57812,1
6.57812,0
6.57906,1
6.57906,0
6.58001,1
6.58001,0
6.58095,1
6.58095,0
6.5819,1
6.5819,0
6.58284,1
6.58284,0
6.58378,1
6.58378,0
6.58473,1
6.58473,0
6.58567,1
6.58567,0
6.58662,1
6.58662,0
6.58756,1
6.58756,0
6.5885,1
6.5885,0
6.58945,1
6.58945,0
6.59039,1
6.59039,0
6.59134,1
6.59134,0
6.59228,1
6.59228,0
6.59322,1
6.59322,0
6.59417,1
6.59417,0
6.59511,1
6.59511,0
6.59606,1
6.59606,0
6.597,1
6.597,0
6.59794,1
6.59794,0
6.59889,1
6.59889,0
6.59983,1
6.59983,0
6.60078,1
6.60078,0
6.60172,1
6.60172,0
6.60266,1
6.60266,0
6.60361,1
6.60361,0
6.60455,1
6.60455,0
6.6055,1
6.6055,0
6.60644,1
6.60644,0
6.60738,1
6.60738,0
6.60833,1
6.60833,0
6.60927,1
6.60927,0
6.61022,1
6.61022,0
6.61116,1
6.61116,0
6.6121,1
6.6121,0
6.61305,1
6.61305,0
6.61399,1
6.61399,0
6.61494,1
6.61494,0
6.61588,1
6.61588,0
6.61682,1
6.61682,0
6.61777,1
6.61777,0
6.61871,1
6.61871,0
6.61966,1
6.61966,0
6.6206,1
6.6206,0
6.62154,1
6.62154,0
6.62249,1
6.62249,0
6.62343,1
6.62343,0
6.62438,1
6.62438,0
6.62532,1
6.62532,0
6.62626,1
6.62626,0
6.62721,1
6.62721,0
6.62815,1
6.62815,0
6.6291,1
6.6291,0
6.63004,1
6.63004,0
6.63098,1
6.63098,0
6.63193,1
6.63193,0
6.63287,1
6.63287,0
6.63382,1
6.63382,0
6.63476,1
6.63476,0
6.6357,1
6.6357,0
6.63665,1
6.63665,0
6.63759,1
6.63759,0
6.63854,1
6.63854,0
6.63948,1
6.63948,0
6.64042,1
6.64042,0
6.64137,1
6.64137,0
6.64231,1
6.64231,0
6.64326,1
6.64326,0
6.6442,1
6.6442,0
6.64514,1
6.64514,0
6.64609,1
6.64609,0
6.64703,1
6.64703,0
6.64798,1
6.64798,0
6.64892,1
6.64892,0
6.64986,1
6.64986,0
6.65081,1
6.65081,0
6.65175,1
6.65175,0
6.6527,1
6.6527,0
6.65364,1
6.65364,0
6.65458,1
6.65458,0
6.65553,1
6.65553,0
6.65647,1
6.65647,0
6.65742,1
6.65742,0
6.65836,1
6.65836,0
6.6593,1
6.6593,0
6.66025,1
6.66025,0
6.66119,1
6.66119,0
6.66214,1
6.66214,0
6.66308,1
6.66308,0
6.66402,1
6.66402,0
6.66497,1
6.66497,0
6.66591,1
6.66591,0
6.66686,1
6.66686,0
6.6678,1
6.6678,0
6.66874,1
6.66874,0
6.66969,1
6.66969,0
6.67063,1
6.67063,0
6.67158,1
6.67158,0
6.67252,1
6.67252,0
6.67346,1
6.67346,0
6.67441,1
6.67441,0
6.67535,1
6.67535,0
6.6763,1
6.6763,0
6.67724,1
6.67724,0
6.67818,1
6.67818,0
6.67913,1
6.67913,0
6.68007,1
6.68007,0
6.68102,1
6.68102,0
6.68196,1
6.68196,0
6.6829,1
6.6829,0
6.68385,1
6.68385,0
6.68479,1
6.68479,0
6.68574,1
6.68574,0
6.68668,1
6.68668,0
6.68762,1
6.68762,0
6.68857,1
6.68857,0
6.68951,1
6.68951,0
6.69046,1
6.69046,0
6.6914,1
6.6914,0
6.69234,1
6.69234,0
6.69329,1
6.69329,0
6.69423,1
6.69423,0
6.69518,1
6.69518,0
6.69612,1
6.69612,0
6.69706,1
6.69706,0
6.69801,1
6.69801,0
6.69895,1
6.69895,0
6.6999,1
6.6999,0
6.70084,1
6.70084,0
6.70178,1
6.70178,0
6.70273,1
6.70273,0
6.70367,1
6.70367,0
6.70462,1
6.70462,0
6.70556,1
6.70556,0
6.7065,1
6.7065,0
6.70745,1
6.70745,0
6.70839,1
6.70839,0
6.70934,1
6.70934,0
6.71028,1
6.71028,0
6.71122,1
6.71122,0
6.71217,1
6.71217,0
6.71311,1
6.71311,0
6.71406,1
6.71406,0
6.715,1
6.715,0
6.71594,1
6.71594,0
6.71689,1
6.71689,0
6.71783,1
6.71783,0
6.71878,1
6.71878,0
6.71972,1
6.71972,0
6.72066,1
6.72066,0
6.72161,1
6.72161,0
6.72255,1
6.72255,0
6.7235,1
6.7235,0
6.72444,1
6.72444,0
6.72538,1
6.72538,0
6.72633,1
6.72633,0
6.72727,1
6.72727,0
6.72822,1
6.72822,0
6.72916,1
6.72916,0
6.7301,1
6.7301,0
6.73105,1
6.73105,0
6.73199,1
6.73199,0
6.73294,1
6.73294,0
6.73388,1
6.73388,0
6.73482,1
6.73482,0
6.73577,1
6.73577,0
6.73671,1
6.73671,0
6.73766,1
6.73766,0
6.7386,1
6.7386,0
6.73954,1
6.73954,0
6.74049,1
6.74049,0
6.74143,1
6.74143,0
6.74238,1
6.74238,0
6.74332,1
6.74332,0
6.74426,1
6.74426,0
6.74521,1
6.74521,0
6.74615,1
6.74615,0
6.7471,1
6.7471,0
6.74804,1
6.74804,0
6.74898,1
6.74898,0
6.74993,1
6.74993,0
6.75087,1
6.75087,0
6.75182,1
6.75182,0
6.75276,1
6.75276,0
6.7537,1
6.7537,0
6.75465,1
6.75465,0
6.75559,1
6.75559,0
6.75654,1
6.75654,0
6.75748,1
6.75748,0
6.75842,1
6.75842,0
6.75937,1
6.75937,0
6.76031,1
6.76031,0
6.76126,1
6.76126,0
6.7622,1
6.7622,0
6.76314,1
6.76314,0
6.76409,1
6.76409,0
6.76503,1
6.76503,0
6.76598,1
6.76598,0
6.76692,1
6.76692,0
6.76786,1
6.76786,0
6.76881,1
6.76881,0
6.76975,1
6.76975,0
6.7707,1
6.7707,0
6.77164,1
6.77164,0
6.77258,1
6.77258,0
6.77353,1
6.77353,0
6.77447,1
6.77447,0
6.77542,1
6.77542,0
6.77636,1
6.77636,0
6.7773,1
6.7773,0
6.77825,1
6.77825,0
6.77919,1
6.77919,0
6.78014,1
6.78014,0
6.78108,1
6.78108,0
6.78202,1
6.78202,0
6.78297,1
6.78297,0
6.78391,1
6.78391,0
6.78486,1
6.78486,0
6.7858,1
6.7858,0
6.78674,1
6.78674,0
6.78769,1
6.78769,0
6.78863,1
6.78863,0
6.78958,1
6.78958,0
6.79052,1
6.79052,0
6.79146,1
6.79146,0
6.79241,1
6.79241,0
6.79335,1
6.79335,0
6.7943,1
6.7943,0
6.79524,1
6.79524,0
6.79618,1
6.79618,0
6.79713,1
6.79713,0
6.79807,1
6.79807,0
6.79902,1
6.79902,0
6.79996,1
6.79996,0
6.8009,1
6.8009,0
6.80185,1
6.80185,0
6.80279,1
6.80279,0
6.80374,1
6.80374,0
6.80468,1
6.80468,0
6.80562,1
6.80562,0
6.80657,1
6.80657,0
6.80751,1
6.80751,0
6.80846,1
6.80846,0
6.8094,1
6.8094,0
6.81034,1
6.81034,0
6.81129,1
6.81129,0
6.81223,1
6.81223,0
6.81318,1
6.81318,0
6.81412,1
6.81412,0
6.81506,1
6.81506,0
6.81601,1
6.81601,0
6.81695,1
6.81695,0
6.8179,1
6.8179,0
6.81884,1
6.81884,0
6.81978,1
6.81978,0
6.82073,1
6.82073,0
6.82167,1
6.82167,0
6.82262,1
6.82262,0
6.82356,1
6.82356,0
6.8245,1
6.8245,0
6.82545,1
6.82545,0
6.82639,1
6.82639,0
6.82734,1
6.82734,0
6.82828,1
6.82828,0
6.82922,1
6.82922,0
6.83017,1
6.83017,0
6.83111,1
6.83111,0
6.83206,1
6.83206,0
6.833,1
6.833,0
6.83394,1
6.83394,0
6.83489,1
6.83489,0
6.83583,1
6.83583,0
6.83678,1
6.83678,0
6.83772,1
6.83772,0
6.83866,1
6.83866,0
6.83961,1
6.83961,0
6.84055,1
6.84055,0
6.8415,1
6.8415,0
6.84244,1
6.84244,0
6.84338,1
6.84338,0
6.84433,1
6.84433,0
6.84527,1
6.84527,0
6.84622,1
6.84622,0
6.84716,1
6.84716,0
6.8481,1
6.8481,0
6.84905,1
6.84905,0
6.84999,1
6.84999,0
6.85094,1
6.85094,0
6.85188,1
6.85188,0
6.85282,1
6.85282,0
6.85377,1
6.85377,0
6.85471,1
6.85471,0
6.85566,1
6.85566,0
6.8566,1
6.8566,0
6.85754,1
6.85754,0
6.85849,1
6.85849,0
6.85943,1
6.85943,0
6.86038,1
6.86038,0
6.86132,1
6.86132,0
6.86226,1
6.86226,0
6.86321,1
6.86321,0
6.86415,1
6.86415,0
6.8651,1
6.8651,0
6.86604,1
6.86604,0
6.86698,1
6.86698,0
6.86793,1
6.86793,0
6.86887,1
6.86887,0
6.86982,1
6.86982,0
6.87076,1
6.87076,0
6.8717,1
6.8717,0
6.87265,1
6.87265,0
6.87359,1
6.87359,0
6.87454,1
6.87454,0
6.87548,1
6.87548,0
6.87642,1
6.87642,0
6.87737,1
6.87737,0
6.87831,1
6.87831,0
6.87926,1
6.87926,0
6.8802,1
6.8802,0
6.88114,1
6.88114,0
6.88209,1
6.88209,0
6.88303,1
6.88303,0
6.88398,1
6.88398,0
6.88492,1
6.88492,0
6.88586,1
6.88586,0
6.88681,1
6.88681,0
6.88775,1
6.88775,0
6.8887,1
6.8887,0
6.88964,1
6.88964,0
6.89058,1
6.89058,0
6.89153,1
6.89153,0
6.89247,1
6.89247,0
6.89342,1
6.89342,0
6.89436,1
6.89436,0
6.8953,1
6.8953,0
6.89625,1
6.89625,0
6.89719,1
6.89719,0
6.89814,1
6.89814,0
6.89908,1
6.89908,0
6.90002,1
6.90002,0
6.90097,1
6.90097,0
6.90191,1
6.90191,0
6.90286,1
6.90286,0
6.9038,1
6.9038,0
6.90474,1
6.90474,0
6.90569,1
6.90569,0
6.90663,1
6.90663,0
6.90758,1
6.90758,0
6.90852,1
6.90852,0
6.90946,1
6.90946,0
6.91041,1
6.91041,0
6.91135,1
6.91135,0
6.9123,1
6.9123,0
6.91324,1
6.91324,0
6.91418,1
6.91418,0
6.91513,1
6.91513,0
6.91607,1
6.91607,0
6.91702,1
6.91702,0
6.91796,1
6.91796,0
6.9189,1
6.9189,0
6.91985,1
6.91985,0
6.92079,1
6.92079,0
6.92174,1
6.92174,0
6.92268,1
6.92268,0
6.92362,1
6.92362,0
6.92457,1
6.92457,0
6.92551,1
6.92551,0
6.92646,1
6.92646,0
6.9274,1
6.9274,0
6.92834,1
6.92834,0
6.92929,1
6.92929,0
6.93023,1
6.93023,0
6.93118,1
6.93118,0
6.93212,1
6.93212,0
6.93306,1
6.93306,0
6.93401,1
6.93401,0
6.93495,1
6.93495,0
6.9359,1
6.9359,0
6.93684,1
6.93684,0
6.93778,1
6.93778,0
6.93873,1
6.93873,0
6.93967,1
6.93967,0
6.94062,1
6.94062,0
6.94156,1
6.94156,0
6.9425,1
6.9425,0
6.94345,1
6.94345,0
6.94439,1
6.94439,0
6.94534,1
6.94534,0
6.94628,1
6.94628,0
6.94722,1
6.94722,0
6.94817,1
6.94817,0
6.94911,1
6.94911,0
6.95006,1
6.95006,0
6.951,1
6.951,0
6.95194,1
6.95194,0
6.95289,1
6.95289,0
6.95383,1
6.95383,0
6.95478,1
6.95478,0
6.95572,1
6.95572,0
6.95666,1
6.95666,0
6.95761,1
6.95761,0
6.95855,1
6.95855,0
6.9595,1
6.9595,0
6.96044,1
6.96044,0
6.96138,1
6.96138,0
6.96233,1
6.96233,0
6.96327,1
6.96327,0
6.96422,1
6.96422,0
6.96516,1
6.96516,0
6.9661,1
6.9661,0
6.96705,1
6.96705,0
6.96799,1
6.96799,0
6.96894,1
6.96894,0
6.96988,1
6.96988,0
6.97082,1
6.97082,0
6.97177,1
6.97177,0
6.97271,1
6.97271,0
6.97366,1
6.97366,0
6.9746,1
6.9746,0
6.97554,1
6.97554,0
6.97649,1
6.97649,0
6.97743,1
6.97743,0
6.97838,1
6.97838,0
6.97932,1
6.97932,0
6.98026,1
6.98026,0
6.98121,1
6.98121,0
6.98215,1
6.98215,0
6.9831,1
6.9831,0
6.98404,1
6.98404,0
6.98498,1
6.98498,0
6.98593,1
6.98593,0
6.98687,1
6.98687,0
6.98782,1
6.98782,0
6.98876,1
6.98876,0
6.9897,1
6.9897,0
6.99065,1
6.99065,0
6.99159,1
6.99159,0
6.99254,1
6.99254,0
6.99348,1
6.99348,0
6.99442,1
6.99442,0
6.99537,1
6.99537,0
6.99631,1
6.99631,0
6.99726,1
6.99726,0
6.9982,1
6.9982,0
6.99914,1
6.99914,0
7.00009,1
7.00009,0
7.00103,1
7.00103,0
7.00198,1
7.00198,0
7.00292,1
7.00292,0
7.00386,1
7.00386,0
7.00481,1
7.00481,0
7.00575,1
7.00575,0
7.0067,1
7.0067,0
7.00764,1
7.00764,0
7.00858,1
7.00858,0
7.00953,1
7.00953,0
7.01047,1
7.01047,0
7.01142,1
7.01142,0
7.01236,1
7.01236,0
7.0133,1
7.0133,0
7.01425,1
7.01425,0
7.01519,1
7.01519,0
7.01614,1
7.01614,0
7.01708,1
7.01708,0
7.01802,1
7.01802,0
7.01897,1
7.01897,0
7.01991,1
7.01991,0
7.02086,1
7.02086,0
7.0218,1
7.0218,0
7.02274,1
7.02274,0
7.02369,1
7.02369,0
7.02463,1
7.02463,0
7.02558,1
7.02558,0
7.02652,1
7.02652,0
7.02746,1
7.02746,0
7.02841,1
7.02841,0
7.02935,1
7.02935,0
7.0303,1
7.0303,0
7.03124,1
7.03124,0
7.03218,1
7.03218,0
7.03313,1
7.03313,0
7.03407,1
7.03407,0
7.03502,1
7.03502,0
7.03596,1
7.03596,0
7.0369,1
7.0369,0
7.03785,1
7.03785,0
7.03879,1
7.03879,0
7.03974,1
7.03974,0
7.04068,1
7.04068,0
7.04162,1
7.04162,0
7.04257,1
7.04257,0
7.04351,1
7.04351,0
7.04446,1
7.04446,0
7.0454,1
7.0454,0
7.04634,1
7.04634,0
7.04729,1
7.04729,0
7.04823,1
7.04823,0
7.04918,1
7.04918,0
7.05012,1
7.05012,0
7.05106,1
7.05106,0
7.05201,1
7.05201,0
7.05295,1
7.05295,0
7.0539,1
7.0539,0
7.05484,1
7.05484,0
7.05578,1
7.05578,0
7.05673,1
7.05673,0
7.05767,1
7.05767,0
7.05862,1
7.05862,0
7.05956,1
7.05956,0
7.0605,1
7.0605,0
7.06145,1
7.06145,0
7.06239,1
7.06239,0
7.06334,1
7.06334,0
7.06428,1
7.06428,0
7.06522,1
7.06522,0
7.06617,1
7.06617,0
7.06711,1
7.06711,0
7.06806,1
7.06806,0
7.069,1
7.069,0
7.06994,1
7.06994,0
7.07089,1
7.07089,0
7.07183,1
7.07183,0
7.07278,1
7.07278,0
7.07372,1
7.07372,0
7.07466,1
7.07466,0
7.07561,1
7.07561,0
7.07655,1
7.07655,0
7.0775,1
7.0775,0
7.07844,1
7.07844,0
7.07938,1
7.07938,0
7.08033,1
7.08033,0
7.08127,1
7.08127,0
7.08222,1
7.08222,0
7.08316,1
7.08316,0
7.0841,1
7.0841,0
7.08505,1
7.08505,0
7.08599,1
7.08599,0
7.08694,1
7.08694,0
7.08788,1
7.08788,0
7.08882,1
7.08882,0
7.08977,1
7.08977,0
7.09071,1
7.09071,0
7.09166,1
7.09166,0
7.0926,1
7.0926,0
7.09354,1
7.09354,0
7.09449,1
7.09449,0
7.09543,1
7.09543,0
7.09638,1
7.09638,0
7.09732,1
7.09732,0
7.09826,1
7.09826,0
7.09921,1
7.09921,0
7.10015,1
7.10015,0
7.1011,1
7.1011,0
7.10204,1
7.10204,0
7.10298,1
7.10298,0
7.10393,1
7.10393,0
7.10487,1
7.10487,0
7.10582,1
7.10582,0
7.10676,1
7.10676,0
7.1077,1
7.1077,0
7.10865,1
7.10865,0
7.10959,1
7.10959,0
7.11054,1
7.11054,0
7.11148,1
7.11148,0
7.11242,1
7.11242,0
7.11337,1
7.11337,0
7.11431,1
7.11431,0
7.11526,1
7.11526,0
7.1162,1
7.1162,0
7.11714,1
7.11714,0
7.11809,1
7.11809,0
7.11903,1
7.11903,0
7.11998,1
7.11998,0
7.12092,1
7.12092,0
7.12186,1
7.12186,0
7.12281,1
7.12281,0
7.12375,1
7.12375,0
7.1247,1
7.1247,0
7.12564,1
7.12564,0
7.12658,1
7.12658,0
7.12753,1
7.12753,0
7.12847,1
7.12847,0
7.12942,1
7.12942,0
7.13036,1
7.13036,0
7.1313,1
7.1313,0
7.13225,1
7.13225,0
7.13319,1
7.13319,0
7.13414,1
7.13414,0
7.13508,1
7.13508,0
7.13602,1
7.13602,0
7.13697,1
7.13697,0
7.13791,1
7.13791,0
7.13886,1
7.13886,0
7.1398,1
7.1398,0
7.14074,1
7.14074,0
7.14169,1
7.14169,0
7.14263,1
7.14263,0
7.14358,1
7.14358,0
7.14452,1
7.14452,0
7.14546,1
7.14546,0
7.14641,1
7.14641,0
7.14735,1
7.14735,0
7.1483,1
7.1483,0
7.14924,1
7.14924,0
7.15018,1
7.15018,0
7.15113,1
7.15113,0
7.15207,1
7.15207,0
7.15302,1
7.15302,0
7.15396,1
7.15396,0
7.1549,1
7.1549,0
7.15585,1
7.15585,0
7.15679,1
7.15679,0
7.15774,1
7.15774,0
7.15868,1
7.15868,0
7.15962,1
7.15962,0
7.16057,1
7.16057,0
7.16151,1
7.16151,0
7.16246,1
7.16246,0
7.1634,1
7.1634,0
7.16434,1
7.16434,0
7.16529,1
7.16529,0
7.16623,1
7.16623,0
7.16718,1
7.16718,0
7.16812,1
7.16812,0
7.16906,1
7.16906,0
7.17001,1
7.17001,0
7.17095,1
7.17095,0
7.1719,1
7.1719,0
7.17284,1
7.17284,0
7.17378,1
7.17378,0
7.17473,1
7.17473,0
7.17567,1
7.17567,0
7.17662,1
7.17662,0
7.17756,1
7.17756,0
7.1785,1
7.1785,0
7.17945,1
7.17945,0
7.18039,1
7.18039,0
7.18134,1
7.18134,0
7.18228,1
7.18228,0
7.18322,1
7.18322,0
7.18417,1
7.18417,0
7.18511,1
7.18511,0
7.18606,1
7.18606,0
7.187,1
7.187,0
7.18794,1
7.18794,0
7.18889,1
7.18889,0
7.18983,1
7.18983,0
7.19078,1
7.19078,0
7.19172,1
7.19172,0
7.19266,1
7.19266,0
7.19361,1
7.19361,0
7.19455,1
7.19455,0
7.1955,1
7.1955,0
7.19644,1
7.19644,0
7.19738,1
7.19738,0
7.19833,1
7.19833,0
7.19927,1
7.19927,0
7.20022,1
7.20022,0
7.20116,1
7.20116,0
7.2021,1
7.2021,0
7.20305,1
7.20305,0
7.20399,1
7.20399,0
7.20494,1
7.20494,0
7.20588,1
7.20588,0
7.20682,1
7.20682,0
7.20777,1
7.20777,0
7.20871,1
7.20871,0
7.20966,1
7.20966,0
7.2106,1
7.2106,0
7.21154,1
7.21154,0
7.21249,1
7.21249,0
7.21343,1
7.21343,0
7.21438,1
7.21438,0
7.21532,1
7.21532,0
7.21626,1
7.21626,0
7.21721,1
7.21721,0
7.21815,1
7.21815,0
7.2191,1
7.2191,0
7.22004,1
7.22004,0
7.22098,1
7.22098,0
7.22193,1
7.22193,0
7.22287,1
7.22287,0
7.22382,1
7.22382,0
7.22476,1
7.22476,0
7.2257,1
7.2257,0
7.22665,1
7.22665,0
7.22759,1
7.22759,0
7.22854,1
7.22854,0
7.22948,1
7.22948,0
7.23042,1
7.23042,0
7.23137,1
7.23137,0
7.23231,1
7.23231,0
7.23326,1
7.23326,0
7.2342,1
7.2342,0
7.23514,1
7.23514,0
7.23609,1
7.23609,0
7.23703,1
7.23703,0
7.23798,1
7.23798,0
7.23892,1
7.23892,0
7.23986,1
7.23986,0
7.24081,1
7.24081,0
7.24175,1
7.24175,0
7.2427,1
7.2427,0
7.24364,1
7.24364,0
7.24458,1
7.24458,0
7.24553,1
7.24553,0
7.24647,1
7.24647,0
7.24742,1
7.24742,0
7.24836,1
7.24836,0
7.2493,1
7.2493,0
7.25025,1
7.25025,0
7.25119,1
7.25119,0
7.25214,1
7.25214,0
7.25308,1
7.25308,0
7.25402,1
7.25402,0
7.25497,1
7.25497,0
7.25591,1
7.25591,0
7.25686,1
7.25686,0
7.2578,1
7.2578,0
7.25874,1
7.25874,0
7.25969,1
7.25969,0
7.26063,1
7.26063,0
7.26158,1
7.26158,0
7.26252,1
7.26252,0
7.26346,1
7.26346,0
7.26441,1
7.26441,0
7.26535,1
7.26535,0
7.2663,1
7.2663,0
7.26724,1
7.26724,0
7.26818,1
7.26818,0
7.26913,1
7.26913,0
7.27007,1
7.27007,0
7.27102,1
7.27102,0
7.27196,1
7.27196,0
7.2729,1
7.2729,0
7.27385,1
7.27385,0
7.27479,1
7.27479,0
7.27574,1
7.27574,0
7.27668,1
7.27668,0
7.27762,1
7.27762,0
7.27857,1
7.27857,0
7.27951,1
7.27951,0
7.28046,1
7.28046,0
7.2814,1
7.2814,0
7.28234,1
7.28234,0
7.28329,1
7.28329,0
7.28423,1
7.28423,0
7.28518,1
7.28518,0
7.28612,1
7.28612,0
7.28706,1
7.28706,0
7.28801,1
7.28801,0
7.28895,1
7.28895,0
7.2899,1
7.2899,0
7.29084,1
7.29084,0
7.29178,1
7.29178,0
7.29273,1
7.29273,0
7.29367,1
7.29367,0
7.29462,1
7.29462,0
7.29556,1
7.29556,0
7.2965,1
7.2965,0
7.29745,1
7.29745,0
7.29839,1
7.29839,0
7.29934,1
7.29934,0
7.30028,1
7.30028,0
7.30122,1
7.30122,0
7.30217,1
7.30217,0
7.30311,1
7.30311,0
7.30406,1
7.30406,0
7.305,1
7.305,0
7.30594,1
7.30594,0
7.30689,1
7.30689,0
7.30783,1
7.30783,0
7.30878,1
7.30878,0
7.30972,1
7.30972,0
7.31066,1
7.31066,0
7.31161,1
7.31161,0
7.31255,1
7.31255,0
7.3135,1
7.3135,0
7.31444,1
7.31444,0
7.31538,1
7.31538,0
7.31633,1
7.31633,0
7.31727,1
7.31727,0
7.31822,1
7.31822,0
7.31916,1
7.31916,0
7.3201,1
7.3201,0
7.32105,1
7.32105,0
7.32199,1
7.32199,0
7.32294,1
7.32294,0
7.32388,1
7.32388,0
7.32482,1
7.32482,0
7.32577,1
7.32577,0
7.32671,1
7.32671,0
7.32766,1
7.32766,0
7.3286,1
7.3286,0
7.32954,1
7.32954,0
7.33049,1
7.33049,0
7.33143,1
7.33143,0
7.33238,1
7.33238,0
7.33332,1
7.33332,0
7.33426,1
7.33426,0
7.33521,1
7.33521,0
7.33615,1
7.33615,0
7.3371,1
7.3371,0
7.33804,1
7.33804,0
7.33898,1
7.33898,0
7.33993,1
7.33993,0
7.34087,1
7.34087,0
7.34182,1
7.34182,0
7.34276,1
7.34276,0
7.3437,1
7.3437,0
7.34465,1
7.34465,0
7.34559,1
7.34559,0
7.34654,1
7.34654,0
7.34748,1
7.34748,0
7.34842,1
7.34842,0
7.34937,1
7.34937,0
7.35031,1
7.35031,0
7.35126,1
7.35126,0
7.3522,1
7.3522,0
7.35314,1
7.35314,0
7.35409,1
7.35409,0
7.35503,1
7.35503,0
7.35598,1
7.35598,0
7.35692,1
7.35692,0
7.35786,1
7.35786,0
7.35881,1
7.35881,0
7.35975,1
7.35975,0
7.3607,1
7.3607,0
7.36164,1
7.36164,0
7.36258,1
7.36258,0
7.36353,1
7.36353,0
7.36447,1
7.36447,0
7.36542,1
7.36542,0
7.36636,1
7.36636,0
7.3673,1
7.3673,0
7.36825,1
7.36825,0
7.36919,1
7.36919,0
7.37014,1
7.37014,0
7.37108,1
7.37108,0
7.37202,1
7.37202,0
7.37297,1
7.37297,0
7.37391,1
7.37391,0
7.37486,1
7.37486,0
7.3758,1
7.3758,0
7.37674,1
7.37674,0
7.37769,1
7.37769,0
7.37863,1
7.37863,0
7.37958,1
7.37958,0
7.38052,1
7.38052,0
7.38146,1
7.38146,0
7.38241,1
7.38241,0
7.38335,1
7.38335,0
7.3843,1
7.3843,0
7.38524,1
7.38524,0
7.38618,1
7.38618,0
7.38713,1
7.38713,0
7.38807,1
7.38807,0
7.38902,1
7.38902,0
7.38996,1
7.38996,0
7.3909,1
7.3909,0
7.39185,1
7.39185,0
7.39279,1
7.39279,0
7.39374,1
7.39374,0
7.39468,1
7.39468,0
7.39562,1
7.39562,0
7.39657,1
7.39657,0
7.39751,1
7.39751,0
7.39846,1
7.39846,0
7.3994,1
7.3994,0
7.40034,1
7.40034,0
7.40129,1
7.40129,0
7.40223,1
7.40223,0
7.40318,1
7.40318,0
7.40412,1
7.40412,0
7.40506,1
7.40506,0
7.40601,1
7.40601,0
7.40695,1
7.40695,0
7.4079,1
7.4079,0
7.40884,1
7.40884,0
7.40978,1
7.40978,0
7.41073,1
7.41073,0
7.41167,1
7.41167,0
7.41262,1
7.41262,0
7.41356,1
7.41356,0
7.4145,1
7.4145,0
7.41545,1
7.41545,0
7.41639,1
7.41639,0
7.41734,1
7.41734,0
7.41828,1
7.41828,0
7.41922,1
7.41922,0
7.42017,1
7.42017,0
7.42111,1
7.42111,0
7.42206,1
7.42206,0
7.423,1
7.423,0
7.42394,1
7.42394,0
7.42489,1
7.42489,0
7.42583,1
7.42583,0
7.42678,1
7.42678,0
7.42772,1
7.42772,0
7.42866,1
7.42866,0
7.42961,1
7.42961,0
7.43055,1
7.43055,0
7.4315,1
7.4315,0
7.43244,1
7.43244,0
7.43338,1
7.43338,0
7.43433,1
7.43433,0
7.43527,1
7.43527,0
7.43622,1
7.43622,0
7.43716,1
7.43716,0
7.4381,1
7.4381,0
7.43905,1
7.43905,0
7.43999,1
7.43999,0
7.44094,1
7.44094,0
7.44188,1
7.44188,0
7.44282,1
7.44282,0
7.44377,1
7.44377,0
7.44471,1
7.44471,0
7.44566,1
7.44566,0
7.4466,1
7.4466,0
7.44754,1
7.44754,0
7.44849,1
7.44849,0
7.44943,1
7.44943,0
7.45038,1
7.45038,0
7.45132,1
7.45132,0
7.45226,1
7.45226,0
7.45321,1
7.45321,0
7.45415,1
7.45415,0
7.4551,1
7.4551,0
7.45604,1
7.45604,0
7.45698,1
7.45698,0
7.45793,1
7.45793,0
7.45887,1
7.45887,0
7.45982,1
7.45982,0
7.46076,1
7.46076,0
7.4617,1
7.4617,0
7.46265,1
7.46265,0
7.46359,1
7.46359,0
7.46454,1
7.46454,0
7.46548,1
7.46548,0
7.46642,1
7.46642,0
7.46737,1
7.46737,0
7.46831,1
7.46831,0
7.46926,1
7.46926,0
7.4702,1
7.4702,0
7.47114,1
7.47114,0
7.47209,1
7.47209,0
7.47303,1
7.47303,0
7.47398,1
7.47398,0
7.47492,1
7.47492,0
7.47586,1
7.47586,0
7.47681,1
7.47681,0
7.47775,1
7.47775,0
7.4787,1
7.4787,0
7.47964,1
7.47964,0
7.48058,1
7.48058,0
7.48153,1
7.48153,0
7.48247,1
7.48247,0
7.48342,1
7.48342,0
7.48436,1
7.48436,0
7.4853,1
7.4853,0
7.48625,1
7.48625,0
7.48719,1
7.48719,0
7.48814,1
7.48814,0
7.48908,1
7.48908,0
7.49002,1
7.49002,0
7.49097,1
7.49097,0
7.49191,1
7.49191,0
7.49286,1
7.49286,0
7.4938,1
7.4938,0
7.49474,1
7.49474,0
7.49569,1
7.49569,0
7.49663,1
7.49663,0
7.49758,1
7.49758,0
7.49852,1
7.49852,0
7.49946,1
7.49946,0
7.50041,1
7.50041,0
7.50135,1
7.50135,0
7.5023,1
7.5023,0
7.50324,1
7.50324,0
7.50418,1
7.50418,0
7.50513,1
7.50513,0
7.50607,1
7.50607,0
7.50702,1
7.50702,0
7.50796,1
7.50796,0
7.5089,1
7.5089,0
7.50985,1
7.50985,0
7.51079,1
7.51079,0
7.51174,1
7.51174,0
7.51268,1
7.51268,0
7.51362,1
7.51362,0
7.51457,1
7.51457,0
7.51551,1
7.51551,0
7.51646,1
7.51646,0
7.5174,1
7.5174,0
7.51834,1
7.51834,0
7.51929,1
7.51929,0
7.52023,1
7.52023,0
7.52118,1
7.52118,0
7.52212,1
7.52212,0
7.52306,1
7.52306,0
7.52401,1
7.52401,0
7.52495,1
7.52495,0
7.5259,1
7.5259,0
7.52684,1
7.52684,0
7.52778,1
7.52778,0
7.52873,1
7.52873,0
7.52967,1
7.52967,0
7.53062,1
7.53062,0
7.53156,1
7.53156,0
7.5325,1
7.5325,0
7.53345,1
7.53345,0
7.53439,1
7.53439,0
7.53534,1
7.53534,0
7.53628,1
7.53628,0
7.53722,1
7.53722,0
7.53817,1
7.53817,0
7.53911,1
7.53911,0
7.54006,1
7.54006,0
7.541,1
7.541,0
7.54194,1
7.54194,0
7.54289,1
7.54289,0
7.54383,1
7.54383,0
7.54478,1
7.54478,0
7.54572,1
7.54572,0
7.54666,1
7.54666,0
7.54761,1
7.54761,0
7.54855,1
7.54855,0
7.5495,1
7.5495,0
7.55044,1
7.55044,0
7.55138,1
7.55138,0
7.55233,1
7.55233,0
7.55327,1
7.55327,0
7.55422,1
7.55422,0
7.55516,1
7.55516,0
7.5561,1
7.5561,0
7.55705,1
7.55705,0
7.55799,1
7.55799,0
7.55894,1
7.55894,0
7.55988,1
7.55988,0
7.56082,1
7.56082,0
7.56177,1
7.56177,0
7.56271,1
7.56271,0
7.56366,1
7.56366,0
7.5646,1
7.5646,0
7.56554,1
7.56554,0
7.56649,1
7.56649,0
7.56743,1
7.56743,0
7.56838,1
7.56838,0
7.56932,1
7.56932,0
7.57026,1
7.57026,0
7.57121,1
7.57121,0
7.57215,1
7.57215,0
7.5731,1
7.5731,0
7.57404,1
7.57404,0
7.57498,1
7.57498,0
7.57593,1
7.57593,0
7.57687,1
7.57687,0
7.57782,1
7.57782,0
7.57876,1
7.57876,0
7.5797,1
7.5797,0
7.58065,1
7.58065,0
7.58159,1
7.58159,0
7.58254,1
7.58254,0
7.58348,1
7.58348,0
7.58442,1
7.58442,0
7.58537,1
7.58537,0
7.58631,1
7.58631,0
7.58726,1
7.58726,0
7.5882,1
7.5882,0
7.58914,1
7.58914,0
7.59009,1
7.59009,0
7.59103,1
7.59103,0
7.59198,1
7.59198,0
7.59292,1
7.59292,0
7.59386,1
7.59386,0
7.59481,1
7.59481,0
7.59575,1
7.59575,0
7.5967,1
7.5967,0
7.59764,1
7.59764,0
7.59858,1
7.59858,0
7.59953,1
7.59953,0
7.60047,1
7.60047,0
7.60142,1
7.60142,0
7.60236,1
7.60236,0
7.6033,1
7.6033,0
7.60425,1
7.60425,0
7.60519,1
7.60519,0
7.60614,1
7.60614,0
7.60708,1
7.60708,0
7.60802,1
7.60802,0
7.60897,1
7.60897,0
7.60991,1
7.60991,0
7.61086,1
7.61086,0
7.6118,1
7.6118,0
7.61274,1
7.61274,0
7.61369,1
7.61369,0
7.61463,1
7.61463,0
7.61558,1
7.61558,0
7.61652,1
7.61652,0
7.61746,1
7.61746,0
7.61841,1
7.61841,0
7.61935,1
7.61935,0
7.6203,1
7.6203,0
7.62124,1
7.62124,0
7.62218,1
7.62218,0
7.62313,1
7.62313,0
7.62407,1
7.62407,0
7.62502,1
7.62502,0
7.62596,1
7.62596,0
7.6269,1
7.6269,0
7.62785,1
7.62785,0
7.62879,1
7.62879,0
7.62974,1
7.62974,0
7.63068,1
7.63068,0
7.63162,1
7.63162,0
7.63257,1
7.63257,0
7.63351,1
7.63351,0
7.63446,1
7.63446,0
7.6354,1
7.6354,0
7.63634,1
7.63634,0
7.63729,1
7.63729,0
7.63823,1
7.63823,0
7.63918,1
7.63918,0
7.64012,1
7.64012,0
7.64106,1
7.64106,0
7.64201,1
7.64201,0
7.64295,1
7.64295,0
7.6439,1
7.6439,0
7.64484,1
7.64484,0
7.64578,1
7.64578,0
7.64673,1
7.64673,0
7.64767,1
7.64767,0
7.64862,1
7.64862,0
7.64956,1
7.64956,0
7.6505,1
7.6505,0
7.65145,1
7.65145,0
7.65239,1
7.65239,0
7.65334,1
7.65334,0
7.65428,1
7.65428,0
7.65522,1
7.65522,0
7.65617,1
7.65617,0
7.65711,1
7.65711,0
7.65806,1
7.65806,0
7.659,1
7.659,0
7.65994,1
7.65994,0
7.66089,1
7.66089,0
7.66183,1
7.66183,0
7.66278,1
7.66278,0
7.66372,1
7.66372,0
7.66466,1
7.66466,0
7.66561,1
7.66561,0
7.66655,1
7.66655,0
7.6675,1
7.6675,0
7.66844,1
7.66844,0
7.66938,1
7.66938,0
7.67033,1
7.67033,0
7.67127,1
7.67127,0
7.67222,1
7.67222,0
7.67316,1
7.67316,0
7.6741,1
7.6741,0
7.67505,1
7.67505,0
7.67599,1
7.67599,0
7.67694,1
7.67694,0
7.67788,1
7.67788,0
7.67882,1
7.67882,0
7.67977,1
7.67977,0
7.68071,1
7.68071,0
7.68166,1
7.68166,0
7.6826,1
7.6826,0
7.68354,1
7.68354,0
7.68449,1
7.68449,0
7.68543,1
7.68543,0
7.68638,1
7.68638,0
7.68732,1
7.68732,0
7.68826,1
7.68826,0
7.68921,1
7.68921,0
7.69015,1
7.69015,0
7.6911,1
7.6911,0
7.69204,1
7.69204,0
7.69298,1
7.69298,0
7.69393,1
7.69393,0
7.69487,1
7.69487,0
7.69582,1
7.69582,0
7.69676,1
7.69676,0
7.6977,1
7.6977,0
7.69865,1
7.69865,0
7.69959,1
7.69959,0
7.70054,1
7.70054,0
7.70148,1
7.70148,0
7.70242,1
7.70242,0
7.70337,1
7.70337,0
7.70431,1
7.70431,0
7.70526,1
7.70526,0
7.7062,1
7.7062,0
7.70714,1
7.70714,0
7.70809,1
7.70809,0
7.70903,1
7.70903,0
7.70998,1
7.70998,0
7.71092,1
7.71092,0
7.71186,1
7.71186,0
7.71281,1
7.71281,0
7.71375,1
7.71375,0
7.7147,1
7.7147,0
7.71564,1
7.71564,0
7.71658,1
7.71658,0
7.71753,1
7.71753,0
7.71847,1
7.71847,0
7.71942,1
7.71942,0
7.72036,1
7.72036,0
7.7213,1
7.7213,0
7.72225,1
7.72225,0
7.72319,1
7.72319,0
7.72414,1
7.72414,0
7.72508,1
7.72508,0
7.72602,1
7.72602,0
7.72697,1
7.72697,0
7.72791,1
7.72791,0
7.72886,1
7.72886,0
7.7298,1
7.7298,0
7.73074,1
7.73074,0
7.73169,1
7.73169,0
7.73263,1
7.73263,0
7.73358,1
7.73358,0
7.73452,1
7.73452,0
7.73546,1
7.73546,0
7.73641,1
7.73641,0
7.73735,1
7.73735,0
7.7383,1
7.7383,0
7.73924,1
7.73924,0
7.74018,1
7.74018,0
7.74113,1
7.74113,0
7.74207,1
7.74207,0
7.74302,1
7.74302,0
7.74396,1
7.74396,0
7.7449,1
7.7449,0
7.74585,1
7.74585,0
7.74679,1
7.74679,0
7.74774,1
7.74774,0
7.74868,1
7.74868,0
7.74962,1
7.74962,0
7.75057,1
7.75057,0
7.75151,1
7.75151,0
7.75246,1
7.75246,0
7.7534,1
7.7534,0
7.75434,1
7.75434,0
7.75529,1
7.75529,0
7.75623,1
7.75623,0
7.75718,1
7.75718,0
7.75812,1
7.75812,0
7.75906,1
7.75906,0
7.76001,1
7.76001,0
7.76095,1
7.76095,0
7.7619,1
7.7619,0
7.76284,1
7.76284,0
7.76378,1
7.76378,0
7.76473,1
7.76473,0
7.76567,1
7.76567,0
7.76662,1
7.76662,0
7.76756,1
7.76756,0
7.7685,1
7.7685,0
7.76945,1
7.76945,0
7.77039,1
7.77039,0
7.77134,1
7.77134,0
7.77228,1
7.77228,0
7.77322,1
7.77322,0
7.77417,1
7.77417,0
7.77511,1
7.77511,0
7.77606,1
7.77606,0
7.777,1
7.777,0
7.77794,1
7.77794,0
7.77889,1
7.77889,0
7.77983,1
7.77983,0
7.78078,1
7.78078,0
7.78172,1
7.78172,0
7.78266,1
7.78266,0
7.78361,1
7.78361,0
7.78455,1
7.78455,0
7.7855,1
7.7855,0
7.78644,1
7.78644,0
7.78738,1
7.78738,0
7.78833,1
7.78833,0
7.78927,1
7.78927,0
7.79022,1
7.79022,0
7.79116,1
7.79116,0
7.7921,1
7.7921,0
7.79305,1
7.79305,0
7.79399,1
7.79399,0
7.79494,1
7.79494,0
7.79588,1
7.79588,0
7.79682,1
7.79682,0
7.79777,1
7.79777,0
7.79871,1
7.79871,0
7.79966,1
7.79966,0
7.8006,1
7.8006,0
7.80154,1
7.80154,0
7.80249,1
7.80249,0
7.80343,1
7.80343,0
7.80438,1
7.80438,0
7.80532,1
7.80532,0
7.80626,1
7.80626,0
7.80721,1
7.80721,0
7.80815,1
7.80815,0
7.8091,1
7.8091,0
7.81004,1
7.81004,0
7.81098,1
7.81098,0
7.81193,1
7.81193,0
7.81287,1
7.81287,0
7.81382,1
7.81382,0
7.81476,1
7.81476,0
7.8157,1
7.8157,0
7.81665,1
7.81665,0
7.81759,1
7.81759,0
7.81854,1
7.81854,0
7.81948,1
7.81948,0
7.82042,1
7.82042,0
7.82137,1
7.82137,0
7.82231,1
7.82231,0
7.82326,1
7.82326,0
7.8242,1
7.8242,0
7.82514,1
7.82514,0
7.82609,1
7.82609,0
7.82703,1
7.82703,0
7.82798,1
7.82798,0
7.82892,1
7.82892,0
7.82986,1
7.82986,0
7.83081,1
7.83081,0
7.83175,1
7.83175,0
7.8327,1
7.8327,0
7.83364,1
7.83364,0
7.83458,1
7.83458,0
7.83553,1
7.83553,0
7.83647,1
7.83647,0
7.83742,1
7.83742,0
7.83836,1
7.83836,0
7.8393,1
7.8393,0
7.84025,1
7.84025,0
7.84119,1
7.84119,0
7.84214,1
7.84214,0
7.84308,1
7.84308,0
7.84402,1
7.84402,0
7.84497,1
7.84497,0
7.84591,1
7.84591,0
7.84686,1
7.84686,0
7.8478,1
7.8478,0
7.84874,1
7.84874,0
7.84969,1
7.84969,0
7.85063,1
7.85063,0
7.85158,1
7.85158,0
7.85252,1
7.85252,0
7.85346,1
7.85346,0
7.85441,1
7.85441,0
7.85535,1
7.85535,0
7.8563,1
7.8563,0
7.85724,1
7.85724,0
7.85818,1
7.85818,0
7.85913,1
7.85913,0
7.86007,1
7.86007,0
7.86102,1
7.86102,0
7.86196,1
7.86196,0
7.8629,1
7.8629,0
7.86385,1
7.86385,0
7.86479,1
7.86479,0
7.86574,1
7.86574,0
7.86668,1
7.86668,0
7.86762,1
7.86762,0
7.86857,1
7.86857,0
7.86951,1
7.86951,0
7.87046,1
7.87046,0
7.8714,1
7.8714,0
7.87234,1
7.87234,0
7.87329,1
7.87329,0
7.87423,1
7.87423,0
7.87518,1
7.87518,0
7.87612,1
7.87612,0
7.87706,1
7.87706,0
7.87801,1
7.87801,0
7.87895,1
7.87895,0
7.8799,1
7.8799,0
7.88084,1
7.88084,0
7.88178,1
7.88178,0
7.88273,1
7.88273,0
7.88367,1
7.88367,0
7.88462,1
7.88462,0
7.88556,1
7.88556,0
7.8865,1
7.8865,0
7.88745,1
7.88745,0
7.88839,1
7.88839,0
7.88934,1
7.88934,0
7.89028,1
7.89028,0
7.89122,1
7.89122,0
7.89217,1
7.89217,0
7.89311,1
7.89311,0
7.89406,1
7.89406,0
7.895,1
7.895,0
7.89594,1
7.89594,0
7.89689,1
7.89689,0
7.89783,1
7.89783,0
7.89878,1
7.89878,0
7.89972,1
7.89972,0
7.90066,1
7.90066,0
7.90161,1
7.90161,0
7.90255,1
7.90255,0
7.9035,1
7.9035,0
7.90444,1
7.90444,0
7.90538,1
7.90538,0
7.90633,1
7.90633,0
7.90727,1
7.90727,0
7.90822,1
7.90822,0
7.90916,1
7.90916,0
7.9101,1
7.9101,0
7.91105,1
7.91105,0
7.91199,1
7.91199,0
7.91294,1
7.91294,0
7.91388,1
7.91388,0
7.91482,1
7.91482,0
7.91577,1
7.91577,0
7.91671,1
7.91671,0
7.91766,1
7.91766,0
7.9186,1
7.9186,0
7.91954,1
7.91954,0
7.92049,1
7.92049,0
7.92143,1
7.92143,0
7.92238,1
7.92238,0
7.92332,1
7.92332,0
7.92426,1
7.92426,0
7.92521,1
7.92521,0
7.92615,1
7.92615,0
7.9271,1
7.9271,0
7.92804,1
7.92804,0
7.92898,1
7.92898,0
7.92993,1
7.92993,0
7.93087,1
7.93087,0
7.93182,1
7.93182,0
7.93276,1
7.93276,0
7.9337,1
7.9337,0
7.93465,1
7.93465,0
7.93559,1
7.93559,0
7.93654,1
7.93654,0
7.93748,1
7.93748,0
7.93842,1
7.93842,0
7.93937,1
7.93937,0
7.94031,1
7.94031,0
7.94126,1
7.94126,0
7.9422,1
7.9422,0
7.94314,1
7.94314,0
7.94409,1
7.94409,0
7.94503,1
7.94503,0
7.94598,1
7.94598,0
7.94692,1
7.94692,0
7.94786,1
7.94786,0
7.94881,1
7.94881,0
7.94975,1
7.94975,0
7.9507,1
7.9507,0
7.95164,1
7.95164,0
7.95258,1
7.95258,0
7.95353,1
7.95353,0
7.95447,1
7.95447,0
7.95542,1
7.95542,0
7.95636,1
7.95636,0
7.9573,1
7.9573,0
7.95825,1
7.95825,0
7.95919,1
7.95919,0
7.96014,1
7.96014,0
7.96108,1
7.96108,0
7.96202,1
7.96202,0
7.96297,1
7.96297,0
7.96391,1
7.96391,0
7.96486,1
7.96486,0
7.9658,1
7.9658,0
7.96674,1
7.96674,0
7.96769,1
7.96769,0
7.96863,1
7.96863,0
7.96958,1
7.96958,0
7.97052,1
7.97052,0
7.97146,1
7.97146,0
7.97241,1
7.97241,0
7.97335,1
7.97335,0
7.9743,1
7.9743,0
7.97524,1
7.97524,0
7.97618,1
7.97618,0
7.97713,1
7.97713,0
7.97807,1
7.97807,0
7.97902,1
7.97902,0
7.97996,1
7.97996,0
7.9809,1
7.9809,0
7.98185,1
7.98185,0
7.98279,1
7.98279,0
7.98374,1
7.98374,0
7.98468,1
7.98468,0
7.98562,1
7.98562,0
7.98657,1
7.98657,0
7.98751,1
7.98751,0
7.98846,1
7.98846,0
7.9894,1
7.9894,0
7.99034,1
7.99034,0
7.99129,1
7.99129,0
7.99223,1
7.99223,0
7.99318,1
7.99318,0
7.99412,1
7.99412,0
7.99506,1
7.99506,0
7.99601,1
7.99601,0
7.99695,1
7.99695,0
7.9979,1
7.9979,0
7.99884,1
7.99884,0
7.99978,1
7.99978,0
8.00073,1
8.00073,0
8.00167,1
8.00167,0
8.00262,1
8.00262,0
8.00356,1
8.00356,0
8.0045,1
8.0045,0
8.00545,1
8.00545,0
8.00639,1
8.00639,0
8.00734,1
8.00734,0
8.00828,1
8.00828,0
8.00922,1
8.00922,0
8.01017,1
8.01017,0
8.01111,1
8.01111,0
8.01206,1
8.01206,0
8.013,1
8.013,0
8.01394,1
8.01394,0
8.01489,1
8.01489,0
8.01583,1
8.01583,0
8.01678,1
8.01678,0
8.01772,1
8.01772,0
8.01866,1
8.01866,0
8.01961,1
8.01961,0
8.02055,1
8.02055,0
8.0215,1
8.0215,0
8.02244,1
8.02244,0
8.02338,1
8.02338,0
8.02433,1
8.02433,0
8.02527,1
8.02527,0
8.02622,1
8.02622,0
8.02716,1
8.02716,0
8.0281,1
8.0281,0
8.02905,1
8.02905,0
8.02999,1
8.02999,0
8.03094,1
8.03094,0
8.03188,1
8.03188,0
8.03282,1
8.03282,0
8.03377,1
8.03377,0
8.03471,1
8.03471,0
8.03566,1
8.03566,0
8.0366,1
8.0366,0
8.03754,1
8.03754,0
8.03849,1
8.03849,0
8.03943,1
8.03943,0
8.04038,1
8.04038,0
8.04132,1
8.04132,0
8.04226,1
8.04226,0
8.04321,1
8.04321,0
8.04415,1
8.04415,0
8.0451,1
8.0451,0
8.04604,1
8.04604,0
8.04698,1
8.04698,0
8.04793,1
8.04793,0
8.04887,1
8.04887,0
8.04982,1
8.04982,0
8.05076,1
8.05076,0
8.0517,1
8.0517,0
8.05265,1
8.05265,0
8.05359,1
8.05359,0
8.05454,1
8.05454,0
8.05548,1
8.05548,0
8.05642,1
8.05642,0
8.05737,1
8.05737,0
8.05831,1
8.05831,0
8.05926,1
8.05926,0
8.0602,1
8.0602,0
8.06114,1
8.06114,0
8.06209,1
8.06209,0
8.06303,1
8.06303,0
8.06398,1
8.06398,0
8.06492,1
8.06492,0
8.06586,1
8.06586,0
8.06681,1
8.06681,0
8.06775,1
8.06775,0
8.0687,1
8.0687,0
8.06964,1
8.06964,0
8.07058,1
8.07058,0
8.07153,1
8.07153,0
8.07247,1
8.07247,0
8.07342,1
8.07342,0
8.07436,1
8.07436,0
8.0753,1
8.0753,0
8.07625,1
8.07625,0
8.07719,1
8.07719,0
8.07814,1
8.07814,0
8.07908,1
8.07908,0
8.08002,1
8.08002,0
8.08097,1
8.08097,0
8.08191,1
8.08191,0
8.08286,1
8.08286,0
8.0838,1
8.0838,0
8.08474,1
8.08474,0
8.08569,1
8.08569,0
8.08663,1
8.08663,0
8.08758,1
8.08758,0
8.08852,1
8.08852,0
8.08946,1
8.08946,0
8.09041,1
8.09041,0
8.09135,1
8.09135,0
8.0923,1
8.0923,0
8.09324,1
8.09324,0
8.09418,1
8.09418,0
8.09513,1
8.09513,0
8.09607,1
8.09607,0
8.09702,1
8.09702,0
8.09796,1
8.09796,0
8.0989,1
8.0989,0
8.09985,1
8.09985,0
8.10079,1
8.10079,0
8.10174,1
8.10174,0
8.10268,1
8.10268,0
8.10362,1
8.10362,0
8.10457,1
8.10457,0
8.10551,1
8.10551,0
8.10646,1
8.10646,0
8.1074,1
8.1074,0
8.10834,1
8.10834,0
8.10929,1
8.10929,0
8.11023,1
8.11023,0
8.11118,1
8.11118,0
8.11212,1
8.11212,0
8.11306,1
8.11306,0
8.11401,1
8.11401,0
8.11495,1
8.11495,0
8.1159,1
8.1159,0
8.11684,1
8.11684,0
8.11778,1
8.11778,0
8.11873,1
8.11873,0
8.11967,1
8.11967,0
8.12062,1
8.12062,0
8.12156,1
8.12156,0
8.1225,1
8.1225,0
8.12345,1
8.12345,0
8.12439,1
8.12439,0
8.12534,1
8.12534,0
8.12628,1
8.12628,0
8.12722,1
8.12722,0
8.12817,1
8.12817,0
8.12911,1
8.12911,0
8.13006,1
8.13006,0
8.131,1
8.131,0
8.13194,1
8.13194,0
8.13289,1
8.13289,0
8.13383,1
8.13383,0
8.13478,1
8.13478,0
8.13572,1
8.13572,0
8.13666,1
8.13666,0
8.13761,1
8.13761,0
8.13855,1
8.13855,0
8.1395,1
8.1395,0
8.14044,1
8.14044,0
8.14138,1
8.14138,0
8.14233,1
8.14233,0
8.14327,1
8.14327,0
8.14422,1
8.14422,0
8.14516,1
8.14516,0
8.1461,1
8.1461,0
8.14705,1
8.14705,0
8.14799,1
8.14799,0
8.14894,1
8.14894,0
8.14988,1
8.14988,0
8.15082,1
8.15082,0
8.15177,1
8.15177,0
8.15271,1
8.15271,0
8.15366,1
8.15366,0
8.1546,1
8.1546,0
8.15554,1
8.15554,0
8.15649,1
8.15649,0
8.15743,1
8.15743,0
8.15838,1
8.15838,0
8.15932,1
8.15932,0
8.16026,1
8.16026,0
8.16121,1
8.16121,0
8.16215,1
8.16215,0
8.1631,1
8.1631,0
8.16404,1
8.16404,0
8.16498,1
8.16498,0
8.16593,1
8.16593,0
8.16687,1
8.16687,0
8.16782,1
8.16782,0
8.16876,1
8.16876,0
8.1697,1
8.1697,0
8.17065,1
8.17065,0
8.17159,1
8.17159,0
8.17254,1
8.17254,0
8.17348,1
8.17348,0
8.17442,1
8.17442,0
8.17537,1
8.17537,0
8.17631,1
8.17631,0
8.17726,1
8.17726,0
8.1782,1
8.1782,0
8.17914,1
8.17914,0
8.18009,1
8.18009,0
8.18103,1
8.18103,0
8.18198,1
8.18198,0
8.18292,1
8.18292,0
8.18386,1
8.18386,0
8.18481,1
8.18481,0
8.18575,1
8.18575,0
8.1867,1
8.1867,0
8.18764,1
8.18764,0
8.18858,1
8.18858,0
8.18953,1
8.18953,0
8.19047,1
8.19047,0
8.19142,1
8.19142,0
8.19236,1
8.19236,0
8.1933,1
8.1933,0
8.19425,1
8.19425,0
8.19519,1
8.19519,0
8.19614,1
8.19614,0
8.19708,1
8.19708,0
8.19802,1
8.19802,0
8.19897,1
8.19897,0
8.19991,1
8.19991,0
8.20086,1
8.20086,0
8.2018,1
8.2018,0
8.20274,1
8.20274,0
8.20369,1
8.20369,0
8.20463,1
8.20463,0
8.20558,1
8.20558,0
8.20652,1
8.20652,0
8.20746,1
8.20746,0
8.20841,1
8.20841,0
8.20935,1
8.20935,0
8.2103,1
8.2103,0
8.21124,1
8.21124,0
8.21218,1
8.21218,0
8.21313,1
8.21313,0
8.21407,1
8.21407,0
8.21502,1
8.21502,0
8.21596,1
8.21596,0
8.2169,1
8.2169,0
8.21785,1
8.21785,0
8.21879,1
8.21879,0
8.21974,1
8.21974,0
8.22068,1
8.22068,0
8.22162,1
8.22162,0
8.22257,1
8.22257,0
8.22351,1
8.22351,0
8.22446,1
8.22446,0
8.2254,1
8.2254,0
8.22634,1
8.22634,0
8.22729,1
8.22729,0
8.22823,1
8.22823,0
8.22918,1
8.22918,0
8.23012,1
8.23012,0
8.23106,1
8.23106,0
8.23201,1
8.23201,0
8.23295,1
8.23295,0
8.2339,1
8.2339,0
8.23484,1
8.23484,0
8.23578,1
8.23578,0
8.23673,1
8.23673,0
8.23767,1
8.23767,0
8.23862,1
8.23862,0
8.23956,1
8.23956,0
8.2405,1
8.2405,0
8.24145,1
8.24145,0
8.24239,1
8.24239,0
8.24334,1
8.24334,0
8.24428,1
8.24428,0
8.24522,1
8.24522,0
8.24617,1
8.24617,0
8.24711,1
8.24711,0
8.24806,1
8.24806,0
8.249,1
8.249,0
8.24994,1
8.24994,0
8.25089,1
8.25089,0
8.25183,1
8.25183,0
8.25278,1
8.25278,0
8.25372,1
8.25372,0
8.25466,1
8.25466,0
8.25561,1
8.25561,0
8.25655,1
8.25655,0
8.2575,1
8.2575,0
8.25844,1
8.25844,0
8.25938,1
8.25938,0
8.26033,1
8.26033,0
8.26127,1
8.26127,0
8.26222,1
8.26222,0
8.26316,1
8.26316,0
8.2641,1
8.2641,0
8.26505,1
8.26505,0
8.26599,1
8.26599,0
8.26694,1
8.26694,0
8.26788,1
8.26788,0
8.26882,1
8.26882,0
8.26977,1
8.26977,0
8.27071,1
8.27071,0
8.27166,1
8.27166,0
8.2726,1
8.2726,0
8.27354,1
8.27354,0
8.27449,1
8.27449,0
8.27543,1
8.27543,0
8.27638,1
8.27638,0
8.27732,1
8.27732,0
8.27826,1
8.27826,0
8.27921,1
8.27921,0
8.28015,1
8.28015,0
8.2811,1
8.2811,0
8.28204,1
8.28204,0
8.28298,1
8.28298,0
8.28393,1
8.28393,0
8.28487,1
8.28487,0
8.28582,1
8.28582,0
8.28676,1
8.28676,0
8.2877,1
8.2877,0
8.28865,1
8.28865,0
8.28959,1
8.28959,0
8.29054,1
8.29054,0
8.29148,1
8.29148,0
8.29242,1
8.29242,0
8.29337,1
8.29337,0
8.29431,1
8.29431,0
8.29526,1
8.29526,0
8.2962,1
8.2962,0
8.29714,1
8.29714,0
8.29809,1
8.29809,0
8.29903,1
8.29903,0
8.29998,1
8.29998,0
8.30092,1
8.30092,0
8.30186,1
8.30186,0
8.30281,1
8.30281,0
8.30375,1
8.30375,0
8.3047,1
8.3047,0
8.30564,1
8.30564,0
8.30658,1
8.30658,0
8.30753,1
8.30753,0
8.30847,1
8.30847,0
8.30942,1
8.30942,0
8.31036,1
8.31036,0
8.3113,1
8.3113,0
8.31225,1
8.31225,0
8.31319,1
8.31319,0
8.31414,1
8.31414,0
8.31508,1
8.31508,0
8.31602,1
8.31602,0
8.31697,1
8.31697,0
8.31791,1
8.31791,0
8.31886,1
8.31886,0
8.3198,1
8.3198,0
8.32074,1
8.32074,0
8.32169,1
8.32169,0
8.32263,1
8.32263,0
8.32358,1
8.32358,0
8.32452,1
8.32452,0
8.32546,1
8.32546,0
8.32641,1
8.32641,0
8.32735,1
8.32735,0
8.3283,1
8.3283,0
8.32924,1
8.32924,0
8.33018,1
8.33018,0
8.33113,1
8.33113,0
8.33207,1
8.33207,0
8.33302,1
8.33302,0
8.33396,1
8.33396,0
8.3349,1
8.3349,0
8.33585,1
8.33585,0
8.33679,1
8.33679,0
8.33774,1
8.33774,0
8.33868,1
8.33868,0
8.33962,1
8.33962,0
8.34057,1
8.34057,0
8.34151,1
8.34151,0
8.34246,1
8.34246,0
8.3434,1
8.3434,0
8.34434,1
8.34434,0
8.34529,1
8.34529,0
8.34623,1
8.34623,0
8.34718,1
8.34718,0
8.34812,1
8.34812,0
8.34906,1
8.34906,0
8.35001,1
8.35001,0
8.35095,1
8.35095,0
8.3519,1
8.3519,0
8.35284,1
8.35284,0
8.35378,1
8.35378,0
8.35473,1
8.35473,0
8.35567,1
8.35567,0
8.35662,1
8.35662,0
8.35756,1
8.35756,0
8.3585,1
8.3585,0
8.35945,1
8.35945,0
8.36039,1
8.36039,0
8.36134,1
8.36134,0
8.36228,1
8.36228,0
8.36322,1
8.36322,0
8.36417,1
8.36417,0
8.36511,1
8.36511,0
8.36606,1
8.36606,0
8.367,1
8.367,0
8.36794,1
8.36794,0
8.36889,1
8.36889,0
8.36983,1
8.36983,0
8.37078,1
8.37078,0
8.37172,1
8.37172,0
8.37266,1
8.37266,0
8.37361,1
8.37361,0
8.37455,1
8.37455,0
8.3755,1
8.3755,0
8.37644,1
8.37644,0
8.37738,1
8.37738,0
8.37833,1
8.37833,0
8.37927,1
8.37927,0
8.38022,1
8.38022,0
8.38116,1
8.38116,0
8.3821,1
8.3821,0
8.38305,1
8.38305,0
8.38399,1
8.38399,0
8.38494,1
8.38494,0
8.38588,1
8.38588,0
8.38682,1
8.38682,0
8.38777,1
8.38777,0
8.38871,1
8.38871,0
8.38966,1
8.38966,0
8.3906,1
8.3906,0
8.39154,1
8.39154,0
8.39249,1
8.39249,0
8.39343,1
8.39343,0
8.39438,1
8.39438,0
8.39532,1
8.39532,0
8.39626,1
8.39626,0
8.39721,1
8.39721,0
8.39815,1
8.39815,0
8.3991,1
8.3991,0
8.40004,1
8.40004,0
8.40098,1
8.40098,0
8.40193,1
8.40193,0
8.40287,1
8.40287,0
8.40382,1
8.40382,0
8.40476,1
8.40476,0
8.4057,1
8.4057,0
8.40665,1
8.40665,0
8.40759,1
8.40759,0
8.40854,1
8.40854,0
8.40948,1
8.40948,0
8.41042,1
8.41042,0
8.41137,1
8.41137,0
8.41231,1
8.41231,0
8.41326,1
8.41326,0
8.4142,1
8.4142,0
8.41514,1
8.41514,0
8.41609,1
8.41609,0
8.41703,1
8.41703,0
8.41798,1
8.41798,0
8.41892,1
8.41892,0
8.41986,1
8.41986,0
8.42081,1
8.42081,0
8.42175,1
8.42175,0
8.4227,1
8.4227,0
8.42364,1
8.42364,0
8.42458,1
8.42458,0
8.42553,1
8.42553,0
8.42647,1
8.42647,0
8.42742,1
8.42742,0
8.42836,1
8.42836,0
8.4293,1
8.4293,0
8.43025,1
8.43025,0
8.43119,1
8.43119,0
8.43214,1
8.43214,0
8.43308,1
8.43308,0
8.43402,1
8.43402,0
8.43497,1
8.43497,0
8.43591,1
8.43591,0
8.43686,1
8.43686,0
8.4378,1
8.4378,0
8.43874,1
8.43874,0
8.43969,1
8.43969,0
8.44063,1
8.44063,0
8.44158,1
8.44158,0
8.44252,1
8.44252,0
8.44346,1
8.44346,0
8.44441,1
8.44441,0
8.44535,1
8.44535,0
8.4463,1
8.4463,0
8.44724,1
8.44724,0
8.44818,1
8.44818,0
8.44913,1
8.44913,0
8.45007,1
8.45007,0
8.45102,1
8.45102,0
8.45196,1
8.45196,0
8.4529,1
8.4529,0
8.45385,1
8.45385,0
8.45479,1
8.45479,0
8.45574,1
8.45574,0
8.45668,1
8.45668,0
8.45762,1
8.45762,0
8.45857,1
8.45857,0
8.45951,1
8.45951,0
8.46046,1
8.46046,0
8.4614,1
8.4614,0
8.46234,1
8.46234,0
8.46329,1
8.46329,0
8.46423,1
8.46423,0
8.46518,1
8.46518,0
8.46612,1
8.46612,0
8.46706,1
8.46706,0
8.46801,1
8.46801,0
8.46895,1
8.46895,0
8.4699,1
8.4699,0
8.47084,1
8.47084,0
8.47178,1
8.47178,0
8.47273,1
8.47273,0
8.47367,1
8.47367,0
8.47462,1
8.47462,0
8.47556,1
8.47556,0
8.4765,1
8.4765,0
8.47745,1
8.47745,0
8.47839,1
8.47839,0
8.47934,1
8.47934,0
8.48028,1
8.48028,0
8.48122,1
8.48122,0
8.48217,1
8.48217,0
8.48311,1
8.48311,0
8.48406,1
8.48406,0
8.485,1
8.485,0
8.48594,1
8.48594,0
8.48689,1
8.48689,0
8.48783,1
8.48783,0
8.48878,1
8.48878,0
8.48972,1
8.48972,0
8.49066,1
8.49066,0
8.49161,1
8.49161,0
8.49255,1
8.49255,0
8.4935,1
8.4935,0
8.49444,1
8.49444,0
8.49538,1
8.49538,0
8.49633,1
8.49633,0
8.49727,1
8.49727,0
8.49822,1
8.49822,0
8.49916,1
8.49916,0
8.5001,1
8.5001,0
8.50105,1
8.50105,0
8.50199,1
8.50199,0
8.50294,1
8.50294,0
8.50388,1
8.50388,0
8.50482,1
8.50482,0
8.50577,1
8.50577,0
8.50671,1
8.50671,0
8.50766,1
8.50766,0
8.5086,1
8.5086,0
8.50954,1
8.50954,0
8.51049,1
8.51049,0
8.51143,1
8.51143,0
8.51238,1
8.51238,0
8.51332,1
8.51332,0
8.51426,1
8.51426,0
8.51521,1
8.51521,0
8.51615,1
8.51615,0
8.5171,1
8.5171,0
8.51804,1
8.51804,0
8.51898,1
8.51898,0
8.51993,1
8.51993,0
8.52087,1
8.52087,0
8.52182,1
8.52182,0
8.52276,1
8.52276,0
8.5237,1
8.5237,0
8.52465,1
8.52465,0
8.52559,1
8.52559,0
8.52654,1
8.52654,0
8.52748,1
8.52748,0
8.52842,1
8.52842,0
8.52937,1
8.52937,0
8.53031,1
8.53031,0
8.53126,1
8.53126,0
8.5322,1
8.5322,0
8.53314,1
8.53314,0
8.53409,1
8.53409,0
8.53503,1
8.53503,0
8.53598,1
8.53598,0
8.53692,1
8.53692,0
8.53786,1
8.53786,0
8.53881,1
8.53881,0
8.53975,1
8.53975,0
8.5407,1
8.5407,0
8.54164,1
8.54164,0
8.54258,1
8.54258,0
8.54353,1
8.54353,0
8.54447,1
8.54447,0
8.54542,1
8.54542,0
8.54636,1
8.54636,0
8.5473,1
8.5473,0
8.54825,1
8.54825,0
8.54919,1
8.54919,0
8.55014,1
8.55014,0
8.55108,1
8.55108,0
8.55202,1
8.55202,0
8.55297,1
8.55297,0
8.55391,1
8.55391,0
8.55486,1
8.55486,0
8.5558,1
8.5558,0
8.55674,1
8.55674,0
8.55769,1
8.55769,0
8.55863,1
8.55863,0
8.55958,1
8.55958,0
8.56052,1
8.56052,0
8.56146,1
8.56146,0
8.56241,1
8.56241,0
8.56335,1
8.56335,0
8.5643,1
8.5643,0
8.56524,1
8.56524,0
8.56618,1
8.56618,0
8.56713,1
8.56713,0
8.56807,1
8.56807,0
8.56902,1
8.56902,0
8.56996,1
8.56996,0
8.5709,1
8.5709,0
8.57185,1
8.57185,0
8.57279,1
8.57279,0
8.57374,1
8.57374,0
8.57468,1
8.57468,0
8.57562,1
8.57562,0
8.57657,1
8.57657,0
8.57751,1
8.57751,0
8.57846,1
8.57846,0
8.5794,1
8.5794,0
8.58034,1
8.58034,0
8.58129,1
8.58129,0
8.58223,1
8.58223,0
8.58318,1
8.58318,0
8.58412,1
8.58412,0
8.58506,1
8.58506,0
8.58601,1
8.58601,0
8.58695,1
8.58695,0
8.5879,1
8.5879,0
8.58884,1
8.58884,0
8.58978,1
8.58978,0
8.59073,1
8.59073,0
8.59167,1
8.59167,0
8.59262,1
8.59262,0
8.59356,1
8.59356,0
8.5945,1
8.5945,0
8.59545,1
8.59545,0
8.59639,1
8.59639,0
8.59734,1
8.59734,0
8.59828,1
8.59828,0
8.59922,1
8.59922,0
8.60017,1
8.60017,0
8.60111,1
8.60111,0
8.60206,1
8.60206,0
8.603,1
8.603,0
8.60394,1
8.60394,0
8.60489,1
8.60489,0
8.60583,1
8.60583,0
8.60678,1
8.60678,0
8.60772,1
8.60772,0
8.60866,1
8.60866,0
8.60961,1
8.60961,0
8.61055,1
8.61055,0
8.6115,1
8.6115,0
8.61244,1
8.61244,0
8.61338,1
8.61338,0
8.61433,1
8.61433,0
8.61527,1
8.61527,0
8.61622,1
8.61622,0
8.61716,1
8.61716,0
8.6181,1
8.6181,0
8.61905,1
8.61905,0
8.61999,1
8.61999,0
8.62094,1
8.62094,0
8.62188,1
8.62188,0
8.62282,1
8.62282,0
8.62377,1
8.62377,0
8.62471,1
8.62471,0
8.62566,1
8.62566,0
8.6266,1
8.6266,0
8.62754,1
8.62754,0
8.62849,1
8.62849,0
8.62943,1
8.62943,0
8.63038,1
8.63038,0
8.63132,1
8.63132,0
8.63226,1
8.63226,0
8.63321,1
8.63321,0
8.63415,1
8.63415,0
8.6351,1
8.6351,0
8.63604,1
8.63604,0
8.63698,1
8.63698,0
8.63793,1
8.63793,0
8.63887,1
8.63887,0
8.63982,1
8.63982,0
8.64076,1
8.64076,0
8.6417,1
8.6417,0
8.64265,1
8.64265,0
8.64359,1
8.64359,0
8.64454,1
8.64454,0
8.64548,1
8.64548,0
8.64642,1
8.64642,0
8.64737,1
8.64737,0
8.64831,1
8.64831,0
8.64926,1
8.64926,0
8.6502,1
8.6502,0
8.65114,1
8.65114,0
8.65209,1
8.65209,0
8.65303,1
8.65303,0
8.65398,1
8.65398,0
8.65492,1
8.65492,0
8.65586,1
8.65586,0
8.65681,1
8.65681,0
8.65775,1
8.65775,0
8.6587,1
8.6587,0
8.65964,1
8.65964,0
8.66058,1
8.66058,0
8.66153,1
8.66153,0
8.66247,1
8.66247,0
8.66342,1
8.66342,0
8.66436,1
8.66436,0
8.6653,1
8.6653,0
8.66625,1
8.66625,0
8.66719,1
8.66719,0
8.66814,1
8.66814,0
8.66908,1
8.66908,0
8.67002,1
8.67002,0
8.67097,1
8.67097,0
8.67191,1
8.67191,0
8.67286,1
8.67286,0
8.6738,1
8.6738,0
8.67474,1
8.67474,0
8.67569,1
8.67569,0
8.67663,1
8.67663,0
8.67758,1
8.67758,0
8.67852,1
8.67852,0
8.67946,1
8.67946,0
8.68041,1
8.68041,0
8.68135,1
8.68135,0
8.6823,1
8.6823,0
8.68324,1
8.68324,0
8.68418,1
8.68418,0
8.68513,1
8.68513,0
8.68607,1
8.68607,0
8.68702,1
8.68702,0
8.68796,1
8.68796,0
8.6889,1
8.6889,0
8.68985,1
8.68985,0
8.69079,1
8.69079,0
8.69174,1
8.69174,0
8.69268,1
8.69268,0
8.69362,1
8.69362,0
8.69457,1
8.69457,0
8.69551,1
8.69551,0
8.69646,1
8.69646,0
8.6974,1
8.6974,0
8.69834,1
8.69834,0
8.69929,1
8.69929,0
8.70023,1
8.70023,0
8.70118,1
8.70118,0
8.70212,1
8.70212,0
8.70306,1
8.70306,0
8.70401,1
8.70401,0
8.70495,1
8.70495,0
8.7059,1
8.7059,0
8.70684,1
8.70684,0
8.70778,1
8.70778,0
8.70873,1
8.70873,0
8.70967,1
8.70967,0
8.71062,1
8.71062,0
8.71156,1
8.71156,0
8.7125,1
8.7125,0
8.71345,1
8.71345,0
8.71439,1
8.71439,0
8.71534,1
8.71534,0
8.71628,1
8.71628,0
8.71722,1
8.71722,0
8.71817,1
8.71817,0
8.71911,1
8.71911,0
8.72006,1
8.72006,0
8.721,1
8.721,0
8.72194,1
8.72194,0
8.72289,1
8.72289,0
8.72383,1
8.72383,0
8.72478,1
8.72478,0
8.72572,1
8.72572,0
8.72666,1
8.72666,0
8.72761,1
8.72761,0
8.72855,1
8.72855,0
8.7295,1
8.7295,0
8.73044,1
8.73044,0
8.73138,1
8.73138,0
8.73233,1
8.73233,0
8.73327,1
8.73327,0
8.73422,1
8.73422,0
8.73516,1
8.73516,0
8.7361,1
8.7361,0
8.73705,1
8.73705,0
8.73799,1
8.73799,0
8.73894,1
8.73894,0
8.73988,1
8.73988,0
8.74082,1
8.74082,0
8.74177,1
8.74177,0
8.74271,1
8.74271,0
8.74366,1
8.74366,0
8.7446,1
8.7446,0
8.74554,1
8.74554,0
8.74649,1
8.74649,0
8.74743,1
8.74743,0
8.74838,1
8.74838,0
8.74932,1
8.74932,0
8.75026,1
8.75026,0
8.75121,1
8.75121,0
8.75215,1
8.75215,0
8.7531,1
8.7531,0
8.75404,1
8.75404,0
8.75498,1
8.75498,0
8.75593,1
8.75593,0
8.75687,1
8.75687,0
8.75782,1
8.75782,0
8.75876,1
8.75876,0
8.7597,1
8.7597,0
8.76065,1
8.76065,0
8.76159,1
8.76159,0
8.76254,1
8.76254,0
8.76348,1
8.76348,0
8.76442,1
8.76442,0
8.76537,1
8.76537,0
8.76631,1
8.76631,0
8.76726,1
8.76726,0
8.7682,1
8.7682,0
8.76914,1
8.76914,0
8.77009,1
8.77009,0
8.77103,1
8.77103,0
8.77198,1
8.77198,0
8.77292,1
8.77292,0
8.77386,1
8.77386,0
8.77481,1
8.77481,0
8.77575,1
8.77575,0
8.7767,1
8.7767,0
8.77764,1
8.77764,0
8.77858,1
8.77858,0
8.77953,1
8.77953,0
8.78047,1
8.78047,0
8.78142,1
8.78142,0
8.78236,1
8.78236,0
8.7833,1
8.7833,0
8.78425,1
8.78425,0
8.78519,1
8.78519,0
8.78614,1
8.78614,0
8.78708,1
8.78708,0
8.78802,1
8.78802,0
8.78897,1
8.78897,0
8.78991,1
8.78991,0
8.79086,1
8.79086,0
8.7918,1
8.7918,0
8.79274,1
8.79274,0
8.79369,1
8.79369,0
8.79463,1
8.79463,0
8.79558,1
8.79558,0
8.79652,1
8.79652,0
8.79746,1
8.79746,0
8.79841,1
8.79841,0
8.79935,1
8.79935,0
8.8003,1
8.8003,0
8.80124,1
8.80124,0
8.80218,1
8.80218,0
8.80313,1
8.80313,0
8.80407,1
8.80407,0
8.80502,1
8.80502,0
8.80596,1
8.80596,0
8.8069,1
8.8069,0
8.80785,1
8.80785,0
8.80879,1
8.80879,0
8.80974,1
8.80974,0
8.81068,1
8.81068,0
8.81162,1
8.81162,0
8.81257,1
8.81257,0
8.81351,1
8.81351,0
8.81446,1
8.81446,0
8.8154,1
8.8154,0
8.81634,1
8.81634,0
8.81729,1
8.81729,0
8.81823,1
8.81823,0
8.81918,1
8.81918,0
8.82012,1
8.82012,0
8.82106,1
8.82106,0
8.82201,1
8.82201,0
8.82295,1
8.82295,0
8.8239,1
8.8239,0
8.82484,1
8.82484,0
8.82578,1
8.82578,0
8.82673,1
8.82673,0
8.82767,1
8.82767,0
8.82862,1
8.82862,0
8.82956,1
8.82956,0
8.8305,1
8.8305,0
8.83145,1
8.83145,0
8.83239,1
8.83239,0
8.83334,1
8.83334,0
8.83428,1
8.83428,0
8.83522,1
8.83522,0
8.83617,1
8.83617,0
8.83711,1
8.83711,0
8.83806,1
8.83806,0
8.839,1
8.839,0
8.83994,1
8.83994,0
8.84089,1
8.84089,0
8.84183,1
8.84183,0
8.84278,1
8.84278,0
8.84372,1
8.84372,0
8.84466,1
8.84466,0
8.84561,1
8.84561,0
8.84655,1
8.84655,0
8.8475,1
8.8475,0
8.84844,1
8.84844,0
8.84938,1
8.84938,0
8.85033,1
8.85033,0
8.85127,1
8.85127,0
8.85222,1
8.85222,0
8.85316,1
8.85316,0
8.8541,1
8.8541,0
8.85505,1
8.85505,0
8.85599,1
8.85599,0
8.85694,1
8.85694,0
8.85788,1
8.85788,0
8.85882,1
8.85882,0
8.85977,1
8.85977,0
8.86071,1
8.86071,0
8.86166,1
8.86166,0
8.8626,1
8.8626,0
8.86354,1
8.86354,0
8.86449,1
8.86449,0
8.86543,1
8.86543,0
8.86638,1
8.86638,0
8.86732,1
8.86732,0
8.86826,1
8.86826,0
8.86921,1
8.86921,0
8.87015,1
8.87015,0
8.8711,1
8.8711,0
8.87204,1
8.87204,0
8.87298,1
8.87298,0
8.87393,1
8.87393,0
8.87487,1
8.87487,0
8.87582,1
8.87582,0
8.87676,1
8.87676,0
8.8777,1
8.8777,0
8.87865,1
8.87865,0
8.87959,1
8.87959,0
8.88054,1
8.88054,0
8.88148,1
8.88148,0
8.88242,1
8.88242,0
8.88337,1
8.88337,0
8.88431,1
8.88431,0
8.88526,1
8.88526,0
8.8862,1
8.8862,0
8.88714,1
8.88714,0
8.88809,1
8.88809,0
8.88903,1
8.88903,0
8.88998,1
8.88998,0
8.89092,1
8.89092,0
8.89186,1
8.89186,0
8.89281,1
8.89281,0
8.89375,1
8.89375,0
8.8947,1
8.8947,0
8.89564,1
8.89564,0
8.89658,1
8.89658,0
8.89753,1
8.89753,0
8.89847,1
8.89847,0
8.89942,1
8.89942,0
8.90036,1
8.90036,0
8.9013,1
8.9013,0
8.90225,1
8.90225,0
8.90319,1
8.90319,0
8.90414,1
8.90414,0
8.90508,1
8.90508,0
8.90602,1
8.90602,0
8.90697,1
8.90697,0
8.90791,1
8.90791,0
8.90886,1
8.90886,0
8.9098,1
8.9098,0
8.91074,1
8.91074,0
8.91169,1
8.91169,0
8.91263,1
8.91263,0
8.91358,1
8.91358,0
8.91452,1
8.91452,0
8.91546,1
8.91546,0
8.91641,1
8.91641,0
8.91735,1
8.91735,0
8.9183,1
8.9183,0
8.91924,1
8.91924,0
8.92018,1
8.92018,0
8.92113,1
8.92113,0
8.92207,1
8.92207,0
8.92302,1
8.92302,0
8.92396,1
8.92396,0
8.9249,1
8.9249,0
8.92585,1
8.92585,0
8.92679,1
8.92679,0
8.92774,1
8.92774,0
8.92868,1
8.92868,0
8.92962,1
8.92962,0
8.93057,1
8.93057,0
8.93151,1
8.93151,0
8.93246,1
8.93246,0
8.9334,1
8.9334,0
8.93434,1
8.93434,0
8.93529,1
8.93529,0
8.93623,1
8.93623,0
8.93718,1
8.93718,0
8.93812,1
8.93812,0
8.93906,1
8.93906,0
8.94001,1
8.94001,0
8.94095,1
8.94095,0
8.9419,1
8.9419,0
8.94284,1
8.94284,0
8.94378,1
8.94378,0
8.94473,1
8.94473,0
8.94567,1
8.94567,0
8.94662,1
8.94662,0
8.94756,1
8.94756,0
8.9485,1
8.9485,0
8.94945,1
8.94945,0
8.95039,1
8.95039,0
8.95134,1
8.95134,0
8.95228,1
8.95228,0
8.95322,1
8.95322,0
8.95417,1
8.95417,0
8.95511,1
8.95511,0
8.95606,1
8.95606,0
8.957,1
8.957,0
8.95794,1
8.95794,0
8.95889,1
8.95889,0
8.95983,1
8.95983,0
8.96078,1
8.96078,0
8.96172,1
8.96172,0
8.96266,1
8.96266,0
8.96361,1
8.96361,0
8.96455,1
8.96455,0
8.9655,1
8.9655,0
8.96644,1
8.96644,0
8.96738,1
8.96738,0
8.96833,1
8.96833,0
8.96927,1
8.96927,0
8.97022,1
8.97022,0
8.97116,1
8.97116,0
8.9721,1
8.9721,0
8.97305,1
8.97305,0
8.97399,1
8.97399,0
8.97494,1
8.97494,0
8.97588,1
8.97588,0
8.97682,1
8.97682,0
8.97777,1
8.97777,0
8.97871,1
8.97871,0
8.97966,1
8.97966,0
8.9806,1
8.9806,0
8.98154,1
8.98154,0
8.98249,1
8.98249,0
8.98343,1
8.98343,0
8.98438,1
8.98438,0
8.98532,1
8.98532,0
8.98626,1
8.98626,0
8.98721,1
8.98721,0
8.98815,1
8.98815,0
8.9891,1
8.9891,0
8.99004,1
8.99004,0
8.99098,1
8.99098,0
8.99193,1
8.99193,0
8.99287,1
8.99287,0
8.99382,1
8.99382,0
8.99476,1
8.99476,0
8.9957,1
8.9957,0
8.99665,1
8.99665,0
8.99759,1
8.99759,0
8.99854,1
8.99854,0
8.99948,1
8.99948,0
9.00042,1
9.00042,0
9.00137,1
9.00137,0
9.00231,1
9.00231,0
9.00326,1
9.00326,0
9.0042,1
9.0042,0
9.00514,1
9.00514,0
9.00609,1
9.00609,0
9.00703,1
9.00703,0
9.00798,1
9.00798,0
9.00892,1
9.00892,0
9.00986,1
9.00986,0
9.01081,1
9.01081,0
9.01175,1
9.01175,0
9.0127,1
9.0127,0
9.01364,1
9.01364,0
9.01458,1
9.01458,0
9.01553,1
9.01553,0
9.01647,1
9.01647,0
9.01742,1
9.01742,0
9.01836,1
9.01836,0
9.0193,1
9.0193,0
9.02025,1
9.02025,0
9.02119,1
9.02119,0
9.02214,1
9.02214,0
9.02308,1
9.02308,0
9.02402,1
9.02402,0
9.02497,1
9.02497,0
9.02591,1
9.02591,0
9.02686,1
9.02686,0
9.0278,1
9.0278,0
9.02874,1
9.02874,0
9.02969,1
9.02969,0
9.03063,1
9.03063,0
9.03158,1
9.03158,0
9.03252,1
9.03252,0
9.03346,1
9.03346,0
9.03441,1
9.03441,0
9.03535,1
9.03535,0
9.0363,1
9.0363,0
9.03724,1
9.03724,0
9.03818,1
9.03818,0
9.03913,1
9.03913,0
9.04007,1
9.04007,0
9.04102,1
9.04102,0
9.04196,1
9.04196,0
9.0429,1
9.0429,0
9.04385,1
9.04385,0
9.04479,1
9.04479,0
9.04574,1
9.04574,0
9.04668,1
9.04668,0
9.04762,1
9.04762,0
9.04857,1
9.04857,0
9.04951,1
9.04951,0
9.05046,1
9.05046,0
9.0514,1
9.0514,0
9.05234,1
9.05234,0
9.05329,1
9.05329,0
9.05423,1
9.05423,0
9.05518,1
9.05518,0
9.05612,1
9.05612,0
9.05706,1
9.05706,0
9.05801,1
9.05801,0
9.05895,1
9.05895,0
9.0599,1
9.0599,0
9.06084,1
9.06084,0
9.06178,1
9.06178,0
9.06273,1
9.06273,0
9.06367,1
9.06367,0
9.06462,1
9.06462,0
9.06556,1
9.06556,0
9.0665,1
9.0665,0
9.06745,1
9.06745,0
9.06839,1
9.06839,0
9.06934,1
9.06934,0
9.07028,1
9.07028,0
9.07122,1
9.07122,0
9.07217,1
9.07217,0
9.07311,1
9.07311,0
9.07406,1
9.07406,0
9.075,1
9.075,0
9.07594,1
9.07594,0
9.07689,1
9.07689,0
9.07783,1
9.07783,0
9.07878,1
9.07878,0
9.07972,1
9.07972,0
9.08066,1
9.08066,0
9.08161,1
9.08161,0
9.08255,1
9.08255,0
9.0835,1
9.0835,0
9.08444,1
9.08444,0
9.08538,1
9.08538,0
9.08633,1
9.08633,0
9.08727,1
9.08727,0
9.08822,1
9.08822,0
9.08916,1
9.08916,0
9.0901,1
9.0901,0
9.09105,1
9.09105,0
9.09199,1
9.09199,0
9.09294,1
9.09294,0
9.09388,1
9.09388,0
9.09482,1
9.09482,0
9.09577,1
9.09577,0
9.09671,1
9.09671,0
9.09766,1
9.09766,0
9.0986,1
9.0986,0
9.09954,1
9.09954,0
9.10049,1
9.10049,0
9.10143,1
9.10143,0
9.10238,1
9.10238,0
9.10332,1
9.10332,0
9.10426,1
9.10426,0
9.10521,1
9.10521,0
9.10615,1
9.10615,0
9.1071,1
9.1071,0
9.10804,1
9.10804,0
9.10898,1
9.10898,0
9.10993,1
9.10993,0
9.11087,1
9.11087,0
9.11182,1
9.11182,0
9.11276,1
9.11276,0
9.1137,1
9.1137,0
9.11465,1
9.11465,0
9.11559,1
9.11559,0
9.11654,1
9.11654,0
9.11748,1
9.11748,0
9.11842,1
9.11842,0
9.11937,1
9.11937,0
9.12031,1
9.12031,0
9.12126,1
9.12126,0
9.1222,1
9.1222,0
9.12314,1
9.12314,0
9.12409,1
9.12409,0
9.12503,1
9.12503,0
9.12598,1
9.12598,0
9.12692,1
9.12692,0
9.12786,1
9.12786,0
9.12881,1
9.12881,0
9.12975,1
9.12975,0
9.1307,1
9.1307,0
9.13164,1
9.13164,0
9.13258,1
9.13258,0
9.13353,1
9.13353,0
9.13447,1
9.13447,0
9.13542,1
9.13542,0
9.13636,1
9.13636,0
9.1373,1
9.1373,0
9.13825,1
9.13825,0
9.13919,1
9.13919,0
9.14014,1
9.14014,0
9.14108,1
9.14108,0
9.14202,1
9.14202,0
9.14297,1
9.14297,0
9.14391,1
9.14391,0
9.14486,1
9.14486,0
9.1458,1
9.1458,0
9.14674,1
9.14674,0
9.14769,1
9.14769,0
9.14863,1
9.14863,0
9.14958,1
9.14958,0
9.15052,1
9.15052,0
9.15146,1
9.15146,0
9.15241,1
9.15241,0
9.15335,1
9.15335,0
9.1543,1
9.1543,0
9.15524,1
9.15524,0
9.15618,1
9.15618,0
9.15713,1
9.15713,0
9.15807,1
9.15807,0
9.15902,1
9.15902,0
9.15996,1
9.15996,0
9.1609,1
9.1609,0
9.16185,1
9.16185,0
9.16279,1
9.16279,0
9.16374,1
9.16374,0
9.16468,1
9.16468,0
9.16562,1
9.16562,0
9.16657,1
9.16657,0
9.16751,1
9.16751,0
9.16846,1
9.16846,0
9.1694,1
9.1694,0
9.17034,1
9.17034,0
9.17129,1
9.17129,0
9.17223,1
9.17223,0
9.17318,1
9.17318,0
9.17412,1
9.17412,0
9.17506,1
9.17506,0
9.17601,1
9.17601,0
9.17695,1
9.17695,0
9.1779,1
9.1779,0
9.17884,1
9.17884,0
9.17978,1
9.17978,0
9.18073,1
9.18073,0
9.18167,1
9.18167,0
9.18262,1
9.18262,0
9.18356,1
9.18356,0
9.1845,1
9.1845,0
9.18545,1
9.18545,0
9.18639,1
9.18639,0
9.18734,1
9.18734,0
9.18828,1
9.18828,0
9.18922,1
9.18922,0
9.19017,1
9.19017,0
9.19111,1
9.19111,0
9.19206,1
9.19206,0
9.193,1
9.193,0
9.19394,1
9.19394,0
9.19489,1
9.19489,0
9.19583,1
9.19583,0
9.19678,1
9.19678,0
9.19772,1
9.19772,0
9.19866,1
9.19866,0
9.19961,1
9.19961,0
9.20055,1
9.20055,0
9.2015,1
9.2015,0
9.20244,1
9.20244,0
9.20338,1
9.20338,0
9.20433,1
9.20433,0
9.20527,1
9.20527,0
9.20622,1
9.20622,0
9.20716,1
9.20716,0
9.2081,1
9.2081,0
9.20905,1
9.20905,0
9.20999,1
9.20999,0
9.21094,1
9.21094,0
9.21188,1
9.21188,0
9.21282,1
9.21282,0
9.21377,1
9.21377,0
9.21471,1
9.21471,0
9.21566,1
9.21566,0
9.2166,1
9.2166,0
9.21754,1
9.21754,0
9.21849,1
9.21849,0
9.21943,1
9.21943,0
9.22038,1
9.22038,0
9.22132,1
9.22132,0
9.22226,1
9.22226,0
9.22321,1
9.22321,0
9.22415,1
9.22415,0
9.2251,1
9.2251,0
9.22604,1
9.22604,0
9.22698,1
9.22698,0
9.22793,1
9.22793,0
9.22887,1
9.22887,0
9.22982,1
9.22982,0
9.23076,1
9.23076,0
9.2317,1
9.2317,0
9.23265,1
9.23265,0
9.23359,1
9.23359,0
9.23454,1
9.23454,0
9.23548,1
9.23548,0
9.23642,1
9.23642,0
9.23737,1
9.23737,0
9.23831,1
9.23831,0
9.23926,1
9.23926,0
9.2402,1
9.2402,0
9.24114,1
9.24114,0
9.24209,1
9.24209,0
9.24303,1
9.24303,0
9.24398,1
9.24398,0
9.24492,1
9.24492,0
9.24586,1
9.24586,0
9.24681,1
9.24681,0
9.24775,1
9.24775,0
9.2487,1
9.2487,0
9.24964,1
9.24964,0
9.25058,1
9.25058,0
9.25153,1
9.25153,0
9.25247,1
9.25247,0
9.25342,1
9.25342,0
9.25436,1
9.25436,0
9.2553,1
9.2553,0
9.25625,1
9.25625,0
9.25719,1
9.25719,0
9.25814,1
9.25814,0
9.25908,1
9.25908,0
9.26002,1
9.26002,0
9.26097,1
9.26097,0
9.26191,1
9.26191,0
9.26286,1
9.26286,0
9.2638,1
9.2638,0
9.26474,1
9.26474,0
9.26569,1
9.26569,0
9.26663,1
9.26663,0
9.26758,1
9.26758,0
9.26852,1
9.26852,0
9.26946,1
9.26946,0
9.27041,1
9.27041,0
9.27135,1
9.27135,0
9.2723,1
9.2723,0
9.27324,1
9.27324,0
9.27418,1
9.27418,0
9.27513,1
9.27513,0
9.27607,1
9.27607,0
9.27702,1
9.27702,0
9.27796,1
9.27796,0
9.2789,1
9.2789,0
9.27985,1
9.27985,0
9.28079,1
9.28079,0
9.28174,1
9.28174,0
9.28268,1
9.28268,0
9.28362,1
9.28362,0
9.28457,1
9.28457,0
9.28551,1
9.28551,0
9.28646,1
9.28646,0
9.2874,1
9.2874,0
9.28834,1
9.28834,0
9.28929,1
9.28929,0
9.29023,1
9.29023,0
9.29118,1
9.29118,0
9.29212,1
9.29212,0
9.29306,1
9.29306,0
9.29401,1
9.29401,0
9.29495,1
9.29495,0
9.2959,1
9.2959,0
9.29684,1
9.29684,0
9.29778,1
9.29778,0
9.29873,1
9.29873,0
9.29967,1
9.29967,0
9.30062,1
9.30062,0
9.30156,1
9.30156,0
9.3025,1
9.3025,0
9.30345,1
9.30345,0
9.30439,1
9.30439,0
9.30534,1
9.30534,0
9.30628,1
9.30628,0
9.30722,1
9.30722,0
9.30817,1
9.30817,0
9.30911,1
9.30911,0
9.31006,1
9.31006,0
9.311,1
9.311,0
9.31194,1
9.31194,0
9.31289,1
9.31289,0
9.31383,1
9.31383,0
9.31478,1
9.31478,0
9.31572,1
9.31572,0
9.31666,1
9.31666,0
9.31761,1
9.31761,0
9.31855,1
9.31855,0
9.3195,1
9.3195,0
9.32044,1
9.32044,0
9.32138,1
9.32138,0
9.32233,1
9.32233,0
9.32327,1
9.32327,0
9.32422,1
9.32422,0
9.32516,1
9.32516,0
9.3261,1
9.3261,0
9.32705,1
9.32705,0
9.32799,1
9.32799,0
9.32894,1
9.32894,0
9.32988,1
9.32988,0
9.33082,1
9.33082,0
9.33177,1
9.33177,0
9.33271,1
9.33271,0
9.33366,1
9.33366,0
9.3346,1
9.3346,0
9.33554,1
9.33554,0
9.33649,1
9.33649,0
9.33743,1
9.33743,0
9.33838,1
9.33838,0
9.33932,1
9.33932,0
9.34026,1
9.34026,0
9.34121,1
9.34121,0
9.34215,1
9.34215,0
9.3431,1
9.3431,0
9.34404,1
9.34404,0
9.34498,1
9.34498,0
9.34593,1
9.34593,0
9.34687,1
9.34687,0
9.34782,1
9.34782,0
9.34876,1
9.34876,0
9.3497,1
9.3497,0
9.35065,1
9.35065,0
9.35159,1
9.35159,0
9.35254,1
9.35254,0
9.35348,1
9.35348,0
9.35442,1
9.35442,0
9.35537,1
9.35537,0
9.35631,1
9.35631,0
9.35726,1
9.35726,0
9.3582,1
9.3582,0
9.35914,1
9.35914,0
9.36009,1
9.36009,0
9.36103,1
9.36103,0
9.36198,1
9.36198,0
9.36292,1
9.36292,0
9.36386,1
9.36386,0
9.36481,1
9.36481,0
9.36575,1
9.36575,0
9.3667,1
9.3667,0
9.36764,1
9.36764,0
9.36858,1
9.36858,0
9.36953,1
9.36953,0
9.37047,1
9.37047,0
9.37142,1
9.37142,0
9.37236,1
9.37236,0
9.3733,1
9.3733,0
9.37425,1
9.37425,0
9.37519,1
9.37519,0
9.37614,1
9.37614,0
9.37708,1
9.37708,0
9.37802,1
9.37802,0
9.37897,1
9.37897,0
9.37991,1
9.37991,0
9.38086,1
9.38086,0
9.3818,1
9.3818,0
9.38274,1
9.38274,0
9.38369,1
9.38369,0
9.38463,1
9.38463,0
9.38558,1
9.38558,0
9.38652,1
9.38652,0
9.38746,1
9.38746,0
9.38841,1
9.38841,0
9.38935,1
9.38935,0
9.3903,1
9.3903,0
9.39124,1
9.39124,0
9.39218,1
9.39218,0
9.39313,1
9.39313,0
9.39407,1
9.39407,0
9.39502,1
9.39502,0
9.39596,1
9.39596,0
9.3969,1
9.3969,0
9.39785,1
9.39785,0
9.39879,1
9.39879,0
9.39974,1
9.39974,0
9.40068,1
9.40068,0
9.40162,1
9.40162,0
9.40257,1
9.40257,0
9.40351,1
9.40351,0
9.40446,1
9.40446,0
9.4054,1
9.4054,0
9.40634,1
9.40634,0
9.40729,1
9.40729,0
9.40823,1
9.40823,0
9.40918,1
9.40918,0
9.41012,1
9.41012,0
9.41106,1
9.41106,0
9.41201,1
9.41201,0
9.41295,1
9.41295,0
9.4139,1
9.4139,0
9.41484,1
9.41484,0
9.41578,1
9.41578,0
9.41673,1
9.41673,0
9.41767,1
9.41767,0
9.41862,1
9.41862,0
9.41956,1
9.41956,0
9.4205,1
9.4205,0
9.42145,1
9.42145,0
9.42239,1
9.42239,0
9.42334,1
9.42334,0
9.42428,1
9.42428,0
9.42522,1
9.42522,0
9.42617,1
9.42617,0
9.42711,1
9.42711,0
9.42806,1
9.42806,0
9.429,1
9.429,0
9.42994,1
9.42994,0
9.43089,1
9.43089,0
9.43183,1
9.43183,0
9.43278,1
9.43278,0
9.43372,1
9.43372,0
9.43466,1
9.43466,0
9.43561,1
9.43561,0
9.43655,1
9.43655,0
9.4375,1
9.4375,0
9.43844,1
9.43844,0
9.43938,1
9.43938,0
9.44033,1
9.44033,0
9.44127,1
9.44127,0
9.44222,1
9.44222,0
9.44316,1
9.44316,0
9.4441,1
9.4441,0
9.44505,1
9.44505,0
9.44599,1
9.44599,0
9.44694,1
9.44694,0
9.44788,1
9.44788,0
9.44882,1
9.44882,0
9.44977,1
9.44977,0
9.45071,1
9.45071,0
9.45166,1
9.45166,0
9.4526,1
9.4526,0
9.45354,1
9.45354,0
9.45449,1
9.45449,0
9.45543,1
9.45543,0
9.45638,1
9.45638,0
9.45732,1
9.45732,0
9.45826,1
9.45826,0
9.45921,1
9.45921,0
9.46015,1
9.46015,0
9.4611,1
9.4611,0
9.46204,1
9.46204,0
9.46298,1
9.46298,0
9.46393,1
9.46393,0
9.46487,1
9.46487,0
9.46582,1
9.46582,0
9.46676,1
9.46676,0
9.4677,1
9.4677,0
9.46865,1
9.46865,0
9.46959,1
9.46959,0
9.47054,1
9.47054,0
9.47148,1
9.47148,0
9.47242,1
9.47242,0
9.47337,1
9.47337,0
9.47431,1
9.47431,0
9.47526,1
9.47526,0
9.4762,1
9.4762,0
9.47714,1
9.47714,0
9.47809,1
9.47809,0
9.47903,1
9.47903,0
9.47998,1
9.47998,0
9.48092,1
9.48092,0
9.48186,1
9.48186,0
9.48281,1
9.48281,0
9.48375,1
9.48375,0
9.4847,1
9.4847,0
9.48564,1
9.48564,0
9.48658,1
9.48658,0
9.48753,1
9.48753,0
9.48847,1
9.48847,0
9.48942,1
9.48942,0
9.49036,1
9.49036,0
9.4913,1
9.4913,0
9.49225,1
9.49225,0
9.49319,1
9.49319,0
9.49414,1
9.49414,0
9.49508,1
9.49508,0
9.49602,1
9.49602,0
9.49697,1
9.49697,0
9.49791,1
9.49791,0
9.49886,1
9.49886,0
9.4998,1
9.4998,0
9.50074,1
9.50074,0
9.50169,1
9.50169,0
9.50263,1
9.50263,0
9.50358,1
9.50358,0
9.50452,1
9.50452,0
9.50546,1
9.50546,0
9.50641,1
9.50641,0
9.50735,1
9.50735,0
9.5083,1
9.5083,0
9.50924,1
9.50924,0
9.51018,1
9.51018,0
9.51113,1
9.51113,0
9.51207,1
9.51207,0
9.51302,1
9.51302,0
9.51396,1
9.51396,0
9.5149,1
9.5149,0
9.51585,1
9.51585,0
9.51679,1
9.51679,0
9.51774,1
9.51774,0
9.51868,1
9.51868,0
9.51962,1
9.51962,0
9.52057,1
9.52057,0
9.52151,1
9.52151,0
9.52246,1
9.52246,0
9.5234,1
9.5234,0
9.52434,1
9.52434,0
9.52529,1
9.52529,0
9.52623,1
9.52623,0
9.52718,1
9.52718,0
9.52812,1
9.52812,0
9.52906,1
9.52906,0
9.53001,1
9.53001,0
9.53095,1
9.53095,0
9.5319,1
9.5319,0
9.53284,1
9.53284,0
9.53378,1
9.53378,0
9.53473,1
9.53473,0
9.53567,1
9.53567,0
9.53662,1
9.53662,0
9.53756,1
9.53756,0
9.5385,1
9.5385,0
9.53945,1
9.53945,0
9.54039,1
9.54039,0
9.54134,1
9.54134,0
9.54228,1
9.54228,0
9.54322,1
9.54322,0
9.54417,1
9.54417,0
9.54511,1
9.54511,0
9.54606,1
9.54606,0
9.547,1
9.547,0
9.54794,1
9.54794,0
9.54889,1
9.54889,0
9.54983,1
9.54983,0
9.55078,1
9.55078,0
9.55172,1
9.55172,0
9.55266,1
9.55266,0
9.55361,1
9.55361,0
9.55455,1
9.55455,0
9.5555,1
9.5555,0
9.55644,1
9.55644,0
9.55738,1
9.55738,0
9.55833,1
9.55833,0
9.55927,1
9.55927,0
9.56022,1
9.56022,0
9.56116,1
9.56116,0
9.5621,1
9.5621,0
9.56305,1
9.56305,0
9.56399,1
9.56399,0
9.56494,1
9.56494,0
9.56588,1
9.56588,0
9.56682,1
9.56682,0
9.56777,1
9.56777,0
9.56871,1
9.56871,0
9.56966,1
9.56966,0
9.5706,1
9.5706,0
9.57154,1
9.57154,0
9.57249,1
9.57249,0
9.57343,1
9.57343,0
9.57438,1
9.57438,0
9.57532,1
9.57532,0
9.57626,1
9.57626,0
9.57721,1
9.57721,0
9.57815,1
9.57815,0
9.5791,1
9.5791,0
9.58004,1
9.58004,0
9.58098,1
9.58098,0
9.58193,1
9.58193,0
9.58287,1
9.58287,0
9.58382,1
9.58382,0
9.58476,1
9.58476,0
9.5857,1
9.5857,0
9.58665,1
9.58665,0
9.58759,1
9.58759,0
9.58854,1
9.58854,0
9.58948,1
9.58948,0
9.59042,1
9.59042,0
9.59137,1
9.59137,0
9.59231,1
9.59231,0
9.59326,1
9.59326,0
9.5942,1
9.5942,0
9.59514,1
9.59514,0
9.59609,1
9.59609,0
9.59703,1
9.59703,0
9.59798,1
9.59798,0
9.59892,1
9.59892,0
9.59986,1
9.59986,0
9.60081,1
9.60081,0
9.60175,1
9.60175,0
9.6027,1
9.6027,0
9.60364,1
9.60364,0
9.60458,1
9.60458,0
9.60553,1
9.60553,0
9.60647,1
9.60647,0
9.60742,1
9.60742,0
9.60836,1
9.60836,0
9.6093,1
9.6093,0
9.61025,1
9.61025,0
9.61119,1
9.61119,0
9.61214,1
9.61214,0
9.61308,1
9.61308,0
9.61402,1
9.61402,0
9.61497,1
9.61497,0
9.61591,1
9.61591,0
9.61686,1
9.61686,0
9.6178,1
9.6178,0
9.61874,1
9.61874,0
9.61969,1
9.61969,0
9.62063,1
9.62063,0
9.62158,1
9.62158,0
9.62252,1
9.62252,0
9.62346,1
9.62346,0
9.62441,1
9.62441,0
9.62535,1
9.62535,0
9.6263,1
9.6263,0
9.62724,1
9.62724,0
9.62818,1
9.62818,0
9.62913,1
9.62913,0
9.63007,1
9.63007,0
9.63102,1
9.63102,0
9.63196,1
9.63196,0
9.6329,1
9.6329,0
9.63385,1
9.63385,0
9.63479,1
9.63479,0
9.63574,1
9.63574,0
9.63668,1
9.63668,0
9.63762,1
9.63762,0
9.63857,1
9.63857,0
9.63951,1
9.63951,0
9.64046,1
9.64046,0
9.6414,1
9.6414,0
9.64234,1
9.64234,0
9.64329,1
9.64329,0
9.64423,1
9.64423,0
9.64518,1
9.64518,0
9.64612,1
9.64612,0
9.64706,1
9.64706,0
9.64801,1
9.64801,0
9.64895,1
9.64895,0
9.6499,1
9.6499,0
9.65084,1
9.65084,0
9.65178,1
9.65178,0
9.65273,1
9.65273,0
9.65367,1
9.65367,0
9.65462,1
9.65462,0
9.65556,1
9.65556,0
9.6565,1
9.6565,0
9.65745,1
9.65745,0
9.65839,1
9.65839,0
9.65934,1
9.65934,0
9.66028,1
9.66028,0
9.66122,1
9.66122,0
9.66217,1
9.66217,0
9.66311,1
9.66311,0
9.66406,1
9.66406,0
9.665,1
9.665,0
9.66594,1
9.66594,0
9.66689,1
9.66689,0
9.66783,1
9.66783,0
9.66878,1
9.66878,0
9.66972,1
9.66972,0
9.67066,1
9.67066,0
9.67161,1
9.67161,0
9.67255,1
9.67255,0
9.6735,1
9.6735,0
9.67444,1
9.67444,0
9.67538,1
9.67538,0
9.67633,1
9.67633,0
9.67727,1
9.67727,0
9.67822,1
9.67822,0
9.67916,1
9.67916,0
9.6801,1
9.6801,0
9.68105,1
9.68105,0
9.68199,1
9.68199,0
9.68294,1
9.68294,0
9.68388,1
9.68388,0
9.68482,1
9.68482,0
9.68577,1
9.68577,0
9.68671,1
9.68671,0
9.68766,1
9.68766,0
9.6886,1
9.6886,0
9.68954,1
9.68954,0
9.69049,1
9.69049,0
9.69143,1
9.69143,0
9.69238,1
9.69238,0
9.69332,1
9.69332,0
9.69426,1
9.69426,0
9.69521,1
9.69521,0
9.69615,1
9.69615,0
9.6971,1
9.6971,0
9.69804,1
9.69804,0
9.69898,1
9.69898,0
9.69993,1
9.69993,0
9.70087,1
9.70087,0
9.70182,1
9.70182,0
9.70276,1
9.70276,0
9.7037,1
9.7037,0
9.70465,1
9.70465,0
9.70559,1
9.70559,0
9.70654,1
9.70654,0
9.70748,1
9.70748,0
9.70842,1
9.70842,0
9.70937,1
9.70937,0
9.71031,1
9.71031,0
9.71126,1
9.71126,0
9.7122,1
9.7122,0
9.71314,1
9.71314,0
9.71409,1
9.71409,0
9.71503,1
9.71503,0
9.71598,1
9.71598,0
9.71692,1
9.71692,0
9.71786,1
9.71786,0
9.71881,1
9.71881,0
9.71975,1
9.71975,0
9.7207,1
9.7207,0
9.72164,1
9.72164,0
9.72258,1
9.72258,0
9.72353,1
9.72353,0
9.72447,1
9.72447,0
9.72542,1
9.72542,0
9.72636,1
9.72636,0
9.7273,1
9.7273,0
9.72825,1
9.72825,0
9.72919,1
9.72919,0
9.73014,1
9.73014,0
9.73108,1
9.73108,0
9.73202,1
9.73202,0
9.73297,1
9.73297,0
9.73391,1
9.73391,0
9.73486,1
9.73486,0
9.7358,1
9.7358,0
9.73674,1
9.73674,0
9.73769,1
9.73769,0
9.73863,1
9.73863,0
9.73958,1
9.73958,0
9.74052,1
9.74052,0
9.74146,1
9.74146,0
9.74241,1
9.74241,0
9.74335,1
9.74335,0
9.7443,1
9.7443,0
9.74524,1
9.74524,0
9.74618,1
9.74618,0
9.74713,1
9.74713,0
9.74807,1
9.74807,0
9.74902,1
9.74902,0
9.74996,1
9.74996,0
9.7509,1
9.7509,0
9.75185,1
9.75185,0
9.75279,1
9.75279,0
9.75374,1
9.75374,0
9.75468,1
9.75468,0
9.75562,1
9.75562,0
9.75657,1
9.75657,0
9.75751,1
9.75751,0
9.75846,1
9.75846,0
9.7594,1
9.7594,0
9.76034,1
9.76034,0
9.76129,1
9.76129,0
9.76223,1
9.76223,0
9.76318,1
9.76318,0
9.76412,1
9.76412,0
9.76506,1
9.76506,0
9.76601,1
9.76601,0
9.76695,1
9.76695,0
9.7679,1
9.7679,0
9.76884,1
9.76884,0
9.76978,1
9.76978,0
9.77073,1
9.77073,0
9.77167,1
9.77167,0
9.77262,1
9.77262,0
9.77356,1
9.77356,0
9.7745,1
9.7745,0
9.77545,1
9.77545,0
9.77639,1
9.77639,0
9.77734,1
9.77734,0
9.77828,1
9.77828,0
9.77922,1
9.77922,0
9.78017,1
9.78017,0
9.78111,1
9.78111,0
9.78206,1
9.78206,0
9.783,1
9.783,0
9.78394,1
9.78394,0
9.78489,1
9.78489,0
9.78583,1
9.78583,0
9.78678,1
9.78678,0
9.78772,1
9.78772,0
9.78866,1
9.78866,0
9.78961,1
9.78961,0
9.79055,1
9.79055,0
9.7915,1
9.7915,0
9.79244,1
9.79244,0
9.79338,1
9.79338,0
9.79433,1
9.79433,0
9.79527,1
9.79527,0
9.79622,1
9.79622,0
9.79716,1
9.79716,0
9.7981,1
9.7981,0
9.79905,1
9.79905,0
9.79999,1
9.79999,0
9.80094,1
9.80094,0
9.80188,1
9.80188,0
9.80282,1
9.80282,0
9.80377,1
9.80377,0
9.80471,1
9.80471,0
9.80566,1
9.80566,0
9.8066,1
9.8066,0
9.80754,1
9.80754,0
9.80849,1
9.80849,0
9.80943,1
9.80943,0
9.81038,1
9.81038,0
9.81132,1
9.81132,0
9.81226,1
9.81226,0
9.81321,1
9.81321,0
9.81415,1
9.81415,0
9.8151,1
9.8151,0
9.81604,1
9.81604,0
9.81698,1
9.81698,0
9.81793,1
9.81793,0
9.81887,1
9.81887,0
9.81982,1
9.81982,0
9.82076,1
9.82076,0
9.8217,1
9.8217,0
9.82265,1
9.82265,0
9.82359,1
9.82359,0
9.82454,1
9.82454,0
9.82548,1
9.82548,0
9.82642,1
9.82642,0
9.82737,1
9.82737,0
9.82831,1
9.82831,0
9.82926,1
9.82926,0
9.8302,1
9.8302,0
9.83114,1
9.83114,0
9.83209,1
9.83209,0
9.83303,1
9.83303,0
9.83398,1
9.83398,0
9.83492,1
9.83492,0
9.83586,1
9.83586,0
9.83681,1
9.83681,0
9.83775,1
9.83775,0
9.8387,1
9.8387,0
9.83964,1
9.83964,0
9.84058,1
9.84058,0
9.84153,1
9.84153,0
9.84247,1
9.84247,0
9.84342,1
9.84342,0
9.84436,1
9.84436,0
9.8453,1
9.8453,0
9.84625,1
9.84625,0
9.84719,1
9.84719,0
9.84814,1
9.84814,0
9.84908,1
9.84908,0
9.85002,1
9.85002,0
9.85097,1
9.85097,0
9.85191,1
9.85191,0
9.85286,1
9.85286,0
9.8538,1
9.8538,0
9.85474,1
9.85474,0
9.85569,1
9.85569,0
9.85663,1
9.85663,0
9.85758,1
9.85758,0
9.85852,1
9.85852,0
9.85946,1
9.85946,0
9.86041,1
9.86041,0
9.86135,1
9.86135,0
9.8623,1
9.8623,0
9.86324,1
9.86324,0
9.86418,1
9.86418,0
9.86513,1
9.86513,0
9.86607,1
9.86607,0
9.86702,1
9.86702,0
9.86796,1
9.86796,0
9.8689,1
9.8689,0
9.86985,1
9.86985,0
9.87079,1
9.87079,0
9.87174,1
9.87174,0
9.87268,1
9.87268,0
9.87362,1
9.87362,0
9.87457,1
9.87457,0
9.87551,1
9.87551,0
9.87646,1
9.87646,0
9.8774,1
9.8774,0
9.87834,1
9.87834,0
9.87929,1
9.87929,0
9.88023,1
9.88023,0
9.88118,1
9.88118,0
9.88212,1
9.88212,0
9.88306,1
9.88306,0
9.88401,1
9.88401,0
9.88495,1
9.88495,0
9.8859,1
9.8859,0
9.88684,1
9.88684,0
9.88778,1
9.88778,0
9.88873,1
9.88873,0
9.88967,1
9.88967,0
9.89062,1
9.89062,0
9.89156,1
9.89156,0
9.8925,1
9.8925,0
9.89345,1
9.89345,0
9.89439,1
9.89439,0
9.89534,1
9.89534,0
9.89628,1
9.89628,0
9.89722,1
9.89722,0
9.89817,1
9.89817,0
9.89911,1
9.89911,0
9.90006,1
9.90006,0
9.901,1
9.901,0
9.90194,1
9.90194,0
9.90289,1
9.90289,0
9.90383,1
9.90383,0
9.90478,1
9.90478,0
9.90572,1
9.90572,0
9.90666,1
9.90666,0
9.90761,1
9.90761,0
9.90855,1
9.90855,0
9.9095,1
9.9095,0
9.91044,1
9.91044,0
9.91138,1
9.91138,0
9.91233,1
9.91233,0
9.91327,1
9.91327,0
9.91422,1
9.91422,0
9.91516,1
9.91516,0
9.9161,1
9.9161,0
9.91705,1
9.91705,0
9.91799,1
9.91799,0
9.91894,1
9.91894,0
9.91988,1
9.91988,0
9.92082,1
9.92082,0
9.92177,1
9.92177,0
9.92271,1
9.92271,0
9.92366,1
9.92366,0
9.9246,1
9.9246,0
9.92554,1
9.92554,0
9.92649,1
9.92649,0
9.92743,1
9.92743,0
9.92838,1
9.92838,0
9.92932,1
9.92932,0
9.93026,1
9.93026,0
9.93121,1
9.93121,0
9.93215,1
9.93215,0
9.9331,1
9.9331,0
9.93404,1
9.93404,0
9.93498,1
9.93498,0
9.93593,1
9.93593,0
9.93687,1
9.93687,0
9.93782,1
9.93782,0
9.93876,1
9.93876,0
9.9397,1
9.9397,0
9.94065,1
9.94065,0
9.94159,1
9.94159,0
9.94254,1
9.94254,0
9.94348,1
9.94348,0
9.94442,1
9.94442,0
9.94537,1
9.94537,0
9.94631,1
9.94631,0
9.94726,1
9.94726,0
9.9482,1
9.9482,0
9.94914,1
9.94914,0
9.95009,1
9.95009,0
9.95103,1
9.95103,0
9.95198,1
9.95198,0
9.95292,1
9.95292,0
9.95386,1
9.95386,0
9.95481,1
9.95481,0
9.95575,1
9.95575,0
9.9567,1
9.9567,0
9.95764,1
9.95764,0
9.95858,1
9.95858,0
9.95953,1
9.95953,0
9.96047,1
9.96047,0
9.96142,1
9.96142,0
9.96236,1
9.96236,0
9.9633,1
9.9633,0
9.96425,1
9.96425,0
9.96519,1
9.96519,0
9.96614,1
9.96614,0
9.96708,1
9.96708,0
9.96802,1
9.96802,0
9.96897,1
9.96897,0
9.96991,1
9.96991,0
9.97086,1
9.97086,0
9.9718,1
9.9718,0
9.97274,1
9.97274,0
9.97369,1
9.97369,0
9.97463,1
9.97463,0
9.97558,1
9.97558,0
9.97652,1
9.97652,0
9.97746,1
9.97746,0
9.97841,1
9.97841,0
9.97935,1
9.97935,0
9.9803,1
9.9803,0
9.98124,1
9.98124,0
9.98218,1
9.98218,0
9.98313,1
9.98313,0
9.98407,1
9.98407,0
9.98502,1
9.98502,0
9.98596,1
9.98596,0
9.9869,1
9.9869,0
9.98785,1
9.98785,0
9.98879,1
9.98879,0
9.98974,1
9.98974,0
9.99068,1
9.99068,0
9.99162,1
9.99162,0
9.99257,1
9.99257,0
9.99351,1
9.99351,0
9.99446,1
9.99446,0
9.9954,1
9.9954,0
9.99634,1
9.99634,0
9.99729,1
9.99729,0
9.99823,1
9.99823,0
9.99918,1
9.99918,0
10.0001,1
10.0001,0
10.0011,1
10.0011,0
10.002,1
10.002,0
10.003,1
10.003,0
10.0039,1
10.0039,0
10.0048,1
10.0048,0
10.0058,1
10.0058,0
10.0067,1
10.0067,0
10.0077,1
10.0077,0
10.0086,1
10.0086,0
10.0096,1
10.0096,0
10.0105,1
10.0105,0
10.0114,1
10.0114,0
10.0124,1
10.0124,0
10.0133,1
10.0133,0
10.0143,1
10.0143,0
10.0152,1
10.0152,0
10.0162,1
10.0162,0
10.0171,1
10.0171,0
10.0181,1
10.0181,0
10.019,1
10.019,0
10.0199,1
10.0199,0
10.0209,1
10.0209,0
10.0218,1
10.0218,0
10.0228,1
10.0228,0
10.0237,1
10.0237,0
10.0247,1
10.0247,0
10.0256,1
10.0256,0
10.0266,1
10.0266,0
10.0275,1
10.0275,0
10.0284,1
10.0284,0
10.0294,1
10.0294,0
10.0303,1
10.0303,0
10.0313,1
10.0313,0
10.0322,1
10.0322,0
10.0332,1
10.0332,0
10.0341,1
10.0341,0
10.035,1
10.035,0
10.036,1
10.036,0
10.0369,1
10.0369,0
10.0379,1
10.0379,0
10.0388,1
10.0388,0
10.0398,1
10.0398,0
10.0407,1
10.0407,0
10.0417,1
10.0417,0
10.0426,1
10.0426,0
10.0435,1
10.0435,0
10.0445,1
10.0445,0
10.0454,1
10.0454,0
10.0464,1
10.0464,0
10.0473,1
10.0473,0
10.0483,1
10.0483,0
10.0492,1
10.0492,0
10.0502,1
10.0502,0
10.0511,1
10.0511,0
10.052,1
10.052,0
10.053,1
10.053,0
10.0539,1
10.0539,0
10.0549,1
10.0549,0
10.0558,1
10.0558,0
10.0568,1
10.0568,0
10.0577,1
10.0577,0
10.0586,1
10.0586,0
10.0596,1
10.0596,0
10.0605,1
10.0605,0
10.0615,1
10.0615,0
10.0624,1
10.0624,0
10.0634,1
10.0634,0
10.0643,1
10.0643,0
10.0653,1
10.0653,0
10.0662,1
10.0662,0
10.0671,1
10.0671,0
10.0681,1
10.0681,0
10.069,1
10.069,0
10.07,1
10.07,0
10.0709,1
10.0709,0
10.0719,1
10.0719,0
10.0728,1
10.0728,0
10.0738,1
10.0738,0
10.0747,1
10.0747,0
10.0756,1
10.0756,0
10.0766,1
10.0766,0
10.0775,1
10.0775,0
10.0785,1
10.0785,0
10.0794,1
10.0794,0
10.0804,1
10.0804,0
10.0813,1
10.0813,0
10.0822,1
10.0822,0
10.0832,1
10.0832,0
10.0841,1
10.0841,0
10.0851,1
10.0851,0
10.086,1
10.086,0
10.087,1
10.087,0
10.0879,1
10.0879,0
10.0889,1
10.0889,0
10.0898,1
10.0898,0
10.0907,1
10.0907,0
10.0917,1
10.0917,0
10.0926,1
10.0926,0
10.0936,1
10.0936,0
10.0945,1
10.0945,0
10.0955,1
10.0955,0
10.0964,1
10.0964,0
10.0974,1
10.0974,0
10.0983,1
10.0983,0
10.0992,1
10.0992,0
10.1002,1
10.1002,0
10.1011,1
10.1011,0
10.1021,1
10.1021,0
10.103,1
10.103,0
10.104,1
10.104,0
10.1049,1
10.1049,0
10.1058,1
10.1058,0
10.1068,1
10.1068,0
10.1077,1
10.1077,0
10.1087,1
10.1087,0
10.1096,1
10.1096,0
10.1106,1
10.1106,0
10.1115,1
10.1115,0
10.1125,1
10.1125,0
10.1134,1
10.1134,0
10.1143,1
10.1143,0
10.1153,1
10.1153,0
10.1162,1
10.1162,0
10.1172,1
10.1172,0
10.1181,1
10.1181,0
10.1191,1
10.1191,0
10.12,1
10.12,0
10.121,1
10.121,0
10.1219,1
10.1219,0
10.1228,1
10.1228,0
10.1238,1
10.1238,0
10.1247,1
10.1247,0
10.1257,1
10.1257,0
10.1266,1
10.1266,0
10.1276,1
10.1276,0
10.1285,1
10.1285,0
10.1294,1
10.1294,0
10.1304,1
10.1304,0
10.1313,1
10.1313,0
10.1323,1
10.1323,0
10.1332,1
10.1332,0
10.1342,1
10.1342,0
10.1351,1
10.1351,0
10.1361,1
10.1361,0
10.137,1
10.137,0
10.1379,1
10.1379,0
10.1389,1
10.1389,0
10.1398,1
10.1398,0
10.1408,1
10.1408,0
10.1417,1
10.1417,0
10.1427,1
10.1427,0
10.1436,1
10.1436,0
10.1446,1
10.1446,0
10.1455,1
10.1455,0
10.1464,1
10.1464,0
10.1474,1
10.1474,0
10.1483,1
10.1483,0
10.1493,1
10.1493,0
10.1502,1
10.1502,0
10.1512,1
10.1512,0
10.1521,1
10.1521,0
10.153,1
10.153,0
10.154,1
10.154,0
10.1549,1
10.1549,0
10.1559,1
10.1559,0
10.1568,1
10.1568,0
10.1578,1
10.1578,0
10.1587,1
10.1587,0
10.1597,1
10.1597,0
10.1606,1
10.1606,0
10.1615,1
10.1615,0
10.1625,1
10.1625,0
10.1634,1
10.1634,0
10.1644,1
10.1644,0
10.1653,1
10.1653,0
10.1663,1
10.1663,0
10.1672,1
10.1672,0
10.1682,1
10.1682,0
10.1691,1
10.1691,0
10.17,1
10.17,0
10.171,1
10.171,0
10.1719,1
10.1719,0
10.1729,1
10.1729,0
10.1738,1
10.1738,0
10.1748,1
10.1748,0
10.1757,1
10.1757,0
10.1766,1
10.1766,0
10.1776,1
10.1776,0
10.1785,1
10.1785,0
10.1795,1
10.1795,0
10.1804,1
10.1804,0
10.1814,1
10.1814,0
10.1823,1
10.1823,0
10.1833,1
10.1833,0
10.1842,1
10.1842,0
10.1851,1
10.1851,0
10.1861,1
10.1861,0
10.187,1
10.187,0
10.188,1
10.188,0
10.1889,1
10.1889,0
10.1899,1
10.1899,0
10.1908,1
10.1908,0
10.1918,1
10.1918,0
10.1927,1
10.1927,0
10.1936,1
10.1936,0
10.1946,1
10.1946,0
10.1955,1
10.1955,0
10.1965,1
10.1965,0
10.1974,1
10.1974,0
10.1984,1
10.1984,0
10.1993,1
10.1993,0
10.2002,1
10.2002,0
10.2012,1
10.2012,0
10.2021,1
10.2021,0
10.2031,1
10.2031,0
10.204,1
10.204,0
10.205,1
10.205,0
10.2059,1
10.2059,0
10.2069,1
10.2069,0
10.2078,1
10.2078,0
10.2087,1
10.2087,0
10.2097,1
10.2097,0
10.2106,1
10.2106,0
10.2116,1
10.2116,0
10.2125,1
10.2125,0
10.2135,1
10.2135,0
10.2144,1
10.2144,0
10.2154,1
10.2154,0
10.2163,1
10.2163,0
10.2172,1
10.2172,0
10.2182,1
10.2182,0
10.2191,1
10.2191,0
10.2201,1
10.2201,0
10.221,1
10.221,0
10.222,1
10.222,0
10.2229,1
10.2229,0
10.2238,1
10.2238,0
10.2248,1
10.2248,0
10.2257,1
10.2257,0
10.2267,1
10.2267,0
10.2276,1
10.2276,0
10.2286,1
10.2286,0
10.2295,1
10.2295,0
10.2305,1
10.2305,0
10.2314,1
10.2314,0
10.2323,1
10.2323,0
10.2333,1
10.2333,0
10.2342,1
10.2342,0
10.2352,1
10.2352,0
10.2361,1
10.2361,0
10.2371,1
10.2371,0
10.238,1
10.238,0
10.239,1
10.239,0
10.2399,1
10.2399,0
10.2408,1
10.2408,0
10.2418,1
10.2418,0
10.2427,1
10.2427,0
10.2437,1
10.2437,0
10.2446,1
10.2446,0
10.2456,1
10.2456,0
10.2465,1
10.2465,0
10.2474,1
10.2474,0
10.2484,1
10.2484,0
10.2493,1
10.2493,0
10.2503,1
10.2503,0
10.2512,1
10.2512,0
10.2522,1
10.2522,0
10.2531,1
10.2531,0
10.2541,1
10.2541,0
10.255,1
10.255,0
10.2559,1
10.2559,0
10.2569,1
10.2569,0
10.2578,1
10.2578,0
10.2588,1
10.2588,0
10.2597,1
10.2597,0
10.2607,1
10.2607,0
10.2616,1
10.2616,0
10.2626,1
10.2626,0
10.2635,1
10.2635,0
10.2644,1
10.2644,0
10.2654,1
10.2654,0
10.2663,1
10.2663,0
10.2673,1
10.2673,0
10.2682,1
10.2682,0
10.2692,1
10.2692,0
10.2701,1
10.2701,0
10.271,1
10.271,0
10.272,1
10.272,0
10.2729,1
10.2729,0
10.2739,1
10.2739,0
10.2748,1
10.2748,0
10.2758,1
10.2758,0
10.2767,1
10.2767,0
10.2777,1
10.2777,0
10.2786,1
10.2786,0
10.2795,1
10.2795,0
10.2805,1
10.2805,0
10.2814,1
10.2814,0
10.2824,1
10.2824,0
10.2833,1
10.2833,0
10.2843,1
10.2843,0
10.2852,1
10.2852,0
10.2862,1
10.2862,0
10.2871,1
10.2871,0
10.288,1
10.288,0
10.289,1
10.289,0
10.2899,1
10.2899,0
10.2909,1
10.2909,0
10.2918,1
10.2918,0
10.2928,1
10.2928,0
10.2937,1
10.2937,0
10.2946,1
10.2946,0
10.2956,1
10.2956,0
10.2965,1
10.2965,0
10.2975,1
10.2975,0
10.2984,1
10.2984,0
10.2994,1
10.2994,0
10.3003,1
10.3003,0
10.3013,1
10.3013,0
10.3022,1
10.3022,0
10.3031,1
10.3031,0
10.3041,1
10.3041,0
10.305,1
10.305,0
10.306,1
10.306,0
10.3069,1
10.3069,0
10.3079,1
10.3079,0
10.3088,1
10.3088,0
10.3098,1
10.3098,0
10.3107,1
10.3107,0
10.3116,1
10.3116,0
10.3126,1
10.3126,0
10.3135,1
10.3135,0
10.3145,1
10.3145,0
10.3154,1
10.3154,0
10.3164,1
10.3164,0
10.3173,1
10.3173,0
10.3182,1
10.3182,0
10.3192,1
10.3192,0
10.3201,1
10.3201,0
10.3211,1
10.3211,0
10.322,1
10.322,0
10.323,1
10.323,0
10.3239,1
10.3239,0
10.3249,1
10.3249,0
10.3258,1
10.3258,0
10.3267,1
10.3267,0
10.3277,1
10.3277,0
10.3286,1
10.3286,0
10.3296,1
10.3296,0
10.3305,1
10.3305,0
10.3315,1
10.3315,0
10.3324,1
10.3324,0
10.3334,1
10.3334,0
10.3343,1
10.3343,0
10.3352,1
10.3352,0
10.3362,1
10.3362,0
10.3371,1
10.3371,0
10.3381,1
10.3381,0
10.339,1
10.339,0
10.34,1
10.34,0
10.3409,1
10.3409,0
10.3418,1
10.3418,0
10.3428,1
10.3428,0
10.3437,1
10.3437,0
10.3447,1
10.3447,0
10.3456,1
10.3456,0
10.3466,1
10.3466,0
10.3475,1
10.3475,0
10.3485,1
10.3485,0
10.3494,1
10.3494,0
10.3503,1
10.3503,0
10.3513,1
10.3513,0
10.3522,1
10.3522,0
10.3532,1
10.3532,0
10.3541,1
10.3541,0
10.3551,1
10.3551,0
10.356,1
10.356,0
10.357,1
10.357,0
10.3579,1
10.3579,0
10.3588,1
10.3588,0
10.3598,1
10.3598,0
10.3607,1
10.3607,0
10.3617,1
10.3617,0
10.3626,1
10.3626,0
10.3636,1
10.3636,0
10.3645,1
10.3645,0
10.3654,1
10.3654,0
10.3664,1
10.3664,0
10.3673,1
10.3673,0
10.3683,1
10.3683,0
10.3692,1
10.3692,0
10.3702,1
10.3702,0
10.3711,1
10.3711,0
10.3721,1
10.3721,0
10.373,1
10.373,0
10.3739,1
10.3739,0
10.3749,1
10.3749,0
10.3758,1
10.3758,0
10.3768,1
10.3768,0
10.3777,1
10.3777,0
10.3787,1
10.3787,0
10.3796,1
10.3796,0
10.3806,1
10.3806,0
10.3815,1
10.3815,0
10.3824,1
10.3824,0
10.3834,1
10.3834,0
10.3843,1
10.3843,0
10.3853,1
10.3853,0
10.3862,1
10.3862,0
10.3872,1
10.3872,0
10.3881,1
10.3881,0
10.389,1
10.389,0
10.39,1
10.39,0
10.3909,1
10.3909,0
10.3919,1
10.3919,0
10.3928,1
10.3928,0
10.3938,1
10.3938,0
10.3947,1
10.3947,0
10.3957,1
10.3957,0
10.3966,1
10.3966,0
10.3975,1
10.3975,0
10.3985,1
10.3985,0
10.3994,1
10.3994,0
10.4004,1
10.4004,0
10.4013,1
10.4013,0
10.4023,1
10.4023,0
10.4032,1
10.4032,0
10.4042,1
10.4042,0
10.4051,1
10.4051,0
10.406,1
10.406,0
10.407,1
10.407,0
10.4079,1
10.4079,0
10.4089,1
10.4089,0
10.4098,1
10.4098,0
10.4108,1
10.4108,0
10.4117,1
10.4117,0
10.4126,1
10.4126,0
10.4136,1
10.4136,0
10.4145,1
10.4145,0
10.4155,1
10.4155,0
10.4164,1
10.4164,0
10.4174,1
10.4174,0
10.4183,1
10.4183,0
10.4193,1
10.4193,0
10.4202,1
10.4202,0
10.4211,1
10.4211,0
10.4221,1
10.4221,0
10.423,1
10.423,0
10.424,1
10.424,0
10.4249,1
10.4249,0
10.4259,1
10.4259,0
10.4268,1
10.4268,0
10.4278,1
10.4278,0
10.4287,1
10.4287,0
10.4296,1
10.4296,0
10.4306,1
10.4306,0
10.4315,1
10.4315,0
10.4325,1
10.4325,0
10.4334,1
10.4334,0
10.4344,1
10.4344,0
10.4353,1
10.4353,0
10.4362,1
10.4362,0
10.4372,1
10.4372,0
10.4381,1
10.4381,0
10.4391,1
10.4391,0
10.44,1
10.44,0
10.441,1
10.441,0
10.4419,1
10.4419,0
10.4429,1
10.4429,0
10.4438,1
10.4438,0
10.4447,1
10.4447,0
10.4457,1
10.4457,0
10.4466,1
10.4466,0
10.4476,1
10.4476,0
10.4485,1
10.4485,0
10.4495,1
10.4495,0
10.4504,1
10.4504,0
10.4514,1
10.4514,0
10.4523,1
10.4523,0
10.4532,1
10.4532,0
10.4542,1
10.4542,0
10.4551,1
10.4551,0
10.4561,1
10.4561,0
10.457,1
10.457,0
10.458,1
10.458,0
10.4589,1
10.4589,0
10.4598,1
10.4598,0
10.4608,1
10.4608,0
10.4617,1
10.4617,0
10.4627,1
10.4627,0
10.4636,1
10.4636,0
10.4646,1
10.4646,0
10.4655,1
10.4655,0
10.4665,1
10.4665,0
10.4674,1
10.4674,0
10.4683,1
10.4683,0
10.4693,1
10.4693,0
10.4702,1
10.4702,0
10.4712,1
10.4712,0
10.4721,1
10.4721,0
10.4731,1
10.4731,0
10.474,1
10.474,0
10.475,1
10.475,0
10.4759,1
10.4759,0
10.4768,1
10.4768,0
10.4778,1
10.4778,0
10.4787,1
10.4787,0
10.4797,1
10.4797,0
10.4806,1
10.4806,0
10.4816,1
10.4816,0
10.4825,1
10.4825,0
10.4834,1
10.4834,0
10.4844,1
10.4844,0
10.4853,1
10.4853,0
10.4863,1
10.4863,0
10.4872,1
10.4872,0
10.4882,1
10.4882,0
10.4891,1
10.4891,0
10.4901,1
10.4901,0
10.491,1
10.491,0
10.4919,1
10.4919,0
10.4929,1
10.4929,0
10.4938,1
10.4938,0
10.4948,1
10.4948,0
10.4957,1
10.4957,0
10.4967,1
10.4967,0
10.4976,1
10.4976,0
10.4986,1
10.4986,0
10.4995,1
10.4995,0
10.5004,1
10.5004,0
10.5014,1
10.5014,0
10.5023,1
10.5023,0
10.5033,1
10.5033,0
10.5042,1
10.5042,0
10.5052,1
10.5052,0
10.5061,1
10.5061,0
10.507,1
10.507,0
10.508,1
10.508,0
10.5089,1
10.5089,0
10.5099,1
10.5099,0
10.5108,1
10.5108,0
10.5118,1
10.5118,0
10.5127,1
10.5127,0
10.5137,1
10.5137,0
10.5146,1
10.5146,0
10.5155,1
10.5155,0
10.5165,1
10.5165,0
10.5174,1
10.5174,0
10.5184,1
10.5184,0
10.5193,1
10.5193,0
10.5203,1
10.5203,0
10.5212,1
10.5212,0
10.5222,1
10.5222,0
10.5231,1
10.5231,0
10.524,1
10.524,0
10.525,1
10.525,0
10.5259,1
10.5259,0
10.5269,1
10.5269,0
10.5278,1
10.5278,0
10.5288,1
10.5288,0
10.5297,1
10.5297,0
10.5306,1
10.5306,0
10.5316,1
10.5316,0
10.5325,1
10.5325,0
10.5335,1
10.5335,0
10.5344,1
10.5344,0
10.5354,1
10.5354,0
10.5363,1
10.5363,0
10.5373,1
10.5373,0
10.5382,1
10.5382,0
10.5391,1
10.5391,0
10.5401,1
10.5401,0
10.541,1
10.541,0
10.542,1
10.542,0
10.5429,1
10.5429,0
10.5439,1
10.5439,0
10.5448,1
10.5448,0
10.5458,1
10.5458,0
10.5467,1
10.5467,0
10.5476,1
10.5476,0
10.5486,1
10.5486,0
10.5495,1
10.5495,0
10.5505,1
10.5505,0
10.5514,1
10.5514,0
10.5524,1
10.5524,0
10.5533,1
10.5533,0
10.5542,1
10.5542,0
10.5552,1
10.5552,0
10.5561,1
10.5561,0
10.5571,1
10.5571,0
10.558,1
10.558,0
10.559,1
10.559,0
10.5599,1
10.5599,0
10.5609,1
10.5609,0
10.5618,1
10.5618,0
10.5627,1
10.5627,0
10.5637,1
10.5637,0
10.5646,1
10.5646,0
10.5656,1
10.5656,0
10.5665,1
10.5665,0
10.5675,1
10.5675,0
10.5684,1
10.5684,0
10.5694,1
10.5694,0
10.5703,1
10.5703,0
10.5712,1
10.5712,0
10.5722,1
10.5722,0
10.5731,1
10.5731,0
10.5741,1
10.5741,0
10.575,1
10.575,0
10.576,1
10.576,0
10.5769,1
10.5769,0
10.5778,1
10.5778,0
10.5788,1
10.5788,0
10.5797,1
10.5797,0
10.5807,1
10.5807,0
10.5816,1
10.5816,0
10.5826,1
10.5826,0
10.5835,1
10.5835,0
10.5845,1
10.5845,0
10.5854,1
10.5854,0
10.5863,1
10.5863,0
10.5873,1
10.5873,0
10.5882,1
10.5882,0
10.5892,1
10.5892,0
10.5901,1
10.5901,0
10.5911,1
10.5911,0
10.592,1
10.592,0
10.593,1
10.593,0
10.5939,1
10.5939,0
10.5948,1
10.5948,0
10.5958,1
10.5958,0
10.5967,1
10.5967,0
10.5977,1
10.5977,0
10.5986,1
10.5986,0
10.5996,1
10.5996,0
10.6005,1
10.6005,0
10.6014,1
10.6014,0
10.6024,1
10.6024,0
10.6033,1
10.6033,0
10.6043,1
10.6043,0
10.6052,1
10.6052,0
10.6062,1
10.6062,0
10.6071,1
10.6071,0
10.6081,1
10.6081,0
10.609,1
10.609,0
10.6099,1
10.6099,0
10.6109,1
10.6109,0
10.6118,1
10.6118,0
10.6128,1
10.6128,0
10.6137,1
10.6137,0
10.6147,1
10.6147,0
10.6156,1
10.6156,0
10.6166,1
10.6166,0
10.6175,1
10.6175,0
10.6184,1
10.6184,0
10.6194,1
10.6194,0
10.6203,1
10.6203,0
10.6213,1
10.6213,0
10.6222,1
10.6222,0
10.6232,1
10.6232,0
10.6241,1
10.6241,0
10.625,1
10.625,0
10.626,1
10.626,0
10.6269,1
10.6269,0
10.6279,1
10.6279,0
10.6288,1
10.6288,0
10.6298,1
10.6298,0
10.6307,1
10.6307,0
10.6317,1
10.6317,0
10.6326,1
10.6326,0
10.6335,1
10.6335,0
10.6345,1
10.6345,0
10.6354,1
10.6354,0
10.6364,1
10.6364,0
10.6373,1
10.6373,0
10.6383,1
10.6383,0
10.6392,1
10.6392,0
10.6402,1
10.6402,0
10.6411,1
10.6411,0
10.642,1
10.642,0
10.643,1
10.643,0
10.6439,1
10.6439,0
10.6449,1
10.6449,0
10.6458,1
10.6458,0
10.6468,1
10.6468,0
10.6477,1
10.6477,0
10.6486,1
10.6486,0
10.6496,1
10.6496,0
10.6505,1
10.6505,0
10.6515,1
10.6515,0
10.6524,1
10.6524,0
10.6534,1
10.6534,0
10.6543,1
10.6543,0
10.6553,1
10.6553,0
10.6562,1
10.6562,0
10.6571,1
10.6571,0
10.6581,1
10.6581,0
10.659,1
10.659,0
10.66,1
10.66,0
10.6609,1
10.6609,0
10.6619,1
10.6619,0
10.6628,1
10.6628,0
10.6638,1
10.6638,0
10.6647,1
10.6647,0
10.6656,1
10.6656,0
10.6666,1
10.6666,0
10.6675,1
10.6675,0
10.6685,1
10.6685,0
10.6694,1
10.6694,0
10.6704,1
10.6704,0
10.6713,1
10.6713,0
10.6722,1
10.6722,0
10.6732,1
10.6732,0
10.6741,1
10.6741,0
10.6751,1
10.6751,0
10.676,1
10.676,0
10.677,1
10.677,0
10.6779,1
10.6779,0
10.6789,1
10.6789,0
10.6798,1
10.6798,0
10.6807,1
10.6807,0
10.6817,1
10.6817,0
10.6826,1
10.6826,0
10.6836,1
10.6836,0
10.6845,1
10.6845,0
10.6855,1
10.6855,0
10.6864,1
10.6864,0
10.6874,1
10.6874,0
10.6883,1
10.6883,0
10.6892,1
10.6892,0
10.6902,1
10.6902,0
10.6911,1
10.6911,0
10.6921,1
10.6921,0
10.693,1
10.693,0
10.694,1
10.694,0
10.6949,1
10.6949,0
10.6958,1
10.6958,0
10.6968,1
10.6968,0
10.6977,1
10.6977,0
10.6987,1
10.6987,0
10.6996,1
10.6996,0
10.7006,1
10.7006,0
10.7015,1
10.7015,0
10.7025,1
10.7025,0
10.7034,1
10.7034,0
10.7043,1
10.7043,0
10.7053,1
10.7053,0
10.7062,1
10.7062,0
10.7072,1
10.7072,0
10.7081,1
10.7081,0
10.7091,1
10.7091,0
10.71,1
10.71,0
10.711,1
10.711,0
10.7119,1
10.7119,0
10.7128,1
10.7128,0
10.7138,1
10.7138,0
10.7147,1
10.7147,0
10.7157,1
10.7157,0
10.7166,1
10.7166,0
10.7176,1
10.7176,0
10.7185,1
10.7185,0
10.7194,1
10.7194,0
10.7204,1
10.7204,0
10.7213,1
10.7213,0
10.7223,1
10.7223,0
10.7232,1
10.7232,0
10.7242,1
10.7242,0
10.7251,1
10.7251,0
10.7261,1
10.7261,0
10.727,1
10.727,0
10.7279,1
10.7279,0
10.7289,1
10.7289,0
10.7298,1
10.7298,0
10.7308,1
10.7308,0
10.7317,1
10.7317,0
10.7327,1
10.7327,0
10.7336,1
10.7336,0
10.7346,1
10.7346,0
10.7355,1
10.7355,0
10.7364,1
10.7364,0
10.7374,1
10.7374,0
10.7383,1
10.7383,0
10.7393,1
10.7393,0
10.7402,1
10.7402,0
10.7412,1
10.7412,0
10.7421,1
10.7421,0
10.743,1
10.743,0
10.744,1
10.744,0
10.7449,1
10.7449,0
10.7459,1
10.7459,0
10.7468,1
10.7468,0
10.7478,1
10.7478,0
10.7487,1
10.7487,0
10.7497,1
10.7497,0
10.7506,1
10.7506,0
10.7515,1
10.7515,0
10.7525,1
10.7525,0
10.7534,1
10.7534,0
10.7544,1
10.7544,0
10.7553,1
10.7553,0
10.7563,1
10.7563,0
10.7572,1
10.7572,0
10.7582,1
10.7582,0
10.7591,1
10.7591,0
10.76,1
10.76,0
10.761,1
10.761,0
10.7619,1
10.7619,0
10.7629,1
10.7629,0
10.7638,1
10.7638,0
10.7648,1
10.7648,0
10.7657,1
10.7657,0
10.7666,1
10.7666,0
10.7676,1
10.7676,0
10.7685,1
10.7685,0
10.7695,1
10.7695,0
10.7704,1
10.7704,0
10.7714,1
10.7714,0
10.7723,1
10.7723,0
10.7733,1
10.7733,0
10.7742,1
10.7742,0
10.7751,1
10.7751,0
10.7761,1
10.7761,0
10.777,1
10.777,0
10.778,1
10.778,0
10.7789,1
10.7789,0
10.7799,1
10.7799,0
10.7808,1
10.7808,0
10.7818,1
10.7818,0
10.7827,1
10.7827,0
10.7836,1
10.7836,0
10.7846,1
10.7846,0
10.7855,1
10.7855,0
10.7865,1
10.7865,0
10.7874,1
10.7874,0
10.7884,1
10.7884,0
10.7893,1
10.7893,0
10.7902,1
10.7902,0
10.7912,1
10.7912,0
10.7921,1
10.7921,0
10.7931,1
10.7931,0
10.794,1
10.794,0
10.795,1
10.795,0
10.7959,1
10.7959,0
10.7969,1
10.7969,0
10.7978,1
10.7978,0
10.7987,1
10.7987,0
10.7997,1
10.7997,0
10.8006,1
10.8006,0
10.8016,1
10.8016,0
10.8025,1
10.8025,0
10.8035,1
10.8035,0
10.8044,1
10.8044,0
10.8054,1
10.8054,0
10.8063,1
10.8063,0
10.8072,1
10.8072,0
10.8082,1
10.8082,0
10.8091,1
10.8091,0
10.8101,1
10.8101,0
10.811,1
10.811,0
10.812,1
10.812,0
10.8129,1
10.8129,0
10.8138,1
10.8138,0
10.8148,1
10.8148,0
10.8157,1
10.8157,0
10.8167,1
10.8167,0
10.8176,1
10.8176,0
10.8186,1
10.8186,0
10.8195,1
10.8195,0
10.8205,1
10.8205,0
10.8214,1
10.8214,0
10.8223,1
10.8223,0
10.8233,1
10.8233,0
10.8242,1
10.8242,0
10.8252,1
10.8252,0
10.8261,1
10.8261,0
10.8271,1
10.8271,0
10.828,1
10.828,0
10.829,1
10.829,0
10.8299,1
10.8299,0
10.8308,1
10.8308,0
10.8318,1
10.8318,0
10.8327,1
10.8327,0
10.8337,1
10.8337,0
10.8346,1
10.8346,0
10.8356,1
10.8356,0
10.8365,1
10.8365,0
10.8374,1
10.8374,0
10.8384,1
10.8384,0
10.8393,1
10.8393,0
10.8403,1
10.8403,0
10.8412,1
10.8412,0
10.8422,1
10.8422,0
10.8431,1
10.8431,0
10.8441,1
10.8441,0
10.845,1
10.845,0
10.8459,1
10.8459,0
10.8469,1
10.8469,0
10.8478,1
10.8478,0
10.8488,1
10.8488,0
10.8497,1
10.8497,0
10.8507,1
10.8507,0
10.8516,1
10.8516,0
10.8526,1
10.8526,0
10.8535,1
10.8535,0
10.8544,1
10.8544,0
10.8554,1
10.8554,0
10.8563,1
10.8563,0
10.8573,1
10.8573,0
10.8582,1
10.8582,0
10.8592,1
10.8592,0
10.8601,1
10.8601,0
10.861,1
10.861,0
10.862,1
10.862,0
10.8629,1
10.8629,0
10.8639,1
10.8639,0
10.8648,1
10.8648,0
10.8658,1
10.8658,0
10.8667,1
10.8667,0
10.8677,1
10.8677,0
10.8686,1
10.8686,0
10.8695,1
10.8695,0
10.8705,1
10.8705,0
10.8714,1
10.8714,0
10.8724,1
10.8724,0
10.8733,1
10.8733,0
10.8743,1
10.8743,0
10.8752,1
10.8752,0
10.8762,1
10.8762,0
10.8771,1
10.8771,0
10.878,1
10.878,0
10.879,1
10.879,0
10.8799,1
10.8799,0
10.8809,1
10.8809,0
10.8818,1
10.8818,0
10.8828,1
10.8828,0
10.8837,1
10.8837,0
10.8846,1
10.8846,0
10.8856,1
10.8856,0
10.8865,1
10.8865,0
10.8875,1
10.8875,0
10.8884,1
10.8884,0
10.8894,1
10.8894,0
10.8903,1
10.8903,0
10.8913,1
10.8913,0
10.8922,1
10.8922,0
10.8931,1
10.8931,0
10.8941,1
10.8941,0
10.895,1
10.895,0
10.896,1
10.896,0
10.8969,1
10.8969,0
10.8979,1
10.8979,0
10.8988,1
10.8988,0
10.8998,1
10.8998,0
10.9007,1
10.9007,0
10.9016,1
10.9016,0
10.9026,1
10.9026,0
10.9035,1
10.9035,0
10.9045,1
10.9045,0
10.9054,1
10.9054,0
10.9064,1
10.9064,0
10.9073,1
10.9073,0
10.9082,1
10.9082,0
10.9092,1
10.9092,0
10.9101,1
10.9101,0
10.9111,1
10.9111,0
10.912,1
10.912,0
10.913,1
10.913,0
10.9139,1
10.9139,0
10.9149,1
10.9149,0
10.9158,1
10.9158,0
10.9167,1
10.9167,0
10.9177,1
10.9177,0
10.9186,1
10.9186,0
10.9196,1
10.9196,0
10.9205,1
10.9205,0
10.9215,1
10.9215,0
10.9224,1
10.9224,0
10.9234,1
10.9234,0
10.9243,1
10.9243,0
10.9252,1
10.9252,0
10.9262,1
10.9262,0
10.9271,1
10.9271,0
10.9281,1
10.9281,0
10.929,1
10.929,0
10.93,1
10.93,0
10.9309,1
10.9309,0
10.9318,1
10.9318,0
10.9328,1
10.9328,0
10.9337,1
10.9337,0
10.9347,1
10.9347,0
10.9356,1
10.9356,0
10.9366,1
10.9366,0
10.9375,1
10.9375,0
10.9385,1
10.9385,0
10.9394,1
10.9394,0
10.9403,1
10.9403,0
10.9413,1
10.9413,0
10.9422,1
10.9422,0
10.9432,1
10.9432,0
10.9441,1
10.9441,0
10.9451,1
10.9451,0
10.946,1
10.946,0
10.947,1
10.947,0
10.9479,1
10.9479,0
10.9488,1
10.9488,0
10.9498,1
10.9498,0
10.9507,1
10.9507,0
10.9517,1
10.9517,0
10.9526,1
10.9526,0
10.9536,1
10.9536,0
10.9545,1
10.9545,0
10.9554,1
10.9554,0
10.9564,1
10.9564,0
10.9573,1
10.9573,0
10.9583,1
10.9583,0
10.9592,1
10.9592,0
10.9602,1
10.9602,0
10.9611,1
10.9611,0
10.9621,1
10.9621,0
10.963,1
10.963,0
10.9639,1
10.9639,0
10.9649,1
10.9649,0
10.9658,1
10.9658,0
10.9668,1
10.9668,0
10.9677,1
10.9677,0
10.9687,1
10.9687,0
10.9696,1
10.9696,0
10.9706,1
10.9706,0
10.9715,1
10.9715,0
10.9724,1
10.9724,0
10.9734,1
10.9734,0
10.9743,1
10.9743,0
10.9753,1
10.9753,0
10.9762,1
10.9762,0
10.9772,1
10.9772,0
10.9781,1
10.9781,0
10.979,1
10.979,0
10.98,1
10.98,0
10.9809,1
10.9809,0
10.9819,1
10.9819,0
10.9828,1
10.9828,0
10.9838,1
10.9838,0
10.9847,1
10.9847,0
10.9857,1
10.9857,0
10.9866,1
10.9866,0
10.9875,1
10.9875,0
10.9885,1
10.9885,0
10.9894,1
10.9894,0
10.9904,1
10.9904,0
10.9913,1
10.9913,0
10.9923,1
10.9923,0
10.9932,1
10.9932,0
10.9942,1
10.9942,0
10.9951,1
10.9951,0
10.996,1
10.996,0
10.997,1
10.997,0
10.9979,1
10.9979,0
10.9989,1
10.9989,0
10.9998,1
10.9998,0
11.0008,1
11.0008,0
11.0017,1
11.0017,0
11.0026,1
11.0026,0
11.0036,1
11.0036,0
11.0045,1
11.0045,0
11.0055,1
11.0055,0
11.0064,1
11.0064,0
11.0074,1
11.0074,0
11.0083,1
11.0083,0
11.0093,1
11.0093,0
11.0102,1
11.0102,0
11.0111,1
11.0111,0
11.0121,1
11.0121,0
11.013,1
11.013,0
11.014,1
11.014,0
11.0149,1
11.0149,0
11.0159,1
11.0159,0
11.0168,1
11.0168,0
11.0178,1
11.0178,0
11.0187,1
11.0187,0
11.0196,1
11.0196,0
11.0206,1
11.0206,0
11.0215,1
11.0215,0
11.0225,1
11.0225,0
11.0234,1
11.0234,0
11.0244,1
11.0244,0
11.0253,1
11.0253,0
11.0262,1
11.0262,0
11.0272,1
11.0272,0
11.0281,1
11.0281,0
11.0291,1
11.0291,0
11.03,1
11.03,0
11.031,1
11.031,0
11.0319,1
11.0319,0
11.0329,1
11.0329,0
11.0338,1
11.0338,0
11.0347,1
11.0347,0
11.0357,1
11.0357,0
11.0366,1
11.0366,0
11.0376,1
11.0376,0
11.0385,1
11.0385,0
11.0395,1
11.0395,0
11.0404,1
11.0404,0
11.0414,1
11.0414,0
11.0423,1
11.0423,0
11.0432,1
11.0432,0
11.0442,1
11.0442,0
11.0451,1
11.0451,0
11.0461,1
11.0461,0
11.047,1
11.047,0
11.048,1
11.048,0
11.0489,1
11.0489,0
11.0498,1
11.0498,0
11.0508,1
11.0508,0
11.0517,1
11.0517,0
11.0527,1
11.0527,0
11.0536,1
11.0536,0
11.0546,1
11.0546,0
11.0555,1
11.0555,0
11.0565,1
11.0565,0
11.0574,1
11.0574,0
11.0583,1
11.0583,0
11.0593,1
11.0593,0
11.0602,1
11.0602,0
11.0612,1
11.0612,0
11.0621,1
11.0621,0
11.0631,1
11.0631,0
11.064,1
11.064,0
11.065,1
11.065,0
11.0659,1
11.0659,0
11.0668,1
11.0668,0
11.0678,1
11.0678,0
11.0687,1
11.0687,0
11.0697,1
11.0697,0
11.0706,1
11.0706,0
11.0716,1
11.0716,0
11.0725,1
11.0725,0
11.0734,1
11.0734,0
11.0744,1
11.0744,0
11.0753,1
11.0753,0
11.0763,1
11.0763,0
11.0772,1
11.0772,0
11.0782,1
11.0782,0
11.0791,1
11.0791,0
11.0801,1
11.0801,0
11.081,1
11.081,0
11.0819,1
11.0819,0
11.0829,1
11.0829,0
11.0838,1
11.0838,0
11.0848,1
11.0848,0
11.0857,1
11.0857,0
11.0867,1
11.0867,0
11.0876,1
11.0876,0
11.0886,1
11.0886,0
11.0895,1
11.0895,0
11.0904,1
11.0904,0
11.0914,1
11.0914,0
11.0923,1
11.0923,0
11.0933,1
11.0933,0
11.0942,1
11.0942,0
11.0952,1
11.0952,0
11.0961,1
11.0961,0
11.097,1
11.097,0
11.098,1
11.098,0
11.0989,1
11.0989,0
11.0999,1
11.0999,0
11.1008,1
11.1008,0
11.1018,1
11.1018,0
11.1027,1
11.1027,0
11.1037,1
11.1037,0
11.1046,1
11.1046,0
11.1055,1
11.1055,0
11.1065,1
11.1065,0
11.1074,1
11.1074,0
11.1084,1
11.1084,0
11.1093,1
11.1093,0
11.1103,1
11.1103,0
11.1112,1
11.1112,0
11.1122,1
11.1122,0
11.1131,1
11.1131,0
11.114,1
11.114,0
11.115,1
11.115,0
11.1159,1
11.1159,0
11.1169,1
11.1169,0
11.1178,1
11.1178,0
11.1188,1
11.1188,0
11.1197,1
11.1197,0
11.1206,1
11.1206,0
11.1216,1
11.1216,0
11.1225,1
11.1225,0
11.1235,1
11.1235,0
11.1244,1
11.1244,0
11.1254,1
11.1254,0
11.1263,1
11.1263,0
11.1273,1
11.1273,0
11.1282,1
11.1282,0
11.1291,1
11.1291,0
11.1301,1
11.1301,0
11.131,1
11.131,0
11.132,1
11.132,0
11.1329,1
11.1329,0
11.1339,1
11.1339,0
11.1348,1
11.1348,0
11.1358,1
11.1358,0
11.1367,1
11.1367,0
11.1376,1
11.1376,0
11.1386,1
11.1386,0
11.1395,1
11.1395,0
11.1405,1
11.1405,0
11.1414,1
11.1414,0
11.1424,1
11.1424,0
11.1433,1
11.1433,0
11.1442,1
11.1442,0
11.1452,1
11.1452,0
11.1461,1
11.1461,0
11.1471,1
11.1471,0
11.148,1
11.148,0
11.149,1
11.149,0
11.1499,1
11.1499,0
11.1509,1
11.1509,0
11.1518,1
11.1518,0
11.1527,1
11.1527,0
11.1537,1
11.1537,0
11.1546,1
11.1546,0
11.1556,1
11.1556,0
11.1565,1
11.1565,0
11.1575,1
11.1575,0
11.1584,1
11.1584,0
11.1594,1
11.1594,0
11.1603,1
11.1603,0
11.1612,1
11.1612,0
11.1622,1
11.1622,0
11.1631,1
11.1631,0
11.1641,1
11.1641,0
11.165,1
11.165,0
11.166,1
11.166,0
11.1669,1
11.1669,0
11.1678,1
11.1678,0
11.1688,1
11.1688,0
11.1697,1
11.1697,0
11.1707,1
11.1707,0
11.1716,1
11.1716,0
11.1726,1
11.1726,0
11.1735,1
11.1735,0
11.1745,1
11.1745,0
11.1754,1
11.1754,0
11.1763,1
11.1763,0
11.1773,1
11.1773,0
11.1782,1
11.1782,0
11.1792,1
11.1792,0
11.1801,1
11.1801,0
11.1811,1
11.1811,0
11.182,1
11.182,0
11.183,1
11.183,0
11.1839,1
11.1839,0
11.1848,1
11.1848,0
11.1858,1
11.1858,0
11.1867,1
11.1867,0
11.1877,1
11.1877,0
11.1886,1
11.1886,0
11.1896,1
11.1896,0
11.1905,1
11.1905,0
11.1914,1
11.1914,0
11.1924,1
11.1924,0
11.1933,1
11.1933,0
11.1943,1
11.1943,0
11.1952,1
11.1952,0
11.1962,1
11.1962,0
11.1971,1
11.1971,0
11.1981,1
11.1981,0
11.199,1
11.199,0
11.1999,1
11.1999,0
11.2009,1
11.2009,0
11.2018,1
11.2018,0
11.2028,1
11.2028,0
11.2037,1
11.2037,0
11.2047,1
11.2047,0
11.2056,1
11.2056,0
11.2066,1
11.2066,0
11.2075,1
11.2075,0
11.2084,1
11.2084,0
11.2094,1
11.2094,0
11.2103,1
11.2103,0
11.2113,1
11.2113,0
11.2122,1
11.2122,0
11.2132,1
11.2132,0
11.2141,1
11.2141,0
11.215,1
11.215,0
11.216,1
11.216,0
11.2169,1
11.2169,0
11.2179,1
11.2179,0
11.2188,1
11.2188,0
11.2198,1
11.2198,0
11.2207,1
11.2207,0
11.2217,1
11.2217,0
11.2226,1
11.2226,0
11.2235,1
11.2235,0
11.2245,1
11.2245,0
11.2254,1
11.2254,0
11.2264,1
11.2264,0
11.2273,1
11.2273,0
11.2283,1
11.2283,0
11.2292,1
11.2292,0
11.2302,1
11.2302,0
11.2311,1
11.2311,0
11.232,1
11.232,0
11.233,1
11.233,0
11.2339,1
11.2339,0
11.2349,1
11.2349,0
11.2358,1
11.2358,0
11.2368,1
11.2368,0
11.2377,1
11.2377,0
11.2386,1
11.2386,0
11.2396,1
11.2396,0
11.2405,1
11.2405,0
11.2415,1
11.2415,0
11.2424,1
11.2424,0
11.2434,1
11.2434,0
11.2443,1
11.2443,0
11.2453,1
11.2453,0
11.2462,1
11.2462,0
11.2471,1
11.2471,0
11.2481,1
11.2481,0
11.249,1
11.249,0
11.25,1
11.25,0
11.2509,1
11.2509,0
11.2519,1
11.2519,0
11.2528,1
11.2528,0
11.2538,1
11.2538,0
11.2547,1
11.2547,0
11.2556,1
11.2556,0
11.2566,1
11.2566,0
11.2575,1
11.2575,0
11.2585,1
11.2585,0
11.2594,1
11.2594,0
11.2604,1
11.2604,0
11.2613,1
11.2613,0
11.2622,1
11.2622,0
11.2632,1
11.2632,0
11.2641,1
11.2641,0
11.2651,1
11.2651,0
11.266,1
11.266,0
11.267,1
11.267,0
11.2679,1
11.2679,0
11.2689,1
11.2689,0
11.2698,1
11.2698,0
11.2707,1
11.2707,0
11.2717,1
11.2717,0
11.2726,1
11.2726,0
11.2736,1
11.2736,0
11.2745,1
11.2745,0
11.2755,1
11.2755,0
11.2764,1
11.2764,0
11.2774,1
11.2774,0
11.2783,1
11.2783,0
11.2792,1
11.2792,0
11.2802,1
11.2802,0
11.2811,1
11.2811,0
11.2821,1
11.2821,0
11.283,1
11.283,0
11.284,1
11.284,0
11.2849,1
11.2849,0
11.2858,1
11.2858,0
11.2868,1
11.2868,0
11.2877,1
11.2877,0
11.2887,1
11.2887,0
11.2896,1
11.2896,0
11.2906,1
11.2906,0
11.2915,1
11.2915,0
11.2925,1
11.2925,0
11.2934,1
11.2934,0
11.2943,1
11.2943,0
11.2953,1
11.2953,0
11.2962,1
11.2962,0
11.2972,1
11.2972,0
11.2981,1
11.2981,0
11.2991,1
11.2991,0
11.3,1
11.3,0
11.301,1
11.301,0
11.3019,1
11.3019,0
11.3028,1
11.3028,0
11.3038,1
11.3038,0
11.3047,1
11.3047,0
11.3057,1
11.3057,0
11.3066,1
11.3066,0
11.3076,1
11.3076,0
11.3085,1
11.3085,0
11.3094,1
11.3094,0
11.3104,1
11.3104,0
11.3113,1
11.3113,0
11.3123,1
11.3123,0
11.3132,1
11.3132,0
11.3142,1
11.3142,0
11.3151,1
11.3151,0
11.3161,1
11.3161,0
11.317,1
11.317,0
11.3179,1
11.3179,0
11.3189,1
11.3189,0
11.3198,1
11.3198,0
11.3208,1
11.3208,0
11.3217,1
11.3217,0
11.3227,1
11.3227,0
11.3236,1
11.3236,0
11.3246,1
11.3246,0
11.3255,1
11.3255,0
11.3264,1
11.3264,0
11.3274,1
11.3274,0
11.3283,1
11.3283,0
11.3293,1
11.3293,0
11.3302,1
11.3302,0
11.3312,1
11.3312,0
11.3321,1
11.3321,0
11.333,1
11.333,0
11.334,1
11.334,0
11.3349,1
11.3349,0
11.3359,1
11.3359,0
11.3368,1
11.3368,0
11.3378,1
11.3378,0
11.3387,1
11.3387,0
11.3397,1
11.3397,0
11.3406,1
11.3406,0
11.3415,1
11.3415,0
11.3425,1
11.3425,0
11.3434,1
11.3434,0
11.3444,1
11.3444,0
11.3453,1
11.3453,0
11.3463,1
11.3463,0
11.3472,1
11.3472,0
11.3482,1
11.3482,0
11.3491,1
11.3491,0
11.35,1
11.35,0
11.351,1
11.351,0
11.3519,1
11.3519,0
11.3529,1
11.3529,0
11.3538,1
11.3538,0
11.3548,1
11.3548,0
11.3557,1
11.3557,0
11.3566,1
11.3566,0
11.3576,1
11.3576,0
11.3585,1
11.3585,0
11.3595,1
11.3595,0
11.3604,1
11.3604,0
11.3614,1
11.3614,0
11.3623,1
11.3623,0
11.3633,1
11.3633,0
11.3642,1
11.3642,0
11.3651,1
11.3651,0
11.3661,1
11.3661,0
11.367,1
11.367,0
11.368,1
11.368,0
11.3689,1
11.3689,0
11.3699,1
11.3699,0
11.3708,1
11.3708,0
11.3718,1
11.3718,0
11.3727,1
11.3727,0
11.3736,1
11.3736,0
11.3746,1
11.3746,0
11.3755,1
11.3755,0
11.3765,1
11.3765,0
11.3774,1
11.3774,0
11.3784,1
11.3784,0
11.3793,1
11.3793,0
11.3802,1
11.3802,0
11.3812,1
11.3812,0
11.3821,1
11.3821,0
11.3831,1
11.3831,0
11.384,1
11.384,0
11.385,1
11.385,0
11.3859,1
11.3859,0
11.3869,1
11.3869,0
11.3878,1
11.3878,0
11.3887,1
11.3887,0
11.3897,1
11.3897,0
11.3906,1
11.3906,0
11.3916,1
11.3916,0
11.3925,1
11.3925,0
11.3935,1
11.3935,0
11.3944,1
11.3944,0
11.3954,1
11.3954,0
11.3963,1
11.3963,0
11.3972,1
11.3972,0
11.3982,1
11.3982,0
11.3991,1
11.3991,0
11.4001,1
11.4001,0
11.401,1
11.401,0
11.402,1
11.402,0
11.4029,1
11.4029,0
11.4038,1
11.4038,0
11.4048,1
11.4048,0
11.4057,1
11.4057,0
11.4067,1
11.4067,0
11.4076,1
11.4076,0
11.4086,1
11.4086,0
11.4095,1
11.4095,0
11.4105,1
11.4105,0
11.4114,1
11.4114,0
11.4123,1
11.4123,0
11.4133,1
11.4133,0
11.4142,1
11.4142,0
11.4152,1
11.4152,0
11.4161,1
11.4161,0
11.4171,1
11.4171,0
11.418,1
11.418,0
11.419,1
11.419,0
11.4199,1
11.4199,0
11.4208,1
11.4208,0
11.4218,1
11.4218,0
11.4227,1
11.4227,0
11.4237,1
11.4237,0
11.4246,1
11.4246,0
11.4256,1
11.4256,0
11.4265,1
11.4265,0
11.4274,1
11.4274,0
11.4284,1
11.4284,0
11.4293,1
11.4293,0
11.4303,1
11.4303,0
11.4312,1
11.4312,0
11.4322,1
11.4322,0
11.4331,1
11.4331,0
11.4341,1
11.4341,0
11.435,1
11.435,0
11.4359,1
11.4359,0
11.4369,1
11.4369,0
11.4378,1
11.4378,0
11.4388,1
11.4388,0
11.4397,1
11.4397,0
11.4407,1
11.4407,0
11.4416,1
11.4416,0
11.4426,1
11.4426,0
11.4435,1
11.4435,0
11.4444,1
11.4444,0
11.4454,1
11.4454,0
11.4463,1
11.4463,0
11.4473,1
11.4473,0
11.4482,1
11.4482,0
11.4492,1
11.4492,0
11.4501,1
11.4501,0
11.451,1
11.451,0
11.452,1
11.452,0
11.4529,1
11.4529,0
11.4539,1
11.4539,0
11.4548,1
11.4548,0
11.4558,1
11.4558,0
11.4567,1
11.4567,0
11.4577,1
11.4577,0
11.4586,1
11.4586,0
11.4595,1
11.4595,0
11.4605,1
11.4605,0
11.4614,1
11.4614,0
11.4624,1
11.4624,0
11.4633,1
11.4633,0
11.4643,1
11.4643,0
11.4652,1
11.4652,0
11.4662,1
11.4662,0
11.4671,1
11.4671,0
11.468,1
11.468,0
11.469,1
11.469,0
11.4699,1
11.4699,0
11.4709,1
11.4709,0
11.4718,1
11.4718,0
11.4728,1
11.4728,0
11.4737,1
11.4737,0
11.4746,1
11.4746,0
11.4756,1
11.4756,0
11.4765,1
11.4765,0
11.4775,1
11.4775,0
11.4784,1
11.4784,0
11.4794,1
11.4794,0
11.4803,1
11.4803,0
11.4813,1
11.4813,0
11.4822,1
11.4822,0
11.4831,1
11.4831,0
11.4841,1
11.4841,0
11.485,1
11.485,0
11.486,1
11.486,0
11.4869,1
11.4869,0
11.4879,1
11.4879,0
11.4888,1
11.4888,0
11.4898,1
11.4898,0
11.4907,1
11.4907,0
11.4916,1
11.4916,0
11.4926,1
11.4926,0
11.4935,1
11.4935,0
11.4945,1
11.4945,0
11.4954,1
11.4954,0
11.4964,1
11.4964,0
11.4973,1
11.4973,0
11.4982,1
11.4982,0
11.4992,1
11.4992,0
11.5001,1
11.5001,0
11.5011,1
11.5011,0
11.502,1
11.502,0
11.503,1
11.503,0
11.5039,1
11.5039,0
11.5049,1
11.5049,0
11.5058,1
11.5058,0
11.5067,1
11.5067,0
11.5077,1
11.5077,0
11.5086,1
11.5086,0
11.5096,1
11.5096,0
11.5105,1
11.5105,0
11.5115,1
11.5115,0
11.5124,1
11.5124,0
11.5134,1
11.5134,0
11.5143,1
11.5143,0
11.5152,1
11.5152,0
11.5162,1
11.5162,0
11.5171,1
11.5171,0
11.5181,1
11.5181,0
11.519,1
11.519,0
11.52,1
11.52,0
11.5209,1
11.5209,0
11.5218,1
11.5218,0
11.5228,1
11.5228,0
11.5237,1
11.5237,0
11.5247,1
11.5247,0
11.5256,1
11.5256,0
11.5266,1
11.5266,0
11.5275,1
11.5275,0
11.5285,1
11.5285,0
11.5294,1
11.5294,0
11.5303,1
11.5303,0
11.5313,1
11.5313,0
11.5322,1
11.5322,0
11.5332,1
11.5332,0
11.5341,1
11.5341,0
11.5351,1
11.5351,0
11.536,1
11.536,0
11.537,1
11.537,0
11.5379,1
11.5379,0
11.5388,1
11.5388,0
11.5398,1
11.5398,0
11.5407,1
11.5407,0
11.5417,1
11.5417,0
11.5426,1
11.5426,0
11.5436,1
11.5436,0
11.5445,1
11.5445,0
11.5454,1
11.5454,0
11.5464,1
11.5464,0
11.5473,1
11.5473,0
11.5483,1
11.5483,0
11.5492,1
11.5492,0
11.5502,1
11.5502,0
11.5511,1
11.5511,0
11.5521,1
11.5521,0
11.553,1
11.553,0
11.5539,1
11.5539,0
11.5549,1
11.5549,0
11.5558,1
11.5558,0
11.5568,1
11.5568,0
11.5577,1
11.5577,0
11.5587,1
11.5587,0
11.5596,1
11.5596,0
11.5606,1
11.5606,0
11.5615,1
11.5615,0
11.5624,1
11.5624,0
11.5634,1
11.5634,0
11.5643,1
11.5643,0
11.5653,1
11.5653,0
11.5662,1
11.5662,0
11.5672,1
11.5672,0
11.5681,1
11.5681,0
11.569,1
11.569,0
11.57,1
11.57,0
11.5709,1
11.5709,0
11.5719,1
11.5719,0
11.5728,1
11.5728,0
11.5738,1
11.5738,0
11.5747,1
11.5747,0
11.5757,1
11.5757,0
11.5766,1
11.5766,0
11.5775,1
11.5775,0
11.5785,1
11.5785,0
11.5794,1
11.5794,0
11.5804,1
11.5804,0
11.5813,1
11.5813,0
11.5823,1
11.5823,0
11.5832,1
11.5832,0
11.5842,1
11.5842,0
11.5851,1
11.5851,0
11.586,1
11.586,0
11.587,1
11.587,0
11.5879,1
11.5879,0
11.5889,1
11.5889,0
11.5898,1
11.5898,0
11.5908,1
11.5908,0
11.5917,1
11.5917,0
11.5926,1
11.5926,0
11.5936,1
11.5936,0
11.5945,1
11.5945,0
11.5955,1
11.5955,0
11.5964,1
11.5964,0
11.5974,1
11.5974,0
11.5983,1
11.5983,0
11.5993,1
11.5993,0
11.6002,1
11.6002,0
11.6011,1
11.6011,0
11.6021,1
11.6021,0
11.603,1
11.603,0
11.604,1
11.604,0
11.6049,1
11.6049,0
11.6059,1
11.6059,0
11.6068,1
11.6068,0
11.6078,1
11.6078,0
11.6087,1
11.6087,0
11.6096,1
11.6096,0
11.6106,1
11.6106,0
11.6115,1
11.6115,0
11.6125,1
11.6125,0
11.6134,1
11.6134,0
11.6144,1
11.6144,0
11.6153,1
11.6153,0
11.6162,1
11.6162,0
11.6172,1
11.6172,0
11.6181,1
11.6181,0
11.6191,1
11.6191,0
11.62,1
11.62,0
11.621,1
11.621,0
11.6214,1
11.6214,0
11.6219,1
11.6219,0
11.6224,1
11.6224,0
11.6229,1
11.6229,0
11.6233,1
11.6233,0
11.6238,1
11.6238,0
11.6243,1
11.6243,0
11.6247,1
11.6247,0
11.6252,1
11.6252,0
11.6257,1
11.6257,0
11.6262,1
11.6262,0
11.6266,1
11.6266,0
11.6271,1
11.6271,0
11.6276,1
11.6276,0
11.628,1
11.628,0
11.6285,1
11.6285,0
11.629,1
11.629,0
11.6295,1
11.6295,0
11.6299,1
11.6299,0
11.6304,1
11.6304,0
11.6309,1
11.6309,0
11.6314,1
11.6314,0
11.6318,1
11.6318,0
11.6323,1
11.6323,0
11.6328,1
11.6328,0
11.6332,1
11.6332,0
11.6337,1
11.6337,0
11.6342,1
11.6342,0
11.6347,1
11.6347,0
11.6351,1
11.6351,0
11.6356,1
11.6356,0
11.6361,1
11.6361,0
11.6365,1
11.6365,0
11.637,1
11.637,0
11.6375,1
11.6375,0
11.638,1
11.638,0
11.6384,1
11.6384,0
11.6389,1
11.6389,0
11.6394,1
11.6394,0
11.6398,1
11.6398,0
11.6403,1
11.6403,0
11.6408,1
11.6408,0
11.6413,1
11.6413,0
11.6417,1
11.6417,0
11.6422,1
11.6422,0
11.6427,1
11.6427,0
11.6432,1
11.6432,0
11.6436,1
11.6436,0
11.6441,1
11.6441,0
11.6446,1
11.6446,0
11.645,1
11.645,0
11.6455,1
11.6455,0
11.646,1
11.646,0
11.6465,1
11.6465,0
11.6469,1
11.6469,0
11.6474,1
11.6474,0
11.6479,1
11.6479,0
11.6483,1
11.6483,0
11.6488,1
11.6488,0
11.6493,1
11.6493,0
11.6498,1
11.6498,0
11.6502,1
11.6502,0
11.6507,1
11.6507,0
11.6512,1
11.6512,0
11.6516,1
11.6516,0
11.6521,1
11.6521,0
11.6526,1
11.6526,0
11.6531,1
11.6531,0
11.6535,1
11.6535,0
11.654,1
11.654,0
11.6545,1
11.6545,0
11.655,1
11.655,0
11.6554,1
11.6554,0
11.6559,1
11.6559,0
11.6564,1
11.6564,0
11.6568,1
11.6568,0
11.6573,1
11.6573,0
11.6578,1
11.6578,0
11.6583,1
11.6583,0
11.6587,1
11.6587,0
11.6592,1
11.6592,0
11.6597,1
11.6597,0
11.6601,1
11.6601,0
11.6606,1
11.6606,0
11.6611,1
11.6611,0
11.6616,1
11.6616,0
11.662,1
11.662,0
11.6625,1
11.6625,0
11.663,1
11.663,0
11.6634,1
11.6634,0
11.6639,1
11.6639,0
11.6644,1
11.6644,0
11.6649,1
11.6649,0
11.6653,1
11.6653,0
11.6658,1
11.6658,0
11.6663,1
11.6663,0
11.6668,1
11.6668,0
11.6672,1
11.6672,0
11.6677,1
11.6677,0
11.6682,1
11.6682,0
11.6686,1
11.6686,0
11.6691,1
11.6691,0
11.6696,1
11.6696,0
11.6701,1
11.6701,0
11.6705,1
11.6705,0
11.671,1
11.671,0
11.6715,1
11.6715,0
11.6719,1
11.6719,0
11.6724,1
11.6724,0
11.6729,1
11.6729,0
11.6734,1
11.6734,0
11.6738,1
11.6738,0
11.6743,1
11.6743,0
11.6748,1
11.6748,0
11.6752,1
11.6752,0
11.6757,1
11.6757,0
11.6762,1
11.6762,0
11.6767,1
11.6767,0
11.6771,1
11.6771,0
11.6776,1
11.6776,0
11.6781,1
11.6781,0
11.6786,1
11.6786,0
11.679,1
11.679,0
11.6795,1
11.6795,0
11.68,1
11.68,0
11.6804,1
11.6804,0
11.6809,1
11.6809,0
11.6814,1
11.6814,0
11.6819,1
11.6819,0
11.6823,1
11.6823,0
11.6828,1
11.6828,0
11.6833,1
11.6833,0
11.6837,1
11.6837,0
11.6842,1
11.6842,0
11.6847,1
11.6847,0
11.6852,1
11.6852,0
11.6856,1
11.6856,0
11.6861,1
11.6861,0
11.6866,1
11.6866,0
11.687,1
11.687,0
11.6875,1
11.6875,0
11.688,1
11.688,0
11.6885,1
11.6885,0
11.6889,1
11.6889,0
11.6894,1
11.6894,0
11.6899,1
11.6899,0
11.6904,1
11.6904,0
11.6908,1
11.6908,0
11.6913,1
11.6913,0
11.6918,1
11.6918,0
11.6922,1
11.6922,0
11.6927,1
11.6927,0
11.6932,1
11.6932,0
11.6937,1
11.6937,0
11.6941,1
11.6941,0
11.6946,1
11.6946,0
11.6951,1
11.6951,0
11.6955,1
11.6955,0
11.696,1
11.696,0
11.6965,1
11.6965,0
11.697,1
11.697,0
11.6974,1
11.6974,0
11.6979,1
11.6979,0
11.6984,1
11.6984,0
11.6988,1
11.6988,0
11.6993,1
11.6993,0
11.6998,1
11.6998,0
11.7003,1
11.7003,0
11.7007,1
11.7007,0
11.7012,1
11.7012,0
11.7017,1
11.7017,0
11.7022,1
11.7022,0
11.7026,1
11.7026,0
11.7031,1
11.7031,0
11.7036,1
11.7036,0
11.704,1
11.704,0
11.7045,1
11.7045,0
11.705,1
11.705,0
11.7055,1
11.7055,0
11.7059,1
11.7059,0
11.7064,1
11.7064,0
11.7069,1
11.7069,0
11.7073,1
11.7073,0
11.7078,1
11.7078,0
11.7083,1
11.7083,0
11.7088,1
11.7088,0
11.7092,1
11.7092,0
11.7097,1
11.7097,0
11.7102,1
11.7102,0
11.7106,1
11.7106,0
11.7111,1
11.7111,0
11.7116,1
11.7116,0
11.7121,1
11.7121,0
11.7125,1
11.7125,0
11.713,1
11.713,0
11.7135,1
11.7135,0
11.714,1
11.714,0
11.7144,1
11.7144,0
11.7149,1
11.7149,0
11.7154,1
11.7154,0
11.7158,1
11.7158,0
11.7163,1
11.7163,0
11.7168,1
11.7168,0
11.7173,1
11.7173,0
11.7177,1
11.7177,0
11.7182,1
11.7182,0
11.7187,1
11.7187,0
11.7196,1
11.7196,0
11.7206,1
11.7206,0
11.7215,1
11.7215,0
11.722,1
11.722,0
11.7224,1
11.7224,0
11.7229,1
11.7229,0
11.7234,1
11.7234,0
11.7239,1
11.7239,0
11.7243,1
11.7243,0
11.7248,1
11.7248,0
11.7253,1
11.7253,0
11.7258,1
11.7258,0
11.7262,1
11.7262,0
11.7267,1
11.7267,0
11.7272,1
11.7272,0
11.7276,1
11.7276,0
11.7281,1
11.7281,0
11.7286,1
11.7286,0
11.7291,1
11.7291,0
11.7295,1
11.7295,0
11.73,1
11.73,0
11.7305,1
11.7305,0
11.7309,1
11.7309,0
11.7314,1
11.7314,0
11.7319,1
11.7319,0
11.7324,1
11.7324,0
11.7328,1
11.7328,0
11.7333,1
11.7333,0
11.7338,1
11.7338,0
11.7342,1
11.7342,0
11.7347,1
11.7347,0
11.7352,1
11.7352,0
11.7356,1
11.7356,0
11.7361,1
11.7361,0
11.7365,1
11.7365,0
11.737,1
11.737,0
11.7375,1
11.7375,0
11.738,1
11.738,0
11.7384,1
11.7384,0
11.7389,1
11.7389,0
11.7394,1
11.7394,0
11.7398,1
11.7398,0
11.7403,1
11.7403,0
11.7408,1
11.7408,0
11.7413,1
11.7413,0
11.7417,1
11.7417,0
11.7422,1
11.7422,0
11.7427,1
11.7427,0
11.7432,1
11.7432,0
11.7436,1
11.7436,0
11.7441,1
11.7441,0
11.7446,1
11.7446,0
11.745,1
11.745,0
11.7455,1
11.7455,0
11.746,1
11.746,0
11.7465,1
11.7465,0
11.7469,1
11.7469,0
11.7474,1
11.7474,0
11.7479,1
11.7479,0
11.7483,1
11.7483,0
11.7488,1
11.7488,0
11.7493,1
11.7493,0
11.7498,1
11.7498,0
11.7502,1
11.7502,0
11.7507,1
11.7507,0
11.7512,1
11.7512,0
11.7516,1
11.7516,0
11.7521,1
11.7521,0
11.7526,1
11.7526,0
11.7531,1
11.7531,0
11.7535,1
11.7535,0
11.754,1
11.754,0
11.7545,1
11.7545,0
11.755,1
11.755,0
11.7554,1
11.7554,0
11.7559,1
11.7559,0
11.7564,1
11.7564,0
11.7568,1
11.7568,0
11.7573,1
11.7573,0
11.7578,1
11.7578,0
11.7583,1
11.7583,0
11.7587,1
11.7587,0
11.7592,1
11.7592,0
11.7597,1
11.7597,0
11.7601,1
11.7601,0
11.7606,1
11.7606,0
11.7611,1
11.7611,0
11.7616,1
11.7616,0
11.762,1
11.762,0
11.7625,1
11.7625,0
11.763,1
11.763,0
11.7634,1
11.7634,0
11.7639,1
11.7639,0
11.7644,1
11.7644,0
11.7649,1
11.7649,0
11.7653,1
11.7653,0
11.7658,1
11.7658,0
11.7663,1
11.7663,0
11.7668,1
11.7668,0
11.7672,1
11.7672,0
11.7677,1
11.7677,0
11.7682,1
11.7682,0
11.7686,1
11.7686,0
11.7691,1
11.7691,0
11.7696,1
11.7696,0
11.7701,1
11.7701,0
11.7705,1
11.7705,0
11.771,1
11.771,0
11.7715,1
11.7715,0
11.7719,1
11.7719,0
11.7724,1
11.7724,0
11.7729,1
11.7729,0
11.7734,1
11.7734,0
11.7738,1
11.7738,0
11.7743,1
11.7743,0
11.7748,1
11.7748,0
11.7752,1
11.7752,0
11.7757,1
11.7757,0
11.7762,1
11.7762,0
11.7767,1
11.7767,0
11.7771,1
11.7771,0
11.7776,1
11.7776,0
11.7781,1
11.7781,0
11.7786,1
11.7786,0
11.779,1
11.779,0
11.7795,1
11.7795,0
11.78,1
11.78,0
11.7804,1
11.7804,0
11.7809,1
11.7809,0
11.7814,1
11.7814,0
11.7819,1
11.7819,0
11.7823,1
11.7823,0
11.7828,1
11.7828,0
11.7833,1
11.7833,0
11.7837,1
11.7837,0
11.7842,1
11.7842,0
11.7847,1
11.7847,0
11.7852,1
11.7852,0
11.7856,1
11.7856,0
11.7861,1
11.7861,0
11.7866,1
11.7866,0
11.787,1
11.787,0
11.7875,1
11.7875,0
11.788,1
11.788,0
11.7885,1
11.7885,0
11.7889,1
11.7889,0
11.7894,1
11.7894,0
11.7899,1
11.7899,0
11.7904,1
11.7904,0
11.7908,1
11.7908,0
11.7913,1
11.7913,0
11.7918,1
11.7918,0
11.7922,1
11.7922,0
11.7927,1
11.7927,0
11.7932,1
11.7932,0
11.7937,1
11.7937,0
11.7941,1
11.7941,0
11.7946,1
11.7946,0
11.7951,1
11.7951,0
11.7955,1
11.7955,0
11.796,1
11.796,0
11.7965,1
11.7965,0
11.797,1
11.797,0
11.7974,1
11.7974,0
11.7979,1
11.7979,0
11.7984,1
11.7984,0
11.7988,1
11.7988,0
11.7993,1
11.7993,0
11.7998,1
11.7998,0
11.8003,1
11.8003,0
11.8007,1
11.8007,0
11.8012,1
11.8012,0
11.8017,1
11.8017,0
11.8022,1
11.8022,0
11.8026,1
11.8026,0
11.8031,1
11.8031,0
11.8036,1
11.8036,0
11.804,1
11.804,0
11.8045,1
11.8045,0
11.805,1
11.805,0
11.8055,1
11.8055,0
11.8059,1
11.8059,0
11.8064,1
11.8064,0
11.8069,1
11.8069,0
11.8073,1
11.8073,0
11.8078,1
11.8078,0
11.8083,1
11.8083,0
11.8088,1
11.8088,0
11.8092,1
11.8092,0
11.8097,1
11.8097,0
11.8102,1
11.8102,0
11.8106,1
11.8106,0
11.8111,1
11.8111,0
11.8116,1
11.8116,0
11.8121,1
11.8121,0
11.8125,1
11.8125,0
11.813,1
11.813,0
11.8135,1
11.8135,0
11.814,1
11.814,0
11.8144,1
11.8144,0
11.8149,1
11.8149,0
11.8154,1
11.8154,0
11.8158,1
11.8158,0
11.8163,1
11.8163,0
11.8168,1
11.8168,0
11.8173,1
11.8173,0
11.8177,1
11.8177,0
11.8182,1
11.8182,0
11.8187,1
11.8187,0
11.8191,1
11.8191,0
11.8196,1
11.8196,0
11.8201,1
11.8201,0
11.8206,1
11.8206,0
11.821,1
11.821,0
11.8215,1
11.8215,0
11.822,1
11.822,0
11.8224,1
11.8224,0
11.8229,1
11.8229,0
11.8234,1
11.8234,0
11.8239,1
11.8239,0
11.8243,1
11.8243,0
11.8248,1
11.8248,0
11.8253,1
11.8253,0
11.8258,1
11.8258,0
11.8262,1
11.8262,0
11.8267,1
11.8267,0
11.8272,1
11.8272,0
11.8276,1
11.8276,0
11.8281,1
11.8281,0
11.8286,1
11.8286,0
11.8291,1
11.8291,0
11.8295,1
11.8295,0
11.83,1
11.83,0
11.8305,1
11.8305,0
11.8309,1
11.8309,0
11.8314,1
11.8314,0
11.8319,1
11.8319,0
11.8324,1
11.8324,0
11.8328,1
11.8328,0
11.8333,1
11.8333,0
11.8338,1
11.8338,0
11.8342,1
11.8342,0
11.8347,1
11.8347,0
11.8352,1
11.8352,0
11.8357,1
11.8357,0
11.8361,1
11.8361,0
11.8366,1
11.8366,0
11.8371,1
11.8371,0
11.8376,1
11.8376,0
11.838,1
11.838,0
11.8385,1
11.8385,0
11.839,1
11.839,0
11.8394,1
11.8394,0
11.8404,1
11.8404,0
11.8413,1
11.8413,0
11.8423,1
11.8423,0
11.8432,1
11.8432,0
11.8442,1
11.8442,0
11.8451,1
11.8451,0
11.846,1
11.846,0
11.847,1
11.847,0
11.8479,1
11.8479,0
11.8489,1
11.8489,0
11.8498,1
11.8498,0
11.8508,1
11.8508,0
11.8517,1
11.8517,0
11.8527,1
11.8527,0
11.8536,1
11.8536,0
11.8545,1
11.8545,0
11.8555,1
11.8555,0
11.8564,1
11.8564,0
11.8574,1
11.8574,0
11.8583,1
11.8583,0
11.8593,1
11.8593,0
11.8602,1
11.8602,0
11.8612,1
11.8612,0
11.8621,1
11.8621,0
11.863,1
11.863,0
11.864,1
11.864,0
11.8649,1
11.8649,0
11.8659,1
11.8659,0
11.8668,1
11.8668,0
11.8678,1
11.8678,0
11.8687,1
11.8687,0
11.8696,1
11.8696,0
11.8706,1
11.8706,0
11.8715,1
11.8715,0
11.8725,1
11.8725,0
11.8734,1
11.8734,0
11.8744,1
11.8744,0
11.8753,1
11.8753,0
11.8763,1
11.8763,0
11.8772,1
11.8772,0
11.8781,1
11.8781,0
11.8791,1
11.8791,0
11.88,1
11.88,0
11.881,1
11.881,0
11.8819,1
11.8819,0
11.8829,1
11.8829,0
11.8838,1
11.8838,0
11.8848,1
11.8848,0
11.8857,1
11.8857,0
11.8862,1
11.8862,0
11.8872,1
11.8872,0
11.8881,1
11.8881,0
11.8891,1
11.8891,0
11.89,1
11.89,0
11.891,1
11.891,0
11.8919,1
11.8919,0
11.8928,1
11.8928,0
11.8938,1
11.8938,0
11.8947,1
11.8947,0
11.8957,1
11.8957,0
11.8966,1
11.8966,0
11.8976,1
11.8976,0
11.8985,1
11.8985,0
11.8995,1
11.8995,0
11.9004,1
11.9004,0
11.9013,1
11.9013,0
11.9023,1
11.9023,0
11.9032,1
11.9032,0
11.9042,1
11.9042,0
11.9051,1
11.9051,0
11.9061,1
11.9061,0
11.907,1
11.907,0
11.9079,1
11.9079,0
11.9089,1
11.9089,0
11.9098,1
11.9098,0
11.9108,1
11.9108,0
11.9117,1
11.9117,0
11.9127,1
11.9127,0
11.9136,1
11.9136,0
11.9146,1
11.9146,0
11.9155,1
11.9155,0
11.9164,1
11.9164,0
11.9174,1
11.9174,0
11.9183,1
11.9183,0
11.9193,1
11.9193,0
11.9202,1
11.9202,0
11.9212,1
11.9212,0
11.9221,1
11.9221,0
11.9231,1
11.9231,0
11.924,1
11.924,0
11.9249,1
11.9249,0
11.9259,1
11.9259,0
11.9268,1
11.9268,0
11.9278,1
11.9278,0
11.9287,1
11.9287,0
11.9297,1
11.9297,0
11.9306,1
11.9306,0
11.9315,1
11.9315,0
11.9325,1
11.9325,0
11.9334,1
11.9334,0
11.9344,1
11.9344,0
11.9353,1
11.9353,0
11.9363,1
11.9363,0
11.9372,1
11.9372,0
11.9382,1
11.9382,0
11.9391,1
11.9391,0
11.94,1
11.94,0
11.941,1
11.941,0
11.9419,1
11.9419,0
11.9429,1
11.9429,0
11.9438,1
11.9438,0
11.9448,1
11.9448,0
11.9457,1
11.9457,0
11.9467,1
11.9467,0
11.9476,1
11.9476,0
11.9485,1
11.9485,0
11.9495,1
11.9495,0
11.9504,1
11.9504,0
11.9514,1
11.9514,0
11.9523,1
11.9523,0
11.9533,1
11.9533,0
11.9542,1
11.9542,0
11.9551,1
11.9551,0
11.9561,1
11.9561,0
11.957,1
11.957,0
11.958,1
11.958,0
11.9589,1
11.9589,0
11.9599,1
11.9599,0
11.9608,1
11.9608,0
11.9618,1
11.9618,0
11.9627,1
11.9627,0
11.9636,1
11.9636,0
11.9646,1
11.9646,0
11.9655,1
11.9655,0
11.9665,1
11.9665,0
11.9674,1
11.9674,0
11.9684,1
11.9684,0
11.9693,1
11.9693,0
11.9703,1
11.9703,0
11.9712,1
11.9712,0
11.9721,1
11.9721,0
11.9731,1
11.9731,0
11.974,1
11.974,0
11.975,1
11.975,0
11.9759,1
11.9759,0
11.9769,1
11.9769,0
11.9778,1
11.9778,0
11.9787,1
11.9787,0
11.9797,1
11.9797,0
11.9806,1
11.9806,0
11.9816,1
11.9816,0
11.9825,1
11.9825,0
11.9835,1
11.9835,0
11.9844,1
11.9844,0
11.9854,1
11.9854,0
11.9863,1
11.9863,0
11.9872,1
11.9872,0
11.9882,1
11.9882,0
11.9891,1
11.9891,0
11.9901,1
11.9901,0
11.991,1
11.991,0
11.992,1
11.992,0
11.9929,1
11.9929,0
11.9939,1
11.9939,0
11.9948,1
11.9948,0
11.9957,1
11.9957,0
11.9967,1
11.9967,0
11.9976,1
11.9976,0
11.9986,1
11.9986,0
11.9995,1
11.9995,0
12.0005,1
12.0005,0
12.0014,1
12.0014,0
12.0023,1
12.0023,0
12.0033,1
12.0033,0
12.0042,1
12.0042,0
12.0052,1
12.0052,0
12.0061,1
12.0061,0
12.0071,1
12.0071,0
12.008,1
12.008,0
12.009,1
12.009,0
12.0099,1
12.0099,0
12.0108,1
12.0108,0
12.0118,1
12.0118,0
12.0127,1
12.0127,0
12.0137,1
12.0137,0
12.0146,1
12.0146,0
12.0156,1
12.0156,0
12.0165,1
12.0165,0
12.0175,1
12.0175,0
12.0184,1
12.0184,0
12.0193,1
12.0193,0
12.0203,1
12.0203,0
12.0212,1
12.0212,0
12.0222,1
12.0222,0
12.0231,1
12.0231,0
12.0241,1
12.0241,0
12.025,1
12.025,0
12.0259,1
12.0259,0
12.0269,1
12.0269,0
12.0278,1
12.0278,0
12.0288,1
12.0288,0
12.0297,1
12.0297,0
12.0307,1
12.0307,0
12.0316,1
12.0316,0
12.0326,1
12.0326,0
12.0335,1
12.0335,0
12.0344,1
12.0344,0
12.0354,1
12.0354,0
12.0363,1
12.0363,0
12.0373,1
12.0373,0
12.0382,1
12.0382,0
12.0392,1
12.0392,0
12.0401,1
12.0401,0
12.0411,1
12.0411,0
12.042,1
12.042,0
12.0429,1
12.0429,0
12.0439,1
12.0439,0
12.0448,1
12.0448,0
12.0458,1
12.0458,0
12.0467,1
12.0467,0
12.0477,1
12.0477,0
12.0486,1
12.0486,0
12.0495,1
12.0495,0
12.0505,1
12.0505,0
12.0514,1
12.0514,0
12.0524,1
12.0524,0
12.0533,1
12.0533,0
12.0543,1
12.0543,0
12.0552,1
12.0552,0
12.0562,1
12.0562,0
12.0571,1
12.0571,0
12.058,1
12.058,0
12.059,1
12.059,0
12.0599,1
12.0599,0
12.0609,1
12.0609,0
12.0618,1
12.0618,0
12.0628,1
12.0628,0
12.0637,1
12.0637,0
12.0647,1
12.0647,0
12.0656,1
12.0656,0
12.0665,1
12.0665,0
12.0675,1
12.0675,0
12.0684,1
12.0684,0
12.0694,1
12.0694,0
12.0703,1
12.0703,0
12.0713,1
12.0713,0
12.0722,1
12.0722,0
12.0731,1
12.0731,0
12.0741,1
12.0741,0
12.075,1
12.075,0
12.076,1
12.076,0
12.0769,1
12.0769,0
12.0779,1
12.0779,0
12.0788,1
12.0788,0
12.0798,1
12.0798,0
12.0807,1
12.0807,0
12.0816,1
12.0816,0
12.0826,1
12.0826,0
12.0835,1
12.0835,0
12.0845,1
12.0845,0
12.0854,1
12.0854,0
12.0864,1
12.0864,0
12.0873,1
12.0873,0
12.0883,1
12.0883,0
12.0892,1
12.0892,0
12.0901,1
12.0901,0
12.0911,1
12.0911,0
12.092,1
12.092,0
12.093,1
12.093,0
12.0939,1
12.0939,0
12.0949,1
12.0949,0
12.0958,1
12.0958,0
12.0967,1
12.0967,0
12.0977,1
12.0977,0
12.0986,1
12.0986,0
12.0996,1
12.0996,0
12.1005,1
12.1005,0
12.1015,1
12.1015,0
12.1024,1
12.1024,0
12.1034,1
12.1034,0
12.1043,1
12.1043,0
12.1052,1
12.1052,0
12.1062,1
12.1062,0
12.1071,1
12.1071,0
12.1081,1
12.1081,0
12.109,1
12.109,0
12.11,1
12.11,0
12.1109,1
12.1109,0
12.1119,1
12.1119,0
12.1128,1
12.1128,0
12.1137,1
12.1137,0
12.1147,1
12.1147,0
12.1156,1
12.1156,0
12.1166,1
12.1166,0
12.1175,1
12.1175,0
12.1185,1
12.1185,0
12.1194,1
12.1194,0
12.1203,1
12.1203,0
12.1213,1
12.1213,0
12.1222,1
12.1222,0
12.1232,1
12.1232,0
12.1241,1
12.1241,0
12.1251,1
12.1251,0
12.126,1
12.126,0
12.127,1
12.127,0
12.1279,1
12.1279,0
12.1288,1
12.1288,0
12.1298,1
12.1298,0
12.1307,1
12.1307,0
12.1317,1
12.1317,0
12.1326,1
12.1326,0
12.1336,1
12.1336,0
12.1345,1
12.1345,0
12.1355,1
12.1355,0
12.1364,1
12.1364,0
12.1373,1
12.1373,0
12.1383,1
12.1383,0
12.1392,1
12.1392,0
12.1402,1
12.1402,0
12.1411,1
12.1411,0
12.1421,1
12.1421,0
12.143,1
12.143,0
12.1439,1
12.1439,0
12.1449,1
12.1449,0
12.1458,1
12.1458,0
12.1468,1
12.1468,0
12.1477,1
12.1477,0
12.1487,1
12.1487,0
12.1496,1
12.1496,0
12.1506,1
12.1506,0
12.1515,1
12.1515,0
12.1524,1
12.1524,0
12.1534,1
12.1534,0
12.1543,1
12.1543,0
12.1553,1
12.1553,0
12.1562,1
12.1562,0
12.1572,1
12.1572,0
12.1581,1
12.1581,0
12.1591,1
12.1591,0
12.16,1
12.16,0
12.1609,1
12.1609,0
12.1619,1
12.1619,0
12.1628,1
12.1628,0
12.1638,1
12.1638,0
12.1647,1
12.1647,0
12.1657,1
12.1657,0
12.1666,1
12.1666,0
12.1675,1
12.1675,0
12.1685,1
12.1685,0
12.1694,1
12.1694,0
12.1704,1
12.1704,0
12.1713,1
12.1713,0
12.1723,1
12.1723,0
12.1732,1
12.1732,0
12.1742,1
12.1742,0
12.1751,1
12.1751,0
12.176,1
12.176,0
12.177,1
12.177,0
12.1779,1
12.1779,0
12.1789,1
12.1789,0
12.1798,1
12.1798,0
12.1808,1
12.1808,0
12.1817,1
12.1817,0
12.1827,1
12.1827,0
12.1836,1
12.1836,0
12.1845,1
12.1845,0
12.1855,1
12.1855,0
12.1864,1
12.1864,0
12.1874,1
12.1874,0
12.1883,1
12.1883,0
12.1893,1
12.1893,0
12.1902,1
12.1902,0
12.1911,1
12.1911,0
12.1921,1
12.1921,0
12.193,1
12.193,0
12.194,1
12.194,0
12.1949,1
12.1949,0
12.1959,1
12.1959,0
12.1968,1
12.1968,0
12.1978,1
12.1978,0
12.1987,1
12.1987,0
12.1996,1
12.1996,0
12.2006,1
12.2006,0
12.2015,1
12.2015,0
12.2025,1
12.2025,0
12.2034,1
12.2034,0
12.2044,1
12.2044,0
12.2053,1
12.2053,0
12.2063,1
12.2063,0
12.2072,1
12.2072,0
12.2081,1
12.2081,0
12.2091,1
12.2091,0
12.21,1
12.21,0
12.211,1
12.211,0
12.2119,1
12.2119,0
12.2129,1
12.2129,0
12.2138,1
12.2138,0
12.2147,1
12.2147,0
12.2157,1
12.2157,0
12.2166,1
12.2166,0
12.2176,1
12.2176,0
12.2185,1
12.2185,0
12.2195,1
12.2195,0
12.2204,1
12.2204,0
12.2214,1
12.2214,0
12.2223,1
12.2223,0
12.2232,1
12.2232,0
12.2242,1
12.2242,0
12.2251,1
12.2251,0
12.2261,1
12.2261,0
12.227,1
12.227,0
12.228,1
12.228,0
12.2289,1
12.2289,0
12.2299,1
12.2299,0
12.2308,1
12.2308,0
12.2317,1
12.2317,0
12.2327,1
12.2327,0
12.2336,1
12.2336,0
12.2346,1
12.2346,0
12.2355,1
12.2355,0
12.2365,1
12.2365,0
12.2374,1
12.2374,0
12.2383,1
12.2383,0
12.2393,1
12.2393,0
12.2402,1
12.2402,0
12.2412,1
12.2412,0
12.2421,1
12.2421,0
12.2431,1
12.2431,0
12.244,1
12.244,0
12.245,1
12.245,0
12.2459,1
12.2459,0
12.2468,1
12.2468,0
12.2478,1
12.2478,0
12.2487,1
12.2487,0
12.2497,1
12.2497,0
12.2506,1
12.2506,0
12.2516,1
12.2516,0
12.2525,1
12.2525,0
12.2535,1
12.2535,0
12.2544,1
12.2544,0
12.2553,1
12.2553,0
12.2563,1
12.2563,0
12.2572,1
12.2572,0
12.2582,1
12.2582,0
12.2591,1
12.2591,0
12.2601,1
12.2601,0
12.261,1
12.261,0
12.2619,1
12.2619,0
12.2629,1
12.2629,0
12.2638,1
12.2638,0
12.2648,1
12.2648,0
12.2657,1
12.2657,0
12.2667,1
12.2667,0
12.2676,1
12.2676,0
12.2686,1
12.2686,0
12.2695,1
12.2695,0
12.2704,1
12.2704,0
12.2714,1
12.2714,0
12.2723,1
12.2723,0
12.2733,1
12.2733,0
12.2742,1
12.2742,0
12.2752,1
12.2752,0
12.2761,1
12.2761,0
12.2771,1
12.2771,0
12.278,1
12.278,0
12.2789,1
12.2789,0
12.2799,1
12.2799,0
12.2808,1
12.2808,0
12.2818,1
12.2818,0
12.2827,1
12.2827,0
12.2837,1
12.2837,0
12.2846,1
12.2846,0
12.2855,1
12.2855,0
12.2865,1
12.2865,0
12.2874,1
12.2874,0
12.2884,1
12.2884,0
12.2893,1
12.2893,0
12.2903,1
12.2903,0
12.2912,1
12.2912,0
12.2922,1
12.2922,0
12.2931,1
12.2931,0
12.294,1
12.294,0
12.295,1
12.295,0
12.2959,1
12.2959,0
12.2969,1
12.2969,0
12.2978,1
12.2978,0
12.2988,1
12.2988,0
12.2997,1
12.2997,0
12.3007,1
12.3007,0
12.3016,1
12.3016,0
12.3025,1
12.3025,0
12.3035,1
12.3035,0
12.3044,1
12.3044,0
12.3054,1
12.3054,0
12.3063,1
12.3063,0
12.3073,1
12.3073,0
12.3082,1
12.3082,0
12.3091,1
12.3091,0
12.3101,1
12.3101,0
12.311,1
12.311,0
12.312,1
12.312,0
12.3129,1
12.3129,0
12.3139,1
12.3139,0
12.3148,1
12.3148,0
12.3158,1
12.3158,0
12.3167,1
12.3167,0
12.3176,1
12.3176,0
12.3186,1
12.3186,0
12.3195,1
12.3195,0
12.3205,1
12.3205,0
12.3214,1
12.3214,0
12.3224,1
12.3224,0
12.3233,1
12.3233,0
12.3243,1
12.3243,0
12.3252,1
12.3252,0
12.3261,1
12.3261,0
12.3271,1
12.3271,0
12.328,1
12.328,0
12.329,1
12.329,0
12.3299,1
12.3299,0
12.3309,1
12.3309,0
12.3318,1
12.3318,0
12.3327,1
12.3327,0
12.3337,1
12.3337,0
12.3346,1
12.3346,0
12.3356,1
12.3356,0
12.3365,1
12.3365,0
12.3375,1
12.3375,0
12.3384,1
12.3384,0
12.3394,1
12.3394,0
12.3403,1
12.3403,0
12.3412,1
12.3412,0
12.3422,1
12.3422,0
12.3431,1
12.3431,0
12.3441,1
12.3441,0
12.345,1
12.345,0
12.346,1
12.346,0
12.3469,1
12.3469,0
12.3479,1
12.3479,0
12.3488,1
12.3488,0
12.3497,1
12.3497,0
12.3507,1
12.3507,0
12.3516,1
12.3516,0
12.3526,1
12.3526,0
12.3535,1
12.3535,0
12.3545,1
12.3545,0
12.3554,1
12.3554,0
12.3563,1
12.3563,0
12.3573,1
12.3573,0
12.3582,1
12.3582,0
12.3592,1
12.3592,0
12.3601,1
12.3601,0
12.3611,1
12.3611,0
12.362,1
12.362,0
12.363,1
12.363,0
12.3639,1
12.3639,0
12.3648,1
12.3648,0
12.3658,1
12.3658,0
12.3667,1
12.3667,0
12.3677,1
12.3677,0
12.3686,1
12.3686,0
12.3696,1
12.3696,0
12.3705,1
12.3705,0
12.3715,1
12.3715,0
12.3724,1
12.3724,0
12.3733,1
12.3733,0
12.3743,1
12.3743,0
12.3752,1
12.3752,0
12.3762,1
12.3762,0
12.3771,1
12.3771,0
12.3781,1
12.3781,0
12.379,1
12.379,0
12.3799,1
12.3799,0
12.3809,1
12.3809,0
12.3818,1
12.3818,0
12.3828,1
12.3828,0
12.3837,1
12.3837,0
12.3847,1
12.3847,0
12.3856,1
12.3856,0
12.3866,1
12.3866,0
12.3875,1
12.3875,0
12.3884,1
12.3884,0
12.3894,1
12.3894,0
12.3903,1
12.3903,0
12.3913,1
12.3913,0
12.3922,1
12.3922,0
12.3932,1
12.3932,0
12.3941,1
12.3941,0
12.3951,1
12.3951,0
12.396,1
12.396,0
12.3969,1
12.3969,0
12.3979,1
12.3979,0
12.3988,1
12.3988,0
12.3998,1
12.3998,0
12.4007,1
12.4007,0
12.4017,1
12.4017,0
12.4026,1
12.4026,0
12.4035,1
12.4035,0
12.4045,1
12.4045,0
12.4054,1
12.4054,0
12.4064,1
12.4064,0
12.4073,1
12.4073,0
12.4083,1
12.4083,0
12.4092,1
12.4092,0
12.4102,1
12.4102,0
12.4111,1
12.4111,0
12.412,1
12.412,0
12.413,1
12.413,0
12.4139,1
12.4139,0
12.4149,1
12.4149,0
12.4158,1
12.4158,0
12.4168,1
12.4168,0
12.4177,1
12.4177,0
12.4187,1
12.4187,0
12.4196,1
12.4196,0
12.4205,1
12.4205,0
12.4215,1
12.4215,0
12.4224,1
12.4224,0
12.4234,1
12.4234,0
12.4243,1
12.4243,0
12.4253,1
12.4253,0
12.4262,1
12.4262,0
12.4271,1
12.4271,0
12.4281,1
12.4281,0
12.429,1
12.429,0
12.43,1
12.43,0
12.4309,1
12.4309,0
12.4319,1
12.4319,0
12.4328,1
12.4328,0
12.4338,1
12.4338,0
12.4347,1
12.4347,0
12.4356,1
12.4356,0
12.4366,1
12.4366,0
12.4375,1
12.4375,0
12.4385,1
12.4385,0
12.4394,1
12.4394,0
12.4404,1
12.4404,0
12.4413,1
12.4413,0
12.4423,1
12.4423,0
12.4432,1
12.4432,0
12.4441,1
12.4441,0
12.4451,1
12.4451,0
12.446,1
12.446,0
12.447,1
12.447,0
12.4479,1
12.4479,0
12.4489,1
12.4489,0
12.4498,1
12.4498,0
12.4507,1
12.4507,0
12.4517,1
12.4517,0
12.4526,1
12.4526,0
12.4536,1
12.4536,0
12.4545,1
12.4545,0
12.4555,1
12.4555,0
12.4564,1
12.4564,0
12.4574,1
12.4574,0
12.4583,1
12.4583,0
12.4592,1
12.4592,0
12.4602,1
12.4602,0
12.4611,1
12.4611,0
12.4621,1
12.4621,0
12.463,1
12.463,0
12.464,1
12.464,0
12.4649,1
12.4649,0
12.4659,1
12.4659,0
12.4668,1
12.4668,0
12.4677,1
12.4677,0
12.4687,1
12.4687,0
12.4696,1
12.4696,0
12.4706,1
12.4706,0
12.4715,1
12.4715,0
12.4725,1
12.4725,0
12.4734,1
12.4734,0
12.4743,1
12.4743,0
12.4753,1
12.4753,0
12.4762,1
12.4762,0
12.4772,1
12.4772,0
12.4781,1
12.4781,0
12.4791,1
12.4791,0
12.48,1
12.48,0
12.481,1
12.481,0
12.4819,1
12.4819,0
12.4828,1
12.4828,0
12.4838,1
12.4838,0
12.4847,1
12.4847,0
12.4857,1
12.4857,0
12.4866,1
12.4866,0
12.4876,1
12.4876,0
12.4885,1
12.4885,0
12.4895,1
12.4895,0
12.4904,1
12.4904,0
12.4913,1
12.4913,0
12.4923,1
12.4923,0
12.4932,1
12.4932,0
12.4942,1
12.4942,0
12.4951,1
12.4951,0
12.4961,1
12.4961,0
12.497,1
12.497,0
12.4979,1
12.4979,0
12.4989,1
12.4989,0
12.4998,1
12.4998,0
12.5008,1
12.5008,0
12.5017,1
12.5017,0
12.5027,1
12.5027,0
12.5036,1
12.5036,0
12.5046,1
12.5046,0
12.5055,1
12.5055,0
12.5064,1
12.5064,0
12.5074,1
12.5074,0
12.5083,1
12.5083,0
12.5093,1
12.5093,0
12.5102,1
12.5102,0
12.5112,1
12.5112,0
12.5121,1
12.5121,0
12.5131,1
12.5131,0
12.514,1
12.514,0
12.5149,1
12.5149,0
12.5159,1
12.5159,0
12.5168,1
12.5168,0
12.5178,1
12.5178,0
12.5187,1
12.5187,0
12.5197,1
12.5197,0
12.5206,1
12.5206,0
12.5215,1
12.5215,0
12.5225,1
12.5225,0
12.5234,1
12.5234,0
12.5244,1
12.5244,0
12.5253,1
12.5253,0
12.5263,1
12.5263,0
12.5272,1
12.5272,0
12.5282,1
12.5282,0
12.5291,1
12.5291,0
12.53,1
12.53,0
12.531,1
12.531,0
12.5319,1
12.5319,0
12.5329,1
12.5329,0
12.5338,1
12.5338,0
12.5348,1
12.5348,0
12.5357,1
12.5357,0
12.5367,1
12.5367,0
12.5376,1
12.5376,0
12.5385,1
12.5385,0
12.5395,1
12.5395,0
12.5404,1
12.5404,0
12.5414,1
12.5414,0
12.5423,1
12.5423,0
12.5433,1
12.5433,0
12.5442,1
12.5442,0
12.5451,1
12.5451,0
12.5461,1
12.5461,0
12.547,1
12.547,0
12.548,1
12.548,0
12.5489,1
12.5489,0
12.5499,1
12.5499,0
12.5508,1
12.5508,0
12.5518,1
12.5518,0
12.5527,1
12.5527,0
12.5536,1
12.5536,0
12.5546,1
12.5546,0
12.5555,1
12.5555,0
12.5565,1
12.5565,0
12.5574,1
12.5574,0
12.5584,1
12.5584,0
12.5593,1
12.5593,0
12.5603,1
12.5603,0
12.5612,1
12.5612,0
12.5621,1
12.5621,0
12.5631,1
12.5631,0
12.564,1
12.564,0
12.565,1
12.565,0
12.5659,1
12.5659,0
12.5669,1
12.5669,0
12.5678,1
12.5678,0
12.5687,1
12.5687,0
12.5697,1
12.5697,0
12.5706,1
12.5706,0
12.5716,1
12.5716,0
12.5725,1
12.5725,0
12.5735,1
12.5735,0
12.5744,1
12.5744,0
12.5754,1
12.5754,0
12.5763,1
12.5763,0
12.5772,1
12.5772,0
12.5782,1
12.5782,0
12.5791,1
12.5791,0
12.5801,1
12.5801,0
12.581,1
12.581,0
12.582,1
12.582,0
12.5829,1
12.5829,0
12.5839,1
12.5839,0
12.5848,1
12.5848,0
12.5857,1
12.5857,0
12.5867,1
12.5867,0
12.5876,1
12.5876,0
12.5886,1
12.5886,0
12.5895,1
12.5895,0
12.5905,1
12.5905,0
12.5914,1
12.5914,0
12.5923,1
12.5923,0
12.5933,1
12.5933,0
12.5942,1
12.5942,0
12.5952,1
12.5952,0
12.5961,1
12.5961,0
12.5971,1
12.5971,0
12.598,1
12.598,0
12.599,1
12.599,0
12.5999,1
12.5999,0
12.6008,1
12.6008,0
12.6018,1
12.6018,0
12.6027,1
12.6027,0
12.6037,1
12.6037,0
12.6046,1
12.6046,0
12.6056,1
12.6056,0
12.6065,1
12.6065,0
12.6075,1
12.6075,0
12.6084,1
12.6084,0
12.6093,1
12.6093,0
12.6103,1
12.6103,0
12.6112,1
12.6112,0
12.6122,1
12.6122,0
12.6131,1
12.6131,0
12.6141,1
12.6141,0
12.615,1
12.615,0
12.6159,1
12.6159,0
12.6169,1
12.6169,0
12.6178,1
12.6178,0
12.6188,1
12.6188,0
12.6197,1
12.6197,0
12.6207,1
12.6207,0
12.6216,1
12.6216,0
12.6226,1
12.6226,0
12.6235,1
12.6235,0
12.6244,1
12.6244,0
12.6254,1
12.6254,0
12.6263,1
12.6263,0
12.6273,1
12.6273,0
12.6282,1
12.6282,0
12.6292,1
12.6292,0
12.6301,1
12.6301,0
12.6311,1
12.6311,0
12.632,1
12.632,0
12.6329,1
12.6329,0
12.6339,1
12.6339,0
12.6348,1
12.6348,0
12.6358,1
12.6358,0
12.6367,1
12.6367,0
12.6377,1
12.6377,0
12.6386,1
12.6386,0
12.6395,1
12.6395,0
12.6405,1
12.6405,0
12.6414,1
12.6414,0
12.6424,1
12.6424,0
12.6433,1
12.6433,0
12.6443,1
12.6443,0
12.6452,1
12.6452,0
12.6462,1
12.6462,0
12.6471,1
12.6471,0
12.648,1
12.648,0
12.649,1
12.649,0
12.6499,1
12.6499,0
12.6509,1
12.6509,0
12.6518,1
12.6518,0
12.6528,1
12.6528,0
12.6537,1
12.6537,0
12.6547,1
12.6547,0
12.6556,1
12.6556,0
12.6565,1
12.6565,0
12.6575,1
12.6575,0
12.6584,1
12.6584,0
12.6594,1
12.6594,0
12.6603,1
12.6603,0
12.6613,1
12.6613,0
12.6622,1
12.6622,0
12.6631,1
12.6631,0
12.6641,1
12.6641,0
12.665,1
12.665,0
12.666,1
12.666,0
12.6669,1
12.6669,0
12.6679,1
12.6679,0
12.6688,1
12.6688,0
12.6698,1
12.6698,0
12.6707,1
12.6707,0
12.6716,1
12.6716,0
12.6726,1
12.6726,0
12.6735,1
12.6735,0
12.6745,1
12.6745,0
12.6754,1
12.6754,0
12.6764,1
12.6764,0
12.6773,1
12.6773,0
12.6783,1
12.6783,0
12.6792,1
12.6792,0
12.6801,1
12.6801,0
12.6811,1
12.6811,0
12.682,1
12.682,0
12.683,1
12.683,0
12.6839,1
12.6839,0
12.6849,1
12.6849,0
12.6858,1
12.6858,0
12.6867,1
12.6867,0
12.6877,1
12.6877,0
12.6886,1
12.6886,0
12.6896,1
12.6896,0
12.6905,1
12.6905,0
12.6915,1
12.6915,0
12.6924,1
12.6924,0
12.6934,1
12.6934,0
12.6943,1
12.6943,0
12.6952,1
12.6952,0
12.6962,1
12.6962,0
12.6971,1
12.6971,0
12.6981,1
12.6981,0
12.699,1
12.699,0
12.7,1
12.7,0
12.7009,1
12.7009,0
12.7019,1
12.7019,0
12.7028,1
12.7028,0
12.7037,1
12.7037,0
12.7047,1
12.7047,0
12.7056,1
12.7056,0
12.7066,1
12.7066,0
12.7075,1
12.7075,0
12.7085,1
12.7085,0
12.7094,1
12.7094,0
12.7103,1
12.7103,0
12.7113,1
12.7113,0
12.7122,1
12.7122,0
12.7132,1
12.7132,0
12.7141,1
12.7141,0
12.7151,1
12.7151,0
12.716,1
12.716,0
12.717,1
12.717,0
12.7179,1
12.7179,0
12.7188,1
12.7188,0
12.7198,1
12.7198,0
12.7207,1
12.7207,0
12.7217,1
12.7217,0
12.7226,1
12.7226,0
12.7236,1
12.7236,0
12.7245,1
12.7245,0
12.7255,1
12.7255,0
12.7264,1
12.7264,0
12.7273,1
12.7273,0
12.7283,1
12.7283,0
12.7292,1
12.7292,0
12.7302,1
12.7302,0
12.7311,1
12.7311,0
12.7321,1
12.7321,0
12.733,1
12.733,0
12.7339,1
12.7339,0
12.7349,1
12.7349,0
12.7358,1
12.7358,0
12.7368,1
12.7368,0
12.7377,1
12.7377,0
12.7387,1
12.7387,0
12.7396,1
12.7396,0
12.7406,1
12.7406,0
12.7415,1
12.7415,0
12.7424,1
12.7424,0
12.7434,1
12.7434,0
12.7443,1
12.7443,0
12.7453,1
12.7453,0
12.7462,1
12.7462,0
12.7472,1
12.7472,0
12.7481,1
12.7481,0
12.7491,1
12.7491,0
12.75,1
12.75,0
12.7509,1
12.7509,0
12.7519,1
12.7519,0
12.7528,1
12.7528,0
12.7538,1
12.7538,0
12.7547,1
12.7547,0
12.7557,1
12.7557,0
12.7566,1
12.7566,0
12.7575,1
12.7575,0
12.7585,1
12.7585,0
12.7594,1
12.7594,0
12.7604,1
12.7604,0
12.7613,1
12.7613,0
12.7623,1
12.7623,0
12.7632,1
12.7632,0
12.7642,1
12.7642,0
12.7651,1
12.7651,0
12.766,1
12.766,0
12.767,1
12.767,0
12.7679,1
12.7679,0
12.7689,1
12.7689,0
12.7698,1
12.7698,0
12.7708,1
12.7708,0
12.7717,1
12.7717,0
12.7727,1
12.7727,0
12.7736,1
12.7736,0
12.7745,1
12.7745,0
12.7755,1
12.7755,0
12.7764,1
12.7764,0
12.7774,1
12.7774,0
12.7783,1
12.7783,0
12.7793,1
12.7793,0
12.7802,1
12.7802,0
12.7811,1
12.7811,0
12.7821,1
12.7821,0
12.783,1
12.783,0
12.784,1
12.784,0
12.7849,1
12.7849,0
12.7859,1
12.7859,0
12.7868,1
12.7868,0
12.7878,1
12.7878,0
12.7887,1
12.7887,0
12.7896,1
12.7896,0
12.7906,1
12.7906,0
12.7915,1
12.7915,0
12.7925,1
12.7925,0
12.7934,1
12.7934,0
12.7944,1
12.7944,0
12.7953,1
12.7953,0
12.7963,1
12.7963,0
12.7972,1
12.7972,0
12.7981,1
12.7981,0
12.7991,1
12.7991,0
12.8,1
12.8,0
12.801,1
12.801,0
12.8019,1
12.8019,0
12.8029,1
12.8029,0
12.8038,1
12.8038,0
12.8047,1
12.8047,0
12.8057,1
12.8057,0
12.8066,1
12.8066,0
12.8076,1
12.8076,0
12.8085,1
12.8085,0
12.8095,1
12.8095,0
12.8104,1
12.8104,0
12.8114,1
12.8114,0
12.8123,1
12.8123,0
12.8132,1
12.8132,0
12.8142,1
12.8142,0
12.8151,1
12.8151,0
12.8161,1
12.8161,0
12.817,1
12.817,0
12.818,1
12.818,0
12.8189,1
12.8189,0
12.8199,1
12.8199,0
12.8208,1
12.8208,0
12.8217,1
12.8217,0
12.8227,1
12.8227,0
12.8236,1
12.8236,0
12.8246,1
12.8246,0
12.8255,1
12.8255,0
12.8265,1
12.8265,0
12.8274,1
12.8274,0
12.8283,1
12.8283,0
12.8293,1
12.8293,0
12.8302,1
12.8302,0
12.8312,1
12.8312,0
12.8321,1
12.8321,0
12.8331,1
12.8331,0
12.834,1
12.834,0
12.835,1
12.835,0
12.8359,1
12.8359,0
12.8368,1
12.8368,0
12.8378,1
12.8378,0
12.8387,1
12.8387,0
12.8397,1
12.8397,0
12.8406,1
12.8406,0
12.8416,1
12.8416,0
12.8425,1
12.8425,0
12.8435,1
12.8435,0
12.8444,1
12.8444,0
12.8453,1
12.8453,0
12.8463,1
12.8463,0
12.8472,1
12.8472,0
12.8482,1
12.8482,0
12.8491,1
12.8491,0
12.8501,1
12.8501,0
12.851,1
12.851,0
12.8519,1
12.8519,0
12.8529,1
12.8529,0
12.8538,1
12.8538,0
12.8548,1
12.8548,0
12.8557,1
12.8557,0
12.8567,1
12.8567,0
12.8576,1
12.8576,0
12.8586,1
12.8586,0
12.8595,1
12.8595,0
12.8604,1
12.8604,0
12.8614,1
12.8614,0
12.8623,1
12.8623,0
12.8633,1
12.8633,0
12.8642,1
12.8642,0
12.8652,1
12.8652,0
12.8661,1
12.8661,0
12.8671,1
12.8671,0
12.868,1
12.868,0
12.8689,1
12.8689,0
12.8699,1
12.8699,0
12.8708,1
12.8708,0
12.8718,1
12.8718,0
12.8727,1
12.8727,0
12.8737,1
12.8737,0
12.8746,1
12.8746,0
12.8755,1
12.8755,0
12.8765,1
12.8765,0
12.8774,1
12.8774,0
12.8784,1
12.8784,0
12.8793,1
12.8793,0
12.8803,1
12.8803,0
12.8812,1
12.8812,0
12.8822,1
12.8822,0
12.8831,1
12.8831,0
12.884,1
12.884,0
12.885,1
12.885,0
12.8859,1
12.8859,0
12.8869,1
12.8869,0
12.8878,1
12.8878,0
12.8888,1
12.8888,0
12.8897,1
12.8897,0
12.8907,1
12.8907,0
12.8916,1
12.8916,0
12.8925,1
12.8925,0
12.8935,1
12.8935,0
12.8944,1
12.8944,0
12.8954,1
12.8954,0
12.8963,1
12.8963,0
12.8973,1
12.8973,0
12.8982,1
12.8982,0
12.8991,1
12.8991,0
12.9001,1
12.9001,0
12.901,1
12.901,0
12.902,1
12.902,0
12.9029,1
12.9029,0
12.9039,1
12.9039,0
12.9048,1
12.9048,0
12.9058,1
12.9058,0
12.9067,1
12.9067,0
12.9076,1
12.9076,0
12.9086,1
12.9086,0
12.9095,1
12.9095,0
12.9105,1
12.9105,0
12.9114,1
12.9114,0
12.9124,1
12.9124,0
12.9133,1
12.9133,0
12.9143,1
12.9143,0
12.9152,1
12.9152,0
12.9161,1
12.9161,0
12.9171,1
12.9171,0
12.918,1
12.918,0
12.919,1
12.919,0
12.9199,1
12.9199,0
12.9209,1
12.9209,0
12.9218,1
12.9218,0
12.9227,1
12.9227,0
12.9237,1
12.9237,0
12.9246,1
12.9246,0
12.9256,1
12.9256,0
12.9265,1
12.9265,0
12.9275,1
12.9275,0
12.9284,1
12.9284,0
12.9294,1
12.9294,0
12.9303,1
12.9303,0
12.9312,1
12.9312,0
12.9322,1
12.9322,0
12.9331,1
12.9331,0
12.9341,1
12.9341,0
12.935,1
12.935,0
12.936,1
12.936,0
12.9369,1
12.9369,0
12.9379,1
12.9379,0
12.9388,1
12.9388,0
12.9397,1
12.9397,0
12.9407,1
12.9407,0
12.9416,1
12.9416,0
12.9426,1
12.9426,0
12.9435,1
12.9435,0
12.9445,1
12.9445,0
12.9454,1
12.9454,0
12.9463,1
12.9463,0
12.9473,1
12.9473,0
12.9482,1
12.9482,0
12.9492,1
12.9492,0
12.9501,1
12.9501,0
12.9511,1
12.9511,0
12.952,1
12.952,0
12.953,1
12.953,0
12.9539,1
12.9539,0
12.9548,1
12.9548,0
12.9558,1
12.9558,0
12.9567,1
12.9567,0
12.9577,1
12.9577,0
12.9586,1
12.9586,0
12.9596,1
12.9596,0
12.9605,1
12.9605,0
12.9615,1
12.9615,0
12.9624,1
12.9624,0
12.9633,1
12.9633,0
12.9643,1
12.9643,0
12.9652,1
12.9652,0
12.9662,1
12.9662,0
12.9671,1
12.9671,0
12.9681,1
12.9681,0
12.969,1
12.969,0
12.9699,1
12.9699,0
12.9709,1
12.9709,0
12.9718,1
12.9718,0
12.9728,1
12.9728,0
12.9737,1
12.9737,0
12.9747,1
12.9747,0
12.9756,1
12.9756,0
12.9766,1
12.9766,0
12.9775,1
12.9775,0
12.9784,1
12.9784,0
12.9794,1
12.9794,0
12.9803,1
12.9803,0
12.9813,1
12.9813,0
12.9822,1
12.9822,0
12.9832,1
12.9832,0
12.9841,1
12.9841,0
12.9851,1
12.9851,0
12.986,1
12.986,0
12.9869,1
12.9869,0
12.9879,1
12.9879,0
12.9888,1
12.9888,0
12.9898,1
12.9898,0
12.9907,1
12.9907,0
12.9917,1
12.9917,0
12.9926,1
12.9926,0
12.9935,1
12.9935,0
12.9945,1
12.9945,0
12.9954,1
12.9954,0
12.9964,1
12.9964,0
12.9973,1
12.9973,0
12.9983,1
12.9983,0
12.9992,1
12.9992,0
13.0002,1
13.0002,0
13.0011,1
13.0011,0
13.002,1
13.002,0
13.003,1
13.003,0
13.0039,1
13.0039,0
13.0049,1
13.0049,0
13.0058,1
13.0058,0
13.0068,1
13.0068,0
13.0077,1
13.0077,0
13.0087,1
13.0087,0
13.0096,1
13.0096,0
13.0105,1
13.0105,0
13.0115,1
13.0115,0
13.0124,1
13.0124,0
13.0134,1
13.0134,0
13.0143,1
13.0143,0
13.0153,1
13.0153,0
13.0162,1
13.0162,0
13.0171,1
13.0171,0
13.0181,1
13.0181,0
13.019,1
13.019,0
13.02,1
13.02,0
13.0209,1
13.0209,0
13.0219,1
13.0219,0
13.0228,1
13.0228,0
13.0238,1
13.0238,0
13.0247,1
13.0247,0
13.0256,1
13.0256,0
13.0266,1
13.0266,0
13.0275,1
13.0275,0
13.0285,1
13.0285,0
13.0294,1
13.0294,0
13.0304,1
13.0304,0
13.0313,1
13.0313,0
13.0323,1
13.0323,0
13.0332,1
13.0332,0
13.0341,1
13.0341,0
13.0351,1
13.0351,0
13.036,1
13.036,0
13.037,1
13.037,0
13.0379,1
13.0379,0
13.0389,1
13.0389,0
13.0398,1
13.0398,0
13.0407,1
13.0407,0
13.0417,1
13.0417,0
13.0426,1
13.0426,0
13.0436,1
13.0436,0
13.0445,1
13.0445,0
13.0455,1
13.0455,0
13.0464,1
13.0464,0
13.0474,1
13.0474,0
13.0483,1
13.0483,0
13.0492,1
13.0492,0
13.0502,1
13.0502,0
13.0511,1
13.0511,0
13.0521,1
13.0521,0
13.053,1
13.053,0
13.054,1
13.054,0
13.0549,1
13.0549,0
13.0559,1
13.0559,0
13.0568,1
13.0568,0
13.0577,1
13.0577,0
13.0587,1
13.0587,0
13.0596,1
13.0596,0
13.0606,1
13.0606,0
13.0615,1
13.0615,0
13.0625,1
13.0625,0
13.0634,1
13.0634,0
13.0643,1
13.0643,0
13.0653,1
13.0653,0
13.0662,1
13.0662,0
13.0672,1
13.0672,0
13.0681,1
13.0681,0
13.0691,1
13.0691,0
13.07,1
13.07,0
13.071,1
13.071,0
13.0719,1
13.0719,0
13.0728,1
13.0728,0
13.0738,1
13.0738,0
13.0747,1
13.0747,0
13.0757,1
13.0757,0
13.0766,1
13.0766,0
13.0776,1
13.0776,0
13.0785,1
13.0785,0
13.0795,1
13.0795,0
13.0804,1
13.0804,0
13.0813,1
13.0813,0
13.0823,1
13.0823,0
13.0832,1
13.0832,0
13.0842,1
13.0842,0
13.0851,1
13.0851,0
13.0861,1
13.0861,0
13.087,1
13.087,0
13.0879,1
13.0879,0
13.0889,1
13.0889,0
13.0898,1
13.0898,0
13.0908,1
13.0908,0
13.0917,1
13.0917,0
13.0927,1
13.0927,0
13.0936,1
13.0936,0
13.0946,1
13.0946,0
13.0955,1
13.0955,0
13.0964,1
13.0964,0
13.0974,1
13.0974,0
13.0983,1
13.0983,0
13.0993,1
13.0993,0
13.1002,1
13.1002,0
13.1012,1
13.1012,0
13.1021,1
13.1021,0
13.1031,1
13.1031,0
13.104,1
13.104,0
13.1049,1
13.1049,0
13.1059,1
13.1059,0
13.1068,1
13.1068,0
13.1078,1
13.1078,0
13.1087,1
13.1087,0
13.1097,1
13.1097,0
13.1106,1
13.1106,0
13.1115,1
13.1115,0
13.1125,1
13.1125,0
13.1134,1
13.1134,0
13.1144,1
13.1144,0
13.1153,1
13.1153,0
13.1163,1
13.1163,0
13.1172,1
13.1172,0
13.1182,1
13.1182,0
13.1191,1
13.1191,0
13.12,1
13.12,0
13.121,1
13.121,0
13.1219,1
13.1219,0
13.1229,1
13.1229,0
13.1238,1
13.1238,0
13.1248,1
13.1248,0
13.1257,1
13.1257,0
13.1267,1
13.1267,0
13.1276,1
13.1276,0
13.1285,1
13.1285,0
13.1295,1
13.1295,0
13.1304,1
13.1304,0
13.1314,1
13.1314,0
13.1323,1
13.1323,0
13.1333,1
13.1333,0
13.1342,1
13.1342,0
13.1351,1
13.1351,0
13.1361,1
13.1361,0
13.137,1
13.137,0
13.138,1
13.138,0
13.1389,1
13.1389,0
13.1399,1
13.1399,0
13.1408,1
13.1408,0
13.1418,1
13.1418,0
13.1427,1
13.1427,0
13.1436,1
13.1436,0
13.1446,1
13.1446,0
13.1455,1
13.1455,0
13.1465,1
13.1465,0
13.1474,1
13.1474,0
13.1484,1
13.1484,0
13.1493,1
13.1493,0
13.1503,1
13.1503,0
13.1512,1
13.1512,0
13.1521,1
13.1521,0
13.1531,1
13.1531,0
13.154,1
13.154,0
13.155,1
13.155,0
13.1559,1
13.1559,0
13.1569,1
13.1569,0
13.1578,1
13.1578,0
13.1587,1
13.1587,0
13.1597,1
13.1597,0
13.1606,1
13.1606,0
13.1616,1
13.1616,0
13.1625,1
13.1625,0
13.1635,1
13.1635,0
13.1644,1
13.1644,0
13.1654,1
13.1654,0
13.1663,1
13.1663,0
13.1672,1
13.1672,0
13.1682,1
13.1682,0
13.1691,1
13.1691,0
13.1701,1
13.1701,0
13.171,1
13.171,0
13.172,1
13.172,0
13.1729,1
13.1729,0
13.1739,1
13.1739,0
13.1748,1
13.1748,0
13.1757,1
13.1757,0
13.1767,1
13.1767,0
13.1776,1
13.1776,0
13.1786,1
13.1786,0
13.1795,1
13.1795,0
13.1805,1
13.1805,0
13.1814,1
13.1814,0
13.1823,1
13.1823,0
13.1833,1
13.1833,0
13.1842,1
13.1842,0
13.1852,1
13.1852,0
13.1861,1
13.1861,0
13.1871,1
13.1871,0
13.188,1
13.188,0
13.189,1
13.189,0
13.1899,1
13.1899,0
13.1908,1
13.1908,0
13.1918,1
13.1918,0
13.1927,1
13.1927,0
13.1937,1
13.1937,0
13.1946,1
13.1946,0
13.1956,1
13.1956,0
13.1965,1
13.1965,0
13.1975,1
13.1975,0
13.1984,1
13.1984,0
13.1993,1
13.1993,0
13.2003,1
13.2003,0
13.2012,1
13.2012,0
13.2022,1
13.2022,0
13.2031,1
13.2031,0
13.2041,1
13.2041,0
13.205,1
13.205,0
13.2059,1
13.2059,0
13.2069,1
13.2069,0
13.2078,1
13.2078,0
13.2088,1
13.2088,0
13.2097,1
13.2097,0
13.2107,1
13.2107,0
13.2116,1
13.2116,0
13.2126,1
13.2126,0
13.2135,1
13.2135,0
13.2144,1
13.2144,0
13.2154,1
13.2154,0
13.2163,1
13.2163,0
13.2173,1
13.2173,0
13.2182,1
13.2182,0
13.2192,1
13.2192,0
13.2201,1
13.2201,0
13.2211,1
13.2211,0
13.222,1
13.222,0
13.2229,1
13.2229,0
13.2239,1
13.2239,0
13.2248,1
13.2248,0
13.2258,1
13.2258,0
13.2267,1
13.2267,0
13.2277,1
13.2277,0
13.2286,1
13.2286,0
13.2295,1
13.2295,0
13.2305,1
13.2305,0
13.2314,1
13.2314,0
13.2324,1
13.2324,0
13.2333,1
13.2333,0
13.2343,1
13.2343,0
13.2352,1
13.2352,0
13.2362,1
13.2362,0
13.2371,1
13.2371,0
13.238,1
13.238,0
13.239,1
13.239,0
13.2399,1
13.2399,0
13.2409,1
13.2409,0
13.2418,1
13.2418,0
13.2428,1
13.2428,0
13.2437,1
13.2437,0
13.2447,1
13.2447,0
13.2456,1
13.2456,0
13.2465,1
13.2465,0
13.2475,1
13.2475,0
13.2484,1
13.2484,0
13.2494,1
13.2494,0
13.2503,1
13.2503,0
13.2513,1
13.2513,0
13.2522,1
13.2522,0
13.2531,1
13.2531,0
13.2541,1
13.2541,0
13.255,1
13.255,0
13.256,1
13.256,0
13.2569,1
13.2569,0
13.2579,1
13.2579,0
13.2588,1
13.2588,0
13.2598,1
13.2598,0
13.2607,1
13.2607,0
13.2616,1
13.2616,0
13.2626,1
13.2626,0
13.2635,1
13.2635,0
13.2645,1
13.2645,0
13.2654,1
13.2654,0
13.2664,1
13.2664,0
13.2673,1
13.2673,0
13.2683,1
13.2683,0
13.2692,1
13.2692,0
13.2701,1
13.2701,0
13.2711,1
13.2711,0
13.272,1
13.272,0
13.273,1
13.273,0
13.2739,1
13.2739,0
13.2749,1
13.2749,0
13.2758,1
13.2758,0
13.2767,1
13.2767,0
13.2777,1
13.2777,0
13.2786,1
13.2786,0
13.2796,1
13.2796,0
13.2805,1
13.2805,0
13.2815,1
13.2815,0
13.2824,1
13.2824,0
13.2834,1
13.2834,0
13.2843,1
13.2843,0
13.2852,1
13.2852,0
13.2862,1
13.2862,0
13.2871,1
13.2871,0
13.2881,1
13.2881,0
13.289,1
13.289,0
13.29,1
13.29,0
13.2909,1
13.2909,0
13.2919,1
13.2919,0
13.2928,1
13.2928,0
13.2937,1
13.2937,0
13.2947,1
13.2947,0
13.2956,1
13.2956,0
13.2966,1
13.2966,0
13.2975,1
13.2975,0
13.2985,1
13.2985,0
13.2994,1
13.2994,0
13.3003,1
13.3003,0
13.3013,1
13.3013,0
13.3022,1
13.3022,0
13.3032,1
13.3032,0
13.3041,1
13.3041,0
13.3051,1
13.3051,0
13.306,1
13.306,0
13.307,1
13.307,0
13.3079,1
13.3079,0
13.3088,1
13.3088,0
13.3098,1
13.3098,0
13.3107,1
13.3107,0
13.3117,1
13.3117,0
13.3126,1
13.3126,0
13.3136,1
13.3136,0
13.3145,1
13.3145,0
13.3155,1
13.3155,0
13.3164,1
13.3164,0
13.3173,1
13.3173,0
13.3183,1
13.3183,0
13.3192,1
13.3192,0
13.3202,1
13.3202,0
13.3211,1
13.3211,0
13.3221,1
13.3221,0
13.323,1
13.323,0
13.3239,1
13.3239,0
13.3249,1
13.3249,0
13.3258,1
13.3258,0
13.3268,1
13.3268,0
13.3277,1
13.3277,0
13.3287,1
13.3287,0
13.3296,1
13.3296,0
13.3306,1
13.3306,0
13.3315,1
13.3315,0
13.3324,1
13.3324,0
13.3334,1
13.3334,0
13.3343,1
13.3343,0
13.3353,1
13.3353,0
13.3362,1
13.3362,0
13.3372,1
13.3372,0
13.3381,1
13.3381,0
13.3391,1
13.3391,0
13.34,1
13.34,0
13.3409,1
13.3409,0
13.3419,1
13.3419,0
13.3428,1
13.3428,0
13.3438,1
13.3438,0
13.3447,1
13.3447,0
13.3457,1
13.3457,0
13.3466,1
13.3466,0
13.3475,1
13.3475,0
13.3485,1
13.3485,0
13.3494,1
13.3494,0
13.3504,1
13.3504,0
13.3513,1
13.3513,0
13.3523,1
13.3523,0
13.3532,1
13.3532,0
13.3542,1
13.3542,0
13.3551,1
13.3551,0
13.356,1
13.356,0
13.357,1
13.357,0
13.3579,1
13.3579,0
13.3589,1
13.3589,0
13.3598,1
13.3598,0
13.3608,1
13.3608,0
13.3617,1
13.3617,0
13.3627,1
13.3627,0
13.3636,1
13.3636,0
13.3645,1
13.3645,0
13.3655,1
13.3655,0
13.3664,1
13.3664,0
13.3674,1
13.3674,0
13.3683,1
13.3683,0
13.3693,1
13.3693,0
13.3702,1
13.3702,0
13.3711,1
13.3711,0
13.3721,1
13.3721,0
13.373,1
13.373,0
13.374,1
13.374,0
13.3749,1
13.3749,0
13.3759,1
13.3759,0
13.3768,1
13.3768,0
13.3778,1
13.3778,0
13.3787,1
13.3787,0
13.3796,1
13.3796,0
13.3806,1
13.3806,0
13.3815,1
13.3815,0
13.3825,1
13.3825,0
13.3834,1
13.3834,0
13.3844,1
13.3844,0
13.3853,1
13.3853,0
13.3863,1
13.3863,0
13.3872,1
13.3872,0
13.3881,1
13.3881,0
13.3891,1
13.3891,0
13.39,1
13.39,0
13.391,1
13.391,0
13.3919,1
13.3919,0
13.3929,1
13.3929,0
13.3938,1
13.3938,0
13.3947,1
13.3947,0
13.3957,1
13.3957,0
13.3966,1
13.3966,0
13.3976,1
13.3976,0
13.3985,1
13.3985,0
13.3995,1
13.3995,0
13.4004,1
13.4004,0
13.4014,1
13.4014,0
13.4023,1
13.4023,0
13.4032,1
13.4032,0
13.4042,1
13.4042,0
13.4051,1
13.4051,0
13.4061,1
13.4061,0
13.407,1
13.407,0
13.408,1
13.408,0
13.4089,1
13.4089,0
13.4099,1
13.4099,0
13.4108,1
13.4108,0
13.4117,1
13.4117,0
13.4127,1
13.4127,0
13.4136,1
13.4136,0
13.4146,1
13.4146,0
13.4155,1
13.4155,0
13.4165,1
13.4165,0
13.4174,1
13.4174,0
13.4183,1
13.4183,0
13.4193,1
13.4193,0
13.4202,1
13.4202,0
13.4212,1
13.4212,0
13.4221,1
13.4221,0
13.4231,1
13.4231,0
13.424,1
13.424,0
13.425,1
13.425,0
13.4259,1
13.4259,0
13.4268,1
13.4268,0
13.4278,1
13.4278,0
13.4287,1
13.4287,0
13.4297,1
13.4297,0
13.4306,1
13.4306,0
13.4316,1
13.4316,0
13.4325,1
13.4325,0
13.4335,1
13.4335,0
13.4344,1
13.4344,0
13.4353,1
13.4353,0
13.4363,1
13.4363,0
13.4372,1
13.4372,0
13.4382,1
13.4382,0
13.4391,1
13.4391,0
13.4401,1
13.4401,0
13.441,1
13.441,0
13.4419,1
13.4419,0
13.4429,1
13.4429,0
13.4438,1
13.4438,0
13.4448,1
13.4448,0
13.4457,1
13.4457,0
13.4467,1
13.4467,0
13.4476,1
13.4476,0
13.4486,1
13.4486,0
13.4495,1
13.4495,0
13.4504,1
13.4504,0
13.4514,1
13.4514,0
13.4523,1
13.4523,0
13.4533,1
13.4533,0
13.4542,1
13.4542,0
13.4552,1
13.4552,0
13.4561,1
13.4561,0
13.4571,1
13.4571,0
13.458,1
13.458,0
13.4589,1
13.4589,0
13.4599,1
13.4599,0
13.4608,1
13.4608,0
13.4618,1
13.4618,0
13.4627,1
13.4627,0
13.4637,1
13.4637,0
13.4646,1
13.4646,0
13.4655,1
13.4655,0
13.4665,1
13.4665,0
13.4674,1
13.4674,0
13.4684,1
13.4684,0
13.4693,1
13.4693,0
13.4703,1
13.4703,0
13.4712,1
13.4712,0
13.4722,1
13.4722,0
13.4731,1
13.4731,0
13.474,1
13.474,0
13.475,1
13.475,0
13.4759,1
13.4759,0
13.4769,1
13.4769,0
13.4778,1
13.4778,0
13.4788,1
13.4788,0
13.4797,1
13.4797,0
13.4807,1
13.4807,0
13.4816,1
13.4816,0
13.4825,1
13.4825,0
13.4835,1
13.4835,0
13.4844,1
13.4844,0
13.4854,1
13.4854,0
13.4863,1
13.4863,0
13.4873,1
13.4873,0
13.4882,1
13.4882,0
13.4891,1
13.4891,0
13.4901,1
13.4901,0
13.491,1
13.491,0
13.492,1
13.492,0
13.4929,1
13.4929,0
13.4939,1
13.4939,0
13.4948,1
13.4948,0
13.4958,1
13.4958,0
13.4967,1
13.4967,0
13.4976,1
13.4976,0
13.4986,1
13.4986,0
13.4995,1
13.4995,0
13.5005,1
13.5005,0
13.5014,1
13.5014,0
13.5024,1
13.5024,0
13.5033,1
13.5033,0
13.5043,1
13.5043,0
13.5052,1
13.5052,0
13.5061,1
13.5061,0
13.5071,1
13.5071,0
13.508,1
13.508,0
13.509,1
13.509,0
13.5099,1
13.5099,0
13.5109,1
13.5109,0
13.5118,1
13.5118,0
13.5127,1
13.5127,0
13.5137,1
13.5137,0
13.5146,1
13.5146,0
13.5156,1
13.5156,0
13.5165,1
13.5165,0
13.5175,1
13.5175,0
13.5184,1
13.5184,0
13.5194,1
13.5194,0
13.5203,1
13.5203,0
13.5212,1
13.5212,0
13.5222,1
13.5222,0
13.5231,1
13.5231,0
13.5241,1
13.5241,0
13.525,1
13.525,0
13.526,1
13.526,0
13.5269,1
13.5269,0
13.5279,1
13.5279,0
13.5288,1
13.5288,0
13.5297,1
13.5297,0
13.5307,1
13.5307,0
13.5316,1
13.5316,0
13.5326,1
13.5326,0
13.5335,1
13.5335,0
13.5345,1
13.5345,0
13.5354,1
13.5354,0
13.5363,1
13.5363,0
13.5373,1
13.5373,0
13.5382,1
13.5382,0
13.5392,1
13.5392,0
13.5401,1
13.5401,0
13.5411,1
13.5411,0
13.542,1
13.542,0
13.543,1
13.543,0
13.5439,1
13.5439,0
13.5448,1
13.5448,0
13.5458,1
13.5458,0
13.5467,1
13.5467,0
13.5477,1
13.5477,0
13.5486,1
13.5486,0
13.5496,1
13.5496,0
13.5505,1
13.5505,0
13.5515,1
13.5515,0
13.5524,1
13.5524,0
13.5533,1
13.5533,0
13.5543,1
13.5543,0
13.5552,1
13.5552,0
13.5562,1
13.5562,0
13.5571,1
13.5571,0
13.5581,1
13.5581,0
13.559,1
13.559,0
13.5599,1
13.5599,0
13.5609,1
13.5609,0
13.5618,1
13.5618,0
13.5628,1
13.5628,0
13.5637,1
13.5637,0
13.5647,1
13.5647,0
13.5656,1
13.5656,0
13.5666,1
13.5666,0
13.5675,1
13.5675,0
13.5684,1
13.5684,0
13.5694,1
13.5694,0
13.5703,1
13.5703,0
13.5713,1
13.5713,0
13.5722,1
13.5722,0
13.5732,1
13.5732,0
13.5741,1
13.5741,0
13.5751,1
13.5751,0
13.576,1
13.576,0
13.5769,1
13.5769,0
13.5779,1
13.5779,0
13.5788,1
13.5788,0
13.5798,1
13.5798,0
13.5807,1
13.5807,0
13.5817,1
13.5817,0
13.5826,1
13.5826,0
13.5835,1
13.5835,0
13.5845,1
13.5845,0
13.5854,1
13.5854,0
13.5864,1
13.5864,0
13.5873,1
13.5873,0
13.5883,1
13.5883,0
13.5892,1
13.5892,0
13.5902,1
13.5902,0
13.5911,1
13.5911,0
13.592,1
13.592,0
13.593,1
13.593,0
13.5939,1
13.5939,0
13.5949,1
13.5949,0
13.5958,1
13.5958,0
13.5968,1
13.5968,0
13.5977,1
13.5977,0
13.5987,1
13.5987,0
13.5996,1
13.5996,0
13.6005,1
13.6005,0
13.6015,1
13.6015,0
13.6024,1
13.6024,0
13.6034,1
13.6034,0
13.6043,1
13.6043,0
13.6053,1
13.6053,0
13.6062,1
13.6062,0
13.6071,1
13.6071,0
13.6081,1
13.6081,0
13.609,1
13.609,0
13.61,1
13.61,0
13.6109,1
13.6109,0
13.6119,1
13.6119,0
13.6128,1
13.6128,0
13.6138,1
13.6138,0
13.6147,1
13.6147,0
13.6156,1
13.6156,0
13.6166,1
13.6166,0
13.6175,1
13.6175,0
13.6185,1
13.6185,0
13.6194,1
13.6194,0
13.6204,1
13.6204,0
13.6213,1
13.6213,0
13.6223,1
13.6223,0
13.6232,1
13.6232,0
13.6241,1
13.6241,0
13.6251,1
13.6251,0
13.626,1
13.626,0
13.627,1
13.627,0
13.6279,1
13.6279,0
13.6289,1
13.6289,0
13.6298,1
13.6298,0
13.6307,1
13.6307,0
13.6317,1
13.6317,0
13.6326,1
13.6326,0
13.6336,1
13.6336,0
13.6345,1
13.6345,0
13.6355,1
13.6355,0
13.6364,1
13.6364,0
13.6374,1
13.6374,0
13.6383,1
13.6383,0
13.6392,1
13.6392,0
13.6402,1
13.6402,0
13.6411,1
13.6411,0
13.6421,1
13.6421,0
13.643,1
13.643,0
13.644,1
13.644,0
13.6449,1
13.6449,0
13.6459,1
13.6459,0
13.6468,1
13.6468,0
13.6477,1
13.6477,0
13.6487,1
13.6487,0
13.6496,1
13.6496,0
13.6506,1
13.6506,0
13.6515,1
13.6515,0
13.6525,1
13.6525,0
13.6534,1
13.6534,0
13.6543,1
13.6543,0
13.6553,1
13.6553,0
13.6562,1
13.6562,0
13.6572,1
13.6572,0
13.6581,1
13.6581,0
13.6591,1
13.6591,0
13.66,1
13.66,0
13.661,1
13.661,0
13.6619,1
13.6619,0
13.6628,1
13.6628,0
13.6638,1
13.6638,0
13.6647,1
13.6647,0
13.6657,1
13.6657,0
13.6666,1
13.6666,0
13.6676,1
13.6676,0
13.6685,1
13.6685,0
13.6695,1
13.6695,0
13.6704,1
13.6704,0
13.6713,1
13.6713,0
13.6723,1
13.6723,0
13.6732,1
13.6732,0
13.6742,1
13.6742,0
13.6751,1
13.6751,0
13.6761,1
13.6761,0
13.677,1
13.677,0
13.6779,1
13.6779,0
13.6789,1
13.6789,0
13.6798,1
13.6798,0
13.6808,1
13.6808,0
13.6817,1
13.6817,0
13.6827,1
13.6827,0
13.6836,1
13.6836,0
13.6846,1
13.6846,0
13.6855,1
13.6855,0
13.6864,1
13.6864,0
13.6874,1
13.6874,0
13.6883,1
13.6883,0
13.6893,1
13.6893,0
13.6902,1
13.6902,0
13.6912,1
13.6912,0
13.6921,1
13.6921,0
13.6931,1
13.6931,0
13.694,1
13.694,0
13.6949,1
13.6949,0
13.6959,1
13.6959,0
13.6968,1
13.6968,0
13.6978,1
13.6978,0
13.6987,1
13.6987,0
13.6997,1
13.6997,0
13.7006,1
13.7006,0
13.7015,1
13.7015,0
13.7025,1
13.7025,0
13.7034,1
13.7034,0
13.7044,1
13.7044,0
13.7053,1
13.7053,0
13.7063,1
13.7063,0
13.7072,1
13.7072,0
13.7082,1
13.7082,0
13.7091,1
13.7091,0
13.71,1
13.71,0
13.711,1
13.711,0
13.7119,1
13.7119,0
13.7129,1
13.7129,0
13.7138,1
13.7138,0
13.7148,1
13.7148,0
13.7157,1
13.7157,0
13.7167,1
13.7167,0
13.7176,1
13.7176,0
13.7185,1
13.7185,0
13.7195,1
13.7195,0
13.7204,1
13.7204,0
13.7214,1
13.7214,0
13.7223,1
13.7223,0
13.7233,1
13.7233,0
13.7242,1
13.7242,0
13.7251,1
13.7251,0
13.7261,1
13.7261,0
13.727,1
13.727,0
13.728,1
13.728,0
13.7289,1
13.7289,0
13.7299,1
13.7299,0
13.7308,1
13.7308,0
13.7318,1
13.7318,0
13.7327,1
13.7327,0
13.7336,1
13.7336,0
13.7346,1
13.7346,0
13.7355,1
13.7355,0
13.7365,1
13.7365,0
13.7374,1
13.7374,0
13.7384,1
13.7384,0
13.7393,1
13.7393,0
13.7403,1
13.7403,0
13.7412,1
13.7412,0
13.7421,1
13.7421,0
13.7431,1
13.7431,0
13.744,1
13.744,0
13.745,1
13.745,0
13.7459,1
13.7459,0
13.7469,1
13.7469,0
13.7478,1
13.7478,0
13.7487,1
13.7487,0
13.7497,1
13.7497,0
13.7506,1
13.7506,0
13.7516,1
13.7516,0
13.7525,1
13.7525,0
13.7535,1
13.7535,0
13.7544,1
13.7544,0
13.7554,1
13.7554,0
13.7563,1
13.7563,0
13.7572,1
13.7572,0
13.7582,1
13.7582,0
13.7591,1
13.7591,0
13.7601,1
13.7601,0
13.761,1
13.761,0
13.762,1
13.762,0
13.7629,1
13.7629,0
13.7639,1
13.7639,0
13.7648,1
13.7648,0
13.7657,1
13.7657,0
13.7667,1
13.7667,0
13.7676,1
13.7676,0
13.7686,1
13.7686,0
13.7695,1
13.7695,0
13.7705,1
13.7705,0
13.7714,1
13.7714,0
13.7723,1
13.7723,0
13.7733,1
13.7733,0
13.7742,1
13.7742,0
13.7752,1
13.7752,0
13.7761,1
13.7761,0
13.7771,1
13.7771,0
13.778,1
13.778,0
13.779,1
13.779,0
13.7799,1
13.7799,0
13.7808,1
13.7808,0
13.7818,1
13.7818,0
13.7827,1
13.7827,0
13.7837,1
13.7837,0
13.7846,1
13.7846,0
13.7856,1
13.7856,0
13.7865,1
13.7865,0
13.7875,1
13.7875,0
13.7884,1
13.7884,0
13.7893,1
13.7893,0
13.7903,1
13.7903,0
13.7912,1
13.7912,0
13.7922,1
13.7922,0
13.7931,1
13.7931,0
13.7941,1
13.7941,0
13.795,1
13.795,0
13.7959,1
13.7959,0
13.7969,1
13.7969,0
13.7978,1
13.7978,0
13.7988,1
13.7988,0
13.7997,1
13.7997,0
13.8007,1
13.8007,0
13.8016,1
13.8016,0
13.8026,1
13.8026,0
13.8035,1
13.8035,0
13.8044,1
13.8044,0
13.8054,1
13.8054,0
13.8063,1
13.8063,0
13.8073,1
13.8073,0
13.8082,1
13.8082,0
13.8092,1
13.8092,0
13.8101,1
13.8101,0
13.8111,1
13.8111,0
13.812,1
13.812,0
13.8129,1
13.8129,0
13.8139,1
13.8139,0
13.8148,1
13.8148,0
13.8158,1
13.8158,0
13.8167,1
13.8167,0
13.8177,1
13.8177,0
13.8186,1
13.8186,0
13.8195,1
13.8195,0
13.8205,1
13.8205,0
13.8214,1
13.8214,0
13.8224,1
13.8224,0
13.8233,1
13.8233,0
13.8243,1
13.8243,0
13.8252,1
13.8252,0
13.8262,1
13.8262,0
13.8271,1
13.8271,0
13.828,1
13.828,0
13.829,1
13.829,0
13.8299,1
13.8299,0
13.8309,1
13.8309,0
13.8318,1
13.8318,0
13.8328,1
13.8328,0
13.8337,1
13.8337,0
13.8347,1
13.8347,0
13.8356,1
13.8356,0
13.8365,1
13.8365,0
13.8375,1
13.8375,0
13.8384,1
13.8384,0
13.8394,1
13.8394,0
13.8403,1
13.8403,0
13.8413,1
13.8413,0
13.8422,1
13.8422,0
13.8431,1
13.8431,0
13.8441,1
13.8441,0
13.845,1
13.845,0
13.846,1
13.846,0
13.8469,1
13.8469,0
13.8479,1
13.8479,0
13.8488,1
13.8488,0
13.8498,1
13.8498,0
13.8507,1
13.8507,0
13.8516,1
13.8516,0
13.8526,1
13.8526,0
13.8535,1
13.8535,0
13.8545,1
13.8545,0
13.8554,1
13.8554,0
13.8564,1
13.8564,0
13.8573,1
13.8573,0
13.8583,1
13.8583,0
13.8592,1
13.8592,0
13.8601,1
13.8601,0
13.8611,1
13.8611,0
13.862,1
13.862,0
13.863,1
13.863,0
13.8639,1
13.8639,0
13.8649,1
13.8649,0
13.8658,1
13.8658,0
13.8667,1
13.8667,0
13.8677,1
13.8677,0
13.8686,1
13.8686,0
13.8696,1
13.8696,0
13.8705,1
13.8705,0
13.8715,1
13.8715,0
13.8724,1
13.8724,0
13.8734,1
13.8734,0
13.8743,1
13.8743,0
13.8752,1
13.8752,0
13.8762,1
13.8762,0
13.8771,1
13.8771,0
13.8781,1
13.8781,0
13.879,1
13.879,0
13.88,1
13.88,0
13.8809,1
13.8809,0
13.8819,1
13.8819,0
13.8828,1
13.8828,0
13.8837,1
13.8837,0
13.8847,1
13.8847,0
13.8856,1
13.8856,0
13.8866,1
13.8866,0
13.8875,1
13.8875,0
13.8885,1
13.8885,0
13.8894,1
13.8894,0
13.8903,1
13.8903,0
13.8913,1
13.8913,0
13.8922,1
13.8922,0
13.8932,1
13.8932,0
13.8941,1
13.8941,0
13.8951,1
13.8951,0
13.896,1
13.896,0
13.897,1
13.897,0
13.8979,1
13.8979,0
13.8988,1
13.8988,0
13.8998,1
13.8998,0
13.9007,1
13.9007,0
13.9017,1
13.9017,0
13.9026,1
13.9026,0
13.9036,1
13.9036,0
13.9045,1
13.9045,0
13.9055,1
13.9055,0
13.9064,1
13.9064,0
13.9073,1
13.9073,0
13.9083,1
13.9083,0
13.9092,1
13.9092,0
13.9102,1
13.9102,0
13.9111,1
13.9111,0
13.9121,1
13.9121,0
13.913,1
13.913,0
13.9139,1
13.9139,0
13.9149,1
13.9149,0
13.9158,1
13.9158,0
13.9168,1
13.9168,0
13.9177,1
13.9177,0
13.9187,1
13.9187,0
13.9196,1
13.9196,0
13.9206,1
13.9206,0
13.9215,1
13.9215,0
13.9224,1
13.9224,0
13.9234,1
13.9234,0
13.9243,1
13.9243,0
13.9253,1
13.9253,0
13.9262,1
13.9262,0
13.9272,1
13.9272,0
13.9281,1
13.9281,0
13.9291,1
13.9291,0
13.93,1
13.93,0
13.9309,1
13.9309,0
13.9319,1
13.9319,0
13.9328,1
13.9328,0
13.9338,1
13.9338,0
13.9347,1
13.9347,0
13.9357,1
13.9357,0
13.9366,1
13.9366,0
13.9375,1
13.9375,0
13.9385,1
13.9385,0
13.9394,1
13.9394,0
13.9404,1
13.9404,0
13.9413,1
13.9413,0
13.9423,1
13.9423,0
13.9432,1
13.9432,0
13.9442,1
13.9442,0
13.9451,1
13.9451,0
13.946,1
13.946,0
13.947,1
13.947,0
13.9479,1
13.9479,0
13.9489,1
13.9489,0
13.9498,1
13.9498,0
13.9508,1
13.9508,0
13.9517,1
13.9517,0
13.9527,1
13.9527,0
13.9536,1
13.9536,0
13.9545,1
13.9545,0
13.9555,1
13.9555,0
13.9564,1
13.9564,0
13.9574,1
13.9574,0
13.9583,1
13.9583,0
13.9593,1
13.9593,0
13.9602,1
13.9602,0
13.9611,1
13.9611,0
13.9621,1
13.9621,0
13.963,1
13.963,0
13.964,1
13.964,0
13.9649,1
13.9649,0
13.9659,1
13.9659,0
13.9668,1
13.9668,0
13.9678,1
13.9678,0
13.9687,1
13.9687,0
13.9696,1
13.9696,0
13.9706,1
13.9706,0
13.9715,1
13.9715,0
13.9725,1
13.9725,0
13.9734,1
13.9734,0
13.9744,1
13.9744,0
13.9753,1
13.9753,0
13.9763,1
13.9763,0
13.9772,1
13.9772,0
13.9781,1
13.9781,0
13.9791,1
13.9791,0
13.98,1
13.98,0
13.981,1
13.981,0
13.9819,1
13.9819,0
13.9829,1
13.9829,0
13.9838,1
13.9838,0
13.9847,1
13.9847,0
13.9857,1
13.9857,0
13.9866,1
13.9866,0
13.9876,1
13.9876,0
13.9885,1
13.9885,0
13.9895,1
13.9895,0
13.9904,1
13.9904,0
13.9914,1
13.9914,0
13.9923,1
13.9923,0
13.9932,1
13.9932,0
13.9942,1
13.9942,0
13.9951,1
13.9951,0
13.9961,1
13.9961,0
13.997,1
13.997,0
13.998,1
13.998,0
13.9989,1
13.9989,0
13.9999,1
13.9999,0
14.0008,1
14.0008,0
14.0017,1
14.0017,0
14.0027,1
14.0027,0
14.0036,1
14.0036,0
14.0046,1
14.0046,0
14.0055,1
14.0055,0
14.0065,1
14.0065,0
14.0074,1
14.0074,0
14.0083,1
14.0083,0
14.0093,1
14.0093,0
14.0102,1
14.0102,0
14.0112,1
14.0112,0
14.0121,1
14.0121,0
14.0131,1
14.0131,0
14.014,1
14.014,0
14.015,1
14.015,0
14.0159,1
14.0159,0
14.0168,1
14.0168,0
14.0178,1
14.0178,0
14.0187,1
14.0187,0
14.0197,1
14.0197,0
14.0206,1
14.0206,0
14.0216,1
14.0216,0
14.0225,1
14.0225,0
14.0235,1
14.0235,0
14.0244,1
14.0244,0
14.0253,1
14.0253,0
14.0263,1
14.0263,0
14.0272,1
14.0272,0
14.0282,1
14.0282,0
14.0291,1
14.0291,0
14.0301,1
14.0301,0
14.031,1
14.031,0
14.0319,1
14.0319,0
14.0329,1
14.0329,0
14.0338,1
14.0338,0
14.0348,1
14.0348,0
14.0357,1
14.0357,0
14.0367,1
14.0367,0
14.0376,1
14.0376,0
14.0386,1
14.0386,0
14.0395,1
14.0395,0
14.0404,1
14.0404,0
14.0414,1
14.0414,0
14.0423,1
14.0423,0
14.0433,1
14.0433,0
14.0442,1
14.0442,0
14.0452,1
14.0452,0
14.0461,1
14.0461,0
14.0471,1
14.0471,0
14.048,1
14.048,0
14.0489,1
14.0489,0
14.0499,1
14.0499,0
14.0508,1
14.0508,0
14.0518,1
14.0518,0
14.0527,1
14.0527,0
14.0537,1
14.0537,0
14.0546,1
14.0546,0
14.0555,1
14.0555,0
14.0565,1
14.0565,0
14.0574,1
14.0574,0
14.0584,1
14.0584,0
14.0593,1
14.0593,0
14.0603,1
14.0603,0
14.0612,1
14.0612,0
14.0622,1
14.0622,0
14.0631,1
14.0631,0
14.064,1
14.064,0
14.065,1
14.065,0
14.0659,1
14.0659,0
14.0669,1
14.0669,0
14.0678,1
14.0678,0
14.0688,1
14.0688,0
14.0697,1
14.0697,0
14.0707,1
14.0707,0
14.0716,1
14.0716,0
14.0725,1
14.0725,0
14.0735,1
14.0735,0
14.0744,1
14.0744,0
14.0754,1
14.0754,0
14.0763,1
14.0763,0
14.0773,1
14.0773,0
14.0782,1
14.0782,0
14.0791,1
14.0791,0
14.0801,1
14.0801,0
14.081,1
14.081,0
14.082,1
14.082,0
14.0829,1
14.0829,0
14.0839,1
14.0839,0
14.0848,1
14.0848,0
14.0858,1
14.0858,0
14.0867,1
14.0867,0
14.0876,1
14.0876,0
14.0886,1
14.0886,0
14.0895,1
14.0895,0
14.0905,1
14.0905,0
14.0914,1
14.0914,0
14.0924,1
14.0924,0
14.0933,1
14.0933,0
14.0943,1
14.0943,0
14.0952,1
14.0952,0
14.0961,1
14.0961,0
14.0971,1
14.0971,0
14.098,1
14.098,0
14.099,1
14.099,0
14.0999,1
14.0999,0
14.1009,1
14.1009,0
14.1018,1
14.1018,0
14.1027,1
14.1027,0
14.1037,1
14.1037,0
14.1046,1
14.1046,0
14.1056,1
14.1056,0
14.1065,1
14.1065,0
14.1075,1
14.1075,0
14.1084,1
14.1084,0
14.1094,1
14.1094,0
14.1103,1
14.1103,0
14.1112,1
14.1112,0
14.1122,1
14.1122,0
14.1131,1
14.1131,0
14.1141,1
14.1141,0
14.115,1
14.115,0
14.116,1
14.116,0
14.1169,1
14.1169,0
14.1179,1
14.1179,0
14.1188,1
14.1188,0
14.1197,1
14.1197,0
14.1207,1
14.1207,0
14.1216,1
14.1216,0
14.1226,1
14.1226,0
14.1235,1
14.1235,0
14.1245,1
14.1245,0
14.1254,1
14.1254,0
14.1263,1
14.1263,0
14.1273,1
14.1273,0
14.1282,1
14.1282,0
14.1292,1
14.1292,0
14.1301,1
14.1301,0
14.1311,1
14.1311,0
14.132,1
14.132,0
14.133,1
14.133,0
14.1339,1
14.1339,0
14.1348,1
14.1348,0
14.1358,1
14.1358,0
14.1367,1
14.1367,0
14.1377,1
14.1377,0
14.1386,1
14.1386,0
14.1396,1
14.1396,0
14.1405,1
14.1405,0
14.1415,1
14.1415,0
14.1424,1
14.1424,0
14.1433,1
14.1433,0
14.1443,1
14.1443,0
14.1452,1
14.1452,0
14.1462,1
14.1462,0
14.1471,1
14.1471,0
14.1481,1
14.1481,0
14.149,1
14.149,0
14.1499,1
14.1499,0
14.1509,1
14.1509,0
14.1518,1
14.1518,0
14.1528,1
14.1528,0
14.1537,1
14.1537,0
14.1547,1
14.1547,0
14.1556,1
14.1556,0
14.1566,1
14.1566,0
14.1575,1
14.1575,0
14.1584,1
14.1584,0
14.1594,1
14.1594,0
14.1603,1
14.1603,0
14.1613,1
14.1613,0
14.1622,1
14.1622,0
14.1632,1
14.1632,0
14.1641,1
14.1641,0
14.1651,1
14.1651,0
14.166,1
14.166,0
14.1669,1
14.1669,0
14.1679,1
14.1679,0
14.1688,1
14.1688,0
14.1698,1
14.1698,0
14.1707,1
14.1707,0
14.1717,1
14.1717,0
14.1726,1
14.1726,0
14.1735,1
14.1735,0
14.1745,1
14.1745,0
14.1754,1
14.1754,0
14.1764,1
14.1764,0
14.1773,1
14.1773,0
14.1783,1
14.1783,0
14.1792,1
14.1792,0
14.1802,1
14.1802,0
14.1811,1
14.1811,0
14.182,1
14.182,0
14.183,1
14.183,0
14.1839,1
14.1839,0
14.1849,1
14.1849,0
14.1858,1
14.1858,0
14.1868,1
14.1868,0
14.1877,1
14.1877,0
14.1887,1
14.1887,0
14.1896,1
14.1896,0
14.1905,1
14.1905,0
14.1915,1
14.1915,0
14.1924,1
14.1924,0
14.1934,1
14.1934,0
14.1943,1
14.1943,0
14.1953,1
14.1953,0
14.1962,1
14.1962,0
14.1971,1
14.1971,0
14.1981,1
14.1981,0
14.199,1
14.199,0
14.2,1
14.2,0
14.2009,1
14.2009,0
14.2019,1
14.2019,0
14.2028,1
14.2028,0
14.2038,1
14.2038,0
14.2047,1
14.2047,0
14.2056,1
14.2056,0
14.2066,1
14.2066,0
14.2075,1
14.2075,0
14.2085,1
14.2085,0
14.2094,1
14.2094,0
14.2104,1
14.2104,0
14.2113,1
14.2113,0
14.2123,1
14.2123,0
14.2132,1
14.2132,0
14.2141,1
14.2141,0
14.2151,1
14.2151,0
14.216,1
14.216,0
14.217,1
14.217,0
14.2179,1
14.2179,0
14.2189,1
14.2189,0
14.2198,1
14.2198,0
14.2207,1
14.2207,0
14.2217,1
14.2217,0
14.2226,1
14.2226,0
14.2236,1
14.2236,0
14.2245,1
14.2245,0
14.2255,1
14.2255,0
14.2264,1
14.2264,0
14.2274,1
14.2274,0
14.2283,1
14.2283,0
14.2292,1
14.2292,0
14.2302,1
14.2302,0
14.2311,1
14.2311,0
14.2321,1
14.2321,0
14.233,1
14.233,0
14.234,1
14.234,0
14.2349,1
14.2349,0
14.2359,1
14.2359,0
14.2368,1
14.2368,0
14.2377,1
14.2377,0
14.2387,1
14.2387,0
14.2396,1
14.2396,0
14.2406,1
14.2406,0
14.2415,1
14.2415,0
14.2425,1
14.2425,0
14.2434,1
14.2434,0
14.2443,1
14.2443,0
14.2453,1
14.2453,0
14.2462,1
14.2462,0
14.2472,1
14.2472,0
14.2481,1
14.2481,0
14.2491,1
14.2491,0
14.25,1
14.25,0
14.251,1
14.251,0
14.2519,1
14.2519,0
14.2528,1
14.2528,0
14.2538,1
14.2538,0
14.2547,1
14.2547,0
14.2557,1
14.2557,0
14.2566,1
14.2566,0
14.2576,1
14.2576,0
14.2585,1
14.2585,0
14.2595,1
14.2595,0
14.2604,1
14.2604,0
14.2613,1
14.2613,0
14.2623,1
14.2623,0
14.2632,1
14.2632,0
14.2642,1
14.2642,0
14.2651,1
14.2651,0
14.2661,1
14.2661,0
14.267,1
14.267,0
14.2679,1
14.2679,0
14.2689,1
14.2689,0
14.2698,1
14.2698,0
14.2708,1
14.2708,0
14.2717,1
14.2717,0
14.2727,1
14.2727,0
14.2736,1
14.2736,0
14.2746,1
14.2746,0
14.2755,1
14.2755,0
14.2764,1
14.2764,0
14.2774,1
14.2774,0
14.2783,1
14.2783,0
14.2793,1
14.2793,0
14.2802,1
14.2802,0
14.2812,1
14.2812,0
14.2821,1
14.2821,0
14.2831,1
14.2831,0
14.284,1
14.284,0
14.2849,1
14.2849,0
14.2859,1
14.2859,0
14.2868,1
14.2868,0
14.2878,1
14.2878,0
14.2887,1
14.2887,0
14.2897,1
14.2897,0
14.2906,1
14.2906,0
14.2915,1
14.2915,0
14.2925,1
14.2925,0
14.2934,1
14.2934,0
14.2944,1
14.2944,0
14.2953,1
14.2953,0
14.2963,1
14.2963,0
14.2972,1
14.2972,0
14.2982,1
14.2982,0
14.2991,1
14.2991,0
14.3,1
14.3,0
14.301,1
14.301,0
14.3019,1
14.3019,0
14.3029,1
14.3029,0
14.3038,1
14.3038,0
14.3048,1
14.3048,0
14.3057,1
14.3057,0
14.3067,1
14.3067,0
14.3076,1
14.3076,0
14.3085,1
14.3085,0
14.3095,1
14.3095,0
14.3104,1
14.3104,0
14.3114,1
14.3114,0
14.3123,1
14.3123,0
14.3133,1
14.3133,0
14.3142,1
14.3142,0
14.3151,1
14.3151,0
14.3161,1
14.3161,0
14.317,1
14.317,0
14.318,1
14.318,0
14.3189,1
14.3189,0
14.3199,1
14.3199,0
14.3208,1
14.3208,0
14.3218,1
14.3218,0
14.3227,1
14.3227,0
14.3236,1
14.3236,0
14.3246,1
14.3246,0
14.3255,1
14.3255,0
14.3265,1
14.3265,0
14.3274,1
14.3274,0
14.3284,1
14.3284,0
14.3293,1
14.3293,0
14.3303,1
14.3303,0
14.3312,1
14.3312,0
14.3321,1
14.3321,0
14.3331,1
14.3331,0
14.334,1
14.334,0
14.335,1
14.335,0
14.3359,1
14.3359,0
14.3369,1
14.3369,0
14.3378,1
14.3378,0
14.3387,1
14.3387,0
14.3397,1
14.3397,0
14.3406,1
14.3406,0
14.3416,1
14.3416,0
14.3425,1
14.3425,0
14.3435,1
14.3435,0
14.3444,1
14.3444,0
14.3454,1
14.3454,0
14.3463,1
14.3463,0
14.3472,1
14.3472,0
14.3482,1
14.3482,0
14.3491,1
14.3491,0
14.3501,1
14.3501,0
14.351,1
14.351,0
14.352,1
14.352,0
14.3529,1
14.3529,0
14.3539,1
14.3539,0
14.3548,1
14.3548,0
14.3557,1
14.3557,0
14.3567,1
14.3567,0
14.3576,1
14.3576,0
14.3586,1
14.3586,0
14.3595,1
14.3595,0
14.3605,1
14.3605,0
14.3614,1
14.3614,0
14.3623,1
14.3623,0
14.3633,1
14.3633,0
14.3642,1
14.3642,0
14.3652,1
14.3652,0
14.3661,1
14.3661,0
14.3671,1
14.3671,0
14.368,1
14.368,0
14.369,1
14.369,0
14.3699,1
14.3699,0
14.3708,1
14.3708,0
14.3718,1
14.3718,0
14.3727,1
14.3727,0
14.3737,1
14.3737,0
14.3746,1
14.3746,0
14.3756,1
14.3756,0
14.3765,1
14.3765,0
14.3775,1
14.3775,0
14.3784,1
14.3784,0
14.3793,1
14.3793,0
14.3803,1
14.3803,0
14.3812,1
14.3812,0
14.3822,1
14.3822,0
14.3831,1
14.3831,0
14.3841,1
14.3841,0
14.385,1
14.385,0
14.3859,1
14.3859,0
14.3869,1
14.3869,0
14.3878,1
14.3878,0
14.3888,1
14.3888,0
14.3897,1
14.3897,0
14.3907,1
14.3907,0
14.3916,1
14.3916,0
14.3926,1
14.3926,0
14.3935,1
14.3935,0
14.3944,1
14.3944,0
14.3954,1
14.3954,0
14.3963,1
14.3963,0
14.3973,1
14.3973,0
14.3982,1
14.3982,0
14.3992,1
14.3992,0
14.4001,1
14.4001,0
14.4011,1
14.4011,0
14.402,1
14.402,0
14.4029,1
14.4029,0
14.4039,1
14.4039,0
14.4048,1
14.4048,0
14.4058,1
14.4058,0
14.4067,1
14.4067,0
14.4077,1
14.4077,0
14.4086,1
14.4086,0
14.4095,1
14.4095,0
14.4105,1
14.4105,0
14.4114,1
14.4114,0
14.4124,1
14.4124,0
14.4133,1
14.4133,0
14.4143,1
14.4143,0
14.4152,1
14.4152,0
14.4162,1
14.4162,0
14.4171,1
14.4171,0
14.418,1
14.418,0
14.419,1
14.419,0
14.4199,1
14.4199,0
14.4209,1
14.4209,0
14.4218,1
14.4218,0
14.4228,1
14.4228,0
14.4237,1
14.4237,0
14.4247,1
14.4247,0
14.4256,1
14.4256,0
14.4265,1
14.4265,0
14.4275,1
14.4275,0
14.4284,1
14.4284,0
14.4294,1
14.4294,0
14.4303,1
14.4303,0
14.4313,1
14.4313,0
14.4322,1
14.4322,0
14.4331,1
14.4331,0
14.4341,1
14.4341,0
14.435,1
14.435,0
14.436,1
14.436,0
14.4369,1
14.4369,0
14.4379,1
14.4379,0
14.4388,1
14.4388,0
14.4398,1
14.4398,0
14.4407,1
14.4407,0
14.4416,1
14.4416,0
14.4426,1
14.4426,0
14.4435,1
14.4435,0
14.4445,1
14.4445,0
14.4454,1
14.4454,0
14.4464,1
14.4464,0
14.4473,1
14.4473,0
14.4483,1
14.4483,0
14.4492,1
14.4492,0
14.4501,1
14.4501,0
14.4511,1
14.4511,0
14.452,1
14.452,0
14.453,1
14.453,0
14.4539,1
14.4539,0
14.4549,1
14.4549,0
14.4558,1
14.4558,0
14.4567,1
14.4567,0
14.4577,1
14.4577,0
14.4586,1
14.4586,0
14.4596,1
14.4596,0
14.4605,1
14.4605,0
14.4615,1
14.4615,0
14.4624,1
14.4624,0
14.4634,1
14.4634,0
14.4643,1
14.4643,0
14.4652,1
14.4652,0
14.4662,1
14.4662,0
14.4671,1
14.4671,0
14.4681,1
14.4681,0
14.469,1
14.469,0
14.47,1
14.47,0
14.4709,1
14.4709,0
14.4719,1
14.4719,0
14.4728,1
14.4728,0
14.4737,1
14.4737,0
14.4747,1
14.4747,0
14.4756,1
14.4756,0
14.4766,1
14.4766,0
14.4775,1
14.4775,0
14.4785,1
14.4785,0
14.4794,1
14.4794,0
14.4803,1
14.4803,0
14.4813,1
14.4813,0
14.4822,1
14.4822,0
14.4832,1
14.4832,0
14.4841,1
14.4841,0
14.4851,1
14.4851,0
14.486,1
14.486,0
14.487,1
14.487,0
14.4879,1
14.4879,0
14.4888,1
14.4888,0
14.4898,1
14.4898,0
14.4907,1
14.4907,0
14.4917,1
14.4917,0
14.4926,1
14.4926,0
14.4936,1
14.4936,0
14.4945,1
14.4945,0
14.4955,1
14.4955,0
14.4964,1
14.4964,0
14.4973,1
14.4973,0
14.4983,1
14.4983,0
14.4992,1
14.4992,0
14.5002,1
14.5002,0
14.5011,1
14.5011,0
14.5021,1
14.5021,0
14.503,1
14.503,0
14.5039,1
14.5039,0
14.5049,1
14.5049,0
14.5058,1
14.5058,0
14.5068,1
14.5068,0
14.5077,1
14.5077,0
14.5087,1
14.5087,0
14.5096,1
14.5096,0
14.5106,1
14.5106,0
14.5115,1
14.5115,0
14.5124,1
14.5124,0
14.5134,1
14.5134,0
14.5143,1
14.5143,0
14.5153,1
14.5153,0
14.5162,1
14.5162,0
14.5172,1
14.5172,0
14.5181,1
14.5181,0
14.5191,1
14.5191,0
14.52,1
14.52,0
14.5209,1
14.5209,0
14.5219,1
14.5219,0
14.5228,1
14.5228,0
14.5238,1
14.5238,0
14.5247,1
14.5247,0
14.5257,1
14.5257,0
14.5266,1
14.5266,0
14.5275,1
14.5275,0
14.5285,1
14.5285,0
14.5294,1
14.5294,0
14.5304,1
14.5304,0
14.5313,1
14.5313,0
14.5323,1
14.5323,0
14.5332,1
14.5332,0
14.5342,1
14.5342,0
14.5351,1
14.5351,0
14.536,1
14.536,0
14.537,1
14.537,0
14.5379,1
14.5379,0
14.5389,1
14.5389,0
14.5398,1
14.5398,0
14.5408,1
14.5408,0
14.5417,1
14.5417,0
14.5427,1
14.5427,0
14.5436,1
14.5436,0
14.5445,1
14.5445,0
14.5455,1
14.5455,0
14.5464,1
14.5464,0
14.5474,1
14.5474,0
14.5483,1
14.5483,0
14.5493,1
14.5493,0
14.5502,1
14.5502,0
14.5511,1
14.5511,0
14.5521,1
14.5521,0
14.553,1
14.553,0
14.554,1
14.554,0
14.5549,1
14.5549,0
14.5559,1
14.5559,0
14.5568,1
14.5568,0
14.5578,1
14.5578,0
14.5587,1
14.5587,0
14.5596,1
14.5596,0
14.5606,1
14.5606,0
14.5615,1
14.5615,0
14.5625,1
14.5625,0
14.5634,1
14.5634,0
14.5644,1
14.5644,0
14.5653,1
14.5653,0
14.5663,1
14.5663,0
14.5672,1
14.5672,0
14.5681,1
14.5681,0
14.5691,1
14.5691,0
14.57,1
14.57,0
14.571,1
14.571,0
14.5719,1
14.5719,0
14.5729,1
14.5729,0
14.5738,1
14.5738,0
14.5747,1
14.5747,0
14.5757,1
14.5757,0
14.5766,1
14.5766,0
14.5776,1
14.5776,0
14.5785,1
14.5785,0
14.5795,1
14.5795,0
14.5804,1
14.5804,0
14.5814,1
14.5814,0
14.5823,1
14.5823,0
14.5832,1
14.5832,0
14.5842,1
14.5842,0
14.5851,1
14.5851,0
14.5861,1
14.5861,0
14.587,1
14.587,0
14.588,1
14.588,0
14.5889,1
14.5889,0
14.5899,1
14.5899,0
14.5908,1
14.5908,0
14.5917,1
14.5917,0
14.5927,1
14.5927,0
14.5936,1
14.5936,0
14.5946,1
14.5946,0
14.5955,1
14.5955,0
14.5965,1
14.5965,0
14.5974,1
14.5974,0
14.5983,1
14.5983,0
14.5993,1
14.5993,0
14.6002,1
14.6002,0
14.6012,1
14.6012,0
14.6021,1
14.6021,0
14.6031,1
14.6031,0
14.604,1
14.604,0
14.605,1
14.605,0
14.6059,1
14.6059,0
14.6068,1
14.6068,0
14.6078,1
14.6078,0
14.6087,1
14.6087,0
14.6097,1
14.6097,0
14.6106,1
14.6106,0
14.6116,1
14.6116,0
14.6125,1
14.6125,0
14.6135,1
14.6135,0
14.6144,1
14.6144,0
14.6153,1
14.6153,0
14.6163,1
14.6163,0
14.6172,1
14.6172,0
14.6182,1
14.6182,0
14.6191,1
14.6191,0
14.6201,1
14.6201,0
14.621,1
14.621,0
14.6219,1
14.6219,0
14.6229,1
14.6229,0
14.6238,1
14.6238,0
14.6248,1
14.6248,0
14.6257,1
14.6257,0
14.6267,1
14.6267,0
14.6276,1
14.6276,0
14.6286,1
14.6286,0
14.6295,1
14.6295,0
14.6304,1
14.6304,0
14.6314,1
14.6314,0
14.6323,1
14.6323,0
14.6333,1
14.6333,0
14.6342,1
14.6342,0
14.6352,1
14.6352,0
14.6361,1
14.6361,0
14.6371,1
14.6371,0
14.638,1
14.638,0
14.6389,1
14.6389,0
14.6399,1
14.6399,0
14.6408,1
14.6408,0
14.6418,1
14.6418,0
14.6427,1
14.6427,0
14.6437,1
14.6437,0
14.6446,1
14.6446,0
14.6455,1
14.6455,0
14.6465,1
14.6465,0
14.6474,1
14.6474,0
14.6484,1
14.6484,0
14.6493,1
14.6493,0
14.6503,1
14.6503,0
14.6512,1
14.6512,0
14.6522,1
14.6522,0
14.6531,1
14.6531,0
14.654,1
14.654,0
14.655,1
14.655,0
14.6559,1
14.6559,0
14.6569,1
14.6569,0
14.6578,1
14.6578,0
14.6588,1
14.6588,0
14.6597,1
14.6597,0
14.6607,1
14.6607,0
14.6616,1
14.6616,0
14.6625,1
14.6625,0
14.6635,1
14.6635,0
14.6644,1
14.6644,0
14.6654,1
14.6654,0
14.6663,1
14.6663,0
14.6673,1
14.6673,0
14.6682,1
14.6682,0
14.6691,1
14.6691,0
14.6701,1
14.6701,0
14.671,1
14.671,0
14.672,1
14.672,0
14.6729,1
14.6729,0
14.6739,1
14.6739,0
14.6748,1
14.6748,0
14.6758,1
14.6758,0
14.6767,1
14.6767,0
14.6776,1
14.6776,0
14.6786,1
14.6786,0
14.6795,1
14.6795,0
14.6805,1
14.6805,0
14.6814,1
14.6814,0
14.6824,1
14.6824,0
14.6833,1
14.6833,0
14.6843,1
14.6843,0
14.6852,1
14.6852,0
14.6861,1
14.6861,0
14.6871,1
14.6871,0
14.688,1
14.688,0
14.689,1
14.689,0
14.6899,1
14.6899,0
14.6909,1
14.6909,0
14.6918,1
14.6918,0
14.6927,1
14.6927,0
14.6937,1
14.6937,0
14.6946,1
14.6946,0
14.6956,1
14.6956,0
14.6965,1
14.6965,0
14.6975,1
14.6975,0
14.6984,1
14.6984,0
14.6994,1
14.6994,0
14.7003,1
14.7003,0
14.7012,1
14.7012,0
14.7022,1
14.7022,0
14.7031,1
14.7031,0
14.7041,1
14.7041,0
14.705,1
14.705,0
14.706,1
14.706,0
14.7069,1
14.7069,0
14.7079,1
14.7079,0
14.7088,1
14.7088,0
14.7097,1
14.7097,0
14.7107,1
14.7107,0
14.7116,1
14.7116,0
14.7126,1
14.7126,0
14.7135,1
14.7135,0
14.7145,1
14.7145,0
14.7154,1
14.7154,0
14.7163,1
14.7163,0
14.7173,1
14.7173,0
14.7182,1
14.7182,0
14.7192,1
14.7192,0
14.7201,1
14.7201,0
14.7211,1
14.7211,0
14.722,1
14.722,0
14.723,1
14.723,0
14.7239,1
14.7239,0
14.7248,1
14.7248,0
14.7258,1
14.7258,0
14.7267,1
14.7267,0
14.7277,1
14.7277,0
14.7286,1
14.7286,0
14.7296,1
14.7296,0
14.7305,1
14.7305,0
14.7315,1
14.7315,0
14.7324,1
14.7324,0
14.7333,1
14.7333,0
14.7343,1
14.7343,0
14.7352,1
14.7352,0
14.7362,1
14.7362,0
14.7371,1
14.7371,0
14.7381,1
14.7381,0
14.739,1
14.739,0
14.7399,1
14.7399,0
14.7409,1
14.7409,0
14.7418,1
14.7418,0
14.7428,1
14.7428,0
14.7437,1
14.7437,0
14.7447,1
14.7447,0
14.7456,1
14.7456,0
14.7466,1
14.7466,0
14.7475,1
14.7475,0
14.7484,1
14.7484,0
14.7494,1
14.7494,0
14.7503,1
14.7503,0
14.7513,1
14.7513,0
14.7522,1
14.7522,0
14.7532,1
14.7532,0
14.7541,1
14.7541,0
14.7551,1
14.7551,0
14.756,1
14.756,0
14.7569,1
14.7569,0
14.7579,1
14.7579,0
14.7588,1
14.7588,0
14.7598,1
14.7598,0
14.7607,1
14.7607,0
14.7617,1
14.7617,0
14.7626,1
14.7626,0
14.7635,1
14.7635,0
14.7645,1
14.7645,0
14.7654,1
14.7654,0
14.7664,1
14.7664,0
14.7673,1
14.7673,0
14.7683,1
14.7683,0
14.7692,1
14.7692,0
14.7702,1
14.7702,0
14.7711,1
14.7711,0
14.772,1
14.772,0
14.773,1
14.773,0
14.7739,1
14.7739,0
14.7749,1
14.7749,0
14.7758,1
14.7758,0
14.7768,1
14.7768,0
14.7777,1
14.7777,0
14.7787,1
14.7787,0
14.7796,1
14.7796,0
14.7805,1
14.7805,0
14.7815,1
14.7815,0
14.7824,1
14.7824,0
14.7834,1
14.7834,0
14.7843,1
14.7843,0
14.7853,1
14.7853,0
14.7862,1
14.7862,0
14.7871,1
14.7871,0
14.7881,1
14.7881,0
14.789,1
14.789,0
14.79,1
14.79,0
14.7909,1
14.7909,0
14.7919,1
14.7919,0
14.7928,1
14.7928,0
14.7938,1
14.7938,0
14.7947,1
14.7947,0
14.7956,1
14.7956,0
14.7966,1
14.7966,0
14.7975,1
14.7975,0
14.7985,1
14.7985,0
14.7994,1
14.7994,0
14.8004,1
14.8004,0
14.8013,1
14.8013,0
14.8023,1
14.8023,0
14.8032,1
14.8032,0
14.8041,1
14.8041,0
14.8051,1
14.8051,0
14.806,1
14.806,0
14.807,1
14.807,0
14.8079,1
14.8079,0
14.8089,1
14.8089,0
14.8098,1
14.8098,0
14.8107,1
14.8107,0
14.8117,1
14.8117,0
14.8126,1
14.8126,0
14.8136,1
14.8136,0
14.8145,1
14.8145,0
14.8155,1
14.8155,0
14.8164,1
14.8164,0
14.8174,1
14.8174,0
14.8183,1
14.8183,0
14.8192,1
14.8192,0
14.8202,1
14.8202,0
14.8211,1
14.8211,0
14.8221,1
14.8221,0
14.823,1
14.823,0
14.824,1
14.824,0
14.8249,1
14.8249,0
14.8259,1
14.8259,0
14.8268,1
14.8268,0
14.8277,1
14.8277,0
14.8287,1
14.8287,0
14.8296,1
14.8296,0
14.8306,1
14.8306,0
14.8315,1
14.8315,0
14.8325,1
14.8325,0
14.8334,1
14.8334,0
14.8343,1
14.8343,0
14.8353,1
14.8353,0
14.8362,1
14.8362,0
14.8372,1
14.8372,0
14.8381,1
14.8381,0
14.8391,1
14.8391,0
14.84,1
14.84,0
14.841,1
14.841,0
14.8419,1
14.8419,0
14.8428,1
14.8428,0
14.8438,1
14.8438,0
14.8447,1
14.8447,0
14.8457,1
14.8457,0
14.8466,1
14.8466,0
14.8476,1
14.8476,0
14.8485,1
14.8485,0
14.8495,1
14.8495,0
14.8504,1
14.8504,0
14.8513,1
14.8513,0
14.8523,1
14.8523,0
14.8532,1
14.8532,0
14.8542,1
14.8542,0
14.8551,1
14.8551,0
14.8561,1
14.8561,0
14.857,1
14.857,0
14.8579,1
14.8579,0
14.8589,1
14.8589,0
14.8598,1
14.8598,0
14.8608,1
14.8608,0
14.8617,1
14.8617,0
14.8627,1
14.8627,0
14.8636,1
14.8636,0
14.8646,1
14.8646,0
14.8655,1
14.8655,0
14.8664,1
14.8664,0
14.8674,1
14.8674,0
14.8683,1
14.8683,0
14.8693,1
14.8693,0
14.8702,1
14.8702,0
14.8712,1
14.8712,0
14.8721,1
14.8721,0
14.8731,1
14.8731,0
14.874,1
14.874,0
14.8749,1
14.8749,0
14.8759,1
14.8759,0
14.8768,1
14.8768,0
14.8778,1
14.8778,0
14.8787,1
14.8787,0
14.8797,1
14.8797,0
14.8806,1
14.8806,0
14.8815,1
14.8815,0
14.8825,1
14.8825,0
14.8834,1
14.8834,0
14.8844,1
14.8844,0
14.8853,1
14.8853,0
14.8863,1
14.8863,0
14.8872,1
14.8872,0
14.8882,1
14.8882,0
14.8891,1
14.8891,0
14.89,1
14.89,0
14.891,1
14.891,0
14.8919,1
14.8919,0
14.8929,1
14.8929,0
14.8938,1
14.8938,0
14.8948,1
14.8948,0
14.8957,1
14.8957,0
14.8967,1
14.8967,0
14.8976,1
14.8976,0
14.8985,1
14.8985,0
14.8995,1
14.8995,0
14.9004,1
14.9004,0
14.9014,1
14.9014,0
14.9023,1
14.9023,0
14.9033,1
14.9033,0
14.9042,1
14.9042,0
14.9051,1
14.9051,0
14.9061,1
14.9061,0
14.907,1
14.907,0
14.908,1
14.908,0
14.9089,1
14.9089,0
14.9099,1
14.9099,0
14.9108,1
14.9108,0
14.9118,1
14.9118,0
14.9127,1
14.9127,0
14.9136,1
14.9136,0
14.9146,1
14.9146,0
14.9155,1
14.9155,0
14.9165,1
14.9165,0
14.9174,1
14.9174,0
14.9184,1
14.9184,0
14.9193,1
14.9193,0
14.9203,1
14.9203,0
14.9212,1
14.9212,0
14.9221,1
14.9221,0
14.9231,1
14.9231,0
14.924,1
14.924,0
14.925,1
14.925,0
14.9259,1
14.9259,0
14.9269,1
14.9269,0
14.9278,1
14.9278,0
14.9287,1
14.9287,0
14.9297,1
14.9297,0
14.9306,1
14.9306,0
14.9316,1
14.9316,0
14.9325,1
14.9325,0
14.9335,1
14.9335,0
14.9344,1
14.9344,0
14.9354,1
14.9354,0
14.9363,1
14.9363,0
14.9372,1
14.9372,0
14.9382,1
14.9382,0
14.9391,1
14.9391,0
14.9401,1
14.9401,0
14.941,1
14.941,0
14.942,1
14.942,0
14.9429,1
14.9429,0
14.9439,1
14.9439,0
14.9448,1
14.9448,0
14.9457,1
14.9457,0
14.9467,1
14.9467,0
14.9476,1
14.9476,0
14.9486,1
14.9486,0
14.9495,1
14.9495,0
14.9505,1
14.9505,0
14.9514,1
14.9514,0
14.9523,1
14.9523,0
14.9533,1
14.9533,0
14.9542,1
14.9542,0
14.9552,1
14.9552,0
14.9561,1
14.9561,0
14.9571,1
14.9571,0
14.958,1
14.958,0
14.959,1
14.959,0
14.9599,1
14.9599,0
14.9608,1
14.9608,0
14.9618,1
14.9618,0
14.9627,1
14.9627,0
14.9637,1
14.9637,0
14.9646,1
14.9646,0
14.9656,1
14.9656,0
14.9665,1
14.9665,0
14.9675,1
14.9675,0
14.9684,1
14.9684,0
14.9693,1
14.9693,0
14.9703,1
14.9703,0
14.9712,1
14.9712,0
14.9722,1
14.9722,0
14.9731,1
14.9731,0
14.9741,1
14.9741,0
14.975,1
14.975,0
14.9759,1
14.9759,0
14.9769,1
14.9769,0
14.9778,1
14.9778,0
14.9788,1
14.9788,0
14.9797,1
14.9797,0
14.9807,1
14.9807,0
14.9816,1
14.9816,0
14.9826,1
14.9826,0
14.9835,1
14.9835,0
14.9844,1
14.9844,0
14.9854,1
14.9854,0
14.9863,1
14.9863,0
14.9873,1
14.9873,0
14.9882,1
14.9882,0
14.9892,1
14.9892,0
14.9901,1
14.9901,0
14.9911,1
14.9911,0
14.992,1
14.992,0
14.9929,1
14.9929,0
14.9939,1
14.9939,0
14.9948,1
14.9948,0
14.9958,1
14.9958,0
14.9967,1
14.9967,0
14.9977,1
14.9977,0
14.9986,1
14.9986,0
14.9995,1
14.9995,0
15.0005,1
15.0005,0
15.0014,1
15.0014,0
15.0024,1
15.0024,0
15.0033,1
15.0033,0
15.0043,1
15.0043,0
15.0052,1
15.0052,0
15.0062,1
15.0062,0
15.0071,1
15.0071,0
15.008,1
15.008,0
15.009,1
15.009,0
15.0099,1
15.0099,0
15.0109,1
15.0109,0
15.0118,1
15.0118,0
15.0128,1
15.0128,0
15.0137,1
15.0137,0
15.0147,1
15.0147,0
15.0156,1
15.0156,0
15.0165,1
15.0165,0
15.0175,1
15.0175,0
15.0184,1
15.0184,0
15.0194,1
15.0194,0
15.0203,1
15.0203,0
15.0213,1
15.0213,0
15.0222,1
15.0222,0
15.0231,1
15.0231,0
15.0241,1
15.0241,0
15.025,1
15.025,0
15.026,1
15.026,0
15.0269,1
15.0269,0
15.0279,1
15.0279,0
15.0288,1
15.0288,0
15.0298,1
15.0298,0
15.0307,1
15.0307,0
15.0316,1
15.0316,0
15.0326,1
15.0326,0
15.0335,1
15.0335,0
15.0345,1
15.0345,0
15.0354,1
15.0354,0
15.0364,1
15.0364,0
15.0373,1
15.0373,0
15.0383,1
15.0383,0
15.0392,1
15.0392,0
15.0401,1
15.0401,0
15.0411,1
15.0411,0
15.042,1
15.042,0
15.043,1
15.043,0
15.0439,1
15.0439,0
15.0449,1
15.0449,0
15.0458,1
15.0458,0
15.0467,1
15.0467,0
15.0477,1
15.0477,0
15.0486,1
15.0486,0
15.0496,1
15.0496,0
15.0505,1
15.0505,0
15.0515,1
15.0515,0
15.0524,1
15.0524,0
15.0534,1
15.0534,0
15.0543,1
15.0543,0
15.0552,1
15.0552,0
15.0562,1
15.0562,0
15.0571,1
15.0571,0
15.0581,1
15.0581,0
15.059,1
15.059,0
15.06,1
15.06,0
15.0609,1
15.0609,0
15.0619,1
15.0619,0
15.0628,1
15.0628,0
15.0637,1
15.0637,0
15.0647,1
15.0647,0
15.0656,1
15.0656,0
15.0666,1
15.0666,0
15.0675,1
15.0675,0
15.0685,1
15.0685,0
15.0694,1
15.0694,0
15.0703,1
15.0703,0
15.0713,1
15.0713,0
15.0722,1
15.0722,0
15.0732,1
15.0732,0
15.0741,1
15.0741,0
15.0751,1
15.0751,0
15.076,1
15.076,0
15.077,1
15.077,0
15.0779,1
15.0779,0
15.0788,1
15.0788,0
15.0798,1
15.0798,0
15.0807,1
15.0807,0
15.0817,1
15.0817,0
15.0826,1
15.0826,0
15.0836,1
15.0836,0
15.0845,1
15.0845,0
15.0855,1
15.0855,0
15.0864,1
15.0864,0
15.0873,1
15.0873,0
15.0883,1
15.0883,0
15.0892,1
15.0892,0
15.0902,1
15.0902,0
15.0911,1
15.0911,0
15.0921,1
15.0921,0
15.093,1
15.093,0
15.0939,1
15.0939,0
15.0949,1
15.0949,0
15.0958,1
15.0958,0
15.0968,1
15.0968,0
15.0977,1
15.0977,0
15.0987,1
15.0987,0
15.0996,1
15.0996,0
15.1006,1
15.1006,0
15.1015,1
15.1015,0
15.1024,1
15.1024,0
15.1034,1
15.1034,0
15.1043,1
15.1043,0
15.1053,1
15.1053,0
15.1062,1
15.1062,0
15.1072,1
15.1072,0
15.1081,1
15.1081,0
15.1091,1
15.1091,0
15.11,1
15.11,0
15.1109,1
15.1109,0
15.1119,1
15.1119,0
15.1128,1
15.1128,0
15.1138,1
15.1138,0
15.1147,1
15.1147,0
15.1157,1
15.1157,0
15.1166,1
15.1166,0
15.1175,1
15.1175,0
15.1185,1
15.1185,0
15.1194,1
15.1194,0
15.1204,1
15.1204,0
15.1213,1
15.1213,0
15.1223,1
15.1223,0
15.1232,1
15.1232,0
15.1242,1
15.1242,0
15.1251,1
15.1251,0
15.126,1
15.126,0
15.127,1
15.127,0
15.1279,1
15.1279,0
15.1289,1
15.1289,0
15.1298,1
15.1298,0
15.1308,1
15.1308,0
15.1317,1
15.1317,0
15.1327,1
15.1327,0
15.1336,1
15.1336,0
15.1345,1
15.1345,0
15.1355,1
15.1355,0
15.1364,1
15.1364,0
15.1374,1
15.1374,0
15.1383,1
15.1383,0
15.1393,1
15.1393,0
15.1402,1
15.1402,0
15.1411,1
15.1411,0
15.1421,1
15.1421,0
15.143,1
15.143,0
15.144,1
15.144,0
15.1449,1
15.1449,0
15.1459,1
15.1459,0
15.1468,1
15.1468,0
15.1478,1
15.1478,0
15.1487,1
15.1487,0
15.1496,1
15.1496,0
15.1506,1
15.1506,0
15.1515,1
15.1515,0
15.1525,1
15.1525,0
15.1534,1
15.1534,0
15.1544,1
15.1544,0
15.1553,1
15.1553,0
15.1563,1
15.1563,0
15.1572,1
15.1572,0
15.1581,1
15.1581,0
15.1591,1
15.1591,0
15.16,1
15.16,0
15.161,1
15.161,0
15.1619,1
15.1619,0
15.1629,1
15.1629,0
15.1638,1
15.1638,0
15.1647,1
15.1647,0
15.1657,1
15.1657,0
15.1666,1
15.1666,0
15.1676,1
15.1676,0
15.1685,1
15.1685,0
15.1695,1
15.1695,0
15.1704,1
15.1704,0
15.1714,1
15.1714,0
15.1723,1
15.1723,0
15.1732,1
15.1732,0
15.1742,1
15.1742,0
15.1751,1
15.1751,0
15.1761,1
15.1761,0
15.177,1
15.177,0
15.178,1
15.178,0
15.1789,1
15.1789,0
15.1799,1
15.1799,0
15.1808,1
15.1808,0
15.1817,1
15.1817,0
15.1827,1
15.1827,0
15.1836,1
15.1836,0
15.1846,1
15.1846,0
15.1855,1
15.1855,0
15.1865,1
15.1865,0
15.1874,1
15.1874,0
15.1883,1
15.1883,0
15.1893,1
15.1893,0
15.1902,1
15.1902,0
15.1912,1
15.1912,0
15.1921,1
15.1921,0
15.1931,1
15.1931,0
15.194,1
15.194,0
15.195,1
15.195,0
15.1959,1
15.1959,0
15.1968,1
15.1968,0
15.1978,1
15.1978,0
15.1987,1
15.1987,0
15.1997,1
15.1997,0
15.2006,1
15.2006,0
15.2016,1
15.2016,0
15.2025,1
15.2025,0
15.2035,1
15.2035,0
15.2044,1
15.2044,0
15.2053,1
15.2053,0
15.2063,1
15.2063,0
15.2072,1
15.2072,0
15.2082,1
15.2082,0
15.2091,1
15.2091,0
15.2101,1
15.2101,0
15.211,1
15.211,0
15.2119,1
15.2119,0
15.2129,1
15.2129,0
15.2138,1
15.2138,0
15.2148,1
15.2148,0
15.2157,1
15.2157,0
15.2167,1
15.2167,0
15.2176,1
15.2176,0
15.2186,1
15.2186,0
15.2195,1
15.2195,0
15.2204,1
15.2204,0
15.2214,1
15.2214,0
15.2223,1
15.2223,0
15.2233,1
15.2233,0
15.2242,1
15.2242,0
15.2252,1
15.2252,0
15.2261,1
15.2261,0
15.2271,1
15.2271,0
15.228,1
15.228,0
15.2289,1
15.2289,0
15.2299,1
15.2299,0
15.2308,1
15.2308,0
15.2318,1
15.2318,0
15.2327,1
15.2327,0
15.2337,1
15.2337,0
15.2346,1
15.2346,0
15.2355,1
15.2355,0
15.2365,1
15.2365,0
15.2374,1
15.2374,0
15.2384,1
15.2384,0
15.2393,1
15.2393,0
15.2403,1
15.2403,0
15.2412,1
15.2412,0
15.2422,1
15.2422,0
15.2431,1
15.2431,0
15.244,1
15.244,0
15.245,1
15.245,0
15.2459,1
15.2459,0
15.2469,1
15.2469,0
15.2478,1
15.2478,0
15.2488,1
15.2488,0
15.2497,1
15.2497,0
15.2507,1
15.2507,0
15.2516,1
15.2516,0
15.2525,1
15.2525,0
15.2535,1
15.2535,0
15.2544,1
15.2544,0
15.2554,1
15.2554,0
15.2563,1
15.2563,0
15.2573,1
15.2573,0
15.2582,1
15.2582,0
15.2591,1
15.2591,0
15.2601,1
15.2601,0
15.261,1
15.261,0
15.262,1
15.262,0
15.2629,1
15.2629,0
15.2639,1
15.2639,0
15.2648,1
15.2648,0
15.2658,1
15.2658,0
15.2667,1
15.2667,0
15.2676,1
15.2676,0
15.2686,1
15.2686,0
15.2695,1
15.2695,0
15.2705,1
15.2705,0
15.2714,1
15.2714,0
15.2724,1
15.2724,0
15.2733,1
15.2733,0
15.2743,1
15.2743,0
15.2752,1
15.2752,0
15.2761,1
15.2761,0
15.2771,1
15.2771,0
15.278,1
15.278,0
15.279,1
15.279,0
15.2799,1
15.2799,0
15.2809,1
15.2809,0
15.2818,1
15.2818,0
15.2827,1
15.2827,0
15.2837,1
15.2837,0
15.2846,1
15.2846,0
15.2856,1
15.2856,0
15.2865,1
15.2865,0
15.2875,1
15.2875,0
15.2884,1
15.2884,0
15.2894,1
15.2894,0
15.2903,1
15.2903,0
15.2912,1
15.2912,0
15.2922,1
15.2922,0
15.2931,1
15.2931,0
15.2941,1
15.2941,0
15.295,1
15.295,0
15.296,1
15.296,0
15.2969,1
15.2969,0
15.2979,1
15.2979,0
15.2988,1
15.2988,0
15.2997,1
15.2997,0
15.3007,1
15.3007,0
15.3016,1
15.3016,0
15.3026,1
15.3026,0
15.3035,1
15.3035,0
15.3045,1
15.3045,0
15.3054,1
15.3054,0
15.3063,1
15.3063,0
15.3073,1
15.3073,0
15.3082,1
15.3082,0
15.3092,1
15.3092,0
15.3101,1
15.3101,0
15.3111,1
15.3111,0
15.312,1
15.312,0
15.313,1
15.313,0
15.3139,1
15.3139,0
15.3148,1
15.3148,0
15.3158,1
15.3158,0
15.3167,1
15.3167,0
15.3177,1
15.3177,0
15.3186,1
15.3186,0
15.3196,1
15.3196,0
15.3205,1
15.3205,0
15.3215,1
15.3215,0
15.3224,1
15.3224,0
15.3233,1
15.3233,0
15.3243,1
15.3243,0
15.3252,1
15.3252,0
15.3262,1
15.3262,0
15.3271,1
15.3271,0
15.3281,1
15.3281,0
15.329,1
15.329,0
15.3299,1
15.3299,0
15.3309,1
15.3309,0
15.3318,1
15.3318,0
15.3328,1
15.3328,0
15.3337,1
15.3337,0
15.3347,1
15.3347,0
15.3356,1
15.3356,0
15.3366,1
15.3366,0
15.3375,1
15.3375,0
15.3384,1
15.3384,0
15.3394,1
15.3394,0
15.3403,1
15.3403,0
15.3413,1
15.3413,0
15.3422,1
15.3422,0
15.3432,1
15.3432,0
15.3441,1
15.3441,0
15.3451,1
15.3451,0
15.346,1
15.346,0
15.3469,1
15.3469,0
15.3479,1
15.3479,0
15.3488,1
15.3488,0
15.3498,1
15.3498,0
15.3507,1
15.3507,0
15.3517,1
15.3517,0
15.3526,1
15.3526,0
15.3535,1
15.3535,0
15.3545,1
15.3545,0
15.3554,1
15.3554,0
15.3564,1
15.3564,0
15.3573,1
15.3573,0
15.3583,1
15.3583,0
15.3592,1
15.3592,0
15.3602,1
15.3602,0
15.3611,1
15.3611,0
15.362,1
15.362,0
15.363,1
15.363,0
15.3639,1
15.3639,0
15.3649,1
15.3649,0
15.3658,1
15.3658,0
15.3668,1
15.3668,0
15.3677,1
15.3677,0
15.3687,1
15.3687,0
15.3696,1
15.3696,0
15.3705,1
15.3705,0
15.3715,1
15.3715,0
15.3724,1
15.3724,0
15.3734,1
15.3734,0
15.3743,1
15.3743,0
15.3753,1
15.3753,0
15.3762,1
15.3762,0
15.3771,1
15.3771,0
15.3781,1
15.3781,0
15.379,1
15.379,0
15.38,1
15.38,0
15.3809,1
15.3809,0
15.3819,1
15.3819,0
15.3828,1
15.3828,0
15.3838,1
15.3838,0
15.3847,1
15.3847,0
15.3856,1
15.3856,0
15.3866,1
15.3866,0
15.3875,1
15.3875,0
15.3885,1
15.3885,0
15.3894,1
15.3894,0
15.3904,1
15.3904,0
15.3913,1
15.3913,0
15.3923,1
15.3923,0
15.3932,1
15.3932,0
15.3941,1
15.3941,0
15.3951,1
15.3951,0
15.396,1
15.396,0
15.397,1
15.397,0
15.3979,1
15.3979,0
15.3989,1
15.3989,0
15.3998,1
15.3998,0
15.4007,1
15.4007,0
15.4017,1
15.4017,0
15.4026,1
15.4026,0
15.4036,1
15.4036,0
15.4045,1
15.4045,0
15.4055,1
15.4055,0
15.4064,1
15.4064,0
15.4074,1
15.4074,0
15.4083,1
15.4083,0
15.4092,1
15.4092,0
15.4102,1
15.4102,0
15.4111,1
15.4111,0
15.4121,1
15.4121,0
15.413,1
15.413,0
15.414,1
15.414,0
15.4149,1
15.4149,0
15.4159,1
15.4159,0
15.4168,1
15.4168,0
15.4177,1
15.4177,0
15.4187,1
15.4187,0
15.4196,1
15.4196,0
15.4206,1
15.4206,0
15.4215,1
15.4215,0
15.4225,1
15.4225,0
15.4234,1
15.4234,0
15.4243,1
15.4243,0
15.4253,1
15.4253,0
15.4262,1
15.4262,0
15.4272,1
15.4272,0
15.4281,1
15.4281,0
15.4291,1
15.4291,0
15.43,1
15.43,0
15.431,1
15.431,0
15.4319,1
15.4319,0
15.4328,1
15.4328,0
15.4338,1
15.4338,0
15.4347,1
15.4347,0
15.4357,1
15.4357,0
15.4366,1
15.4366,0
15.4376,1
15.4376,0
15.4385,1
15.4385,0
15.4395,1
15.4395,0
15.4404,1
15.4404,0
15.4413,1
15.4413,0
15.4423,1
15.4423,0
15.4432,1
15.4432,0
15.4442,1
15.4442,0
15.4451,1
15.4451,0
15.4461,1
15.4461,0
15.447,1
15.447,0
15.4479,1
15.4479,0
15.4489,1
15.4489,0
15.4498,1
15.4498,0
15.4508,1
15.4508,0
15.4517,1
15.4517,0
15.4527,1
15.4527,0
15.4536,1
15.4536,0
15.4546,1
15.4546,0
15.4555,1
15.4555,0
15.4564,1
15.4564,0
15.4574,1
15.4574,0
15.4583,1
15.4583,0
15.4593,1
15.4593,0
15.4602,1
15.4602,0
15.4612,1
15.4612,0
15.4621,1
15.4621,0
15.4631,1
15.4631,0
15.464,1
15.464,0
15.4649,1
15.4649,0
15.4659,1
15.4659,0
15.4668,1
15.4668,0
15.4678,1
15.4678,0
15.4687,1
15.4687,0
15.4697,1
15.4697,0
15.4706,1
15.4706,0
15.4715,1
15.4715,0
15.4725,1
15.4725,0
15.4734,1
15.4734,0
15.4744,1
15.4744,0
15.4753,1
15.4753,0
15.4763,1
15.4763,0
15.4772,1
15.4772,0
15.4782,1
15.4782,0
15.4791,1
15.4791,0
15.48,1
15.48,0
15.481,1
15.481,0
15.4819,1
15.4819,0
15.4829,1
15.4829,0
15.4838,1
15.4838,0
15.4848,1
15.4848,0
15.4857,1
15.4857,0
15.4867,1
15.4867,0
15.4876,1
15.4876,0
15.4885,1
15.4885,0
15.4895,1
15.4895,0
15.4904,1
15.4904,0
15.4914,1
15.4914,0
15.4923,1
15.4923,0
15.4933,1
15.4933,0
15.4942,1
15.4942,0
15.4951,1
15.4951,0
15.4961,1
15.4961,0
15.497,1
15.497,0
15.498,1
15.498,0
15.4989,1
15.4989,0
15.4999,1
15.4999,0
15.5008,1
15.5008,0
15.5018,1
15.5018,0
15.5027,1
15.5027,0
15.5036,1
15.5036,0
15.5046,1
15.5046,0
15.5055,1
15.5055,0
15.5065,1
15.5065,0
15.5074,1
15.5074,0
15.5084,1
15.5084,0
15.5093,1
15.5093,0
15.5103,1
15.5103,0
15.5112,1
15.5112,0
15.5121,1
15.5121,0
15.5131,1
15.5131,0
15.514,1
15.514,0
15.515,1
15.515,0
15.5159,1
15.5159,0
15.5169,1
15.5169,0
15.5178,1
15.5178,0
15.5187,1
15.5187,0
15.5197,1
15.5197,0
15.5206,1
15.5206,0
15.5216,1
15.5216,0
15.5225,1
15.5225,0
15.5235,1
15.5235,0
15.5244,1
15.5244,0
15.5254,1
15.5254,0
15.5263,1
15.5263,0
15.5272,1
15.5272,0
15.5282,1
15.5282,0
15.5291,1
15.5291,0
15.5301,1
15.5301,0
15.531,1
15.531,0
15.532,1
15.532,0
15.5329,1
15.5329,0
15.5339,1
15.5339,0
15.5348,1
15.5348,0
15.5357,1
15.5357,0
15.5367,1
15.5367,0
15.5376,1
15.5376,0
15.5386,1
15.5386,0
15.5395,1
15.5395,0
15.5405,1
15.5405,0
15.5414,1
15.5414,0
15.5423,1
15.5423,0
15.5433,1
15.5433,0
15.5442,1
15.5442,0
15.5452,1
15.5452,0
15.5461,1
15.5461,0
15.5471,1
15.5471,0
15.548,1
15.548,0
15.549,1
15.549,0
15.5499,1
15.5499,0
15.5508,1
15.5508,0
15.5518,1
15.5518,0
15.5527,1
15.5527,0
15.5537,1
15.5537,0
15.5546,1
15.5546,0
15.5556,1
15.5556,0
15.5565,1
15.5565,0
15.5575,1
15.5575,0
15.5584,1
15.5584,0
15.5593,1
15.5593,0
15.5603,1
15.5603,0
15.5612,1
15.5612,0
15.5622,1
15.5622,0
15.5631,1
15.5631,0
15.5641,1
15.5641,0
15.565,1
15.565,0
15.5659,1
15.5659,0
15.5669,1
15.5669,0
15.5678,1
15.5678,0
15.5688,1
15.5688,0
15.5697,1
15.5697,0
15.5707,1
15.5707,0
15.5716,1
15.5716,0
15.5726,1
15.5726,0
15.5735,1
15.5735,0
15.5744,1
15.5744,0
15.5754,1
15.5754,0
15.5763,1
15.5763,0
15.5773,1
15.5773,0
15.5782,1
15.5782,0
15.5792,1
15.5792,0
15.5801,1
15.5801,0
15.5811,1
15.5811,0
15.582,1
15.582,0
15.5829,1
15.5829,0
15.5839,1
15.5839,0
15.5848,1
15.5848,0
15.5858,1
15.5858,0
15.5867,1
15.5867,0
15.5877,1
15.5877,0
15.5886,1
15.5886,0
15.5895,1
15.5895,0
15.5905,1
15.5905,0
15.5914,1
15.5914,0
15.5924,1
15.5924,0
15.5933,1
15.5933,0
15.5943,1
15.5943,0
15.5952,1
15.5952,0
15.5962,1
15.5962,0
15.5971,1
15.5971,0
15.598,1
15.598,0
15.599,1
15.599,0
15.5999,1
15.5999,0
15.6009,1
15.6009,0
15.6018,1
15.6018,0
15.6028,1
15.6028,0
15.6037,1
15.6037,0
15.6047,1
15.6047,0
15.6056,1
15.6056,0
15.6065,1
15.6065,0
15.6075,1
15.6075,0
15.6084,1
15.6084,0
15.6094,1
15.6094,0
15.6103,1
15.6103,0
15.6113,1
15.6113,0
15.6122,1
15.6122,0
15.6131,1
15.6131,0
15.6141,1
15.6141,0
15.615,1
15.615,0
15.616,1
15.616,0
15.6169,1
15.6169,0
15.6179,1
15.6179,0
15.6188,1
15.6188,0
15.6198,1
15.6198,0
15.6207,1
15.6207,0
15.6216,1
15.6216,0
15.6226,1
15.6226,0
15.6235,1
15.6235,0
15.6245,1
15.6245,0
15.6254,1
15.6254,0
15.6264,1
15.6264,0
15.6273,1
15.6273,0
15.6283,1
15.6283,0
15.6292,1
15.6292,0
15.6301,1
15.6301,0
15.6311,1
15.6311,0
15.632,1
15.632,0
15.633,1
15.633,0
15.6339,1
15.6339,0
15.6349,1
15.6349,0
15.6358,1
15.6358,0
15.6367,1
15.6367,0
15.6377,1
15.6377,0
15.6386,1
15.6386,0
15.6396,1
15.6396,0
15.6405,1
15.6405,0
15.6415,1
15.6415,0
15.6424,1
15.6424,0
15.6434,1
15.6434,0
15.6443,1
15.6443,0
15.6452,1
15.6452,0
15.6462,1
15.6462,0
15.6471,1
15.6471,0
15.6481,1
15.6481,0
15.649,1
15.649,0
15.65,1
15.65,0
15.6509,1
15.6509,0
15.6519,1
15.6519,0
15.6528,1
15.6528,0
15.6537,1
15.6537,0
15.6547,1
15.6547,0
15.6556,1
15.6556,0
15.6566,1
15.6566,0
15.6575,1
15.6575,0
15.6585,1
15.6585,0
15.6594,1
15.6594,0
15.6603,1
15.6603,0
15.6613,1
15.6613,0
15.6622,1
15.6622,0
15.6632,1
15.6632,0
15.6641,1
15.6641,0
15.6651,1
15.6651,0
15.666,1
15.666,0
15.667,1
15.667,0
15.6679,1
15.6679,0
15.6688,1
15.6688,0
15.6698,1
15.6698,0
15.6707,1
15.6707,0
15.6717,1
15.6717,0
15.6726,1
15.6726,0
15.6736,1
15.6736,0
15.6745,1
15.6745,0
15.6755,1
15.6755,0
15.6764,1
15.6764,0
15.6773,1
15.6773,0
15.6783,1
15.6783,0
15.6792,1
15.6792,0
15.6802,1
15.6802,0
15.6811,1
15.6811,0
15.6821,1
15.6821,0
15.683,1
15.683,0
15.6839,1
15.6839,0
15.6849,1
15.6849,0
15.6858,1
15.6858,0
15.6868,1
15.6868,0
15.6877,1
15.6877,0
15.6887,1
15.6887,0
15.6896,1
15.6896,0
15.6906,1
15.6906,0
15.6915,1
15.6915,0
15.6924,1
15.6924,0
15.6934,1
15.6934,0
15.6943,1
15.6943,0
15.6953,1
15.6953,0
15.6962,1
15.6962,0
15.6972,1
15.6972,0
15.6981,1
15.6981,0
15.6991,1
15.6991,0
15.7,1
15.7,0
15.7009,1
15.7009,0
15.7019,1
15.7019,0
15.7028,1
15.7028,0
15.7038,1
15.7038,0
15.7047,1
15.7047,0
15.7057,1
15.7057,0
15.7066,1
15.7066,0
15.7075,1
15.7075,0
15.7085,1
15.7085,0
15.7094,1
15.7094,0
15.7104,1
15.7104,0
15.7113,1
15.7113,0
15.7123,1
15.7123,0
15.7132,1
15.7132,0
15.7142,1
15.7142,0
15.7151,1
15.7151,0
15.716,1
15.716,0
15.717,1
15.717,0
15.7179,1
15.7179,0
15.7189,1
15.7189,0
15.7198,1
15.7198,0
15.7208,1
15.7208,0
15.7217,1
15.7217,0
15.7227,1
15.7227,0
15.7236,1
15.7236,0
15.7245,1
15.7245,0
15.7255,1
15.7255,0
15.7264,1
15.7264,0
15.7274,1
15.7274,0
15.7283,1
15.7283,0
15.7293,1
15.7293,0
15.7302,1
15.7302,0
15.7311,1
15.7311,0
15.7321,1
15.7321,0
15.733,1
15.733,0
15.734,1
15.734,0
15.7349,1
15.7349,0
15.7359,1
15.7359,0
15.7368,1
15.7368,0
15.7378,1
15.7378,0
15.7387,1
15.7387,0
15.7396,1
15.7396,0
15.7406,1
15.7406,0
15.7415,1
15.7415,0
15.7425,1
15.7425,0
15.7434,1
15.7434,0
15.7444,1
15.7444,0
15.7453,1
15.7453,0
15.7463,1
15.7463,0
15.7472,1
15.7472,0
15.7481,1
15.7481,0
15.7491,1
15.7491,0
15.75,1
15.75,0
15.751,1
15.751,0
15.7519,1
15.7519,0
15.7529,1
15.7529,0
15.7538,1
15.7538,0
15.7547,1
15.7547,0
15.7557,1
15.7557,0
15.7566,1
15.7566,0
15.7576,1
15.7576,0
15.7585,1
15.7585,0
15.7595,1
15.7595,0
15.7604,1
15.7604,0
15.7614,1
15.7614,0
15.7623,1
15.7623,0
15.7632,1
15.7632,0
15.7642,1
15.7642,0
15.7651,1
15.7651,0
15.7661,1
15.7661,0
15.767,1
15.767,0
15.768,1
15.768,0
15.7689,1
15.7689,0
15.7699,1
15.7699,0
15.7708,1
15.7708,0
15.7717,1
15.7717,0
15.7727,1
15.7727,0
15.7736,1
15.7736,0
15.7746,1
15.7746,0
15.7755,1
15.7755,0
15.7765,1
15.7765,0
15.7774,1
15.7774,0
15.7783,1
15.7783,0
15.7793,1
15.7793,0
15.7802,1
15.7802,0
15.7812,1
15.7812,0
15.7821,1
15.7821,0
15.7831,1
15.7831,0
15.784,1
15.784,0
15.785,1
15.785,0
15.7859,1
15.7859,0
15.7868,1
15.7868,0
15.7878,1
15.7878,0
15.7887,1
15.7887,0
15.7897,1
15.7897,0
15.7906,1
15.7906,0
15.7916,1
15.7916,0
15.7925,1
15.7925,0
15.7935,1
15.7935,0
15.7944,1
15.7944,0
15.7953,1
15.7953,0
15.7963,1
15.7963,0
15.7972,1
15.7972,0
15.7982,1
15.7982,0
15.7991,1
15.7991,0
15.8001,1
15.8001,0
15.801,1
15.801,0
15.8019,1
15.8019,0
15.8029,1
15.8029,0
15.8038,1
15.8038,0
15.8048,1
15.8048,0
15.8057,1
15.8057,0
15.8067,1
15.8067,0
15.8076,1
15.8076,0
15.8086,1
15.8086,0
15.8095,1
15.8095,0
15.8104,1
15.8104,0
15.8114,1
15.8114,0
15.8123,1
15.8123,0
15.8133,1
15.8133,0
15.8142,1
15.8142,0
15.8152,1
15.8152,0
15.8161,1
15.8161,0
15.8171,1
15.8171,0
15.818,1
15.818,0
15.8189,1
15.8189,0
15.8199,1
15.8199,0
15.8208,1
15.8208,0
15.8218,1
15.8218,0
15.8227,1
15.8227,0
15.8237,1
15.8237,0
15.8246,1
15.8246,0
15.8255,1
15.8255,0
15.8265,1
15.8265,0
15.8274,1
15.8274,0
15.8284,1
15.8284,0
15.8293,1
15.8293,0
15.8303,1
15.8303,0
15.8312,1
15.8312,0
15.8322,1
15.8322,0
15.8331,1
15.8331,0
15.834,1
15.834,0
15.835,1
15.835,0
15.8359,1
15.8359,0
15.8369,1
15.8369,0
15.8378,1
15.8378,0
15.8388,1
15.8388,0
15.8397,1
15.8397,0
15.8407,1
15.8407,0
15.8416,1
15.8416,0
15.8425,1
15.8425,0
15.8435,1
15.8435,0
15.8444,1
15.8444,0
15.8454,1
15.8454,0
15.8463,1
15.8463,0
15.8473,1
15.8473,0
15.8482,1
15.8482,0
15.8491,1
15.8491,0
15.8501,1
15.8501,0
15.851,1
15.851,0
15.852,1
15.852,0
15.8529,1
15.8529,0
15.8539,1
15.8539,0
15.8548,1
15.8548,0
15.8558,1
15.8558,0
15.8567,1
15.8567,0
15.8576,1
15.8576,0
15.8586,1
15.8586,0
15.8595,1
15.8595,0
15.8605,1
15.8605,0
15.8614,1
15.8614,0
15.8624,1
15.8624,0
15.8633,1
15.8633,0
15.8643,1
15.8643,0
15.8652,1
15.8652,0
15.8661,1
15.8661,0
15.8671,1
15.8671,0
15.868,1
15.868,0
15.869,1
15.869,0
15.8699,1
15.8699,0
15.8709,1
15.8709,0
15.8718,1
15.8718,0
15.8727,1
15.8727,0
15.8737,1
15.8737,0
15.8746,1
15.8746,0
15.8756,1
15.8756,0
15.8765,1
15.8765,0
15.8775,1
15.8775,0
15.8784,1
15.8784,0
15.8794,1
15.8794,0
15.8803,1
15.8803,0
15.8812,1
15.8812,0
15.8822,1
15.8822,0
15.8831,1
15.8831,0
15.8841,1
15.8841,0
15.885,1
15.885,0
15.886,1
15.886,0
15.8869,1
15.8869,0
15.8879,1
15.8879,0
15.8888,1
15.8888,0
15.8897,1
15.8897,0
15.8907,1
15.8907,0
15.8916,1
15.8916,0
15.8926,1
15.8926,0
15.8935,1
15.8935,0
15.8945,1
15.8945,0
15.8954,1
15.8954,0
15.8963,1
15.8963,0
15.8973,1
15.8973,0
15.8982,1
15.8982,0
15.8992,1
15.8992,0
15.9001,1
15.9001,0
15.9011,1
15.9011,0
15.902,1
15.902,0
15.903,1
15.903,0
15.9039,1
15.9039,0
15.9048,1
15.9048,0
15.9058,1
15.9058,0
15.9067,1
15.9067,0
15.9077,1
15.9077,0
15.9086,1
15.9086,0
15.9096,1
15.9096,0
15.9105,1
15.9105,0
15.9115,1
15.9115,0
15.9124,1
15.9124,0
15.9133,1
15.9133,0
15.9143,1
15.9143,0
15.9152,1
15.9152,0
15.9162,1
15.9162,0
15.9171,1
15.9171,0
15.9181,1
15.9181,0
15.919,1
15.919,0
15.9199,1
15.9199,0
15.9209,1
15.9209,0
15.9218,1
15.9218,0
15.9228,1
15.9228,0
15.9237,1
15.9237,0
15.9247,1
15.9247,0
15.9256,1
15.9256,0
15.9266,1
15.9266,0
15.9275,1
15.9275,0
15.9284,1
15.9284,0
15.9294,1
15.9294,0
15.9303,1
15.9303,0
15.9313,1
15.9313,0
15.9322,1
15.9322,0
15.9332,1
15.9332,0
15.9341,1
15.9341,0
15.9351,1
15.9351,0
15.936,1
15.936,0
15.9369,1
15.9369,0
15.9379,1
15.9379,0
15.9388,1
15.9388,0
15.9398,1
15.9398,0
15.9407,1
15.9407,0
15.9417,1
15.9417,0
15.9426,1
15.9426,0
15.9435,1
15.9435,0
15.9445,1
15.9445,0
15.9454,1
15.9454,0
15.9464,1
15.9464,0
15.9473,1
15.9473,0
15.9483,1
15.9483,0
15.9492,1
15.9492,0
15.9502,1
15.9502,0
15.9511,1
15.9511,0
15.952,1
15.952,0
15.953,1
15.953,0
15.9539,1
15.9539,0
15.9549,1
15.9549,0
15.9558,1
15.9558,0
15.9568,1
15.9568,0
15.9577,1
15.9577,0
15.9587,1
15.9587,0
15.9596,1
15.9596,0
15.9605,1
15.9605,0
15.9615,1
15.9615,0
15.9624,1
15.9624,0
15.9634,1
15.9634,0
15.9643,1
15.9643,0
15.9653,1
15.9653,0
15.9662,1
15.9662,0
15.9671,1
15.9671,0
15.9681,1
15.9681,0
15.969,1
15.969,0
15.97,1
15.97,0
15.9709,1
15.9709,0
15.9719,1
15.9719,0
15.9728,1
15.9728,0
15.9738,1
15.9738,0
15.9747,1
15.9747,0
15.9756,1
15.9756,0
15.9766,1
15.9766,0
15.9775,1
15.9775,0
15.9785,1
15.9785,0
15.9794,1
15.9794,0
15.9804,1
15.9804,0
15.9813,1
15.9813,0
15.9823,1
15.9823,0
15.9832,1
15.9832,0
15.9841,1
15.9841,0
15.9851,1
15.9851,0
15.986,1
15.986,0
15.987,1
15.987,0
15.9879,1
15.9879,0
15.9889,1
15.9889,0
15.9898,1
15.9898,0
15.9907,1
15.9907,0
15.9917,1
15.9917,0
15.9926,1
15.9926,0
15.9936,1
15.9936,0
15.9945,1
15.9945,0
15.9955,1
15.9955,0
15.9964,1
15.9964,0
15.9974,1
15.9974,0
15.9983,1
15.9983,0
15.9992,1
15.9992,0
16.0002,1
16.0002,0
16.0011,1
16.0011,0
16.0021,1
16.0021,0
16.003,1
16.003,0
16.004,1
16.004,0
16.0049,1
16.0049,0
16.0059,1
16.0059,0
16.0068,1
16.0068,0
16.0077,1
16.0077,0
16.0087,1
16.0087,0
16.0096,1
16.0096,0
16.0106,1
16.0106,0
16.0115,1
16.0115,0
16.0125,1
16.0125,0
16.0134,1
16.0134,0
16.0143,1
16.0143,0
16.0153,1
16.0153,0
16.0162,1
16.0162,0
16.0172,1
16.0172,0
16.0181,1
16.0181,0
16.0191,1
16.0191,0
16.02,1
16.02,0
16.021,1
16.021,0
16.0219,1
16.0219,0
16.0228,1
16.0228,0
16.0238,1
16.0238,0
16.0247,1
16.0247,0
16.0257,1
16.0257,0
16.0266,1
16.0266,0
16.0276,1
16.0276,0
16.0285,1
16.0285,0
16.0295,1
16.0295,0
16.0304,1
16.0304,0
16.0313,1
16.0313,0
16.0323,1
16.0323,0
16.0332,1
16.0332,0
16.0342,1
16.0342,0
16.0351,1
16.0351,0
16.0361,1
16.0361,0
16.037,1
16.037,0
16.0379,1
16.0379,0
16.0389,1
16.0389,0
16.0398,1
16.0398,0
16.0408,1
16.0408,0
16.0417,1
16.0417,0
16.0427,1
16.0427,0
16.0436,1
16.0436,0
16.0446,1
16.0446,0
16.0455,1
16.0455,0
16.0464,1
16.0464,0
16.0474,1
16.0474,0
16.0483,1
16.0483,0
16.0493,1
16.0493,0
16.0502,1
16.0502,0
16.0512,1
16.0512,0
16.0521,1
16.0521,0
16.0531,1
16.0531,0
16.054,1
16.054,0
16.0549,1
16.0549,0
16.0559,1
16.0559,0
16.0568,1
16.0568,0
16.0578,1
16.0578,0
16.0587,1
16.0587,0
16.0597,1
16.0597,0
16.0606,1
16.0606,0
16.0615,1
16.0615,0
16.0625,1
16.0625,0
16.0634,1
16.0634,0
16.0644,1
16.0644,0
16.0653,1
16.0653,0
16.0663,1
16.0663,0
16.0672,1
16.0672,0
16.0682,1
16.0682,0
16.0691,1
16.0691,0
16.07,1
16.07,0
16.071,1
16.071,0
16.0719,1
16.0719,0
16.0729,1
16.0729,0
16.0738,1
16.0738,0
16.0748,1
16.0748,0
16.0757,1
16.0757,0
16.0767,1
16.0767,0
16.0776,1
16.0776,0
16.0785,1
16.0785,0
16.0795,1
16.0795,0
16.0804,1
16.0804,0
16.0814,1
16.0814,0
16.0823,1
16.0823,0
16.0833,1
16.0833,0
16.0842,1
16.0842,0
16.0851,1
16.0851,0
16.0861,1
16.0861,0
16.087,1
16.087,0
16.088,1
16.088,0
16.0889,1
16.0889,0
16.0899,1
16.0899,0
16.0908,1
16.0908,0
16.0918,1
16.0918,0
16.0927,1
16.0927,0
16.0936,1
16.0936,0
16.0946,1
16.0946,0
16.0955,1
16.0955,0
16.0965,1
16.0965,0
16.0974,1
16.0974,0
16.0984,1
16.0984,0
16.0993,1
16.0993,0
16.1003,1
16.1003,0
16.1012,1
16.1012,0
16.1021,1
16.1021,0
16.1031,1
16.1031,0
16.104,1
16.104,0
16.105,1
16.105,0
16.1059,1
16.1059,0
16.1069,1
16.1069,0
16.1078,1
16.1078,0
16.1087,1
16.1087,0
16.1097,1
16.1097,0
16.1106,1
16.1106,0
16.1116,1
16.1116,0
16.1125,1
16.1125,0
16.1135,1
16.1135,0
16.1144,1
16.1144,0
16.1154,1
16.1154,0
16.1163,1
16.1163,0
16.1172,1
16.1172,0
16.1182,1
16.1182,0
16.1191,1
16.1191,0
16.1201,1
16.1201,0
16.121,1
16.121,0
16.122,1
16.122,0
16.1229,1
16.1229,0
16.1239,1
16.1239,0
16.1248,1
16.1248,0
16.1257,1
16.1257,0
16.1267,1
16.1267,0
16.1276,1
16.1276,0
16.1286,1
16.1286,0
16.1295,1
16.1295,0
16.1305,1
16.1305,0
16.1314,1
16.1314,0
16.1323,1
16.1323,0
16.1333,1
16.1333,0
16.1342,1
16.1342,0
16.1352,1
16.1352,0
16.1361,1
16.1361,0
16.1371,1
16.1371,0
16.138,1
16.138,0
16.139,1
16.139,0
16.1399,1
16.1399,0
16.1408,1
16.1408,0
16.1418,1
16.1418,0
16.1427,1
16.1427,0
16.1437,1
16.1437,0
16.1446,1
16.1446,0
16.1456,1
16.1456,0
16.1465,1
16.1465,0
16.1475,1
16.1475,0
16.1484,1
16.1484,0
16.1493,1
16.1493,0
16.1503,1
16.1503,0
16.1512,1
16.1512,0
16.1522,1
16.1522,0
16.1531,1
16.1531,0
16.1541,1
16.1541,0
16.155,1
16.155,0
16.1559,1
16.1559,0
16.1569,1
16.1569,0
16.1578,1
16.1578,0
16.1588,1
16.1588,0
16.1597,1
16.1597,0
16.1607,1
16.1607,0
16.1616,1
16.1616,0
16.1626,1
16.1626,0
16.1635,1
16.1635,0
16.1644,1
16.1644,0
16.1654,1
16.1654,0
16.1663,1
16.1663,0
16.1673,1
16.1673,0
16.1682,1
16.1682,0
16.1692,1
16.1692,0
16.1701,1
16.1701,0
16.1711,1
16.1711,0
16.172,1
16.172,0
16.1729,1
16.1729,0
16.1739,1
16.1739,0
16.1748,1
16.1748,0
16.1758,1
16.1758,0
16.1767,1
16.1767,0
16.1777,1
16.1777,0
16.1786,1
16.1786,0
16.1795,1
16.1795,0
16.1805,1
16.1805,0
16.1814,1
16.1814,0
16.1824,1
16.1824,0
16.1833,1
16.1833,0
16.1843,1
16.1843,0
16.1852,1
16.1852,0
16.1862,1
16.1862,0
16.1871,1
16.1871,0
16.188,1
16.188,0
16.189,1
16.189,0
16.1899,1
16.1899,0
16.1909,1
16.1909,0
16.1918,1
16.1918,0
16.1928,1
16.1928,0
16.1937,1
16.1937,0
16.1947,1
16.1947,0
16.1956,1
16.1956,0
16.1965,1
16.1965,0
16.1975,1
16.1975,0
16.1984,1
16.1984,0
16.1994,1
16.1994,0
16.2003,1
16.2003,0
16.2013,1
16.2013,0
16.2022,1
16.2022,0
16.2031,1
16.2031,0
16.2041,1
16.2041,0
16.205,1
16.205,0
16.206,1
16.206,0
16.2069,1
16.2069,0
16.2079,1
16.2079,0
16.2088,1
16.2088,0
16.2098,1
16.2098,0
16.2107,1
16.2107,0
16.2116,1
16.2116,0
16.2126,1
16.2126,0
16.2135,1
16.2135,0
16.2145,1
16.2145,0
16.2154,1
16.2154,0
16.2164,1
16.2164,0
16.2173,1
16.2173,0
16.2183,1
16.2183,0
16.2192,1
16.2192,0
16.2201,1
16.2201,0
16.2211,1
16.2211,0
16.222,1
16.222,0
16.223,1
16.223,0
16.2239,1
16.2239,0
16.2249,1
16.2249,0
16.2258,1
16.2258,0
16.2267,1
16.2267,0
16.2277,1
16.2277,0
16.2286,1
16.2286,0
16.2296,1
16.2296,0
16.2305,1
16.2305,0
16.2315,1
16.2315,0
16.2324,1
16.2324,0
16.2334,1
16.2334,0
16.2343,1
16.2343,0
16.2352,1
16.2352,0
16.2362,1
16.2362,0
16.2371,1
16.2371,0
16.2381,1
16.2381,0
16.239,1
16.239,0
16.24,1
16.24,0
16.2409,1
16.2409,0
16.2419,1
16.2419,0
16.2428,1
16.2428,0
16.2437,1
16.2437,0
16.2447,1
16.2447,0
16.2456,1
16.2456,0
16.2466,1
16.2466,0
16.2475,1
16.2475,0
16.2485,1
16.2485,0
16.2494,1
16.2494,0
16.2503,1
16.2503,0
16.2513,1
16.2513,0
16.2522,1
16.2522,0
16.2532,1
16.2532,0
16.2541,1
16.2541,0
16.2551,1
16.2551,0
16.256,1
16.256,0
16.257,1
16.257,0
16.2579,1
16.2579,0
16.2588,1
16.2588,0
16.2598,1
16.2598,0
16.2607,1
16.2607,0
16.2617,1
16.2617,0
16.2626,1
16.2626,0
16.2636,1
16.2636,0
16.2645,1
16.2645,0
16.2655,1
16.2655,0
16.2664,1
16.2664,0
16.2673,1
16.2673,0
16.2683,1
16.2683,0
16.2692,1
16.2692,0
16.2702,1
16.2702,0
16.2711,1
16.2711,0
16.2721,1
16.2721,0
16.273,1
16.273,0
16.2739,1
16.2739,0
16.2749,1
16.2749,0
16.2758,1
16.2758,0
16.2768,1
16.2768,0
16.2777,1
16.2777,0
16.2787,1
16.2787,0
16.2796,1
16.2796,0
16.2806,1
16.2806,0
16.2815,1
16.2815,0
16.2824,1
16.2824,0
16.2834,1
16.2834,0
16.2843,1
16.2843,0
16.2853,1
16.2853,0
16.2862,1
16.2862,0
16.2872,1
16.2872,0
16.2881,1
16.2881,0
16.2891,1
16.2891,0
16.29,1
16.29,0
16.2909,1
16.2909,0
16.2919,1
16.2919,0
16.2928,1
16.2928,0
16.2938,1
16.2938,0
16.2947,1
16.2947,0
16.2957,1
16.2957,0
16.2966,1
16.2966,0
16.2975,1
16.2975,0
16.2985,1
16.2985,0
16.2994,1
16.2994,0
16.3004,1
16.3004,0
16.3013,1
16.3013,0
16.3023,1
16.3023,0
16.3032,1
16.3032,0
16.3042,1
16.3042,0
16.3051,1
16.3051,0
16.306,1
16.306,0
16.307,1
16.307,0
16.3079,1
16.3079,0
16.3089,1
16.3089,0
16.3098,1
16.3098,0
16.3108,1
16.3108,0
16.3117,1
16.3117,0
16.3127,1
16.3127,0
16.3136,1
16.3136,0
16.3145,1
16.3145,0
16.3155,1
16.3155,0
16.3164,1
16.3164,0
16.3174,1
16.3174,0
16.3183,1
16.3183,0
16.3193,1
16.3193,0
16.3202,1
16.3202,0
16.3211,1
16.3211,0
16.3221,1
16.3221,0
16.323,1
16.323,0
16.324,1
16.324,0
16.3249,1
16.3249,0
16.3259,1
16.3259,0
16.3268,1
16.3268,0
16.3278,1
16.3278,0
16.3287,1
16.3287,0
16.3296,1
16.3296,0
16.3306,1
16.3306,0
16.3315,1
16.3315,0
16.3325,1
16.3325,0
16.3334,1
16.3334,0
16.3344,1
16.3344,0
16.3353,1
16.3353,0
16.3363,1
16.3363,0
16.3372,1
16.3372,0
16.3381,1
16.3381,0
16.3391,1
16.3391,0
16.34,1
16.34,0
16.341,1
16.341,0
16.3419,1
16.3419,0
16.3429,1
16.3429,0
16.3438,1
16.3438,0
16.3447,1
16.3447,0
16.3457,1
16.3457,0
16.3466,1
16.3466,0
16.3476,1
16.3476,0
16.3485,1
16.3485,0
16.3495,1
16.3495,0
16.3504,1
16.3504,0
16.3514,1
16.3514,0
16.3523,1
16.3523,0
16.3532,1
16.3532,0
16.3542,1
16.3542,0
16.3551,1
16.3551,0
16.3561,1
16.3561,0
16.357,1
16.357,0
16.358,1
16.358,0
16.3589,1
16.3589,0
16.3599,1
16.3599,0
16.3608,1
16.3608,0
16.3617,1
16.3617,0
16.3627,1
16.3627,0
16.3636,1
16.3636,0
16.3646,1
16.3646,0
16.3655,1
16.3655,0
16.3665,1
16.3665,0
16.3674,1
16.3674,0
16.3683,1
16.3683,0
16.3693,1
16.3693,0
16.3702,1
16.3702,0
16.3712,1
16.3712,0
16.3721,1
16.3721,0
16.3731,1
16.3731,0
16.374,1
16.374,0
16.375,1
16.375,0
16.3759,1
16.3759,0
16.3768,1
16.3768,0
16.3778,1
16.3778,0
16.3787,1
16.3787,0
16.3797,1
16.3797,0
16.3806,1
16.3806,0
16.3816,1
16.3816,0
16.3825,1
16.3825,0
16.3835,1
16.3835,0
16.3844,1
16.3844,0
16.3853,1
16.3853,0
16.3863,1
16.3863,0
16.3872,1
16.3872,0
16.3882,1
16.3882,0
16.3891,1
16.3891,0
16.3901,1
16.3901,0
16.391,1
16.391,0
16.3919,1
16.3919,0
16.3929,1
16.3929,0
16.3938,1
16.3938,0
16.3948,1
16.3948,0
16.3957,1
16.3957,0
16.3967,1
16.3967,0
16.3976,1
16.3976,0
16.3986,1
16.3986,0
16.3995,1
16.3995,0
16.4004,1
16.4004,0
16.4014,1
16.4014,0
16.4023,1
16.4023,0
16.4033,1
16.4033,0
16.4042,1
16.4042,0
16.4052,1
16.4052,0
16.4061,1
16.4061,0
16.4071,1
16.4071,0
16.408,1
16.408,0
16.4089,1
16.4089,0
16.4099,1
16.4099,0
16.4108,1
16.4108,0
16.4118,1
16.4118,0
16.4127,1
16.4127,0
16.4137,1
16.4137,0
16.4146,1
16.4146,0
16.4155,1
16.4155,0
16.4165,1
16.4165,0
16.4174,1
16.4174,0
16.4184,1
16.4184,0
16.4193,1
16.4193,0
16.4203,1
16.4203,0
16.4212,1
16.4212,0
16.4222,1
16.4222,0
16.4231,1
16.4231,0
16.424,1
16.424,0
16.425,1
16.425,0
16.4259,1
16.4259,0
16.4269,1
16.4269,0
16.4278,1
16.4278,0
16.4288,1
16.4288,0
16.4297,1
16.4297,0
16.4307,1
16.4307,0
16.4316,1
16.4316,0
16.4325,1
16.4325,0
16.4335,1
16.4335,0
16.4344,1
16.4344,0
16.4354,1
16.4354,0
16.4363,1
16.4363,0
16.4373,1
16.4373,0
16.4382,1
16.4382,0
16.4391,1
16.4391,0
16.4401,1
16.4401,0
16.441,1
16.441,0
16.442,1
16.442,0
16.4429,1
16.4429,0
16.4439,1
16.4439,0
16.4448,1
16.4448,0
16.4458,1
16.4458,0
16.4467,1
16.4467,0
16.4476,1
16.4476,0
16.4486,1
16.4486,0
16.4495,1
16.4495,0
16.4505,1
16.4505,0
16.4514,1
16.4514,0
16.4524,1
16.4524,0
16.4533,1
16.4533,0
16.4543,1
16.4543,0
16.4552,1
16.4552,0
16.4561,1
16.4561,0
16.4571,1
16.4571,0
16.458,1
16.458,0
16.459,1
16.459,0
16.4599,1
16.4599,0
16.4609,1
16.4609,0
16.4618,1
16.4618,0
16.4627,1
16.4627,0
16.4637,1
16.4637,0
16.4646,1
16.4646,0
16.4656,1
16.4656,0
16.4665,1
16.4665,0
16.4675,1
16.4675,0
16.4684,1
16.4684,0
16.4694,1
16.4694,0
16.4703,1
16.4703,0
16.4712,1
16.4712,0
16.4722,1
16.4722,0
16.4731,1
16.4731,0
16.4741,1
16.4741,0
16.475,1
16.475,0
16.476,1
16.476,0
16.4769,1
16.4769,0
16.4779,1
16.4779,0
16.4788,1
16.4788,0
16.4797,1
16.4797,0
16.4807,1
16.4807,0
16.4816,1
16.4816,0
16.4826,1
16.4826,0
16.4835,1
16.4835,0
16.4845,1
16.4845,0
16.4854,1
16.4854,0
16.4863,1
16.4863,0
16.4873,1
16.4873,0
16.4882,1
16.4882,0
16.4892,1
16.4892,0
16.4901,1
16.4901,0
16.4911,1
16.4911,0
16.492,1
16.492,0
16.493,1
16.493,0
16.4939,1
16.4939,0
16.4948,1
16.4948,0
16.4958,1
16.4958,0
16.4967,1
16.4967,0
16.4977,1
16.4977,0
16.4986,1
16.4986,0
16.4996,1
16.4996,0
16.5005,1
16.5005,0
16.5015,1
16.5015,0
16.5024,1
16.5024,0
16.5033,1
16.5033,0
16.5043,1
16.5043,0
16.5052,1
16.5052,0
16.5062,1
16.5062,0
16.5071,1
16.5071,0
16.5081,1
16.5081,0
16.509,1
16.509,0
16.5099,1
16.5099,0
16.5109,1
16.5109,0
16.5118,1
16.5118,0
16.5128,1
16.5128,0
16.5137,1
16.5137,0
16.5147,1
16.5147,0
16.5156,1
16.5156,0
16.5166,1
16.5166,0
16.5175,1
16.5175,0
16.5184,1
16.5184,0
16.5194,1
16.5194,0
16.5203,1
16.5203,0
16.5213,1
16.5213,0
16.5222,1
16.5222,0
16.5232,1
16.5232,0
16.5241,1
16.5241,0
16.5251,1
16.5251,0
16.526,1
16.526,0
16.5269,1
16.5269,0
16.5279,1
16.5279,0
16.5288,1
16.5288,0
16.5298,1
16.5298,0
16.5307,1
16.5307,0
16.5317,1
16.5317,0
16.5326,1
16.5326,0
16.5335,1
16.5335,0
16.5345,1
16.5345,0
16.5354,1
16.5354,0
16.5364,1
16.5364,0
16.5373,1
16.5373,0
16.5383,1
16.5383,0
16.5392,1
16.5392,0
16.5402,1
16.5402,0
16.5411,1
16.5411,0
16.542,1
16.542,0
16.543,1
16.543,0
16.5439,1
16.5439,0
16.5449,1
16.5449,0
16.5458,1
16.5458,0
16.5468,1
16.5468,0
16.5477,1
16.5477,0
16.5487,1
16.5487,0
16.5496,1
16.5496,0
16.5505,1
16.5505,0
16.5515,1
16.5515,0
16.5524,1
16.5524,0
16.5534,1
16.5534,0
16.5543,1
16.5543,0
16.5553,1
16.5553,0
16.5562,1
16.5562,0
16.5571,1
16.5571,0
16.5581,1
16.5581,0
16.559,1
16.559,0
16.56,1
16.56,0
16.5609,1
16.5609,0
16.5619,1
16.5619,0
16.5628,1
16.5628,0
16.5638,1
16.5638,0
16.5647,1
16.5647,0
16.5656,1
16.5656,0
16.5666,1
16.5666,0
16.5675,1
16.5675,0
16.5685,1
16.5685,0
16.5694,1
16.5694,0
16.5704,1
16.5704,0
16.5713,1
16.5713,0
16.5723,1
16.5723,0
16.5732,1
16.5732,0
16.5741,1
16.5741,0
16.5751,1
16.5751,0
16.576,1
16.576,0
16.577,1
16.577,0
16.5779,1
16.5779,0
16.5789,1
16.5789,0
16.5798,1
16.5798,0
16.5807,1
16.5807,0
16.5817,1
16.5817,0
16.5826,1
16.5826,0
16.5836,1
16.5836,0
16.5845,1
16.5845,0
16.5855,1
16.5855,0
16.5864,1
16.5864,0
16.5874,1
16.5874,0
16.5883,1
16.5883,0
16.5892,1
16.5892,0
16.5902,1
16.5902,0
16.5911,1
16.5911,0
16.5921,1
16.5921,0
16.593,1
16.593,0
16.594,1
16.594,0
16.5949,1
16.5949,0
16.5959,1
16.5959,0
16.5968,1
16.5968,0
16.5977,1
16.5977,0
16.5987,1
16.5987,0
16.5996,1
16.5996,0
16.6006,1
16.6006,0
16.6015,1
16.6015,0
16.6025,1
16.6025,0
16.6034,1
16.6034,0
16.6043,1
16.6043,0
16.6053,1
16.6053,0
16.6062,1
16.6062,0
16.6072,1
16.6072,0
16.6081,1
16.6081,0
16.6091,1
16.6091,0
16.61,1
16.61,0
16.611,1
16.611,0
16.6119,1
16.6119,0
16.6128,1
16.6128,0
16.6138,1
16.6138,0
16.6147,1
16.6147,0
16.6157,1
16.6157,0
16.6166,1
16.6166,0
16.6176,1
16.6176,0
16.6185,1
16.6185,0
16.6195,1
16.6195,0
16.6204,1
16.6204,0
16.6213,1
16.6213,0
16.6223,1
16.6223,0
16.6232,1
16.6232,0
16.6242,1
16.6242,0
16.6251,1
16.6251,0
16.6261,1
16.6261,0
16.627,1
16.627,0
16.6279,1
16.6279,0
16.6289,1
16.6289,0
16.6298,1
16.6298,0
16.6308,1
16.6308,0
16.6317,1
16.6317,0
16.6327,1
16.6327,0
16.6336,1
16.6336,0
16.6346,1
16.6346,0
16.6355,1
16.6355,0
16.6364,1
16.6364,0
16.6374,1
16.6374,0
16.6383,1
16.6383,0
16.6393,1
16.6393,0
16.6402,1
16.6402,0
16.6412,1
16.6412,0
16.6421,1
16.6421,0
16.6431,1
16.6431,0
16.644,1
16.644,0
16.6449,1
16.6449,0
16.6459,1
16.6459,0
16.6468,1
16.6468,0
16.6478,1
16.6478,0
16.6487,1
16.6487,0
16.6497,1
16.6497,0
16.6506,1
16.6506,0
16.6515,1
16.6515,0
16.6525,1
16.6525,0
16.6534,1
16.6534,0
16.6544,1
16.6544,0
16.6553,1
16.6553,0
16.6563,1
16.6563,0
16.6572,1
16.6572,0
16.6582,1
16.6582,0
16.6591,1
16.6591,0
16.66,1
16.66,0
16.661,1
16.661,0
16.6619,1
16.6619,0
16.6629,1
16.6629,0
16.6638,1
16.6638,0
16.6648,1
16.6648,0
16.6657,1
16.6657,0
16.6667,1
16.6667,0
16.6676,1
16.6676,0
16.6685,1
16.6685,0
16.6695,1
16.6695,0
16.6704,1
16.6704,0
16.6714,1
16.6714,0
16.6723,1
16.6723,0
16.6733,1
16.6733,0
16.6742,1
16.6742,0
16.6751,1
16.6751,0
16.6761,1
16.6761,0
16.677,1
16.677,0
16.678,1
16.678,0
16.6789,1
16.6789,0
16.6799,1
16.6799,0
16.6808,1
16.6808,0
16.6818,1
16.6818,0
16.6827,1
16.6827,0
16.6836,1
16.6836,0
16.6846,1
16.6846,0
16.6855,1
16.6855,0
16.6865,1
16.6865,0
16.6874,1
16.6874,0
16.6884,1
16.6884,0
16.6893,1
16.6893,0
16.6903,1
16.6903,0
16.6912,1
16.6912,0
16.6921,1
16.6921,0
16.6931,1
16.6931,0
16.694,1
16.694,0
16.695,1
16.695,0
16.6959,1
16.6959,0
16.6969,1
16.6969,0
16.6978,1
16.6978,0
16.6987,1
16.6987,0
16.6997,1
16.6997,0
16.7006,1
16.7006,0
16.7016,1
16.7016,0
16.7025,1
16.7025,0
16.7035,1
16.7035,0
16.7044,1
16.7044,0
16.7054,1
16.7054,0
16.7063,1
16.7063,0
16.7072,1
16.7072,0
16.7082,1
16.7082,0
16.7091,1
16.7091,0
16.7101,1
16.7101,0
16.711,1
16.711,0
16.712,1
16.712,0
16.7129,1
16.7129,0
16.7139,1
16.7139,0
16.7148,1
16.7148,0
16.7157,1
16.7157,0
16.7167,1
16.7167,0
16.7176,1
16.7176,0
16.7186,1
16.7186,0
16.7195,1
16.7195,0
16.7205,1
16.7205,0
16.7214,1
16.7214,0
16.7223,1
16.7223,0
16.7233,1
16.7233,0
16.7242,1
16.7242,0
16.7252,1
16.7252,0
16.7261,1
16.7261,0
16.7271,1
16.7271,0
16.728,1
16.728,0
16.729,1
16.729,0
16.7299,1
16.7299,0
16.7308,1
16.7308,0
16.7318,1
16.7318,0
16.7327,1
16.7327,0
16.7337,1
16.7337,0
16.7346,1
16.7346,0
16.7356,1
16.7356,0
16.7365,1
16.7365,0
16.7375,1
16.7375,0
16.7384,1
16.7384,0
16.7393,1
16.7393,0
16.7403,1
16.7403,0
16.7412,1
16.7412,0
16.7422,1
16.7422,0
16.7431,1
16.7431,0
16.7441,1
16.7441,0
16.745,1
16.745,0
16.7459,1
16.7459,0
16.7469,1
16.7469,0
16.7478,1
16.7478,0
16.7488,1
16.7488,0
16.7497,1
16.7497,0
16.7507,1
16.7507,0
16.7516,1
16.7516,0
16.7526,1
16.7526,0
16.7535,1
16.7535,0
16.7544,1
16.7544,0
16.7554,1
16.7554,0
16.7563,1
16.7563,0
16.7573,1
16.7573,0
16.7582,1
16.7582,0
16.7592,1
16.7592,0
16.7601,1
16.7601,0
16.7611,1
16.7611,0
16.762,1
16.762,0
16.7629,1
16.7629,0
16.7639,1
16.7639,0
16.7648,1
16.7648,0
16.7658,1
16.7658,0
16.7667,1
16.7667,0
16.7677,1
16.7677,0
16.7686,1
16.7686,0
16.7695,1
16.7695,0
16.7705,1
16.7705,0
16.7714,1
16.7714,0
16.7724,1
16.7724,0
16.7733,1
16.7733,0
16.7743,1
16.7743,0
16.7752,1
16.7752,0
16.7762,1
16.7762,0
16.7771,1
16.7771,0
16.778,1
16.778,0
16.779,1
16.779,0
16.7799,1
16.7799,0
16.7809,1
16.7809,0
16.7818,1
16.7818,0
16.7828,1
16.7828,0
16.7837,1
16.7837,0
16.7847,1
16.7847,0
16.7856,1
16.7856,0
16.7865,1
16.7865,0
16.7875,1
16.7875,0
16.7884,1
16.7884,0
16.7894,1
16.7894,0
16.7903,1
16.7903,0
16.7913,1
16.7913,0
16.7922,1
16.7922,0
16.7931,1
16.7931,0
16.7941,1
16.7941,0
16.795,1
16.795,0
16.796,1
16.796,0
16.7969,1
16.7969,0
16.7979,1
16.7979,0
16.7988,1
16.7988,0
16.7998,1
16.7998,0
16.8007,1
16.8007,0
16.8016,1
16.8016,0
16.8026,1
16.8026,0
16.8035,1
16.8035,0
16.8045,1
16.8045,0
16.8054,1
16.8054,0
16.8064,1
16.8064,0
16.8073,1
16.8073,0
16.8083,1
16.8083,0
16.8092,1
16.8092,0
16.8101,1
16.8101,0
16.8111,1
16.8111,0
16.812,1
16.812,0
16.813,1
16.813,0
16.8139,1
16.8139,0
16.8149,1
16.8149,0
16.8158,1
16.8158,0
16.8167,1
16.8167,0
16.8177,1
16.8177,0
16.8186,1
16.8186,0
16.8196,1
16.8196,0
16.8205,1
16.8205,0
16.8215,1
16.8215,0
16.8224,1
16.8224,0
16.8234,1
16.8234,0
16.8243,1
16.8243,0
16.8252,1
16.8252,0
16.8262,1
16.8262,0
16.8271,1
16.8271,0
16.8281,1
16.8281,0
16.829,1
16.829,0
16.83,1
16.83,0
16.8309,1
16.8309,0
16.8319,1
16.8319,0
16.8328,1
16.8328,0
16.8337,1
16.8337,0
16.8347,1
16.8347,0
16.8356,1
16.8356,0
16.8366,1
16.8366,0
16.8375,1
16.8375,0
16.8385,1
16.8385,0
16.8394,1
16.8394,0
16.8403,1
16.8403,0
16.8413,1
16.8413,0
16.8422,1
16.8422,0
16.8432,1
16.8432,0
16.8441,1
16.8441,0
16.8451,1
16.8451,0
16.846,1
16.846,0
16.847,1
16.847,0
16.8479,1
16.8479,0
16.8488,1
16.8488,0
16.8498,1
16.8498,0
16.8507,1
16.8507,0
16.8517,1
16.8517,0
16.8526,1
16.8526,0
16.8536,1
16.8536,0
16.8545,1
16.8545,0
16.8555,1
16.8555,0
16.8564,1
16.8564,0
16.8573,1
16.8573,0
16.8583,1
16.8583,0
16.8592,1
16.8592,0
16.8602,1
16.8602,0
16.8611,1
16.8611,0
16.8621,1
16.8621,0
16.863,1
16.863,0
16.8639,1
16.8639,0
16.8649,1
16.8649,0
16.8658,1
16.8658,0
16.8668,1
16.8668,0
16.8677,1
16.8677,0
16.8687,1
16.8687,0
16.8696,1
16.8696,0
16.8706,1
16.8706,0
16.8715,1
16.8715,0
16.8724,1
16.8724,0
16.8734,1
16.8734,0
16.8743,1
16.8743,0
16.8753,1
16.8753,0
16.8762,1
16.8762,0
16.8772,1
16.8772,0
16.8781,1
16.8781,0
16.8791,1
16.8791,0
16.88,1
16.88,0
16.8809,1
16.8809,0
16.8819,1
16.8819,0
16.8828,1
16.8828,0
16.8838,1
16.8838,0
16.8847,1
16.8847,0
16.8857,1
16.8857,0
16.8866,1
16.8866,0
16.8875,1
16.8875,0
16.8885,1
16.8885,0
16.8894,1
16.8894,0
16.8904,1
16.8904,0
16.8913,1
16.8913,0
16.8923,1
16.8923,0
16.8932,1
16.8932,0
16.8942,1
16.8942,0
16.8951,1
16.8951,0
16.896,1
16.896,0
16.897,1
16.897,0
16.8979,1
16.8979,0
16.8989,1
16.8989,0
16.8998,1
16.8998,0
16.9008,1
16.9008,0
16.9017,1
16.9017,0
16.9027,1
16.9027,0
16.9036,1
16.9036,0
16.9045,1
16.9045,0
16.9055,1
16.9055,0
16.9064,1
16.9064,0
16.9074,1
16.9074,0
16.9083,1
16.9083,0
16.9093,1
16.9093,0
16.9102,1
16.9102,0
16.9111,1
16.9111,0
16.9121,1
16.9121,0
16.913,1
16.913,0
16.914,1
16.914,0
16.9149,1
16.9149,0
16.9159,1
16.9159,0
16.9168,1
16.9168,0
16.9178,1
16.9178,0
16.9187,1
16.9187,0
16.9196,1
16.9196,0
16.9206,1
16.9206,0
16.9215,1
16.9215,0
16.9225,1
16.9225,0
16.9234,1
16.9234,0
16.9244,1
16.9244,0
16.9253,1
16.9253,0
16.9263,1
16.9263,0
16.9272,1
16.9272,0
16.9281,1
16.9281,0
16.9291,1
16.9291,0
16.93,1
16.93,0
16.931,1
16.931,0
16.9319,1
16.9319,0
16.9329,1
16.9329,0
16.9338,1
16.9338,0
16.9347,1
16.9347,0
16.9357,1
16.9357,0
16.9366,1
16.9366,0
16.9376,1
16.9376,0
16.9385,1
16.9385,0
16.9395,1
16.9395,0
16.9404,1
16.9404,0
16.9414,1
16.9414,0
16.9423,1
16.9423,0
16.9432,1
16.9432,0
16.9442,1
16.9442,0
16.9451,1
16.9451,0
16.9461,1
16.9461,0
16.947,1
16.947,0
16.948,1
16.948,0
16.9489,1
16.9489,0
16.9499,1
16.9499,0
16.9508,1
16.9508,0
16.9517,1
16.9517,0
16.9527,1
16.9527,0
16.9536,1
16.9536,0
16.9546,1
16.9546,0
16.9555,1
16.9555,0
16.9565,1
16.9565,0
16.9574,1
16.9574,0
16.9583,1
16.9583,0
16.9593,1
16.9593,0
16.9602,1
16.9602,0
16.9612,1
16.9612,0
16.9621,1
16.9621,0
16.9631,1
16.9631,0
16.964,1
16.964,0
16.965,1
16.965,0
16.9659,1
16.9659,0
16.9668,1
16.9668,0
16.9678,1
16.9678,0
16.9687,1
16.9687,0
16.9697,1
16.9697,0
16.9706,1
16.9706,0
16.9716,1
16.9716,0
16.9725,1
16.9725,0
16.9735,1
16.9735,0
16.9744,1
16.9744,0
16.9753,1
16.9753,0
16.9763,1
16.9763,0
16.9772,1
16.9772,0
16.9782,1
16.9782,0
16.9791,1
16.9791,0
16.9801,1
16.9801,0
16.981,1
16.981,0
16.9819,1
16.9819,0
16.9829,1
16.9829,0
16.9838,1
16.9838,0
16.9848,1
16.9848,0
16.9857,1
16.9857,0
16.9867,1
16.9867,0
16.9876,1
16.9876,0
16.9886,1
16.9886,0
16.9895,1
16.9895,0
16.9904,1
16.9904,0
16.9914,1
16.9914,0
16.9923,1
16.9923,0
16.9933,1
16.9933,0
16.9942,1
16.9942,0
16.9952,1
16.9952,0
16.9961,1
16.9961,0
16.9971,1
16.9971,0
16.998,1
16.998,0
16.9989,1
16.9989,0
16.9999,1
16.9999,0
17.0008,1
17.0008,0
17.0018,1
17.0018,0
17.0027,1
17.0027,0
17.0037,1
17.0037,0
17.0046,1
17.0046,0
17.0055,1
17.0055,0
17.0065,1
17.0065,0
17.0074,1
17.0074,0
17.0084,1
17.0084,0
17.0093,1
17.0093,0
17.0103,1
17.0103,0
17.0112,1
17.0112,0
17.0122,1
17.0122,0
17.0131,1
17.0131,0
17.014,1
17.014,0
17.015,1
17.015,0
17.0159,1
17.0159,0
17.0169,1
17.0169,0
17.0178,1
17.0178,0
17.0188,1
17.0188,0
17.0197,1
17.0197,0
17.0207,1
17.0207,0
17.0216,1
17.0216,0
17.0225,1
17.0225,0
17.0235,1
17.0235,0
17.0244,1
17.0244,0
17.0254,1
17.0254,0
17.0263,1
17.0263,0
17.0273,1
17.0273,0
17.0282,1
17.0282,0
17.0291,1
17.0291,0
17.0301,1
17.0301,0
17.031,1
17.031,0
17.032,1
17.032,0
17.0329,1
17.0329,0
17.0339,1
17.0339,0
17.0348,1
17.0348,0
17.0358,1
17.0358,0
17.0367,1
17.0367,0
17.0376,1
17.0376,0
17.0386,1
17.0386,0
17.0395,1
17.0395,0
17.0405,1
17.0405,0
17.0414,1
17.0414,0
17.0424,1
17.0424,0
17.0433,1
17.0433,0
17.0443,1
17.0443,0
17.0452,1
17.0452,0
17.0461,1
17.0461,0
17.0471,1
17.0471,0
17.048,1
17.048,0
17.049,1
17.049,0
17.0499,1
17.0499,0
17.0509,1
17.0509,0
17.0518,1
17.0518,0
17.0527,1
17.0527,0
17.0537,1
17.0537,0
17.0546,1
17.0546,0
17.0556,1
17.0556,0
17.0565,1
17.0565,0
17.0575,1
17.0575,0
17.0584,1
17.0584,0
17.0594,1
17.0594,0
17.0603,1
17.0603,0
17.0612,1
17.0612,0
17.0622,1
17.0622,0
17.0631,1
17.0631,0
17.0641,1
17.0641,0
17.065,1
17.065,0
17.066,1
17.066,0
17.0669,1
17.0669,0
17.0679,1
17.0679,0
17.0688,1
17.0688,0
17.0697,1
17.0697,0
17.0707,1
17.0707,0
17.0716,1
17.0716,0
17.0726,1
17.0726,0
17.0735,1
17.0735,0
17.0745,1
17.0745,0
17.0754,1
17.0754,0
17.0763,1
17.0763,0
17.0773,1
17.0773,0
17.0782,1
17.0782,0
17.0792,1
17.0792,0
17.0801,1
17.0801,0
17.0811,1
17.0811,0
17.082,1
17.082,0
17.083,1
17.083,0
17.0839,1
17.0839,0
17.0848,1
17.0848,0
17.0858,1
17.0858,0
17.0867,1
17.0867,0
17.0877,1
17.0877,0
17.0886,1
17.0886,0
17.0896,1
17.0896,0
17.0905,1
17.0905,0
17.0915,1
17.0915,0
17.0924,1
17.0924,0
17.0933,1
17.0933,0
17.0943,1
17.0943,0
17.0952,1
17.0952,0
17.0962,1
17.0962,0
17.0971,1
17.0971,0
17.0981,1
17.0981,0
17.099,1
17.099,0
17.0999,1
17.0999,0
17.1009,1
17.1009,0
17.1018,1
17.1018,0
17.1028,1
17.1028,0
17.1037,1
17.1037,0
17.1047,1
17.1047,0
17.1056,1
17.1056,0
17.1066,1
17.1066,0
17.1075,1
17.1075,0
17.1084,1
17.1084,0
17.1094,1
17.1094,0
17.1103,1
17.1103,0
17.1113,1
17.1113,0
17.1122,1
17.1122,0
17.1132,1
17.1132,0
17.1141,1
17.1141,0
17.1151,1
17.1151,0
17.116,1
17.116,0
17.1169,1
17.1169,0
17.1179,1
17.1179,0
17.1188,1
17.1188,0
17.1198,1
17.1198,0
17.1207,1
17.1207,0
17.1217,1
17.1217,0
17.1226,1
17.1226,0
17.1235,1
17.1235,0
17.1245,1
17.1245,0
17.1254,1
17.1254,0
17.1264,1
17.1264,0
17.1273,1
17.1273,0
17.1283,1
17.1283,0
17.1292,1
17.1292,0
17.1302,1
17.1302,0
17.1311,1
17.1311,0
17.132,1
17.132,0
17.133,1
17.133,0
17.1339,1
17.1339,0
17.1349,1
17.1349,0
17.1358,1
17.1358,0
17.1368,1
17.1368,0
17.1377,1
17.1377,0
17.1387,1
17.1387,0
17.1396,1
17.1396,0
17.1405,1
17.1405,0
17.1415,1
17.1415,0
17.1424,1
17.1424,0
17.1434,1
17.1434,0
17.1443,1
17.1443,0
17.1453,1
17.1453,0
17.1462,1
17.1462,0
17.1471,1
17.1471,0
17.1481,1
17.1481,0
17.149,1
17.149,0
17.15,1
17.15,0
17.1509,1
17.1509,0
17.1519,1
17.1519,0
17.1528,1
17.1528,0
17.1538,1
17.1538,0
17.1547,1
17.1547,0
17.1556,1
17.1556,0
17.1566,1
17.1566,0
17.1575,1
17.1575,0
17.1585,1
17.1585,0
17.1594,1
17.1594,0
17.1604,1
17.1604,0
17.1613,1
17.1613,0
17.1623,1
17.1623,0
17.1632,1
17.1632,0
17.1641,1
17.1641,0
17.1651,1
17.1651,0
17.166,1
17.166,0
17.167,1
17.167,0
17.1679,1
17.1679,0
17.1689,1
17.1689,0
17.1698,1
17.1698,0
17.1707,1
17.1707,0
17.1717,1
17.1717,0
17.1726,1
17.1726,0
17.1736,1
17.1736,0
17.1745,1
17.1745,0
17.1755,1
17.1755,0
17.1764,1
17.1764,0
17.1774,1
17.1774,0
17.1783,1
17.1783,0
17.1792,1
17.1792,0
17.1802,1
17.1802,0
17.1811,1
17.1811,0
17.1821,1
17.1821,0
17.183,1
17.183,0
17.184,1
17.184,0
17.1849,1
17.1849,0
17.1859,1
17.1859,0
17.1868,1
17.1868,0
17.1877,1
17.1877,0
17.1887,1
17.1887,0
17.1896,1
17.1896,0
17.1906,1
17.1906,0
17.1915,1
17.1915,0
17.1925,1
17.1925,0
17.1934,1
17.1934,0
17.1943,1
17.1943,0
17.1953,1
17.1953,0
17.1962,1
17.1962,0
17.1972,1
17.1972,0
17.1981,1
17.1981,0
17.1991,1
17.1991,0
17.2,1
17.2,0
17.201,1
17.201,0
17.2019,1
17.2019,0
17.2028,1
17.2028,0
17.2038,1
17.2038,0
17.2047,1
17.2047,0
17.2057,1
17.2057,0
17.2066,1
17.2066,0
17.2076,1
17.2076,0
17.2085,1
17.2085,0
17.2095,1
17.2095,0
17.2104,1
17.2104,0
17.2113,1
17.2113,0
17.2123,1
17.2123,0
17.2132,1
17.2132,0
17.2142,1
17.2142,0
17.2151,1
17.2151,0
17.2161,1
17.2161,0
17.217,1
17.217,0
17.2179,1
17.2179,0
17.2189,1
17.2189,0
17.2198,1
17.2198,0
17.2208,1
17.2208,0
17.2217,1
17.2217,0
17.2227,1
17.2227,0
17.2236,1
17.2236,0
17.2246,1
17.2246,0
17.2255,1
17.2255,0
17.2264,1
17.2264,0
17.2274,1
17.2274,0
17.2283,1
17.2283,0
17.2293,1
17.2293,0
17.2302,1
17.2302,0
17.2312,1
17.2312,0
17.2321,1
17.2321,0
17.2331,1
17.2331,0
17.234,1
17.234,0
17.2349,1
17.2349,0
17.2359,1
17.2359,0
17.2368,1
17.2368,0
17.2378,1
17.2378,0
17.2387,1
17.2387,0
17.2397,1
17.2397,0
17.2406,1
17.2406,0
17.2415,1
17.2415,0
17.2425,1
17.2425,0
17.2434,1
17.2434,0
17.2444,1
17.2444,0
17.2453,1
17.2453,0
17.2463,1
17.2463,0
17.2472,1
17.2472,0
17.2482,1
17.2482,0
17.2491,1
17.2491,0
17.25,1
17.25,0
17.251,1
17.251,0
17.2519,1
17.2519,0
17.2529,1
17.2529,0
17.2538,1
17.2538,0
17.2548,1
17.2548,0
17.2557,1
17.2557,0
17.2567,1
17.2567,0
17.2576,1
17.2576,0
17.2585,1
17.2585,0
17.2595,1
17.2595,0
17.2604,1
17.2604,0
17.2614,1
17.2614,0
17.2623,1
17.2623,0
17.2633,1
17.2633,0
17.2642,1
17.2642,0
17.2651,1
17.2651,0
17.2661,1
17.2661,0
17.267,1
17.267,0
17.268,1
17.268,0
17.2689,1
17.2689,0
17.2699,1
17.2699,0
17.2708,1
17.2708,0
17.2718,1
17.2718,0
17.2727,1
17.2727,0
17.2736,1
17.2736,0
17.2746,1
17.2746,0
17.2755,1
17.2755,0
17.2765,1
17.2765,0
17.2774,1
17.2774,0
17.2784,1
17.2784,0
17.2793,1
17.2793,0
17.2803,1
17.2803,0
17.2812,1
17.2812,0
17.2821,1
17.2821,0
17.2831,1
17.2831,0
17.284,1
17.284,0
17.285,1
17.285,0
17.2859,1
17.2859,0
17.2869,1
17.2869,0
17.2878,1
17.2878,0
17.2887,1
17.2887,0
17.2897,1
17.2897,0
17.2906,1
17.2906,0
17.2916,1
17.2916,0
17.2925,1
17.2925,0
17.2935,1
17.2935,0
17.2944,1
17.2944,0
17.2954,1
17.2954,0
17.2963,1
17.2963,0
17.2972,1
17.2972,0
17.2982,1
17.2982,0
17.2991,1
17.2991,0
17.3001,1
17.3001,0
17.301,1
17.301,0
17.302,1
17.302,0
17.3029,1
17.3029,0
17.3039,1
17.3039,0
17.3048,1
17.3048,0
17.3057,1
17.3057,0
17.3067,1
17.3067,0
17.3076,1
17.3076,0
17.3086,1
17.3086,0
17.3095,1
17.3095,0
17.3105,1
17.3105,0
17.3114,1
17.3114,0
17.3123,1
17.3123,0
17.3133,1
17.3133,0
17.3142,1
17.3142,0
17.3152,1
17.3152,0
17.3161,1
17.3161,0
17.3171,1
17.3171,0
17.318,1
17.318,0
17.319,1
17.319,0
17.3199,1
17.3199,0
17.3208,1
17.3208,0
17.3218,1
17.3218,0
17.3227,1
17.3227,0
17.3237,1
17.3237,0
17.3246,1
17.3246,0
17.3256,1
17.3256,0
17.3265,1
17.3265,0
17.3275,1
17.3275,0
17.3284,1
17.3284,0
17.3293,1
17.3293,0
17.3303,1
17.3303,0
17.3312,1
17.3312,0
17.3322,1
17.3322,0
17.3331,1
17.3331,0
17.3341,1
17.3341,0
17.335,1
17.335,0
17.3359,1
17.3359,0
17.3369,1
17.3369,0
17.3378,1
17.3378,0
17.3388,1
17.3388,0
17.3397,1
17.3397,0
17.3407,1
17.3407,0
17.3416,1
17.3416,0
17.3426,1
17.3426,0
17.3435,1
17.3435,0
17.3444,1
17.3444,0
17.3454,1
17.3454,0
17.3463,1
17.3463,0
17.3473,1
17.3473,0
17.3482,1
17.3482,0
17.3492,1
17.3492,0
17.3501,1
17.3501,0
17.3511,1
17.3511,0
17.352,1
17.352,0
17.3529,1
17.3529,0
17.3539,1
17.3539,0
17.3548,1
17.3548,0
17.3558,1
17.3558,0
17.3567,1
17.3567,0
17.3577,1
17.3577,0
17.3586,1
17.3586,0
17.3595,1
17.3595,0
17.3605,1
17.3605,0
17.3614,1
17.3614,0
17.3624,1
17.3624,0
17.3633,1
17.3633,0
17.3643,1
17.3643,0
17.3652,1
17.3652,0
17.3662,1
17.3662,0
17.3671,1
17.3671,0
17.368,1
17.368,0
17.369,1
17.369,0
17.3699,1
17.3699,0
17.3709,1
17.3709,0
17.3718,1
17.3718,0
17.3728,1
17.3728,0
17.3737,1
17.3737,0
17.3747,1
17.3747,0
17.3756,1
17.3756,0
17.3765,1
17.3765,0
17.3775,1
17.3775,0
17.3784,1
17.3784,0
17.3794,1
17.3794,0
17.3803,1
17.3803,0
17.3813,1
17.3813,0
17.3822,1
17.3822,0
17.3831,1
17.3831,0
17.3841,1
17.3841,0
17.385,1
17.385,0
17.386,1
17.386,0
17.3869,1
17.3869,0
17.3879,1
17.3879,0
17.3888,1
17.3888,0
17.3898,1
17.3898,0
17.3907,1
17.3907,0
17.3916,1
17.3916,0
17.3926,1
17.3926,0
17.3935,1
17.3935,0
17.3945,1
17.3945,0
17.3954,1
17.3954,0
17.3964,1
17.3964,0
17.3973,1
17.3973,0
17.3983,1
17.3983,0
17.3992,1
17.3992,0
17.4001,1
17.4001,0
17.4011,1
17.4011,0
17.402,1
17.402,0
17.403,1
17.403,0
17.4039,1
17.4039,0
17.4049,1
17.4049,0
17.4058,1
17.4058,0
17.4067,1
17.4067,0
17.4077,1
17.4077,0
17.4086,1
17.4086,0
17.4096,1
17.4096,0
17.4105,1
17.4105,0
17.4115,1
17.4115,0
17.4124,1
17.4124,0
17.4134,1
17.4134,0
17.4143,1
17.4143,0
17.4152,1
17.4152,0
17.4162,1
17.4162,0
17.4171,1
17.4171,0
17.4181,1
17.4181,0
17.419,1
17.419,0
17.42,1
17.42,0
17.4209,1
17.4209,0
17.4219,1
17.4219,0
17.4228,1
17.4228,0
17.4237,1
17.4237,0
17.4247,1
17.4247,0
17.4256,1
17.4256,0
17.4266,1
17.4266,0
17.4275,1
17.4275,0
17.4285,1
17.4285,0
17.4294,1
17.4294,0
17.4303,1
17.4303,0
17.4313,1
17.4313,0
17.4322,1
17.4322,0
17.4332,1
17.4332,0
17.4341,1
17.4341,0
17.4351,1
17.4351,0
17.436,1
17.436,0
17.437,1
17.437,0
17.4379,1
17.4379,0
17.4388,1
17.4388,0
17.4398,1
17.4398,0
17.4407,1
17.4407,0
17.4417,1
17.4417,0
17.4426,1
17.4426,0
17.4436,1
17.4436,0
17.4445,1
17.4445,0
17.4455,1
17.4455,0
17.4464,1
17.4464,0
17.4473,1
17.4473,0
17.4483,1
17.4483,0
17.4492,1
17.4492,0
17.4502,1
17.4502,0
17.4511,1
17.4511,0
17.4521,1
17.4521,0
17.453,1
17.453,0
17.4539,1
17.4539,0
17.4549,1
17.4549,0
17.4558,1
17.4558,0
17.4568,1
17.4568,0
17.4577,1
17.4577,0
17.4587,1
17.4587,0
17.4596,1
17.4596,0
17.4606,1
17.4606,0
17.4615,1
17.4615,0
17.4624,1
17.4624,0
17.4634,1
17.4634,0
17.4643,1
17.4643,0
17.4653,1
17.4653,0
17.4662,1
17.4662,0
17.4672,1
17.4672,0
17.4681,1
17.4681,0
17.4691,1
17.4691,0
17.47,1
17.47,0
17.4709,1
17.4709,0
17.4719,1
17.4719,0
17.4728,1
17.4728,0
17.4738,1
17.4738,0
17.4747,1
17.4747,0
17.4757,1
17.4757,0
17.4766,1
17.4766,0
17.4775,1
17.4775,0
17.4785,1
17.4785,0
17.4794,1
17.4794,0
17.4804,1
17.4804,0
17.4813,1
17.4813,0
17.4823,1
17.4823,0
17.4832,1
17.4832,0
17.4842,1
17.4842,0
17.4851,1
17.4851,0
17.486,1
17.486,0
17.487,1
17.487,0
17.4879,1
17.4879,0
17.4889,1
17.4889,0
17.4898,1
17.4898,0
17.4908,1
17.4908,0
17.4917,1
17.4917,0
17.4927,1
17.4927,0
17.4936,1
17.4936,0
17.4945,1
17.4945,0
17.4955,1
17.4955,0
17.4964,1
17.4964,0
17.4974,1
17.4974,0
17.4983,1
17.4983,0
17.4993,1
17.4993,0
17.5002,1
17.5002,0
17.5011,1
17.5011,0
17.5021,1
17.5021,0
17.503,1
17.503,0
17.504,1
17.504,0
17.5049,1
17.5049,0
17.5059,1
17.5059,0
17.5068,1
17.5068,0
17.5078,1
17.5078,0
17.5087,1
17.5087,0
17.5096,1
17.5096,0
17.5106,1
17.5106,0
17.5115,1
17.5115,0
17.5125,1
17.5125,0
17.5134,1
17.5134,0
17.5144,1
17.5144,0
17.5153,1
17.5153,0
17.5163,1
17.5163,0
17.5172,1
17.5172,0
17.5181,1
17.5181,0
17.5191,1
17.5191,0
17.52,1
17.52,0
17.521,1
17.521,0
17.5219,1
17.5219,0
17.5229,1
17.5229,0
17.5238,1
17.5238,0
17.5247,1
17.5247,0
17.5257,1
17.5257,0
17.5266,1
17.5266,0
17.5276,1
17.5276,0
17.5285,1
17.5285,0
17.5295,1
17.5295,0
17.5304,1
17.5304,0
17.5314,1
17.5314,0
17.5323,1
17.5323,0
17.5332,1
17.5332,0
17.5342,1
17.5342,0
17.5351,1
17.5351,0
17.5361,1
17.5361,0
17.537,1
17.537,0
17.538,1
17.538,0
17.5389,1
17.5389,0
17.5399,1
17.5399,0
17.5408,1
17.5408,0
17.5417,1
17.5417,0
17.5427,1
17.5427,0
17.5436,1
17.5436,0
17.5446,1
17.5446,0
17.5455,1
17.5455,0
17.5465,1
17.5465,0
17.5474,1
17.5474,0
17.5483,1
17.5483,0
17.5493,1
17.5493,0
17.5502,1
17.5502,0
17.5512,1
17.5512,0
17.5521,1
17.5521,0
17.5531,1
17.5531,0
17.554,1
17.554,0
17.555,1
17.555,0
17.5559,1
17.5559,0
17.5568,1
17.5568,0
17.5578,1
17.5578,0
17.5587,1
17.5587,0
17.5597,1
17.5597,0
17.5606,1
17.5606,0
17.5616,1
17.5616,0
17.5625,1
17.5625,0
17.5635,1
17.5635,0
17.5644,1
17.5644,0
17.5653,1
17.5653,0
17.5663,1
17.5663,0
17.5672,1
17.5672,0
17.5682,1
17.5682,0
17.5691,1
17.5691,0
17.5701,1
17.5701,0
17.571,1
17.571,0
17.5719,1
17.5719,0
17.5729,1
17.5729,0
17.5738,1
17.5738,0
17.5748,1
17.5748,0
17.5757,1
17.5757,0
17.5767,1
17.5767,0
17.5776,1
17.5776,0
17.5786,1
17.5786,0
17.5795,1
17.5795,0
17.5804,1
17.5804,0
17.5814,1
17.5814,0
17.5823,1
17.5823,0
17.5833,1
17.5833,0
17.5842,1
17.5842,0
17.5852,1
17.5852,0
17.5861,1
17.5861,0
17.5871,1
17.5871,0
17.588,1
17.588,0
17.5889,1
17.5889,0
17.5899,1
17.5899,0
17.5908,1
17.5908,0
17.5918,1
17.5918,0
17.5927,1
17.5927,0
17.5937,1
17.5937,0
17.5946,1
17.5946,0
17.5955,1
17.5955,0
17.5965,1
17.5965,0
17.5974,1
17.5974,0
17.5984,1
17.5984,0
17.5993,1
17.5993,0
17.6003,1
17.6003,0
17.6012,1
17.6012,0
17.6022,1
17.6022,0
17.6031,1
17.6031,0
17.604,1
17.604,0
17.605,1
17.605,0
17.6059,1
17.6059,0
17.6069,1
17.6069,0
17.6078,1
17.6078,0
17.6088,1
17.6088,0
17.6097,1
17.6097,0
17.6107,1
17.6107,0
17.6116,1
17.6116,0
17.6125,1
17.6125,0
17.6135,1
17.6135,0
17.6144,1
17.6144,0
17.6154,1
17.6154,0
17.6163,1
17.6163,0
17.6173,1
17.6173,0
17.6182,1
17.6182,0
17.6191,1
17.6191,0
17.6201,1
17.6201,0
17.621,1
17.621,0
17.622,1
17.622,0
17.6229,1
17.6229,0
17.6239,1
17.6239,0
17.6248,1
17.6248,0
17.6258,1
17.6258,0
17.6267,1
17.6267,0
17.6276,1
17.6276,0
17.6286,1
17.6286,0
17.6295,1
17.6295,0
17.6305,1
17.6305,0
17.6314,1
17.6314,0
17.6324,1
17.6324,0
17.6333,1
17.6333,0
17.6343,1
17.6343,0
17.6352,1
17.6352,0
17.6361,1
17.6361,0
17.6371,1
17.6371,0
17.638,1
17.638,0
17.639,1
17.639,0
17.6399,1
17.6399,0
17.6409,1
17.6409,0
17.6418,1
17.6418,0
17.6427,1
17.6427,0
17.6437,1
17.6437,0
17.6446,1
17.6446,0
17.6456,1
17.6456,0
17.6465,1
17.6465,0
17.6475,1
17.6475,0
17.6484,1
17.6484,0
17.6494,1
17.6494,0
17.6503,1
17.6503,0
17.6512,1
17.6512,0
17.6522,1
17.6522,0
17.6531,1
17.6531,0
17.6541,1
17.6541,0
17.655,1
17.655,0
17.656,1
17.656,0
17.6569,1
17.6569,0
17.6579,1
17.6579,0
17.6588,1
17.6588,0
17.6597,1
17.6597,0
17.6607,1
17.6607,0
17.6616,1
17.6616,0
17.6626,1
17.6626,0
17.6635,1
17.6635,0
17.6645,1
17.6645,0
17.6654,1
17.6654,0
17.6663,1
17.6663,0
17.6673,1
17.6673,0
17.6682,1
17.6682,0
17.6692,1
17.6692,0
17.6701,1
17.6701,0
17.6711,1
17.6711,0
17.672,1
17.672,0
17.673,1
17.673,0
17.6739,1
17.6739,0
17.6748,1
17.6748,0
17.6758,1
17.6758,0
17.6767,1
17.6767,0
17.6777,1
17.6777,0
17.6786,1
17.6786,0
17.6796,1
17.6796,0
17.6805,1
17.6805,0
17.6815,1
17.6815,0
17.6824,1
17.6824,0
17.6833,1
17.6833,0
17.6843,1
17.6843,0
17.6852,1
17.6852,0
17.6862,1
17.6862,0
17.6871,1
17.6871,0
17.6881,1
17.6881,0
17.689,1
17.689,0
17.6899,1
17.6899,0
17.6909,1
17.6909,0
17.6918,1
17.6918,0
17.6928,1
17.6928,0
17.6937,1
17.6937,0
17.6947,1
17.6947,0
17.6956,1
17.6956,0
17.6966,1
17.6966,0
17.6975,1
17.6975,0
17.6984,1
17.6984,0
17.6994,1
17.6994,0
17.7003,1
17.7003,0
17.7013,1
17.7013,0
17.7022,1
17.7022,0
17.7032,1
17.7032,0
17.7041,1
17.7041,0
17.7051,1
17.7051,0
17.706,1
17.706,0
17.7069,1
17.7069,0
17.7079,1
17.7079,0
17.7088,1
17.7088,0
17.7098,1
17.7098,0
17.7107,1
17.7107,0
17.7117,1
17.7117,0
17.7126,1
17.7126,0
17.7135,1
17.7135,0
17.7145,1
17.7145,0
17.7154,1
17.7154,0
17.7164,1
17.7164,0
17.7173,1
17.7173,0
17.7183,1
17.7183,0
17.7192,1
17.7192,0
17.7202,1
17.7202,0
17.7211,1
17.7211,0
17.722,1
17.722,0
17.723,1
17.723,0
17.7239,1
17.7239,0
17.7249,1
17.7249,0
17.7258,1
17.7258,0
17.7268,1
17.7268,0
17.7277,1
17.7277,0
17.7287,1
17.7287,0
17.7296,1
17.7296,0
17.7305,1
17.7305,0
17.7315,1
17.7315,0
17.7324,1
17.7324,0
17.7334,1
17.7334,0
17.7343,1
17.7343,0
17.7353,1
17.7353,0
17.7362,1
17.7362,0
17.7371,1
17.7371,0
17.7381,1
17.7381,0
17.739,1
17.739,0
17.74,1
17.74,0
17.7409,1
17.7409,0
17.7419,1
17.7419,0
17.7428,1
17.7428,0
17.7438,1
17.7438,0
17.7447,1
17.7447,0
17.7456,1
17.7456,0
17.7466,1
17.7466,0
17.7475,1
17.7475,0
17.7485,1
17.7485,0
17.7494,1
17.7494,0
17.7504,1
17.7504,0
17.7513,1
17.7513,0
17.7523,1
17.7523,0
17.7532,1
17.7532,0
17.7541,1
17.7541,0
17.7551,1
17.7551,0
17.756,1
17.756,0
17.757,1
17.757,0
17.7579,1
17.7579,0
17.7589,1
17.7589,0
17.7598,1
17.7598,0
17.7607,1
17.7607,0
17.7617,1
17.7617,0
17.7626,1
17.7626,0
17.7636,1
17.7636,0
17.7645,1
17.7645,0
17.7655,1
17.7655,0
17.7664,1
17.7664,0
17.7674,1
17.7674,0
17.7683,1
17.7683,0
17.7692,1
17.7692,0
17.7702,1
17.7702,0
17.7711,1
17.7711,0
17.7721,1
17.7721,0
17.773,1
17.773,0
17.774,1
17.774,0
17.7749,1
17.7749,0
17.7759,1
17.7759,0
17.7768,1
17.7768,0
17.7777,1
17.7777,0
17.7787,1
17.7787,0
17.7796,1
17.7796,0
17.7806,1
17.7806,0
17.7815,1
17.7815,0
17.7825,1
17.7825,0
17.7834,1
17.7834,0
17.7843,1
17.7843,0
17.7853,1
17.7853,0
17.7862,1
17.7862,0
17.7872,1
17.7872,0
17.7881,1
17.7881,0
17.7891,1
17.7891,0
17.79,1
17.79,0
17.791,1
17.791,0
17.7919,1
17.7919,0
17.7928,1
17.7928,0
17.7938,1
17.7938,0
17.7947,1
17.7947,0
17.7957,1
17.7957,0
17.7966,1
17.7966,0
17.7976,1
17.7976,0
17.7985,1
17.7985,0
17.7995,1
17.7995,0
17.8004,1
17.8004,0
17.8013,1
17.8013,0
17.8023,1
17.8023,0
17.8032,1
17.8032,0
17.8042,1
17.8042,0
17.8051,1
17.8051,0
17.8061,1
17.8061,0
17.807,1
17.807,0
17.8079,1
17.8079,0
17.8089,1
17.8089,0
17.8098,1
17.8098,0
17.8108,1
17.8108,0
17.8117,1
17.8117,0
17.8127,1
17.8127,0
17.8136,1
17.8136,0
17.8146,1
17.8146,0
17.8155,1
17.8155,0
17.8164,1
17.8164,0
17.8174,1
17.8174,0
17.8183,1
17.8183,0
17.8193,1
17.8193,0
17.8202,1
17.8202,0
17.8212,1
17.8212,0
17.8221,1
17.8221,0
17.8231,1
17.8231,0
17.824,1
17.824,0
17.8249,1
17.8249,0
17.8259,1
17.8259,0
17.8268,1
17.8268,0
17.8278,1
17.8278,0
17.8287,1
17.8287,0
17.8297,1
17.8297,0
17.8306,1
17.8306,0
17.8315,1
17.8315,0
17.8325,1
17.8325,0
17.8334,1
17.8334,0
17.8344,1
17.8344,0
17.8353,1
17.8353,0
17.8363,1
17.8363,0
17.8372,1
17.8372,0
17.8382,1
17.8382,0
17.8391,1
17.8391,0
17.84,1
17.84,0
17.841,1
17.841,0
17.8419,1
17.8419,0
17.8429,1
17.8429,0
17.8438,1
17.8438,0
17.8448,1
17.8448,0
17.8457,1
17.8457,0
17.8467,1
17.8467,0
17.8476,1
17.8476,0
17.8485,1
17.8485,0
17.8495,1
17.8495,0
17.8504,1
17.8504,0
17.8514,1
17.8514,0
17.8523,1
17.8523,0
17.8533,1
17.8533,0
17.8542,1
17.8542,0
17.8551,1
17.8551,0
17.8561,1
17.8561,0
17.857,1
17.857,0
17.858,1
17.858,0
17.8589,1
17.8589,0
17.8599,1
17.8599,0
17.8608,1
17.8608,0
17.8618,1
17.8618,0
17.8627,1
17.8627,0
17.8636,1
17.8636,0
17.8646,1
17.8646,0
17.8655,1
17.8655,0
17.8665,1
17.8665,0
17.8674,1
17.8674,0
17.8684,1
17.8684,0
17.8693,1
17.8693,0
17.8703,1
17.8703,0
17.8712,1
17.8712,0
17.8721,1
17.8721,0
17.8731,1
17.8731,0
17.874,1
17.874,0
17.875,1
17.875,0
17.8759,1
17.8759,0
17.8769,1
17.8769,0
17.8778,1
17.8778,0
17.8787,1
17.8787,0
17.8797,1
17.8797,0
17.8806,1
17.8806,0
17.8816,1
17.8816,0
17.8825,1
17.8825,0
17.8835,1
17.8835,0
17.8844,1
17.8844,0
17.8854,1
17.8854,0
17.8863,1
17.8863,0
17.8872,1
17.8872,0
17.8882,1
17.8882,0
17.8891,1
17.8891,0
17.8901,1
17.8901,0
17.891,1
17.891,0
17.892,1
17.892,0
17.8929,1
17.8929,0
17.8939,1
17.8939,0
17.8948,1
17.8948,0
17.8957,1
17.8957,0
17.8967,1
17.8967,0
17.8976,1
17.8976,0
17.8986,1
17.8986,0
17.8995,1
17.8995,0
17.9005,1
17.9005,0
17.9014,1
17.9014,0
17.9023,1
17.9023,0
17.9033,1
17.9033,0
17.9042,1
17.9042,0
17.9052,1
17.9052,0
17.9061,1
17.9061,0
17.9071,1
17.9071,0
17.908,1
17.908,0
17.909,1
17.909,0
17.9099,1
17.9099,0
17.9108,1
17.9108,0
17.9118,1
17.9118,0
17.9127,1
17.9127,0
17.9137,1
17.9137,0
17.9146,1
17.9146,0
17.9156,1
17.9156,0
17.9165,1
17.9165,0
17.9175,1
17.9175,0
17.9184,1
17.9184,0
17.9193,1
17.9193,0
17.9203,1
17.9203,0
17.9212,1
17.9212,0
17.9222,1
17.9222,0
17.9231,1
17.9231,0
17.9241,1
17.9241,0
17.925,1
17.925,0
17.9259,1
17.9259,0
17.9269,1
17.9269,0
17.9278,1
17.9278,0
17.9288,1
17.9288,0
17.9297,1
17.9297,0
17.9307,1
17.9307,0
17.9316,1
17.9316,0
17.9326,1
17.9326,0
17.9335,1
17.9335,0
17.9344,1
17.9344,0
17.9354,1
17.9354,0
17.9363,1
17.9363,0
17.9373,1
17.9373,0
17.9382,1
17.9382,0
17.9392,1
17.9392,0
17.9401,1
17.9401,0
17.9411,1
17.9411,0
17.942,1
17.942,0
17.9429,1
17.9429,0
17.9439,1
17.9439,0
17.9448,1
17.9448,0
17.9458,1
17.9458,0
17.9467,1
17.9467,0
17.9477,1
17.9477,0
17.9486,1
17.9486,0
17.9495,1
17.9495,0
17.9505,1
17.9505,0
17.9514,1
17.9514,0
17.9524,1
17.9524,0
17.9533,1
17.9533,0
17.9543,1
17.9543,0
17.9552,1
17.9552,0
17.9562,1
17.9562,0
17.9571,1
17.9571,0
17.958,1
17.958,0
17.959,1
17.959,0
17.9599,1
17.9599,0
17.9609,1
17.9609,0
17.9618,1
17.9618,0
17.9628,1
17.9628,0
17.9637,1
17.9637,0
17.9647,1
17.9647,0
17.9656,1
17.9656,0
17.9665,1
17.9665,0
17.9675,1
17.9675,0
17.9684,1
17.9684,0
17.9694,1
17.9694,0
17.9703,1
17.9703,0
17.9713,1
17.9713,0
17.9722,1
17.9722,0
17.9731,1
17.9731,0
17.9741,1
17.9741,0
17.975,1
17.975,0
17.976,1
17.976,0
17.9769,1
17.9769,0
17.9779,1
17.9779,0
17.9788,1
17.9788,0
17.9798,1
17.9798,0
17.9807,1
17.9807,0
17.9816,1
17.9816,0
17.9826,1
17.9826,0
17.9835,1
17.9835,0
17.9845,1
17.9845,0
17.9854,1
17.9854,0
17.9864,1
17.9864,0
17.9873,1
17.9873,0
17.9883,1
17.9883,0
17.9892,1
17.9892,0
17.9901,1
17.9901,0
17.9911,1
17.9911,0
17.992,1
17.992,0
17.993,1
17.993,0
17.9939,1
17.9939,0
17.9949,1
17.9949,0
17.9958,1
17.9958,0
17.9967,1
17.9967,0
17.9977,1
17.9977,0
17.9986,1
17.9986,0
17.9996,1
17.9996,0
18.0005,1
18.0005,0
18.0015,1
18.0015,0
18.0024,1
18.0024,0
18.0034,1
18.0034,0
18.0043,1
18.0043,0
18.0052,1
18.0052,0
18.0062,1
18.0062,0
18.0071,1
18.0071,0
18.0081,1
18.0081,0
18.009,1
18.009,0
18.01,1
18.01,0
18.0109,1
18.0109,0
18.0119,1
18.0119,0
18.0128,1
18.0128,0
18.0137,1
18.0137,0
18.0147,1
18.0147,0
18.0156,1
18.0156,0
18.0166,1
18.0166,0
18.0175,1
18.0175,0
18.0185,1
18.0185,0
18.0194,1
18.0194,0
18.0203,1
18.0203,0
18.0213,1
18.0213,0
18.0222,1
18.0222,0
18.0232,1
18.0232,0
18.0241,1
18.0241,0
18.0251,1
18.0251,0
18.026,1
18.026,0
18.027,1
18.027,0
18.0279,1
18.0279,0
18.0288,1
18.0288,0
18.0298,1
18.0298,0
18.0307,1
18.0307,0
18.0317,1
18.0317,0
18.0326,1
18.0326,0
18.0336,1
18.0336,0
18.0345,1
18.0345,0
18.0355,1
18.0355,0
18.0364,1
18.0364,0
18.0373,1
18.0373,0
18.0383,1
18.0383,0
18.0392,1
18.0392,0
18.0402,1
18.0402,0
18.0411,1
18.0411,0
18.0421,1
18.0421,0
18.043,1
18.043,0
18.0439,1
18.0439,0
18.0449,1
18.0449,0
18.0458,1
18.0458,0
18.0468,1
18.0468,0
18.0477,1
18.0477,0
18.0487,1
18.0487,0
18.0496,1
18.0496,0
18.0506,1
18.0506,0
18.0515,1
18.0515,0
18.0524,1
18.0524,0
18.0534,1
18.0534,0
18.0543,1
18.0543,0
18.0553,1
18.0553,0
18.0562,1
18.0562,0
18.0572,1
18.0572,0
18.0581,1
18.0581,0
18.0591,1
18.0591,0
18.06,1
18.06,0
18.0609,1
18.0609,0
18.0619,1
18.0619,0
18.0628,1
18.0628,0
18.0638,1
18.0638,0
18.0647,1
18.0647,0
18.0657,1
18.0657,0
18.0666,1
18.0666,0
18.0675,1
18.0675,0
18.0685,1
18.0685,0
18.0694,1
18.0694,0
18.0704,1
18.0704,0
18.0713,1
18.0713,0
18.0723,1
18.0723,0
18.0732,1
18.0732,0
18.0742,1
18.0742,0
18.0751,1
18.0751,0
18.076,1
18.076,0
18.077,1
18.077,0
18.0779,1
18.0779,0
18.0789,1
18.0789,0
18.0798,1
18.0798,0
18.0808,1
18.0808,0
18.0817,1
18.0817,0
18.0827,1
18.0827,0
18.0836,1
18.0836,0
18.0845,1
18.0845,0
18.0855,1
18.0855,0
18.0864,1
18.0864,0
18.0874,1
18.0874,0
18.0883,1
18.0883,0
18.0893,1
18.0893,0
18.0902,1
18.0902,0
18.0911,1
18.0911,0
18.0921,1
18.0921,0
18.093,1
18.093,0
18.094,1
18.094,0
18.0949,1
18.0949,0
18.0959,1
18.0959,0
18.0968,1
18.0968,0
18.0978,1
18.0978,0
18.0987,1
18.0987,0
18.0996,1
18.0996,0
18.1006,1
18.1006,0
18.1015,1
18.1015,0
18.1025,1
18.1025,0
18.1034,1
18.1034,0
18.1044,1
18.1044,0
18.1053,1
18.1053,0
18.1063,1
18.1063,0
18.1072,1
18.1072,0
18.1081,1
18.1081,0
18.1091,1
18.1091,0
18.11,1
18.11,0
18.111,1
18.111,0
18.1119,1
18.1119,0
18.1129,1
18.1129,0
18.1138,1
18.1138,0
18.1147,1
18.1147,0
18.1157,1
18.1157,0
18.1166,1
18.1166,0
18.1176,1
18.1176,0
18.1185,1
18.1185,0
18.1195,1
18.1195,0
18.1204,1
18.1204,0
18.1214,1
18.1214,0
18.1223,1
18.1223,0
18.1232,1
18.1232,0
18.1242,1
18.1242,0
18.1251,1
18.1251,0
18.1261,1
18.1261,0
18.127,1
18.127,0
18.128,1
18.128,0
18.1289,1
18.1289,0
18.1299,1
18.1299,0
18.1308,1
18.1308,0
18.1317,1
18.1317,0
18.1327,1
18.1327,0
18.1336,1
18.1336,0
18.1346,1
18.1346,0
18.1355,1
18.1355,0
18.1365,1
18.1365,0
18.1374,1
18.1374,0
18.1383,1
18.1383,0
18.1393,1
18.1393,0
18.1402,1
18.1402,0
18.1412,1
18.1412,0
18.1421,1
18.1421,0
18.1431,1
18.1431,0
18.144,1
18.144,0
18.145,1
18.145,0
18.1459,1
18.1459,0
18.1468,1
18.1468,0
18.1478,1
18.1478,0
18.1487,1
18.1487,0
18.1497,1
18.1497,0
18.1506,1
18.1506,0
18.1516,1
18.1516,0
18.1525,1
18.1525,0
18.1535,1
18.1535,0
18.1544,1
18.1544,0
18.1553,1
18.1553,0
18.1563,1
18.1563,0
18.1572,1
18.1572,0
18.1582,1
18.1582,0
18.1591,1
18.1591,0
18.1601,1
18.1601,0
18.161,1
18.161,0
18.1619,1
18.1619,0
18.1629,1
18.1629,0
18.1638,1
18.1638,0
18.1648,1
18.1648,0
18.1657,1
18.1657,0
18.1667,1
18.1667,0
18.1676,1
18.1676,0
18.1686,1
18.1686,0
18.1695,1
18.1695,0
18.1704,1
18.1704,0
18.1714,1
18.1714,0
18.1723,1
18.1723,0
18.1733,1
18.1733,0
18.1742,1
18.1742,0
18.1752,1
18.1752,0
18.1761,1
18.1761,0
18.1771,1
18.1771,0
18.178,1
18.178,0
18.1789,1
18.1789,0
18.1799,1
18.1799,0
18.1808,1
18.1808,0
18.1818,1
18.1818,0
18.1827,1
18.1827,0
18.1837,1
18.1837,0
18.1846,1
18.1846,0
18.1855,1
18.1855,0
18.1865,1
18.1865,0
18.1874,1
18.1874,0
18.1884,1
18.1884,0
18.1893,1
18.1893,0
18.1903,1
18.1903,0
18.1912,1
18.1912,0
18.1922,1
18.1922,0
18.1931,1
18.1931,0
18.194,1
18.194,0
18.195,1
18.195,0
18.1959,1
18.1959,0
18.1969,1
18.1969,0
18.1978,1
18.1978,0
18.1988,1
18.1988,0
18.1997,1
18.1997,0
18.2007,1
18.2007,0
18.2016,1
18.2016,0
18.2025,1
18.2025,0
18.2035,1
18.2035,0
18.2044,1
18.2044,0
18.2054,1
18.2054,0
18.2063,1
18.2063,0
18.2073,1
18.2073,0
18.2082,1
18.2082,0
18.2091,1
18.2091,0
18.2101,1
18.2101,0
18.211,1
18.211,0
18.212,1
18.212,0
18.2129,1
18.2129,0
18.2139,1
18.2139,0
18.2148,1
18.2148,0
18.2158,1
18.2158,0
18.2167,1
18.2167,0
18.2176,1
18.2176,0
18.2186,1
18.2186,0
18.2195,1
18.2195,0
18.2205,1
18.2205,0
18.2214,1
18.2214,0
18.2224,1
18.2224,0
18.2233,1
18.2233,0
18.2243,1
18.2243,0
18.2252,1
18.2252,0
18.2261,1
18.2261,0
18.2271,1
18.2271,0
18.228,1
18.228,0
18.229,1
18.229,0
18.2299,1
18.2299,0
18.2309,1
18.2309,0
18.2318,1
18.2318,0
18.2327,1
18.2327,0
18.2337,1
18.2337,0
18.2346,1
18.2346,0
18.2356,1
18.2356,0
18.2365,1
18.2365,0
18.2375,1
18.2375,0
18.2384,1
18.2384,0
18.2394,1
18.2394,0
18.2403,1
18.2403,0
18.2412,1
18.2412,0
18.2422,1
18.2422,0
18.2431,1
18.2431,0
18.2441,1
18.2441,0
18.245,1
18.245,0
18.246,1
18.246,0
18.2469,1
18.2469,0
18.2479,1
18.2479,0
18.2488,1
18.2488,0
18.2497,1
18.2497,0
18.2507,1
18.2507,0
18.2516,1
18.2516,0
18.2526,1
18.2526,0
18.2535,1
18.2535,0
18.2545,1
18.2545,0
18.2554,1
18.2554,0
18.2563,1
18.2563,0
18.2573,1
18.2573,0
18.2582,1
18.2582,0
18.2592,1
18.2592,0
18.2601,1
18.2601,0
18.2611,1
18.2611,0
18.262,1
18.262,0
18.263,1
18.263,0
18.2639,1
18.2639,0
18.2648,1
18.2648,0
18.2658,1
18.2658,0
18.2667,1
18.2667,0
18.2677,1
18.2677,0
18.2686,1
18.2686,0
18.2696,1
18.2696,0
18.2705,1
18.2705,0
18.2715,1
18.2715,0
18.2724,1
18.2724,0
18.2733,1
18.2733,0
18.2743,1
18.2743,0
18.2752,1
18.2752,0
18.2762,1
18.2762,0
18.2771,1
18.2771,0
18.2781,1
18.2781,0
18.279,1
18.279,0
18.2799,1
18.2799,0
18.2809,1
18.2809,0
18.2818,1
18.2818,0
18.2828,1
18.2828,0
18.2837,1
18.2837,0
18.2847,1
18.2847,0
18.2856,1
18.2856,0
18.2866,1
18.2866,0
18.2875,1
18.2875,0
18.2884,1
18.2884,0
18.2894,1
18.2894,0
18.2903,1
18.2903,0
18.2913,1
18.2913,0
18.2922,1
18.2922,0
18.2932,1
18.2932,0
18.2941,1
18.2941,0
18.2951,1
18.2951,0
18.296,1
18.296,0
18.2969,1
18.2969,0
18.2979,1
18.2979,0
18.2988,1
18.2988,0
18.2998,1
18.2998,0
18.3007,1
18.3007,0
18.3017,1
18.3017,0
18.3026,1
18.3026,0
18.3035,1
18.3035,0
18.3045,1
18.3045,0
18.3054,1
18.3054,0
18.3064,1
18.3064,0
18.3073,1
18.3073,0
18.3083,1
18.3083,0
18.3092,1
18.3092,0
18.3102,1
18.3102,0
18.3111,1
18.3111,0
18.312,1
18.312,0
18.313,1
18.313,0
18.3139,1
18.3139,0
18.3149,1
18.3149,0
18.3158,1
18.3158,0
18.3168,1
18.3168,0
18.3177,1
18.3177,0
18.3187,1
18.3187,0
18.3196,1
18.3196,0
18.3205,1
18.3205,0
18.3215,1
18.3215,0
18.3224,1
18.3224,0
18.3234,1
18.3234,0
18.3243,1
18.3243,0
18.3253,1
18.3253,0
18.3262,1
18.3262,0
18.3271,1
18.3271,0
18.3281,1
18.3281,0
18.329,1
18.329,0
18.33,1
18.33,0
18.3309,1
18.3309,0
18.3319,1
18.3319,0
18.3328,1
18.3328,0
18.3338,1
18.3338,0
18.3347,1
18.3347,0
18.3356,1
18.3356,0
18.3366,1
18.3366,0
18.3375,1
18.3375,0
18.3385,1
18.3385,0
18.3394,1
18.3394,0
18.3404,1
18.3404,0
18.3413,1
18.3413,0
18.3423,1
18.3423,0
18.3432,1
18.3432,0
18.3441,1
18.3441,0
18.3451,1
18.3451,0
18.346,1
18.346,0
18.347,1
18.347,0
18.3479,1
18.3479,0
18.3489,1
18.3489,0
18.3498,1
18.3498,0
18.3507,1
18.3507,0
18.3517,1
18.3517,0
18.3526,1
18.3526,0
18.3536,1
18.3536,0
18.3545,1
18.3545,0
18.3555,1
18.3555,0
18.3564,1
18.3564,0
18.3574,1
18.3574,0
18.3583,1
18.3583,0
18.3592,1
18.3592,0
18.3602,1
18.3602,0
18.3611,1
18.3611,0
18.3621,1
18.3621,0
18.363,1
18.363,0
18.364,1
18.364,0
18.3649,1
18.3649,0
18.3659,1
18.3659,0
18.3668,1
18.3668,0
18.3677,1
18.3677,0
18.3687,1
18.3687,0
18.3696,1
18.3696,0
18.3706,1
18.3706,0
18.3715,1
18.3715,0
18.3725,1
18.3725,0
18.3734,1
18.3734,0
18.3743,1
18.3743,0
18.3753,1
18.3753,0
18.3762,1
18.3762,0
18.3772,1
18.3772,0
18.3781,1
18.3781,0
18.3791,1
18.3791,0
18.38,1
18.38,0
18.381,1
18.381,0
18.3819,1
18.3819,0
18.3828,1
18.3828,0
18.3838,1
18.3838,0
18.3847,1
18.3847,0
18.3857,1
18.3857,0
18.3866,1
18.3866,0
18.3876,1
18.3876,0
18.3885,1
18.3885,0
18.3895,1
18.3895,0
18.3904,1
18.3904,0
18.3913,1
18.3913,0
18.3923,1
18.3923,0
18.3932,1
18.3932,0
18.3942,1
18.3942,0
18.3951,1
18.3951,0
18.3961,1
18.3961,0
18.397,1
18.397,0
18.3979,1
18.3979,0
18.3989,1
18.3989,0
18.3998,1
18.3998,0
18.4008,1
18.4008,0
18.4017,1
18.4017,0
18.4027,1
18.4027,0
18.4036,1
18.4036,0
18.4046,1
18.4046,0
18.4055,1
18.4055,0
18.4064,1
18.4064,0
18.4074,1
18.4074,0
18.4083,1
18.4083,0
18.4093,1
18.4093,0
18.4102,1
18.4102,0
18.4112,1
18.4112,0
18.4121,1
18.4121,0
18.4131,1
18.4131,0
18.414,1
18.414,0
18.4149,1
18.4149,0
18.4159,1
18.4159,0
18.4168,1
18.4168,0
18.4178,1
18.4178,0
18.4187,1
18.4187,0
18.4197,1
18.4197,0
18.4206,1
18.4206,0
18.4215,1
18.4215,0
18.4225,1
18.4225,0
18.4234,1
18.4234,0
18.4244,1
18.4244,0
18.4253,1
18.4253,0
18.4263,1
18.4263,0
18.4272,1
18.4272,0
18.4282,1
18.4282,0
18.4291,1
18.4291,0
18.43,1
18.43,0
18.431,1
18.431,0
18.4319,1
18.4319,0
18.4329,1
18.4329,0
18.4338,1
18.4338,0
18.4348,1
18.4348,0
18.4357,1
18.4357,0
18.4367,1
18.4367,0
18.4376,1
18.4376,0
18.4385,1
18.4385,0
18.4395,1
18.4395,0
18.4404,1
18.4404,0
18.4414,1
18.4414,0
18.4423,1
18.4423,0
18.4433,1
18.4433,0
18.4442,1
18.4442,0
18.4451,1
18.4451,0
18.4461,1
18.4461,0
18.447,1
18.447,0
18.448,1
18.448,0
18.4489,1
18.4489,0
18.4499,1
18.4499,0
18.4508,1
18.4508,0
18.4518,1
18.4518,0
18.4527,1
18.4527,0
18.4536,1
18.4536,0
18.4546,1
18.4546,0
18.4555,1
18.4555,0
18.4565,1
18.4565,0
18.4574,1
18.4574,0
18.4584,1
18.4584,0
18.4593,1
18.4593,0
18.4603,1
18.4603,0
18.4612,1
18.4612,0
18.4621,1
18.4621,0
18.4631,1
18.4631,0
18.464,1
18.464,0
18.465,1
18.465,0
18.4659,1
18.4659,0
18.4669,1
18.4669,0
18.4678,1
18.4678,0
18.4687,1
18.4687,0
18.4697,1
18.4697,0
18.4706,1
18.4706,0
18.4716,1
18.4716,0
18.4725,1
18.4725,0
18.4735,1
18.4735,0
18.4744,1
18.4744,0
18.4754,1
18.4754,0
18.4763,1
18.4763,0
18.4772,1
18.4772,0
18.4782,1
18.4782,0
18.4791,1
18.4791,0
18.4801,1
18.4801,0
18.481,1
18.481,0
18.482,1
18.482,0
18.4829,1
18.4829,0
18.4839,1
18.4839,0
18.4848,1
18.4848,0
18.4857,1
18.4857,0
18.4867,1
18.4867,0
18.4876,1
18.4876,0
18.4886,1
18.4886,0
18.4895,1
18.4895,0
18.4905,1
18.4905,0
18.4914,1
18.4914,0
18.4923,1
18.4923,0
18.4933,1
18.4933,0
18.4942,1
18.4942,0
18.4952,1
18.4952,0
18.4961,1
18.4961,0
18.4971,1
18.4971,0
18.498,1
18.498,0
18.499,1
18.499,0
18.4999,1
18.4999,0
18.5008,1
18.5008,0
18.5018,1
18.5018,0
18.5027,1
18.5027,0
18.5037,1
18.5037,0
18.5046,1
18.5046,0
18.5056,1
18.5056,0
18.5065,1
18.5065,0
18.5075,1
18.5075,0
18.5084,1
18.5084,0
18.5093,1
18.5093,0
18.5103,1
18.5103,0
18.5112,1
18.5112,0
18.5122,1
18.5122,0
18.5131,1
18.5131,0
18.5141,1
18.5141,0
18.515,1
18.515,0
18.5159,1
18.5159,0
18.5169,1
18.5169,0
18.5178,1
18.5178,0
18.5188,1
18.5188,0
18.5197,1
18.5197,0
18.5207,1
18.5207,0
18.5216,1
18.5216,0
18.5226,1
18.5226,0
18.5235,1
18.5235,0
18.5244,1
18.5244,0
18.5254,1
18.5254,0
18.5263,1
18.5263,0
18.5273,1
18.5273,0
18.5282,1
18.5282,0
18.5292,1
18.5292,0
18.5301,1
18.5301,0
18.5311,1
18.5311,0
18.532,1
18.532,0
18.5329,1
18.5329,0
18.5339,1
18.5339,0
18.5348,1
18.5348,0
18.5358,1
18.5358,0
18.5367,1
18.5367,0
18.5377,1
18.5377,0
18.5386,1
18.5386,0
18.5395,1
18.5395,0
18.5405,1
18.5405,0
18.5414,1
18.5414,0
18.5424,1
18.5424,0
18.5433,1
18.5433,0
18.5443,1
18.5443,0
18.5452,1
18.5452,0
18.5462,1
18.5462,0
18.5471,1
18.5471,0
18.548,1
18.548,0
18.549,1
18.549,0
18.5499,1
18.5499,0
18.5509,1
18.5509,0
18.5518,1
18.5518,0
18.5528,1
18.5528,0
18.5537,1
18.5537,0
18.5547,1
18.5547,0
18.5556,1
18.5556,0
18.5565,1
18.5565,0
18.5575,1
18.5575,0
18.5584,1
18.5584,0
18.5594,1
18.5594,0
18.5603,1
18.5603,0
18.5613,1
18.5613,0
18.5622,1
18.5622,0
18.5631,1
18.5631,0
18.5641,1
18.5641,0
18.565,1
18.565,0
18.566,1
18.566,0
18.5669,1
18.5669,0
18.5679,1
18.5679,0
18.5688,1
18.5688,0
18.5698,1
18.5698,0
18.5707,1
18.5707,0
18.5716,1
18.5716,0
18.5726,1
18.5726,0
18.5735,1
18.5735,0
18.5745,1
18.5745,0
18.5754,1
18.5754,0
18.5764,1
18.5764,0
18.5773,1
18.5773,0
18.5783,1
18.5783,0
18.5792,1
18.5792,0
18.5801,1
18.5801,0
18.5811,1
18.5811,0
18.582,1
18.582,0
18.583,1
18.583,0
18.5839,1
18.5839,0
18.5849,1
18.5849,0
18.5858,1
18.5858,0
18.5867,1
18.5867,0
18.5877,1
18.5877,0
18.5886,1
18.5886,0
18.5896,1
18.5896,0
18.5905,1
18.5905,0
18.5915,1
18.5915,0
18.5924,1
18.5924,0
18.5934,1
18.5934,0
18.5943,1
18.5943,0
18.5952,1
18.5952,0
18.5962,1
18.5962,0
18.5971,1
18.5971,0
18.5981,1
18.5981,0
18.599,1
18.599,0
18.6,1
18.6,0
18.6009,1
18.6009,0
18.6019,1
18.6019,0
18.6028,1
18.6028,0
18.6037,1
18.6037,0
18.6047,1
18.6047,0
18.6056,1
18.6056,0
18.6066,1
18.6066,0
18.6075,1
18.6075,0
18.6085,1
18.6085,0
18.6094,1
18.6094,0
18.6103,1
18.6103,0
18.6113,1
18.6113,0
18.6122,1
18.6122,0
18.6132,1
18.6132,0
18.6141,1
18.6141,0
18.6151,1
18.6151,0
18.616,1
18.616,0
18.617,1
18.617,0
18.6179,1
18.6179,0
18.6188,1
18.6188,0
18.6198,1
18.6198,0
18.6207,1
18.6207,0
18.6217,1
18.6217,0
18.6226,1
18.6226,0
18.6236,1
18.6236,0
18.6245,1
18.6245,0
18.6255,1
18.6255,0
18.6264,1
18.6264,0
18.6273,1
18.6273,0
18.6283,1
18.6283,0
18.6292,1
18.6292,0
18.6302,1
18.6302,0
18.6311,1
18.6311,0
18.6321,1
18.6321,0
18.633,1
18.633,0
18.6339,1
18.6339,0
18.6349,1
18.6349,0
18.6358,1
18.6358,0
18.6368,1
18.6368,0
18.6377,1
18.6377,0
18.6387,1
18.6387,0
18.6396,1
18.6396,0
18.6406,1
18.6406,0
18.6415,1
18.6415,0
18.6424,1
18.6424,0
18.6434,1
18.6434,0
18.6443,1
18.6443,0
18.6453,1
18.6453,0
18.6462,1
18.6462,0
18.6472,1
18.6472,0
18.6481,1
18.6481,0
18.6491,1
18.6491,0
18.65,1
18.65,0
18.6509,1
18.6509,0
18.6519,1
18.6519,0
18.6528,1
18.6528,0
18.6538,1
18.6538,0
18.6547,1
18.6547,0
18.6557,1
18.6557,0
18.6566,1
18.6566,0
18.6575,1
18.6575,0
18.6585,1
18.6585,0
18.6594,1
18.6594,0
18.6604,1
18.6604,0
18.6613,1
18.6613,0
18.6623,1
18.6623,0
18.6632,1
18.6632,0
18.6642,1
18.6642,0
18.6651,1
18.6651,0
18.666,1
18.666,0
18.667,1
18.667,0
18.6679,1
18.6679,0
18.6689,1
18.6689,0
18.6698,1
18.6698,0
18.6708,1
18.6708,0
18.6717,1
18.6717,0
18.6727,1
18.6727,0
18.6736,1
18.6736,0
18.6745,1
18.6745,0
18.6755,1
18.6755,0
18.6764,1
18.6764,0
18.6774,1
18.6774,0
18.6783,1
18.6783,0
18.6793,1
18.6793,0
18.6802,1
18.6802,0
18.6811,1
18.6811,0
18.6821,1
18.6821,0
18.683,1
18.683,0
18.684,1
18.684,0
18.6849,1
18.6849,0
18.6859,1
18.6859,0
18.6868,1
18.6868,0
18.6878,1
18.6878,0
18.6887,1
18.6887,0
18.6896,1
18.6896,0
18.6906,1
18.6906,0
18.6915,1
18.6915,0
18.6925,1
18.6925,0
18.6934,1
18.6934,0
18.6944,1
18.6944,0
18.6953,1
18.6953,0
18.6963,1
18.6963,0
18.6972,1
18.6972,0
18.6981,1
18.6981,0
18.6991,1
18.6991,0
18.7,1
18.7,0
18.701,1
18.701,0
18.7019,1
18.7019,0
18.7029,1
18.7029,0
18.7038,1
18.7038,0
18.7047,1
18.7047,0
18.7057,1
18.7057,0
18.7066,1
18.7066,0
18.7076,1
18.7076,0
18.7085,1
18.7085,0
18.7095,1
18.7095,0
18.7104,1
18.7104,0
18.7114,1
18.7114,0
18.7123,1
18.7123,0
18.7132,1
18.7132,0
18.7142,1
18.7142,0
18.7151,1
18.7151,0
18.7161,1
18.7161,0
18.717,1
18.717,0
18.718,1
18.718,0
18.7189,1
18.7189,0
18.7199,1
18.7199,0
18.7208,1
18.7208,0
18.7217,1
18.7217,0
18.7227,1
18.7227,0
18.7236,1
18.7236,0
18.7246,1
18.7246,0
18.7255,1
18.7255,0
18.7265,1
18.7265,0
18.7274,1
18.7274,0
18.7283,1
18.7283,0
18.7293,1
18.7293,0
18.7302,1
18.7302,0
18.7312,1
18.7312,0
18.7321,1
18.7321,0
18.7331,1
18.7331,0
18.734,1
18.734,0
18.735,1
18.735,0
18.7359,1
18.7359,0
18.7368,1
18.7368,0
18.7378,1
18.7378,0
18.7387,1
18.7387,0
18.7397,1
18.7397,0
18.7406,1
18.7406,0
18.7416,1
18.7416,0
18.7425,1
18.7425,0
18.7435,1
18.7435,0
18.7444,1
18.7444,0
18.7453,1
18.7453,0
18.7463,1
18.7463,0
18.7472,1
18.7472,0
18.7482,1
18.7482,0
18.7491,1
18.7491,0
18.7501,1
18.7501,0
18.751,1
18.751,0
18.7519,1
18.7519,0
18.7529,1
18.7529,0
18.7538,1
18.7538,0
18.7548,1
18.7548,0
18.7557,1
18.7557,0
18.7567,1
18.7567,0
18.7576,1
18.7576,0
18.7586,1
18.7586,0
18.7595,1
18.7595,0
18.7604,1
18.7604,0
18.7614,1
18.7614,0
18.7623,1
18.7623,0
18.7633,1
18.7633,0
18.7642,1
18.7642,0
18.7652,1
18.7652,0
18.7661,1
18.7661,0
18.7671,1
18.7671,0
18.768,1
18.768,0
18.7689,1
18.7689,0
18.7699,1
18.7699,0
18.7708,1
18.7708,0
18.7718,1
18.7718,0
18.7727,1
18.7727,0
18.7737,1
18.7737,0
18.7746,1
18.7746,0
18.7755,1
18.7755,0
18.7765,1
18.7765,0
18.7774,1
18.7774,0
18.7784,1
18.7784,0
18.7793,1
18.7793,0
18.7803,1
18.7803,0
18.7812,1
18.7812,0
18.7822,1
18.7822,0
18.7831,1
18.7831,0
18.784,1
18.784,0
18.785,1
18.785,0
18.7859,1
18.7859,0
18.7869,1
18.7869,0
18.7878,1
18.7878,0
18.7888,1
18.7888,0
18.7897,1
18.7897,0
18.7907,1
18.7907,0
18.7916,1
18.7916,0
18.7925,1
18.7925,0
18.7935,1
18.7935,0
18.7944,1
18.7944,0
18.7954,1
18.7954,0
18.7963,1
18.7963,0
18.7973,1
18.7973,0
18.7982,1
18.7982,0
18.7991,1
18.7991,0
18.8001,1
18.8001,0
18.801,1
18.801,0
18.802,1
18.802,0
18.8029,1
18.8029,0
18.8039,1
18.8039,0
18.8048,1
18.8048,0
18.8058,1
18.8058,0
18.8067,1
18.8067,0
18.8076,1
18.8076,0
18.8086,1
18.8086,0
18.8095,1
18.8095,0
18.8105,1
18.8105,0
18.8114,1
18.8114,0
18.8124,1
18.8124,0
18.8133,1
18.8133,0
18.8143,1
18.8143,0
18.8152,1
18.8152,0
18.8161,1
18.8161,0
18.8171,1
18.8171,0
18.818,1
18.818,0
18.819,1
18.819,0
18.8199,1
18.8199,0
18.8209,1
18.8209,0
18.8218,1
18.8218,0
18.8227,1
18.8227,0
18.8237,1
18.8237,0
18.8246,1
18.8246,0
18.8256,1
18.8256,0
18.8265,1
18.8265,0
18.8275,1
18.8275,0
18.8284,1
18.8284,0
18.8294,1
18.8294,0
18.8303,1
18.8303,0
18.8312,1
18.8312,0
18.8322,1
18.8322,0
18.8331,1
18.8331,0
18.8341,1
18.8341,0
18.835,1
18.835,0
18.836,1
18.836,0
18.8369,1
18.8369,0
18.8379,1
18.8379,0
18.8388,1
18.8388,0
18.8397,1
18.8397,0
18.8407,1
18.8407,0
18.8416,1
18.8416,0
18.8426,1
18.8426,0
18.8435,1
18.8435,0
18.8445,1
18.8445,0
18.8454,1
18.8454,0
18.8463,1
18.8463,0
18.8473,1
18.8473,0
18.8482,1
18.8482,0
18.8492,1
18.8492,0
18.8501,1
18.8501,0
18.8511,1
18.8511,0
18.852,1
18.852,0
18.853,1
18.853,0
18.8539,1
18.8539,0
18.8548,1
18.8548,0
18.8558,1
18.8558,0
18.8567,1
18.8567,0
18.8577,1
18.8577,0
18.8586,1
18.8586,0
18.8596,1
18.8596,0
18.8605,1
18.8605,0
18.8615,1
18.8615,0
18.8624,1
18.8624,0
18.8633,1
18.8633,0
18.8643,1
18.8643,0
18.8652,1
18.8652,0
18.8662,1
18.8662,0
18.8671,1
18.8671,0
18.8681,1
18.8681,0
18.869,1
18.869,0
18.8699,1
18.8699,0
18.8709,1
18.8709,0
18.8718,1
18.8718,0
18.8728,1
18.8728,0
18.8737,1
18.8737,0
18.8747,1
18.8747,0
18.8756,1
18.8756,0
18.8766,1
18.8766,0
18.8775,1
18.8775,0
18.8784,1
18.8784,0
18.8794,1
18.8794,0
18.8803,1
18.8803,0
18.8813,1
18.8813,0
18.8822,1
18.8822,0
18.8832,1
18.8832,0
18.8841,1
18.8841,0
18.8851,1
18.8851,0
18.886,1
18.886,0
18.8869,1
18.8869,0
18.8879,1
18.8879,0
18.8888,1
18.8888,0
18.8898,1
18.8898,0
18.8907,1
18.8907,0
18.8917,1
18.8917,0
18.8926,1
18.8926,0
18.8935,1
18.8935,0
18.8945,1
18.8945,0
18.8954,1
18.8954,0
18.8964,1
18.8964,0
18.8973,1
18.8973,0
18.8983,1
18.8983,0
18.8992,1
18.8992,0
18.9002,1
18.9002,0
18.9011,1
18.9011,0
18.902,1
18.902,0
18.903,1
18.903,0
18.9039,1
18.9039,0
18.9049,1
18.9049,0
18.9058,1
18.9058,0
18.9068,1
18.9068,0
18.9077,1
18.9077,0
18.9087,1
18.9087,0
18.9096,1
18.9096,0
18.9105,1
18.9105,0
18.9115,1
18.9115,0
18.9124,1
18.9124,0
18.9134,1
18.9134,0
18.9143,1
18.9143,0
18.9153,1
18.9153,0
18.9162,1
18.9162,0
18.9171,1
18.9171,0
18.9181,1
18.9181,0
18.919,1
18.919,0
18.92,1
18.92,0
18.9209,1
18.9209,0
18.9219,1
18.9219,0
18.9228,1
18.9228,0
18.9238,1
18.9238,0
18.9247,1
18.9247,0
18.9256,1
18.9256,0
18.9266,1
18.9266,0
18.9275,1
18.9275,0
18.9285,1
18.9285,0
18.9294,1
18.9294,0
18.9304,1
18.9304,0
18.9313,1
18.9313,0
18.9323,1
18.9323,0
18.9332,1
18.9332,0
18.9341,1
18.9341,0
18.9351,1
18.9351,0
18.936,1
18.936,0
18.937,1
18.937,0
18.9379,1
18.9379,0
18.9389,1
18.9389,0
18.9398,1
18.9398,0
18.9407,1
18.9407,0
18.9417,1
18.9417,0
18.9426,1
18.9426,0
18.9436,1
18.9436,0
18.9445,1
18.9445,0
18.9455,1
18.9455,0
18.9464,1
18.9464,0
18.9474,1
18.9474,0
18.9483,1
18.9483,0
18.9492,1
18.9492,0
18.9502,1
18.9502,0
18.9511,1
18.9511,0
18.9521,1
18.9521,0
18.953,1
18.953,0
18.954,1
18.954,0
18.9549,1
18.9549,0
18.9559,1
18.9559,0
18.9568,1
18.9568,0
18.9577,1
18.9577,0
18.9587,1
18.9587,0
18.9596,1
18.9596,0
18.9606,1
18.9606,0
18.9615,1
18.9615,0
18.9625,1
18.9625,0
18.9634,1
18.9634,0
18.9643,1
18.9643,0
18.9653,1
18.9653,0
18.9662,1
18.9662,0
18.9672,1
18.9672,0
18.9681,1
18.9681,0
18.9691,1
18.9691,0
18.97,1
18.97,0
18.971,1
18.971,0
18.9719,1
18.9719,0
18.9728,1
18.9728,0
18.9738,1
18.9738,0
18.9747,1
18.9747,0
18.9757,1
18.9757,0
18.9766,1
18.9766,0
18.9776,1
18.9776,0
18.9785,1
18.9785,0
18.9795,1
18.9795,0
18.9804,1
18.9804,0
18.9813,1
18.9813,0
18.9823,1
18.9823,0
18.9832,1
18.9832,0
18.9842,1
18.9842,0
18.9851,1
18.9851,0
18.9861,1
18.9861,0
18.987,1
18.987,0
18.9879,1
18.9879,0
18.9889,1
18.9889,0
18.9898,1
18.9898,0
18.9908,1
18.9908,0
18.9917,1
18.9917,0
18.9927,1
18.9927,0
18.9936,1
18.9936,0
18.9946,1
18.9946,0
18.9955,1
18.9955,0
18.9964,1
18.9964,0
18.9974,1
18.9974,0
18.9983,1
18.9983,0
18.9993,1
18.9993,0
19.0002,1
19.0002,0
19.0012,1
19.0012,0
19.0021,1
19.0021,0
19.0031,1
19.0031,0
19.004,1
19.004,0
19.0049,1
19.0049,0
19.0059,1
19.0059,0
19.0068,1
19.0068,0
19.0078,1
19.0078,0
19.0087,1
19.0087,0
19.0097,1
19.0097,0
19.0106,1
19.0106,0
19.0115,1
19.0115,0
19.0125,1
19.0125,0
19.0134,1
19.0134,0
19.0144,1
19.0144,0
19.0153,1
19.0153,0
19.0163,1
19.0163,0
19.0172,1
19.0172,0
19.0182,1
19.0182,0
19.0191,1
19.0191,0
19.02,1
19.02,0
19.021,1
19.021,0
19.0219,1
19.0219,0
19.0229,1
19.0229,0
19.0238,1
19.0238,0
19.0248,1
19.0248,0
19.0257,1
19.0257,0
19.0267,1
19.0267,0
19.0276,1
19.0276,0
19.0285,1
19.0285,0
19.0295,1
19.0295,0
19.0304,1
19.0304,0
19.0314,1
19.0314,0
19.0323,1
19.0323,0
19.0333,1
19.0333,0
19.0342,1
19.0342,0
19.0351,1
19.0351,0
19.0361,1
19.0361,0
19.037,1
19.037,0
19.038,1
19.038,0
19.0389,1
19.0389,0
19.0399,1
19.0399,0
19.0408,1
19.0408,0
19.0418,1
19.0418,0
19.0427,1
19.0427,0
19.0436,1
19.0436,0
19.0446,1
19.0446,0
19.0455,1
19.0455,0
19.0465,1
19.0465,0
19.0474,1
19.0474,0
19.0484,1
19.0484,0
19.0493,1
19.0493,0
19.0503,1
19.0503,0
19.0512,1
19.0512,0
19.0521,1
19.0521,0
19.0531,1
19.0531,0
19.054,1
19.054,0
19.055,1
19.055,0
19.0559,1
19.0559,0
19.0569,1
19.0569,0
19.0578,1
19.0578,0
19.0587,1
19.0587,0
19.0597,1
19.0597,0
19.0606,1
19.0606,0
19.0616,1
19.0616,0
19.0625,1
19.0625,0
19.0635,1
19.0635,0
19.0644,1
19.0644,0
19.0654,1
19.0654,0
19.0663,1
19.0663,0
19.0672,1
19.0672,0
19.0682,1
19.0682,0
19.0691,1
19.0691,0
19.0701,1
19.0701,0
19.071,1
19.071,0
19.072,1
19.072,0
19.0729,1
19.0729,0
19.0739,1
19.0739,0
19.0748,1
19.0748,0
19.0757,1
19.0757,0
19.0767,1
19.0767,0
19.0776,1
19.0776,0
19.0786,1
19.0786,0
19.0795,1
19.0795,0
19.0805,1
19.0805,0
19.0814,1
19.0814,0
19.0823,1
19.0823,0
19.0833,1
19.0833,0
19.0842,1
19.0842,0
19.0852,1
19.0852,0
19.0861,1
19.0861,0
19.0871,1
19.0871,0
19.088,1
19.088,0
19.089,1
19.089,0
19.0899,1
19.0899,0
19.0908,1
19.0908,0
19.0918,1
19.0918,0
19.0927,1
19.0927,0
19.0937,1
19.0937,0
19.0946,1
19.0946,0
19.0956,1
19.0956,0
19.0965,1
19.0965,0
19.0975,1
19.0975,0
19.0984,1
19.0984,0
19.0993,1
19.0993,0
19.1003,1
19.1003,0
19.1012,1
19.1012,0
19.1022,1
19.1022,0
19.1031,1
19.1031,0
19.1041,1
19.1041,0
19.105,1
19.105,0
19.1059,1
19.1059,0
19.1069,1
19.1069,0
19.1078,1
19.1078,0
19.1088,1
19.1088,0
19.1097,1
19.1097,0
19.1107,1
19.1107,0
19.1116,1
19.1116,0
19.1126,1
19.1126,0
19.1135,1
19.1135,0
19.1144,1
19.1144,0
19.1154,1
19.1154,0
19.1163,1
19.1163,0
19.1173,1
19.1173,0
19.1182,1
19.1182,0
19.1192,1
19.1192,0
19.1201,1
19.1201,0
19.1211,1
19.1211,0
19.122,1
19.122,0
19.1229,1
19.1229,0
19.1239,1
19.1239,0
19.1248,1
19.1248,0
19.1258,1
19.1258,0
19.1267,1
19.1267,0
19.1277,1
19.1277,0
19.1286,1
19.1286,0
19.1295,1
19.1295,0
19.1305,1
19.1305,0
19.1314,1
19.1314,0
19.1324,1
19.1324,0
19.1333,1
19.1333,0
19.1343,1
19.1343,0
19.1352,1
19.1352,0
19.1362,1
19.1362,0
19.1371,1
19.1371,0
19.138,1
19.138,0
19.139,1
19.139,0
19.1399,1
19.1399,0
19.1409,1
19.1409,0
19.1418,1
19.1418,0
19.1428,1
19.1428,0
19.1437,1
19.1437,0
19.1447,1
19.1447,0
19.1456,1
19.1456,0
19.1465,1
19.1465,0
19.1475,1
19.1475,0
19.1484,1
19.1484,0
19.1494,1
19.1494,0
19.1503,1
19.1503,0
19.1513,1
19.1513,0
19.1522,1
19.1522,0
19.1531,1
19.1531,0
19.1541,1
19.1541,0
19.155,1
19.155,0
19.156,1
19.156,0
19.1569,1
19.1569,0
19.1579,1
19.1579,0
19.1588,1
19.1588,0
19.1598,1
19.1598,0
19.1607,1
19.1607,0
19.1616,1
19.1616,0
19.1626,1
19.1626,0
19.1635,1
19.1635,0
19.1645,1
19.1645,0
19.1654,1
19.1654,0
19.1664,1
19.1664,0
19.1673,1
19.1673,0
19.1683,1
19.1683,0
19.1692,1
19.1692,0
19.1701,1
19.1701,0
19.1711,1
19.1711,0
19.172,1
19.172,0
19.173,1
19.173,0
19.1739,1
19.1739,0
19.1749,1
19.1749,0
19.1758,1
19.1758,0
19.1767,1
19.1767,0
19.1777,1
19.1777,0
19.1786,1
19.1786,0
19.1796,1
19.1796,0
19.1805,1
19.1805,0
19.1815,1
19.1815,0
19.1824,1
19.1824,0
19.1834,1
19.1834,0
19.1843,1
19.1843,0
19.1852,1
19.1852,0
19.1862,1
19.1862,0
19.1871,1
19.1871,0
19.1881,1
19.1881,0
19.189,1
19.189,0
19.19,1
19.19,0
19.1909,1
19.1909,0
19.1919,1
19.1919,0
19.1928,1
19.1928,0
19.1937,1
19.1937,0
19.1947,1
19.1947,0
19.1956,1
19.1956,0
19.1966,1
19.1966,0
19.1975,1
19.1975,0
19.1985,1
19.1985,0
19.1994,1
19.1994,0
19.2003,1
19.2003,0
19.2013,1
19.2013,0
19.2022,1
19.2022,0
19.2032,1
19.2032,0
19.2041,1
19.2041,0
19.2051,1
19.2051,0
19.206,1
19.206,0
19.207,1
19.207,0
19.2079,1
19.2079,0
19.2088,1
19.2088,0
19.2098,1
19.2098,0
19.2107,1
19.2107,0
19.2117,1
19.2117,0
19.2126,1
19.2126,0
19.2136,1
19.2136,0
19.2145,1
19.2145,0
19.2155,1
19.2155,0
19.2164,1
19.2164,0
19.2173,1
19.2173,0
19.2183,1
19.2183,0
19.2192,1
19.2192,0
19.2202,1
19.2202,0
19.2211,1
19.2211,0
19.2221,1
19.2221,0
19.223,1
19.223,0
19.2239,1
19.2239,0
19.2249,1
19.2249,0
19.2258,1
19.2258,0
19.2268,1
19.2268,0
19.2277,1
19.2277,0
19.2287,1
19.2287,0
19.2296,1
19.2296,0
19.2306,1
19.2306,0
19.2315,1
19.2315,0
19.2324,1
19.2324,0
19.2334,1
19.2334,0
19.2343,1
19.2343,0
19.2353,1
19.2353,0
19.2362,1
19.2362,0
19.2372,1
19.2372,0
19.2381,1
19.2381,0
19.2391,1
19.2391,0
19.24,1
19.24,0
19.2409,1
19.2409,0
19.2419,1
19.2419,0
19.2428,1
19.2428,0
19.2438,1
19.2438,0
19.2447,1
19.2447,0
19.2457,1
19.2457,0
19.2466,1
19.2466,0
19.2475,1
19.2475,0
19.2485,1
19.2485,0
19.2494,1
19.2494,0
19.2504,1
19.2504,0
19.2513,1
19.2513,0
19.2523,1
19.2523,0
19.2532,1
19.2532,0
19.2542,1
19.2542,0
19.2551,1
19.2551,0
19.256,1
19.256,0
19.257,1
19.257,0
19.2579,1
19.2579,0
19.2589,1
19.2589,0
19.2598,1
19.2598,0
19.2608,1
19.2608,0
19.2617,1
19.2617,0
19.2627,1
19.2627,0
19.2636,1
19.2636,0
19.2645,1
19.2645,0
19.2655,1
19.2655,0
19.2664,1
19.2664,0
19.2674,1
19.2674,0
19.2683,1
19.2683,0
19.2693,1
19.2693,0
19.2702,1
19.2702,0
19.2711,1
19.2711,0
19.2721,1
19.2721,0
19.273,1
19.273,0
19.274,1
19.274,0
19.2749,1
19.2749,0
19.2759,1
19.2759,0
19.2768,1
19.2768,0
19.2778,1
19.2778,0
19.2787,1
19.2787,0
19.2796,1
19.2796,0
19.2806,1
19.2806,0
19.2815,1
19.2815,0
19.2825,1
19.2825,0
19.2834,1
19.2834,0
19.2844,1
19.2844,0
19.2853,1
19.2853,0
19.2863,1
19.2863,0
19.2872,1
19.2872,0
19.2881,1
19.2881,0
19.2891,1
19.2891,0
19.29,1
19.29,0
19.291,1
19.291,0
19.2919,1
19.2919,0
19.2929,1
19.2929,0
19.2938,1
19.2938,0
19.2947,1
19.2947,0
19.2957,1
19.2957,0
19.2966,1
19.2966,0
19.2976,1
19.2976,0
19.2985,1
19.2985,0
19.2995,1
19.2995,0
19.3004,1
19.3004,0
19.3014,1
19.3014,0
19.3023,1
19.3023,0
19.3032,1
19.3032,0
19.3042,1
19.3042,0
19.3051,1
19.3051,0
19.3061,1
19.3061,0
19.307,1
19.307,0
19.308,1
19.308,0
19.3089,1
19.3089,0
19.3099,1
19.3099,0
19.3108,1
19.3108,0
19.3117,1
19.3117,0
19.3127,1
19.3127,0
19.3136,1
19.3136,0
19.3146,1
19.3146,0
19.3155,1
19.3155,0
19.3165,1
19.3165,0
19.3174,1
19.3174,0
19.3183,1
19.3183,0
19.3193,1
19.3193,0
19.3202,1
19.3202,0
19.3212,1
19.3212,0
19.3221,1
19.3221,0
19.3231,1
19.3231,0
19.324,1
19.324,0
19.325,1
19.325,0
19.3259,1
19.3259,0
19.3268,1
19.3268,0
19.3278,1
19.3278,0
19.3287,1
19.3287,0
19.3297,1
19.3297,0
19.3306,1
19.3306,0
19.3316,1
19.3316,0
19.3325,1
19.3325,0
19.3335,1
19.3335,0
19.3344,1
19.3344,0
19.3353,1
19.3353,0
19.3363,1
19.3363,0
19.3372,1
19.3372,0
19.3382,1
19.3382,0
19.3391,1
19.3391,0
19.3401,1
19.3401,0
19.341,1
19.341,0
19.3419,1
19.3419,0
19.3429,1
19.3429,0
19.3438,1
19.3438,0
19.3448,1
19.3448,0
19.3457,1
19.3457,0
19.3467,1
19.3467,0
19.3476,1
19.3476,0
19.3486,1
19.3486,0
19.3495,1
19.3495,0
19.3504,1
19.3504,0
19.3514,1
19.3514,0
19.3523,1
19.3523,0
19.3533,1
19.3533,0
19.3542,1
19.3542,0
19.3552,1
19.3552,0
19.3561,1
19.3561,0
19.3571,1
19.3571,0
19.358,1
19.358,0
19.3589,1
19.3589,0
19.3599,1
19.3599,0
19.3608,1
19.3608,0
19.3618,1
19.3618,0
19.3627,1
19.3627,0
19.3637,1
19.3637,0
19.3646,1
19.3646,0
19.3655,1
19.3655,0
19.3665,1
19.3665,0
19.3674,1
19.3674,0
19.3684,1
19.3684,0
19.3693,1
19.3693,0
19.3703,1
19.3703,0
19.3712,1
19.3712,0
19.3722,1
19.3722,0
19.3731,1
19.3731,0
19.374,1
19.374,0
19.375,1
19.375,0
19.3759,1
19.3759,0
19.3769,1
19.3769,0
19.3778,1
19.3778,0
19.3788,1
19.3788,0
19.3797,1
19.3797,0
19.3807,1
19.3807,0
19.3816,1
19.3816,0
19.3825,1
19.3825,0
19.3835,1
19.3835,0
19.3844,1
19.3844,0
19.3854,1
19.3854,0
19.3863,1
19.3863,0
19.3873,1
19.3873,0
19.3882,1
19.3882,0
19.3891,1
19.3891,0
19.3901,1
19.3901,0
19.391,1
19.391,0
19.392,1
19.392,0
19.3929,1
19.3929,0
19.3939,1
19.3939,0
19.3948,1
19.3948,0
19.3958,1
19.3958,0
19.3967,1
19.3967,0
19.3976,1
19.3976,0
19.3986,1
19.3986,0
19.3995,1
19.3995,0
19.4005,1
19.4005,0
19.4014,1
19.4014,0
19.4024,1
19.4024,0
19.4033,1
19.4033,0
19.4043,1
19.4043,0
19.4052,1
19.4052,0
19.4061,1
19.4061,0
19.4071,1
19.4071,0
19.408,1
19.408,0
19.409,1
19.409,0
19.4099,1
19.4099,0
19.4109,1
19.4109,0
19.4118,1
19.4118,0
19.4127,1
19.4127,0
19.4137,1
19.4137,0
19.4146,1
19.4146,0
19.4156,1
19.4156,0
19.4165,1
19.4165,0
19.4175,1
19.4175,0
19.4184,1
19.4184,0
19.4194,1
19.4194,0
19.4203,1
19.4203,0
19.4212,1
19.4212,0
19.4222,1
19.4222,0
19.4231,1
19.4231,0
19.4241,1
19.4241,0
19.425,1
19.425,0
19.426,1
19.426,0
19.4269,1
19.4269,0
19.4279,1
19.4279,0
19.4288,1
19.4288,0
19.4297,1
19.4297,0
19.4307,1
19.4307,0
19.4316,1
19.4316,0
19.4326,1
19.4326,0
19.4335,1
19.4335,0
19.4345,1
19.4345,0
19.4354,1
19.4354,0
19.4363,1
19.4363,0
19.4373,1
19.4373,0
19.4382,1
19.4382,0
19.4392,1
19.4392,0
19.4401,1
19.4401,0
19.4411,1
19.4411,0
19.442,1
19.442,0
19.443,1
19.443,0
19.4439,1
19.4439,0
19.4448,1
19.4448,0
19.4458,1
19.4458,0
19.4467,1
19.4467,0
19.4477,1
19.4477,0
19.4486,1
19.4486,0
19.4496,1
19.4496,0
19.4505,1
19.4505,0
19.4515,1
19.4515,0
19.4524,1
19.4524,0
19.4533,1
19.4533,0
19.4543,1
19.4543,0
19.4552,1
19.4552,0
19.4562,1
19.4562,0
19.4571,1
19.4571,0
19.4581,1
19.4581,0
19.459,1
19.459,0
19.4599,1
19.4599,0
19.4609,1
19.4609,0
19.4618,1
19.4618,0
19.4628,1
19.4628,0
19.4637,1
19.4637,0
19.4647,1
19.4647,0
19.4656,1
19.4656,0
19.4666,1
19.4666,0
19.4675,1
19.4675,0
19.4684,1
19.4684,0
19.4694,1
19.4694,0
19.4703,1
19.4703,0
19.4713,1
19.4713,0
19.4722,1
19.4722,0
19.4732,1
19.4732,0
19.4741,1
19.4741,0
19.4751,1
19.4751,0
19.476,1
19.476,0
19.4769,1
19.4769,0
19.4779,1
19.4779,0
19.4788,1
19.4788,0
19.4798,1
19.4798,0
19.4807,1
19.4807,0
19.4817,1
19.4817,0
19.4826,1
19.4826,0
19.4835,1
19.4835,0
19.4845,1
19.4845,0
19.4854,1
19.4854,0
19.4864,1
19.4864,0
19.4873,1
19.4873,0
19.4883,1
19.4883,0
19.4892,1
19.4892,0
19.4902,1
19.4902,0
19.4911,1
19.4911,0
19.492,1
19.492,0
19.493,1
19.493,0
19.4939,1
19.4939,0
19.4949,1
19.4949,0
19.4958,1
19.4958,0
19.4968,1
19.4968,0
19.4977,1
19.4977,0
19.4987,1
19.4987,0
19.4996,1
19.4996,0
19.5005,1
19.5005,0
19.5015,1
19.5015,0
19.5024,1
19.5024,0
19.5034,1
19.5034,0
19.5043,1
19.5043,0
19.5053,1
19.5053,0
19.5062,1
19.5062,0
19.5071,1
19.5071,0
19.5081,1
19.5081,0
19.509,1
19.509,0
19.51,1
19.51,0
19.5109,1
19.5109,0
19.5119,1
19.5119,0
19.5128,1
19.5128,0
19.5138,1
19.5138,0
19.5147,1
19.5147,0
19.5156,1
19.5156,0
19.5166,1
19.5166,0
19.5175,1
19.5175,0
19.5185,1
19.5185,0
19.5194,1
19.5194,0
19.5204,1
19.5204,0
19.5213,1
19.5213,0
19.5223,1
19.5223,0
19.5232,1
19.5232,0
19.5241,1
19.5241,0
19.5251,1
19.5251,0
19.526,1
19.526,0
19.527,1
19.527,0
19.5279,1
19.5279,0
19.5289,1
19.5289,0
19.5298,1
19.5298,0
19.5307,1
19.5307,0
19.5317,1
19.5317,0
19.5326,1
19.5326,0
19.5336,1
19.5336,0
19.5345,1
19.5345,0
19.5355,1
19.5355,0
19.5364,1
19.5364,0
19.5374,1
19.5374,0
19.5383,1
19.5383,0
19.5392,1
19.5392,0
19.5402,1
19.5402,0
19.5411,1
19.5411,0
19.5421,1
19.5421,0
19.543,1
19.543,0
19.544,1
19.544,0
19.5449,1
19.5449,0
19.5459,1
19.5459,0
19.5468,1
19.5468,0
19.5477,1
19.5477,0
19.5487,1
19.5487,0
19.5496,1
19.5496,0
19.5506,1
19.5506,0
19.5515,1
19.5515,0
19.5525,1
19.5525,0
19.5534,1
19.5534,0
19.5543,1
19.5543,0
19.5553,1
19.5553,0
19.5562,1
19.5562,0
19.5572,1
19.5572,0
19.5581,1
19.5581,0
19.5591,1
19.5591,0
19.56,1
19.56,0
19.561,1
19.561,0
19.5619,1
19.5619,0
19.5628,1
19.5628,0
19.5638,1
19.5638,0
19.5647,1
19.5647,0
19.5657,1
19.5657,0
19.5666,1
19.5666,0
19.5676,1
19.5676,0
19.5685,1
19.5685,0
19.5695,1
19.5695,0
19.5704,1
19.5704,0
19.5713,1
19.5713,0
19.5723,1
19.5723,0
19.5732,1
19.5732,0
19.5742,1
19.5742,0
19.5751,1
19.5751,0
19.5761,1
19.5761,0
19.577,1
19.577,0
19.5779,1
19.5779,0
19.5789,1
19.5789,0
19.5798,1
19.5798,0
19.5808,1
19.5808,0
19.5817,1
19.5817,0
19.5827,1
19.5827,0
19.5836,1
19.5836,0
19.5846,1
19.5846,0
19.5855,1
19.5855,0
19.5864,1
19.5864,0
19.5874,1
19.5874,0
19.5883,1
19.5883,0
19.5893,1
19.5893,0
19.5902,1
19.5902,0
19.5912,1
19.5912,0
19.5921,1
19.5921,0
19.5931,1
19.5931,0
19.594,1
19.594,0
19.5949,1
19.5949,0
19.5959,1
19.5959,0
19.5968,1
19.5968,0
19.5978,1
19.5978,0
19.5987,1
19.5987,0
19.5997,1
19.5997,0
19.6006,1
19.6006,0
19.6015,1
19.6015,0
19.6025,1
19.6025,0
19.6034,1
19.6034,0
19.6044,1
19.6044,0
19.6053,1
19.6053,0
19.6063,1
19.6063,0
19.6072,1
19.6072,0
19.6082,1
19.6082,0
19.6091,1
19.6091,0
19.61,1
19.61,0
19.611,1
19.611,0
19.6119,1
19.6119,0
19.6129,1
19.6129,0
19.6138,1
19.6138,0
19.6148,1
19.6148,0
19.6157,1
19.6157,0
19.6167,1
19.6167,0
19.6176,1
19.6176,0
19.6185,1
19.6185,0
19.6195,1
19.6195,0
19.6204,1
19.6204,0
19.6214,1
19.6214,0
19.6223,1
19.6223,0
19.6233,1
19.6233,0
19.6242,1
19.6242,0
19.6251,1
19.6251,0
19.6261,1
19.6261,0
19.627,1
19.627,0
19.628,1
19.628,0
19.6289,1
19.6289,0
19.6299,1
19.6299,0
19.6308,1
19.6308,0
19.6318,1
19.6318,0
19.6327,1
19.6327,0
19.6336,1
19.6336,0
19.6346,1
19.6346,0
19.6355,1
19.6355,0
19.6365,1
19.6365,0
19.6374,1
19.6374,0
19.6384,1
19.6384,0
19.6393,1
19.6393,0
19.6403,1
19.6403,0
19.6412,1
19.6412,0
19.6421,1
19.6421,0
19.6431,1
19.6431,0
19.644,1
19.644,0
19.645,1
19.645,0
19.6459,1
19.6459,0
19.6469,1
19.6469,0
19.6478,1
19.6478,0
19.6487,1
19.6487,0
19.6497,1
19.6497,0
19.6506,1
19.6506,0
19.6516,1
19.6516,0
19.6525,1
19.6525,0
19.6535,1
19.6535,0
19.6544,1
19.6544,0
19.6554,1
19.6554,0
19.6563,1
19.6563,0
19.6572,1
19.6572,0
19.6582,1
19.6582,0
19.6591,1
19.6591,0
19.6601,1
19.6601,0
19.661,1
19.661,0
19.662,1
19.662,0
19.6629,1
19.6629,0
19.6639,1
19.6639,0
19.6648,1
19.6648,0
19.6657,1
19.6657,0
19.6667,1
19.6667,0
19.6676,1
19.6676,0
19.6686,1
19.6686,0
19.6695,1
19.6695,0
19.6705,1
19.6705,0
19.6714,1
19.6714,0
19.6723,1
19.6723,0
19.6733,1
19.6733,0
19.6742,1
19.6742,0
19.6752,1
19.6752,0
19.6761,1
19.6761,0
19.6771,1
19.6771,0
19.678,1
19.678,0
19.679,1
19.679,0
19.6799,1
19.6799,0
19.6808,1
19.6808,0
19.6818,1
19.6818,0
19.6827,1
19.6827,0
19.6837,1
19.6837,0
19.6846,1
19.6846,0
19.6856,1
19.6856,0
19.6865,1
19.6865,0
19.6875,1
19.6875,0
19.6884,1
19.6884,0
19.6893,1
19.6893,0
19.6903,1
19.6903,0
19.6912,1
19.6912,0
19.6922,1
19.6922,0
19.6931,1
19.6931,0
19.6941,1
19.6941,0
19.695,1
19.695,0
19.6959,1
19.6959,0
19.6969,1
19.6969,0
19.6978,1
19.6978,0
19.6988,1
19.6988,0
19.6997,1
19.6997,0
19.7007,1
19.7007,0
19.7016,1
19.7016,0
19.7026,1
19.7026,0
19.7035,1
19.7035,0
19.7044,1
19.7044,0
19.7054,1
19.7054,0
19.7063,1
19.7063,0
19.7073,1
19.7073,0
19.7082,1
19.7082,0
19.7092,1
19.7092,0
19.7101,1
19.7101,0
19.7111,1
19.7111,0
19.712,1
19.712,0
19.7129,1
19.7129,0
19.7139,1
19.7139,0
19.7148,1
19.7148,0
19.7158,1
19.7158,0
19.7167,1
19.7167,0
19.7177,1
19.7177,0
19.7186,1
19.7186,0
19.7195,1
19.7195,0
19.7205,1
19.7205,0
19.7214,1
19.7214,0
19.7224,1
19.7224,0
19.7233,1
19.7233,0
19.7243,1
19.7243,0
19.7252,1
19.7252,0
19.7262,1
19.7262,0
19.7271,1
19.7271,0
19.728,1
19.728,0
19.729,1
19.729,0
19.7299,1
19.7299,0
19.7309,1
19.7309,0
19.7318,1
19.7318,0
19.7328,1
19.7328,0
19.7337,1
19.7337,0
19.7347,1
19.7347,0
19.7356,1
19.7356,0
19.7365,1
19.7365,0
19.7375,1
19.7375,0
19.7384,1
19.7384,0
19.7394,1
19.7394,0
19.7403,1
19.7403,0
19.7413,1
19.7413,0
19.7422,1
19.7422,0
19.7431,1
19.7431,0
19.7441,1
19.7441,0
19.745,1
19.745,0
19.746,1
19.746,0
19.7469,1
19.7469,0
19.7479,1
19.7479,0
19.7488,1
19.7488,0
19.7498,1
19.7498,0
19.7507,1
19.7507,0
19.7516,1
19.7516,0
19.7526,1
19.7526,0
19.7535,1
19.7535,0
19.7545,1
19.7545,0
19.7554,1
19.7554,0
19.7564,1
19.7564,0
19.7573,1
19.7573,0
19.7583,1
19.7583,0
19.7592,1
19.7592,0
19.7601,1
19.7601,0
19.7611,1
19.7611,0
19.762,1
19.762,0
19.763,1
19.763,0
19.7639,1
19.7639,0
19.7649,1
19.7649,0
19.7658,1
19.7658,0
19.7667,1
19.7667,0
19.7677,1
19.7677,0
19.7686,1
19.7686,0
19.7696,1
19.7696,0
19.7705,1
19.7705,0
19.7715,1
19.7715,0
19.7724,1
19.7724,0
19.7734,1
19.7734,0
19.7743,1
19.7743,0
19.7752,1
19.7752,0
19.7762,1
19.7762,0
19.7771,1
19.7771,0
19.7781,1
19.7781,0
19.779,1
19.779,0
19.78,1
19.78,0
19.7809,1
19.7809,0
19.7819,1
19.7819,0
19.7828,1
19.7828,0
19.7837,1
19.7837,0
19.7847,1
19.7847,0
19.7856,1
19.7856,0
19.7866,1
19.7866,0
19.7875,1
19.7875,0
19.7885,1
19.7885,0
19.7894,1
19.7894,0
19.7903,1
19.7903,0
19.7913,1
19.7913,0
19.7922,1
19.7922,0
19.7932,1
19.7932,0
19.7941,1
19.7941,0
19.7951,1
19.7951,0
19.796,1
19.796,0
19.797,1
19.797,0
19.7979,1
19.7979,0
19.7988,1
19.7988,0
19.7998,1
19.7998,0
19.8007,1
19.8007,0
19.8017,1
19.8017,0
19.8026,1
19.8026,0
19.8036,1
19.8036,0
19.8045,1
19.8045,0
19.8055,1
19.8055,0
19.8064,1
19.8064,0
19.8073,1
19.8073,0
19.8083,1
19.8083,0
19.8092,1
19.8092,0
19.8102,1
19.8102,0
19.8111,1
19.8111,0
19.8121,1
19.8121,0
19.813,1
19.813,0
19.8139,1
19.8139,0
19.8149,1
19.8149,0
19.8158,1
19.8158,0
19.8168,1
19.8168,0
19.8177,1
19.8177,0
19.8187,1
19.8187,0
19.8196,1
19.8196,0
19.8206,1
19.8206,0
19.8215,1
19.8215,0
19.8224,1
19.8224,0
19.8234,1
19.8234,0
19.8243,1
19.8243,0
19.8253,1
19.8253,0
19.8262,1
19.8262,0
19.8272,1
19.8272,0
19.8281,1
19.8281,0
19.8291,1
19.8291,0
19.83,1
19.83,0
19.8309,1
19.8309,0
19.8319,1
19.8319,0
19.8328,1
19.8328,0
19.8338,1
19.8338,0
19.8347,1
19.8347,0
19.8357,1
19.8357,0
19.8366,1
19.8366,0
19.8375,1
19.8375,0
19.8385,1
19.8385,0
19.8394,1
19.8394,0
19.8404,1
19.8404,0
19.8413,1
19.8413,0
19.8423,1
19.8423,0
19.8432,1
19.8432,0
19.8442,1
19.8442,0
19.8451,1
19.8451,0
19.846,1
19.846,0
19.847,1
19.847,0
19.8479,1
19.8479,0
19.8489,1
19.8489,0
19.8498,1
19.8498,0
19.8508,1
19.8508,0
19.8517,1
19.8517,0
19.8527,1
19.8527,0
19.8536,1
19.8536,0
19.8545,1
19.8545,0
19.8555,1
19.8555,0
19.8564,1
19.8564,0
19.8574,1
19.8574,0
19.8583,1
19.8583,0
19.8593,1
19.8593,0
19.8602,1
19.8602,0
19.8611,1
19.8611,0
19.8621,1
19.8621,0
19.863,1
19.863,0
19.864,1
19.864,0
19.8649,1
19.8649,0
19.8659,1
19.8659,0
19.8668,1
19.8668,0
19.8678,1
19.8678,0
19.8687,1
19.8687,0
19.8696,1
19.8696,0
19.8706,1
19.8706,0
19.8715,1
19.8715,0
19.8725,1
19.8725,0
19.8734,1
19.8734,0
19.8744,1
19.8744,0
19.8753,1
19.8753,0
19.8763,1
19.8763,0
19.8772,1
19.8772,0
19.8781,1
19.8781,0
19.8791,1
19.8791,0
19.88,1
19.88,0
19.881,1
19.881,0
19.8819,1
19.8819,0
19.8829,1
19.8829,0
19.8838,1
19.8838,0
19.8847,1
19.8847,0
19.8857,1
19.8857,0
19.8866,1
19.8866,0
19.8876,1
19.8876,0
19.8885,1
19.8885,0
19.8895,1
19.8895,0
19.8904,1
19.8904,0
19.8914,1
19.8914,0
19.8923,1
19.8923,0
19.8932,1
19.8932,0
19.8942,1
19.8942,0
19.8951,1
19.8951,0
19.8961,1
19.8961,0
19.897,1
19.897,0
19.898,1
19.898,0
19.8989,1
19.8989,0
19.8999,1
19.8999,0
19.9008,1
19.9008,0
19.9017,1
19.9017,0
19.9027,1
19.9027,0
19.9036,1
19.9036,0
19.9046,1
19.9046,0
19.9055,1
19.9055,0
19.9065,1
19.9065,0
19.9074,1
19.9074,0
19.9083,1
19.9083,0
19.9093,1
19.9093,0
19.9102,1
19.9102,0
19.9112,1
19.9112,0
19.9121,1
19.9121,0
19.9131,1
19.9131,0
19.914,1
19.914,0
19.915,1
19.915,0
19.9159,1
19.9159,0
19.9168,1
19.9168,0
19.9178,1
19.9178,0
19.9187,1
19.9187,0
19.9197,1
19.9197,0
19.9206,1
19.9206,0
19.9216,1
19.9216,0
19.9225,1
19.9225,0
19.9235,1
19.9235,0
19.9244,1
19.9244,0
19.9253,1
19.9253,0
19.9263,1
19.9263,0
19.9272,1
19.9272,0
19.9282,1
19.9282,0
19.9291,1
19.9291,0
19.9301,1
19.9301,0
19.931,1
19.931,0
19.9319,1
19.9319,0
19.9329,1
19.9329,0
19.9338,1
19.9338,0
19.9348,1
19.9348,0
19.9357,1
19.9357,0
19.9367,1
19.9367,0
19.9376,1
19.9376,0
19.9386,1
19.9386,0
19.9395,1
19.9395,0
19.9404,1
19.9404,0
19.9414,1
19.9414,0
19.9423,1
19.9423,0
19.9433,1
19.9433,0
19.9442,1
19.9442,0
19.9452,1
19.9452,0
19.9461,1
19.9461,0
19.9471,1
19.9471,0
19.948,1
19.948,0
19.9489,1
19.9489,0
19.9499,1
19.9499,0
19.9508,1
19.9508,0
19.9518,1
19.9518,0
19.9527,1
19.9527,0
19.9537,1
19.9537,0
19.9546,1
19.9546,0
19.9555,1
19.9555,0
19.9565,1
19.9565,0
19.9574,1
19.9574,0
19.9584,1
19.9584,0
19.9593,1
19.9593,0
19.9603,1
19.9603,0
19.9612,1
19.9612,0
19.9622,1
19.9622,0
19.9631,1
19.9631,0
19.964,1
19.964,0
19.965,1
19.965,0
19.9659,1
19.9659,0
19.9669,1
19.9669,0
19.9678,1
19.9678,0
19.9688,1
19.9688,0
19.9697,1
19.9697,0
19.9707,1
19.9707,0
19.9716,1
19.9716,0
19.9725,1
19.9725,0
19.9735,1
19.9735,0
19.9744,1
19.9744,0
19.9754,1
19.9754,0
19.9763,1
19.9763,0
19.9773,1
19.9773,0
19.9782,1
19.9782,0
19.9791,1
19.9791,0
19.9801,1
19.9801,0
19.981,1
19.981,0
19.982,1
19.982,0
19.9829,1
19.9829,0
19.9839,1
19.9839,0
19.9848,1
19.9848,0
19.9858,1
19.9858,0
19.9867,1
19.9867,0
19.9876,1
19.9876,0
19.9886,1
19.9886,0
19.9895,1
19.9895,0
19.9905,1
19.9905,0
19.9914,1
19.9914,0
19.9924,1
19.9924,0
19.9933,1
19.9933,0
19.9943,1
19.9943,0
19.9952,1
19.9952,0
19.9961,1
19.9961,0
19.9971,1
19.9971,0
19.998,1
19.998,0
19.999,1
19.999,0
19.9999,1
19.9999,0
