0.140093,40
0.181595,40
0.182539,40
0.183483,40
0.184427,41
0.221166,46
0.22211,45
0.223054,45
0.223998,44
0.224942,44
0.225886,44
0.22683,44
0.227774,44
0.228718,44
0.261682,48
0.262626,47
0.26357,46
0.264514,46
0.265458,45
0.266402,45
0.267346,45
0.26829,45
0.269234,45
0.270178,45
0.271122,45
0.272066,45
0.27301,46
0.273954,46
0.274898,46
0.275842,46
0.276786,46
0.27773,47
0.302197,50
0.303141,49
0.304085,48
0.305029,47
0.305973,47
0.306917,46
0.307861,46
0.308805,46
0.309749,45
0.310693,45
0.311637,45
0.312581,45
0.313525,46
0.314469,46
0.315413,46
0.316357,46
0.317301,46
0.318245,47
0.319189,47
0.320133,47
0.321077,48
0.322021,48
0.322965,48
0.323909,49
0.324853,49
0.325797,49
0.326741,50
0.327685,50
0.328629,51
0.329573,51
0.330517,52
0.331461,52
0.332405,53
0.333349,53
0.334293,54
0.335237,54
0.342712,56
0.343656,54
0.3446,52
0.345544,51
0.346488,50
0.347432,49
0.348376,48
0.34932,48
0.350264,47
0.351208,47
0.352152,47
0.353096,47
0.35404,47
0.354984,47
0.355928,47
0.356872,47
0.357816,47
0.35876,47
0.359704,48
0.360648,48
0.361592,48
0.362536,48
0.36348,49
0.364424,49
0.365368,50
0.366312,50
0.367256,50
0.3682,51
0.369144,51
0.370088,52
0.371032,52
0.371976,52
0.37292,53
0.373864,53
0.374808,54
0.375752,54
0.376696,54
0.37764,55
0.378584,55
0.379528,56
0.380472,56
0.381416,57
0.38236,57
0.383304,57
0.384248,58
0.385192,59
0.386136,59
0.38708,60
0.388024,60
0.388968,61
0.389912,61
0.390856,62
0.3918,62
0.392744,63
0.393688,63
0.394632,63
0.395576,64
0.39652,64
0.397464,65
0.398408,65
0.399352,66
0.400296,66
0.40124,67
0.402184,67
0.403128,68
0.404072,68
0.405016,69
0.40596,69
0.406904,70
0.407848,70
0.408792,70
0.409736,71
0.41068,71
0.411624,71
0.412568,71
0.413512,71
0.414456,71
0.4154,71
0.416344,71
0.417288,71
0.418232,71
0.419176,71
0.42012,71
0.421064,72
0.422008,72
0.422952,72
0.423896,73
0.42484,73
0.425784,73
0.426728,73
0.427672,74
0.428616,74
0.42956,75
0.430504,75
0.431448,75
0.432392,76
0.433336,76
0.43428,77
0.435224,77
0.436168,78
0.437112,78
0.438056,79
0.439,79
0.439944,80
0.440888,80
0.441832,81
0.442776,81
0.44372,82
0.444664,82
0.445608,82
0.446552,83
0.447496,83
0.44844,84
0.449384,84
0.450328,85
0.451272,85
0.452216,86
0.45316,86
0.454104,87
0.455048,87
0.455992,88
0.456936,88
0.45788,88
0.458824,89
0.459768,89
0.460712,90
0.461656,90
0.4626,91
0.463544,91
0.464488,92
0.465432,92
0.466376,92
0.46732,93
0.468264,93
0.469208,94
0.470152,94
0.471096,95
0.47204,96
0.472984,96
0.473928,97
0.474872,97
0.475816,97
0.47676,98
0.477704,98
0.478648,99
0.479592,99
0.480536,100
0.48148,100
0.482424,101
0.483368,101
0.484312,102
0.485256,102
0.4862,103
0.487144,103
0.488088,104
0.489032,104
0.489976,105
0.49092,105
0.491864,105
0.492808,106
0.493752,106
0.494696,106
0.49564,107
0.496584,107
0.497528,107
0.498472,107
0.499416,108
0.50036,108
0.501304,108
0.502248,108
0.503192,108
0.504136,109
0.50508,109
0.506024,109
0.506968,109
0.507912,109
0.508856,109
0.5098,109
0.510744,109
0.511688,109
0.512632,109
0.513576,109
0.51452,109
0.515464,109
0.516408,109
0.517352,109
0.518296,110
0.51924,110
0.520184,110
0.521128,110
0.522072,110
0.523016,110
0.52396,110
0.524904,110
0.525848,110
0.526792,110
0.527736,110
0.52868,110
0.529624,110
0.530568,110
0.531512,110
0.532456,110
0.5334,110
0.534344,110
0.535288,110
0.536232,110
0.537176,111
0.53812,111
0.539064,111
0.540008,111
0.540952,111
0.541896,111
0.54284,111
0.543784,111
0.544728,111
0.545672,111
0.546616,111
0.54756,111
0.548504,111
0.549448,111
0.550392,111
0.551336,111
0.55228,111
0.553224,111
0.554168,111
0.555112,111
0.556056,112
0.557,112
0.557944,112
0.558888,112
0.559832,112
0.773142,110
0.774086,101
0.77503,94
0.775974,88
0.776918,82
0.777862,77
0.778806,73
0.77975,70
0.780694,67
0.781638,65
0.782582,63
0.783526,61
0.78447,60
0.785414,59
0.786358,58
0.787302,58
0.788246,58
0.78919,58
0.790134,58
0.791078,58
0.792022,58
0.792966,58
0.79391,58
0.794854,59
0.795798,59
0.796742,60
0.797686,60
0.79863,61
0.799574,62
0.800518,62
0.801462,63
0.802406,64
0.80335,65
0.804294,66
0.805238,66
0.806182,67
0.807126,68
0.80807,69
0.809014,70
0.809958,71
0.810902,72
0.811846,73
0.81279,73
0.813734,74
0.814678,75
0.815622,76
0.816566,77
0.81751,78
0.818454,79
0.819398,80
0.820342,81
0.821286,82
0.82223,83
0.823174,84
0.824118,85
0.825062,86
0.826006,87
0.82695,87
0.827894,88
0.828838,89
0.829782,90
0.830726,91
0.83167,92
0.832614,93
0.833558,94
0.834502,95
0.835446,96
0.83639,97
0.837334,98
0.838278,99
0.839222,100
0.840166,101
0.84111,102
0.842054,103
0.842998,103
0.843942,104
0.844886,105
0.84583,106
0.846774,107
0.847718,108
0.848662,109
0.849606,110
0.85055,111
0.851494,112
0.852438,113
0.853382,109
0.854326,105
0.85527,102
0.856214,99
0.857158,97
0.858102,95
0.859046,93
0.85999,92
0.860934,90
0.861878,89
0.862822,88
0.863766,87
0.86471,86
0.865654,86
0.866598,85
0.867542,84
0.868486,84
0.86943,83
0.870374,83
0.871318,83
0.872262,82
0.873206,82
0.87415,82
0.875094,82
0.876038,82
0.876982,82
0.877926,82
0.87887,81
0.879814,81
0.880758,81
0.881702,81
0.882646,81
0.88359,81
0.884534,81
0.885478,81
0.886422,81
0.887366,81
0.88831,81
0.889254,81
0.890198,81
0.891142,81
0.892086,81
0.89303,81
0.893974,81
0.894918,81
0.895862,81
0.896806,81
0.89775,81
0.898694,81
0.899638,81
0.900582,81
0.901526,81
0.90247,81
0.903414,81
0.904358,81
0.905302,81
0.906246,81
0.90719,81
0.908134,81
0.909078,81
0.910022,81
0.910966,81
0.91191,81
0.912854,81
0.913798,81
0.914742,81
0.915686,81
0.91663,81
0.917574,81
0.918518,81
0.919462,81
0.920406,81
0.92135,81
0.922294,81
0.923238,81
0.924182,81
0.925126,82
0.92607,82
0.927014,82
0.927958,82
0.928902,82
0.929846,82
0.93079,82
0.931734,82
0.932678,82
0.933622,82
0.934566,82
0.93551,82
0.936454,82
0.937398,82
0.938342,82
0.939286,82
0.94023,82
0.941174,82
0.942118,82
0.943062,82
0.944006,82
0.94495,82
0.945894,82
0.946838,82
0.947782,82
0.948726,82
0.94967,82
0.950614,82
0.951558,82
0.952502,82
0.953446,82
0.95439,82
0.955334,82
0.956278,82
0.957222,82
0.958166,82
0.95911,82
0.960054,82
0.960998,82
0.961942,82
0.962886,82
0.96383,82
0.964774,82
0.965718,82
0.966662,82
0.967606,82
0.96855,82
0.969494,82
0.970438,82
0.971382,82
0.972326,82
0.97327,82
0.974214,82
0.975158,82
0.976102,82
0.977046,83
0.97799,83
0.978934,83
0.979878,83
0.980822,83
0.981766,83
0.98271,83
0.983654,83
0.984598,83
0.985542,83
0.986486,83
0.98743,83
0.988374,83
0.989318,83
0.990262,83
0.991206,83
0.99215,83
0.993094,83
0.994038,83
0.994982,83
0.995926,83
0.99687,83
0.997814,83
0.998758,83
0.999702,83
1.00065,83
1.00159,83
1.00253,83
1.00348,83
1.00442,83
1.00537,83
1.00631,83
1.00725,83
1.0082,83
1.00914,83
1.01009,83
1.01103,83
1.01197,83
1.01292,83
1.01386,83
1.01481,83
1.01575,83
1.01669,83
1.01764,83
1.01858,83
1.01953,83
1.02047,83
1.02141,83
1.02236,83
1.0233,83
1.02425,83
1.02519,83
1.02613,83
1.02708,83
1.02802,83
1.02897,83
1.02991,83
1.03085,83
1.0318,83
1.03274,83
1.03369,83
1.03463,83
1.03557,83
1.03652,83
1.03746,83
1.03841,83
1.03935,83
1.04029,83
1.04124,83
1.04218,83
1.04313,83
1.04407,83
1.04501,84
1.04596,84
1.0469,84
1.04785,84
1.04879,84
1.04973,84
1.05068,84
1.05162,84
1.05257,84
1.05351,84
1.05445,84
1.0554,84
1.05634,84
1.05729,84
1.05823,84
1.05917,84
1.06012,84
1.06106,84
1.06201,84
1.06295,84
1.06389,84
1.06484,84
1.06578,84
1.06673,84
1.06767,84
1.06861,84
1.06956,84
1.0705,84
1.07145,84
1.07239,84
1.07333,84
1.07428,84
1.07522,84
1.07617,84
1.07711,84
1.07805,84
1.079,84
1.07994,84
1.08089,84
1.08183,84
1.08277,84
1.08372,84
1.08466,84
1.08561,84
1.08655,84
1.08749,84
1.08844,84
1.08938,84
1.09033,84
1.09127,84
1.09221,84
1.09316,84
1.0941,84
1.09505,84
1.09599,84
1.09693,84
1.09788,84
1.09882,84
1.09977,84
1.10071,84
1.10165,84
1.1026,84
1.10354,84
1.10449,84
1.10543,84
1.10637,84
1.10732,84
1.10826,84
1.10921,84
1.11015,84
1.11109,84
1.11204,84
1.11298,84
1.11393,84
1.11487,84
1.11581,84
1.11676,84
1.1177,84
1.11865,84
1.11959,84
1.12053,84
1.12148,84
1.12242,84
1.12337,84
1.12431,84
1.12525,84
1.1262,84
1.12714,84
1.12809,84
1.12903,85
1.12997,85
1.13092,85
1.13186,85
1.13281,85
1.13375,85
1.13469,85
1.13564,85
1.13658,85
1.13753,85
1.13847,85
1.13941,85
1.14036,85
1.1413,85
1.14225,85
1.14319,85
1.14413,85
1.14508,85
1.14602,85
1.14697,85
1.14791,85
1.14885,85
1.1498,85
1.15074,85
1.15169,85
1.15263,85
1.15357,85
1.15452,85
1.15546,85
1.15641,85
1.15735,85
1.15829,85
1.15924,85
1.16018,85
1.16113,85
1.16207,85
1.16301,85
1.16396,85
1.1649,85
1.16585,85
1.16679,85
1.16773,85
1.16868,85
1.16962,85
1.17057,85
1.17151,85
1.17245,85
1.1734,85
1.17434,85
1.17529,85
1.17623,85
1.17717,85
1.17812,85
1.17906,85
1.18001,85
1.18095,85
1.18189,85
1.18284,85
1.18378,85
1.18473,85
1.18567,85
1.18661,86
1.18756,86
1.1885,86
1.18945,86
1.19039,86
1.19133,86
1.19228,86
1.19322,86
1.19417,86
1.19511,86
1.19605,86
1.197,86
1.19794,86
1.19889,86
1.19983,86
1.20077,86
1.20172,86
1.20266,86
1.20361,86
1.20455,86
1.20549,86
1.20644,86
1.20738,86
1.20833,86
1.20927,86
1.21021,86
1.21116,86
1.2121,86
1.21305,86
1.21399,86
1.21493,86
1.21588,86
1.21682,86
1.21777,86
1.21871,86
1.21965,86
1.2206,86
1.22154,86
1.22249,86
1.22343,86
1.22437,86
1.22532,86
1.22626,86
1.22721,86
1.22815,86
1.22909,86
1.23004,86
1.23098,86
1.23193,86
1.23287,86
1.23381,86
1.23476,86
1.2357,86
1.23665,86
1.23759,86
1.23853,86
1.23948,86
1.24042,86
1.24137,86
1.24231,86
1.24325,86
1.2442,86
1.24514,87
1.24609,87
1.24703,87
1.24797,87
1.24892,87
1.24986,87
1.25081,87
1.25175,87
1.25269,87
1.25364,87
1.25458,87
1.25553,87
1.25647,87
1.25741,87
1.25836,87
1.2593,87
1.26025,87
1.26119,87
1.26213,87
1.26308,87
1.26402,87
1.26497,87
1.26591,87
1.26685,87
1.2678,87
1.26874,87
1.26969,87
1.27063,87
1.27157,87
1.27252,87
1.27346,87
1.27441,87
1.27535,87
1.27629,87
1.27724,87
1.27818,87
1.27913,87
1.28007,87
1.28101,87
1.28196,87
1.2829,87
1.28385,87
1.28479,87
1.28573,87
1.28668,87
1.28762,87
1.28857,87
1.28951,87
1.29045,87
1.2914,87
1.29234,87
1.29329,87
1.29423,87
1.29517,87
1.29612,87
1.29706,87
1.29801,87
1.29895,87
1.29989,87
1.30084,87
1.30178,87
1.30273,87
1.30367,87
1.30461,87
1.30556,88
1.3065,88
1.30745,88
1.30839,88
1.30933,88
1.31028,88
1.31122,88
1.31217,88
1.31311,88
1.31405,88
1.315,88
1.31594,88
1.31689,88
1.31783,88
1.31877,88
1.31972,88
1.32066,88
1.32161,88
1.32255,88
1.32349,88
1.32444,88
1.32538,88
1.32633,88
1.32727,88
1.32821,88
1.32916,88
1.3301,88
1.33105,88
1.33199,88
1.33293,88
1.33388,88
1.33482,88
1.33577,88
1.33671,88
1.33765,88
1.3386,88
1.33954,88
1.34049,88
1.34143,88
1.34237,88
1.34332,88
1.34426,88
1.34521,88
1.34615,88
1.34709,88
1.34804,88
1.34898,88
1.34993,88
1.35087,88
1.35181,88
1.35276,88
1.3537,88
1.35465,88
1.35559,88
1.35653,88
1.35748,88
1.35842,88
1.35937,88
1.36031,88
1.36125,88
1.3622,88
1.36314,88
1.36409,89
1.36503,89
1.36597,89
1.36692,89
1.36786,89
1.36881,89
1.36975,89
1.37069,89
1.37164,89
1.37258,89
1.37353,89
1.37447,89
1.37541,89
1.37636,89
1.3773,89
1.37825,89
1.37919,89
1.38013,89
1.38108,89
1.38202,89
1.38297,89
1.38391,89
1.38485,89
1.3858,89
1.38674,89
1.38769,89
1.38863,89
1.38957,89
1.39052,89
1.39146,89
1.39241,89
1.39335,89
1.39429,89
1.39524,89
1.39618,89
1.39713,89
1.39807,89
1.39901,89
1.39996,89
1.4009,89
1.40185,89
1.40279,89
1.40373,89
1.40468,89
1.40562,89
1.40657,89
1.40751,89
1.40845,89
1.4094,89
1.41034,89
1.41129,89
1.41223,89
1.41317,89
1.41412,89
1.41506,89
1.41601,89
1.41695,89
1.41789,89
1.41884,89
1.41978,89
1.42073,89
1.42167,89
1.42261,89
1.42356,89
1.4245,89
1.42545,89
1.42639,90
1.42733,90
1.42828,90
1.42922,90
1.43017,90
1.43111,90
1.43205,90
1.433,90
1.43394,90
1.43489,90
1.43583,90
1.43677,90
1.43772,90
1.43866,90
1.43961,90
1.44055,90
1.44149,90
1.44244,90
1.44338,90
1.44433,90
1.44527,90
1.44621,90
1.44716,90
1.4481,90
1.44905,90
1.44999,90
1.45093,90
1.45188,90
1.45282,90
1.45377,90
1.45471,90
1.45565,90
1.4566,90
1.45754,90
1.45849,90
1.45943,90
1.46037,90
1.46132,90
1.46226,90
1.46321,90
1.46415,90
1.46509,90
1.46604,90
1.46698,90
1.46793,90
1.46887,90
1.46981,90
1.47076,90
1.4717,90
1.47265,90
1.47359,90
1.47453,90
1.47548,90
1.47642,90
1.47737,90
1.47831,90
1.47925,90
1.4802,90
1.48114,90
1.48209,90
1.48303,90
1.48397,90
1.48492,90
1.48586,90
1.48681,90
1.48775,90
1.48869,90
1.48964,90
1.49058,90
1.49153,91
1.49247,91
1.49341,91
1.49436,91
1.4953,91
1.49625,91
1.49719,91
1.49813,91
1.49908,91
1.50002,91
1.50097,91
1.50191,91
1.50285,91
1.5038,91
1.50474,91
1.50569,91
1.50663,91
1.50757,91
1.50852,91
1.50946,91
1.51041,91
1.51135,91
1.51229,91
1.51324,91
1.51418,91
1.51513,91
1.51607,91
1.51701,91
1.51796,91
1.5189,91
1.51985,91
1.52079,91
1.52173,91
1.52268,91
1.52362,91
1.52457,91
1.52551,91
1.52645,91
1.5274,91
1.52834,91
1.52929,91
1.53023,91
1.53117,91
1.53212,91
1.53306,91
1.53401,91
1.53495,91
1.53589,91
1.53684,91
1.53778,91
1.53873,91
1.53967,91
1.54061,91
1.54156,91
1.5425,91
1.54345,91
1.54439,91
1.54533,91
1.54628,91
1.54722,91
1.54817,91
1.54911,91
1.55005,91
1.551,91
1.55194,91
1.55289,91
1.55383,91
1.55477,91
1.55572,91
1.55666,91
1.55761,91
1.55855,91
1.55949,92
1.56044,92
1.56138,92
1.56233,92
1.56327,92
1.56421,92
1.56516,92
1.5661,92
1.56705,92
1.56799,92
1.56893,92
1.56988,92
1.57082,92
1.57177,92
1.57271,92
1.57365,92
1.5746,92
1.57554,92
1.57649,92
1.57743,92
1.57837,92
1.57932,92
1.58026,92
1.58121,92
1.58215,92
1.58309,92
1.58404,92
1.58498,92
1.58593,92
1.58687,92
1.58781,92
1.58876,92
1.5897,92
1.59065,92
1.59159,92
1.59253,92
1.59348,92
1.59442,92
1.59537,92
1.59631,92
1.59725,92
1.5982,92
1.59914,92
1.60009,92
1.60103,92
1.60197,92
1.60292,92
1.60386,92
1.60481,92
1.60575,92
1.60669,92
1.60764,92
1.60858,92
1.60953,92
1.61047,92
1.61141,92
1.61236,92
1.6133,92
1.61425,92
1.61519,92
1.61613,92
1.61708,92
1.61802,92
1.61897,92
1.61991,92
1.62085,92
1.6218,92
1.62274,92
1.62369,92
1.62463,92
1.62557,92
1.62652,92
1.62746,92
1.62841,92
1.62935,93
1.63029,93
1.63124,93
1.63218,93
1.63313,93
1.63407,93
1.63501,93
1.63596,93
1.6369,93
1.63785,93
1.63879,93
1.63973,93
1.64068,93
1.64162,93
1.64257,93
1.64351,93
1.64445,93
1.6454,93
1.64634,93
1.64729,93
1.64823,93
1.64917,93
1.65012,93
1.65106,93
1.65201,93
1.65295,93
1.65389,93
1.65484,93
1.65578,93
1.65673,93
1.65767,93
1.65861,93
1.65956,93
1.6605,93
1.66145,93
1.66239,93
1.66333,93
1.66428,93
1.66522,93
1.66617,93
1.66711,93
1.66805,93
1.669,93
1.66994,93
1.67089,93
1.67183,93
1.67277,93
1.67372,93
1.67466,93
1.67561,93
1.67655,93
1.67749,93
1.67844,93
1.67938,93
1.68033,93
1.68127,93
1.68221,93
1.68316,93
1.6841,93
1.68505,93
1.68599,93
1.68693,93
1.68788,93
1.68882,93
1.68977,93
1.69071,93
1.69165,93
1.6926,93
1.69354,93
1.69449,93
1.69543,93
1.69637,93
1.69732,93
1.69826,93
1.69921,94
1.70015,94
1.70109,94
1.70204,94
1.70298,94
1.70393,94
1.70487,94
1.70581,94
1.70676,94
1.7077,94
1.70865,94
1.70959,94
1.71053,94
1.71148,94
1.71242,94
1.71337,94
1.71431,94
1.71525,94
1.7162,94
1.71714,94
1.71809,94
1.71903,94
1.71997,94
1.72092,94
1.72186,94
1.72281,94
1.72375,94
1.72469,94
1.72564,94
1.72658,94
1.72753,94
1.72847,94
1.72941,94
1.73036,94
1.7313,94
1.73225,94
1.73319,94
1.73413,94
1.73508,94
1.73602,94
1.73697,94
1.73791,94
1.73885,94
1.7398,94
1.74074,94
1.74169,94
1.74263,94
1.74357,94
1.74452,94
1.74546,94
1.74641,94
1.74735,94
1.74829,94
1.74924,94
1.75018,94
1.75113,94
1.75207,94
1.75301,94
1.75396,94
1.85261,94
1.85355,94
1.8545,94
1.97068,96
1.97162,99
1.97256,100
1.97351,102
1.97445,103
1.9754,104
1.97634,105
1.97728,106
1.97823,106
1.97917,107
1.98012,101
1.98106,96
1.982,92
1.98295,88
1.98389,84
1.98484,81
1.98578,79
1.98672,76
1.98767,74
1.98861,72
1.98956,70
1.9905,68
1.99144,67
1.99239,66
1.99333,65
1.99428,63
1.99522,62
1.99616,62
1.99711,61
1.99805,60
1.999,59
1.99994,58
2.00088,57
2.00183,57
2.00277,56
2.00372,55
2.00466,55
2.0056,54
2.00655,54
2.00749,53
2.00844,53
2.00938,52
2.01032,52
2.01127,51
2.01221,51
2.01316,51
2.0141,50
2.01504,50
2.01599,49
2.01693,49
2.01788,49
2.01882,49
2.01976,49
2.02071,48
2.02165,48
2.0226,48
2.02354,48
2.02448,48
2.02543,48
2.02637,48
2.02732,48
2.02826,48
2.0292,48
2.03015,48
2.03109,48
2.03204,48
2.03298,48
2.03392,48
2.03487,48
2.03581,48
2.03676,48
2.0377,48
2.03864,48
2.03959,48
2.04053,48
2.04148,48
2.04242,48
2.04336,48
2.04431,48
2.04525,48
2.0462,48
2.04714,48
2.04808,48
2.04903,48
2.04997,48
2.05092,48
2.05186,48
2.0528,48
2.05375,48
2.05469,48
2.05564,48
2.05658,48
2.05752,48
2.05847,48
2.05941,48
2.06036,48
2.0613,48
2.06224,48
2.06319,48
2.06413,48
2.06508,48
2.06602,48
2.06696,48
2.06791,48
2.06885,48
2.0698,48
2.07074,48
2.07168,48
2.07263,48
2.07357,48
2.07452,48
2.07546,48
2.0764,48
2.07735,48
2.07829,48
2.07924,48
2.08018,48
2.08112,48
2.08207,48
2.08301,48
2.08396,48
2.0849,48
2.08584,48
2.08679,48
2.08773,48
2.08868,48
2.08962,48
2.09056,48
2.09151,48
2.09245,48
2.0934,48
2.09434,48
2.09528,48
2.09623,48
2.09717,48
2.09812,48
2.09906,48
2.1,48
2.10095,48
2.10189,48
2.10284,48
2.10378,48
2.10472,48
2.10567,48
2.10661,48
2.10756,48
2.1085,48
2.10944,48
2.11039,48
2.11133,48
2.11228,48
2.11322,48
2.11416,48
2.11511,48
2.11605,49
2.117,49
2.11794,49
2.11888,49
2.11983,49
2.12077,49
2.12172,49
2.12266,49
2.1236,49
2.12455,49
2.12549,49
2.12644,49
2.12738,49
2.12832,49
2.12927,49
2.13021,49
2.13116,49
2.1321,49
2.13304,49
2.13399,49
2.13493,49
2.13588,49
2.13682,49
2.13776,49
2.13871,49
2.13965,49
2.1406,49
2.14154,49
2.14248,49
2.14343,49
2.14437,49
2.14532,49
2.14626,49
2.1472,49
2.14815,49
2.14909,49
2.15004,49
2.15098,49
2.15192,49
2.15287,49
2.15381,49
2.15476,49
2.1557,49
2.15664,49
2.15759,49
2.15853,49
2.15948,49
2.16042,49
2.16136,49
2.16231,49
2.16325,49
2.1642,49
2.16514,49
2.16608,49
2.16703,49
2.16797,49
2.16892,49
2.16986,49
2.1708,49
2.17175,49
2.17269,49
2.17364,49
2.17458,49
2.17552,49
2.17647,49
2.17741,49
2.17836,49
2.1793,49
2.18024,49
2.18119,49
2.18213,49
2.18308,49
2.18402,49
2.18496,49
2.18591,49
2.18685,49
2.1878,49
2.18874,49
2.18968,49
2.19063,49
2.19157,49
2.19252,49
2.19346,49
2.1944,49
2.19535,49
2.19629,49
2.19724,49
2.19818,49
2.19912,49
2.20007,49
2.20101,49
2.20196,49
2.2029,49
2.20384,49
2.20479,49
2.20573,49
2.20668,49
2.20762,49
2.20856,49
2.20951,49
2.21045,49
2.2114,49
2.21234,49
2.21328,49
2.21423,49
2.21517,49
2.21612,49
2.21706,49
2.218,49
2.21895,49
2.21989,49
2.22084,49
2.22178,49
2.22272,49
2.22367,49
2.22461,49
2.22556,49
2.2265,49
2.22744,49
2.22839,49
2.22933,49
2.23028,49
2.23122,49
2.23216,49
2.23311,49
2.23405,49
2.235,49
2.23594,49
2.23688,49
2.23783,49
2.23877,49
2.23972,49
2.24066,49
2.2416,49
2.24255,49
2.24349,49
2.24444,49
2.24538,49
2.24632,49
2.24727,49
2.24821,49
2.24916,49
2.2501,49
2.25104,49
2.25199,49
2.25293,49
2.25388,49
2.25482,49
2.25576,49
2.25671,49
2.25765,49
2.2586,49
2.25954,49
2.26048,49
2.26143,49
2.26237,49
2.26332,49
2.26426,49
2.2652,49
2.26615,49
2.26709,49
2.26804,49
2.26898,49
2.26992,49
2.27087,49
2.27181,49
2.27276,49
2.2737,49
2.27464,49
2.27559,49
2.27653,49
2.27748,49
2.27842,49
2.27936,49
2.28031,49
2.28125,49
2.2822,49
2.28314,49
2.28408,49
2.28503,50
2.28597,50
2.28692,50
2.28786,50
2.2888,50
2.28975,50
2.29069,50
2.29164,50
2.29258,50
2.29352,50
2.29447,50
2.29541,50
2.29636,50
2.2973,50
2.29824,50
2.29919,50
2.30013,50
2.30108,50
2.30202,50
2.30296,50
2.30391,50
2.30485,50
2.3058,50
2.30674,50
2.30768,50
2.30863,50
2.30957,50
2.31052,50
2.31146,50
2.3124,50
2.31335,50
2.31429,50
2.31524,50
2.31618,50
2.31712,50
2.31807,50
2.31901,50
2.31996,50
2.3209,50
2.32184,50
2.32279,50
2.32373,50
2.32468,50
2.32562,50
2.32656,50
2.32751,50
2.32845,50
2.3294,50
2.33034,50
2.33128,50
2.33223,50
2.33317,50
2.33412,50
2.33506,50
2.336,50
2.33695,50
2.33789,50
2.33884,50
2.33978,50
2.34072,50
2.34167,50
2.34261,50
2.34356,50
2.3445,50
2.34544,50
2.34639,50
2.34733,50
2.34828,50
2.34922,50
2.35016,50
2.35111,50
2.35205,50
2.353,50
2.35394,50
2.35488,50
2.35583,50
2.35677,50
2.35772,50
2.35866,50
2.3596,50
2.36055,50
2.36149,50
2.36244,50
2.36338,50
2.36432,50
2.36527,50
2.36621,50
2.36716,50
2.3681,50
2.36904,50
2.36999,50
2.37093,50
2.37188,50
2.37282,50
2.37376,50
2.37471,50
2.37565,50
2.3766,50
2.37754,50
2.37848,50
2.37943,50
2.38037,50
2.38132,50
2.38226,50
2.3832,50
2.38415,50
2.38509,50
2.38604,50
2.38698,50
2.38792,50
2.38887,50
2.38981,50
2.39076,50
2.3917,50
2.39264,50
2.39359,50
2.39453,50
2.39548,50
2.39642,50
2.39736,50
2.39831,50
2.39925,50
2.4002,50
2.40114,50
2.40208,50
2.40303,50
2.40397,50
2.40492,50
2.40586,50
2.4068,50
2.40775,50
2.40869,50
2.40964,50
2.41058,50
2.41152,50
2.41247,50
2.41341,50
2.41436,50
2.4153,50
2.41624,50
2.41719,50
2.41813,50
2.41908,50
2.42002,50
2.42096,50
2.42191,50
2.42285,50
2.4238,50
2.42474,50
2.42568,50
2.42663,50
2.42757,50
2.42852,50
2.42946,50
2.4304,50
2.43135,50
2.43229,50
2.43324,50
2.43418,50
2.43512,50
2.43607,50
2.43701,50
2.43796,50
2.4389,50
2.43984,50
2.44079,50
2.44173,50
2.44268,50
2.44362,50
2.44456,50
2.44551,50
2.44645,50
2.4474,50
2.44834,50
2.44928,50
2.45023,50
2.45117,50
2.45212,50
2.45306,50
2.454,50
2.45495,50
2.45589,50
2.45684,50
2.45778,50
2.45872,50
2.45967,50
2.46061,50
2.46156,50
2.4625,50
2.46344,50
2.46439,50
2.46533,50
2.46628,50
2.46722,50
2.46816,50
2.471,50
2.47194,50
2.47288,50
2.47383,50
2.47477,50
2.47572,50
2.47666,50
2.4776,50
2.47855,50
2.47949,50
2.48044,50
2.48138,50
2.48232,50
2.48327,50
2.48421,50
2.48516,50
2.4861,50
2.48704,50
2.48799,50
2.48893,50
2.48988,50
2.49082,50
2.49176,50
2.49271,50
2.49365,50
2.4946,50
2.49554,50
2.49648,50
2.49743,50
2.49837,50
2.49932,50
2.50026,50
2.5012,50
2.50215,50
2.50309,50
2.50404,50
2.50498,50
2.50592,50
2.50687,50
2.50781,50
2.50876,50
2.5097,50
2.51064,50
2.51159,50
2.51253,50
2.51348,50
2.51442,50
2.51536,50
2.51631,50
2.51725,50
2.5182,50
2.51914,50
2.52008,50
2.52103,50
2.52197,50
2.52292,50
2.52386,50
2.5248,50
2.52575,50
2.52669,50
2.52764,50
2.52858,50
2.52952,50
2.53047,50
2.53141,50
2.53236,50
2.5333,50
2.53424,50
2.53519,51
2.53613,51
2.53708,51
2.53802,51
2.53896,51
2.53991,51
2.54085,51
2.5418,51
2.54274,51
2.54368,51
2.54463,51
2.54557,51
2.54652,51
2.54746,51
2.5484,51
2.54935,51
2.55029,51
2.55124,51
2.55218,51
2.55312,51
2.55407,51
2.55501,51
2.55596,51
2.5569,51
2.55784,51
2.55879,51
2.55973,51
2.56068,51
2.56162,51
2.56256,51
2.56351,51
2.56445,51
2.5654,51
2.56634,51
2.56728,51
2.56823,51
2.56917,51
2.57012,51
2.57106,51
2.572,51
2.57295,51
2.57389,51
2.57484,51
2.57578,51
2.57672,51
2.57767,51
2.57861,51
2.57956,51
2.5805,51
2.58144,51
2.58239,51
2.58333,51
2.58428,51
2.58522,51
2.58616,51
2.58711,51
2.58805,51
2.589,51
2.58994,51
2.59088,51
2.59183,51
2.59277,51
2.59372,51
2.59466,51
2.5956,51
2.59655,51
2.59749,51
2.59844,51
2.59938,51
2.60032,51
2.60127,51
2.60221,51
2.60316,51
2.6041,51
2.60504,51
2.60599,51
2.60693,51
2.60788,51
2.60882,51
2.60976,51
2.61071,51
2.61165,51
2.6126,51
2.61354,51
2.61448,51
2.61543,51
2.61637,51
2.61732,51
2.61826,51
2.6192,51
2.62015,51
2.62109,51
2.62204,51
2.62298,51
2.62392,51
2.62487,51
2.62581,51
2.62676,51
2.6277,51
2.62864,51
2.62959,51
2.63053,51
2.63148,51
2.63242,51
2.63336,51
2.63431,51
2.63525,51
2.6362,51
2.63714,51
2.63808,51
2.63903,51
2.63997,51
2.64092,51
2.64186,51
2.6428,51
2.64375,51
2.64469,51
2.64564,51
2.64658,51
2.64752,51
2.64847,51
2.64941,51
2.65036,51
2.6513,51
2.65224,51
2.65319,51
2.65413,51
2.65508,51
2.65602,51
2.65696,51
2.65791,51
2.65885,51
2.6598,51
2.66074,51
2.66168,51
2.66263,51
2.66357,51
2.66452,51
2.66546,51
2.6664,51
2.66735,51
2.66829,51
2.66924,51
2.67018,51
2.67112,51
2.67207,51
2.67301,51
2.67396,51
2.6749,51
2.67584,51
2.67679,51
2.67773,51
2.67868,51
2.67962,51
2.68056,51
2.68151,51
2.68245,51
2.6834,51
2.68434,51
2.68528,51
2.68623,51
2.68717,51
2.68812,51
2.68906,51
2.69,51
2.69095,51
2.69189,51
2.69284,51
2.69378,51
2.69472,51
2.69567,51
2.69661,51
2.69756,51
2.6985,51
2.69944,51
2.70039,51
2.70133,51
2.70228,51
2.70322,51
2.70416,51
2.70511,51
2.70605,51
2.707,51
2.70794,51
2.70888,51
2.70983,51
2.71077,52
2.71172,52
2.71266,52
2.7136,52
2.71455,52
2.71549,52
2.71644,52
2.71738,52
2.71832,52
2.71927,52
2.72021,52
2.72116,52
2.7221,52
2.72304,52
2.72399,52
2.72493,52
2.72588,52
2.72682,52
2.72776,52
2.72871,52
2.72965,52
2.7306,52
2.73154,52
2.73248,52
2.73343,52
2.73437,52
2.73532,52
2.73626,52
2.7372,52
2.73815,52
2.73909,52
2.74004,52
2.74098,52
2.74192,52
2.74287,52
2.74381,52
2.74476,52
2.7457,52
2.74664,52
2.74759,52
2.74853,52
2.74948,52
2.75042,52
2.75136,52
2.75231,52
2.75325,52
2.7542,52
2.75514,52
2.75608,52
2.75703,52
2.75797,52
2.75892,52
2.75986,52
2.7608,52
2.76175,52
2.76269,52
2.76364,52
2.76458,52
2.76552,52
2.76647,52
2.76741,52
2.76836,52
2.7693,52
2.77024,52
2.77119,52
2.77213,52
2.77308,52
2.77402,52
2.77496,52
2.77591,52
2.77685,52
2.7778,52
2.77874,52
2.77968,52
2.78063,52
2.78157,52
2.78252,52
2.78346,52
2.7844,52
2.78535,52
2.78629,52
2.78724,52
2.78818,52
2.78912,52
2.79007,52
2.79101,52
2.79196,52
2.7929,52
2.79384,52
2.79479,52
2.79573,52
2.79668,52
2.79762,52
2.79856,52
2.79951,52
2.80045,52
2.8014,52
2.80234,52
2.80328,52
2.80423,52
2.80517,52
2.80612,52
2.80706,52
2.808,52
2.80895,52
2.80989,52
2.81084,52
2.81178,52
2.81272,52
2.81367,52
2.81461,52
2.81556,52
2.8165,52
2.81744,52
2.81839,52
2.81933,52
2.82028,52
2.82122,52
2.82216,52
2.82311,52
2.82405,52
2.825,52
2.82594,52
2.82688,52
2.82783,52
2.82877,52
2.82972,52
2.83066,52
2.8316,52
2.83255,52
2.83349,52
2.83444,52
2.83538,52
2.83632,52
2.83727,52
2.83821,52
2.83916,52
2.8401,52
2.84104,52
2.84199,52
2.84293,52
2.84388,52
2.84482,52
2.84576,52
2.84671,52
2.84765,52
2.8486,52
2.84954,52
2.85048,52
2.85143,52
2.85237,52
2.85332,52
2.85426,52
2.8552,52
2.85615,52
2.85709,52
2.85804,52
2.85898,52
2.85992,52
2.86087,52
2.86181,52
2.86276,52
2.8637,52
2.86464,52
2.86559,52
2.86653,52
2.86748,52
2.86842,52
2.86936,52
2.87031,52
2.87125,52
2.8722,52
2.87314,52
2.87408,52
2.87503,52
2.87597,52
2.87692,52
2.87786,52
2.8788,52
2.87975,52
2.88069,52
2.88164,52
2.88258,52
2.88352,52
2.88447,52
2.88541,52
2.88636,52
2.8873,52
2.88824,52
2.88919,52
2.89013,52
2.89108,52
2.89202,52
2.89296,52
2.89391,52
2.89485,52
2.8958,52
2.89674,52
2.89768,52
2.89863,52
2.89957,52
2.90052,52
2.90146,52
2.9024,52
2.90335,52
2.90429,52
2.90524,53
2.90618,53
2.90712,53
2.90807,53
2.90901,53
2.90996,53
2.9109,53
2.91184,53
2.91279,53
2.91373,53
2.91468,53
2.91562,53
2.91656,53
2.91751,53
2.91845,53
2.9194,53
2.92034,53
2.92128,53
2.92223,53
2.92317,53
2.92412,53
2.92506,53
2.926,53
2.92695,53
2.92789,53
2.92884,53
2.92978,53
2.93072,53
2.93167,53
2.93261,53
2.93356,53
2.9345,53
2.93544,53
2.93639,53
2.93733,53
2.93828,53
2.93922,53
2.94016,53
2.94111,53
2.94205,53
2.943,53
2.94394,53
2.94488,53
2.94583,53
2.94677,53
2.94772,53
2.94866,53
2.9496,53
2.95055,53
2.95149,53
2.95244,53
2.95338,53
2.95432,53
2.95527,53
2.95621,53
2.95716,53
2.9581,53
2.95904,53
2.95999,53
2.96093,53
2.96188,53
2.96282,53
2.96376,53
2.96471,53
2.96565,53
2.9666,53
2.96754,53
2.96848,53
2.96943,53
2.97037,53
2.97132,53
2.97226,53
2.9732,53
2.97415,53
2.97509,53
2.97604,53
2.97698,53
2.97792,53
2.97887,53
2.97981,53
2.98076,53
2.9817,53
2.98264,53
2.98359,53
2.98453,53
2.98548,53
2.98642,53
2.98736,53
2.98831,53
2.98925,53
2.9902,53
2.99114,53
2.99208,53
2.99303,53
2.99397,53
2.99492,53
2.99586,53
2.9968,53
2.99775,53
2.99869,53
2.99964,53
3.00058,53
3.00152,53
3.00247,53
3.00341,53
3.00436,53
3.0053,53
3.00624,53
3.00719,53
3.00813,53
3.00908,53
3.01002,53
3.01096,53
3.01191,53
3.01285,53
3.0138,53
3.01474,53
3.01568,53
3.01663,53
3.01757,53
3.01852,53
3.01946,53
3.0204,53
3.02135,53
3.02229,53
3.02324,53
3.02418,53
3.02512,53
3.02607,53
3.02701,53
3.02796,53
3.0289,53
3.02984,53
3.03079,53
3.03173,53
3.03268,53
3.03362,53
3.03456,53
3.03551,53
3.03645,53
3.0374,53
3.03834,53
3.03928,53
3.04023,53
3.04117,53
3.04212,53
3.04306,53
3.044,53
3.04495,53
3.04589,53
3.04684,53
3.04778,53
3.04872,53
3.04967,53
3.05061,53
3.05156,53
3.0525,53
3.05344,53
3.05439,53
3.05533,53
3.05628,53
3.05722,53
3.05816,53
3.05911,53
3.06005,53
3.061,53
3.06194,53
3.06288,53
3.06383,53
3.06477,53
3.06572,53
3.06666,53
3.0676,53
3.06855,53
3.06949,53
3.07044,53
3.07138,53
3.07232,53
3.07327,53
3.07421,53
3.07516,53
3.0761,53
3.07704,53
3.07799,53
3.07893,53
3.07988,53
3.08082,53
3.08176,53
3.08271,53
3.08365,53
3.0846,53
3.08554,53
3.08648,53
3.08743,53
3.08837,53
3.08932,53
3.09026,53
3.0912,53
3.09215,53
3.09309,53
3.09404,53
3.09498,53
3.09592,53
3.09687,53
3.09781,53
3.09876,53
3.0997,53
3.10064,53
3.10159,53
3.10253,53
3.10348,53
3.10442,53
3.10536,53
3.10631,53
3.10725,53
3.1082,53
3.10914,53
3.11008,53
3.11103,53
3.11197,53
3.11292,53
3.11386,53
3.1148,53
3.11575,53
3.11669,53
3.11764,53
3.11858,53
3.11952,53
3.12047,53
3.12141,53
3.12236,53
3.1233,53
3.12424,53
3.12519,53
3.12613,53
3.12708,53
3.12802,53
3.12896,53
3.12991,53
3.13085,53
3.1318,53
3.13274,53
3.13368,53
3.13463,54
3.13557,54
3.13652,54
3.13746,54
3.1384,54
3.13935,54
3.14029,54
3.14124,54
3.14218,54
3.14312,54
3.14407,54
3.14501,54
3.14596,54
3.1469,54
3.14784,54
3.14879,54
3.14973,54
3.15068,54
3.15162,54
3.15256,54
3.15351,54
3.15445,54
3.1554,54
3.15634,54
3.15728,54
3.15823,54
3.15917,54
3.16012,54
3.16106,54
3.162,54
3.16295,54
3.16389,54
3.16484,54
3.16578,54
3.16672,54
3.16767,54
3.16861,54
3.16956,54
3.1705,54
3.17144,54
3.17239,54
3.17333,54
3.17428,54
3.17522,54
3.17616,54
3.17711,54
3.17805,54
3.179,54
3.17994,54
3.18088,54
3.18183,54
3.18277,54
3.18372,54
3.18466,54
3.1856,54
3.18655,54
3.18749,54
3.18844,54
3.18938,54
3.19032,54
3.19127,54
3.19221,54
3.19316,54
3.1941,54
3.19504,54
3.19599,54
3.19693,54
3.19788,54
3.19882,54
3.19976,54
3.20071,54
3.20165,54
3.2026,54
3.20354,54
3.20448,54
3.20543,54
3.20637,54
3.20732,54
3.20826,54
3.2092,54
3.21015,54
3.21109,54
3.21204,54
3.21298,54
3.21392,54
3.21487,54
3.21581,54
3.21676,54
3.2177,54
3.21864,54
3.21959,54
3.22053,54
3.22148,54
3.22242,54
3.22336,54
3.22431,54
3.22525,54
3.2262,54
3.22714,54
3.22808,54
3.22903,54
3.22997,54
3.23092,54
3.23186,54
3.2328,54
3.23375,54
3.23469,54
3.23564,54
3.23658,54
3.23752,54
3.23847,54
3.23941,54
3.24036,54
3.2413,54
3.24224,54
3.24319,54
3.24413,54
3.24508,54
3.24602,54
3.24696,54
3.24791,54
3.24885,54
3.2498,54
3.25074,54
3.25168,54
3.25263,54
3.25357,54
3.25452,54
3.25546,54
3.2564,54
3.25735,54
3.25829,54
3.25924,54
3.26018,54
3.26112,54
3.26207,54
3.26301,54
3.26396,54
3.2649,54
3.26584,54
3.26679,54
3.26773,54
3.26868,54
3.26962,54
3.27056,54
3.27151,54
3.27245,54
3.2734,54
3.27434,54
3.27528,54
3.27623,54
3.27717,54
3.27812,54
3.27906,54
3.28,54
3.28095,54
3.28189,54
3.28284,54
3.28378,54
3.28472,54
3.28567,54
3.28661,54
3.28756,54
3.2885,54
3.28944,54
3.29039,54
3.29133,54
3.29228,54
3.29322,54
3.29416,54
3.29511,54
3.29605,54
3.297,54
3.29794,54
3.29888,54
3.29983,54
3.30077,54
3.30172,54
3.30266,54
3.3036,54
3.30455,54
3.30549,54
3.30644,54
3.30738,54
3.30832,54
3.30927,54
3.31021,54
3.31116,54
3.3121,54
3.31304,54
3.31399,54
3.31493,54
3.31588,54
3.31682,54
3.31776,54
3.31871,54
3.31965,54
3.3206,54
3.32154,54
3.32248,54
3.32343,54
3.32437,54
3.32532,54
3.32626,54
3.3272,54
3.32815,54
3.32909,54
3.33004,54
3.33098,54
3.33192,54
3.33287,54
3.33381,54
3.33476,54
3.3357,54
3.33664,54
3.33759,54
3.33853,54
3.33948,54
3.34042,54
3.34136,54
3.34231,54
3.34325,54
3.3442,54
3.34514,54
3.34608,54
3.34703,54
3.34797,54
3.34892,54
3.34986,54
3.3508,54
3.35175,54
3.35269,54
3.35364,54
3.35458,54
3.35552,54
3.35647,54
3.35741,54
3.35836,54
3.3593,54
3.36024,54
3.36119,54
3.36213,54
3.36308,54
3.36402,54
3.36496,54
3.36591,54
3.36685,54
3.3678,54
3.36874,54
3.36968,54
3.37063,54
3.37157,54
3.37252,54
3.37346,54
3.3744,54
3.37535,54
3.37629,54
3.37724,54
3.37818,54
3.37912,54
3.38007,54
3.38101,54
3.38196,54
3.3829,54
3.38384,54
3.38479,54
3.38573,54
3.38668,54
3.38762,54
3.38856,54
3.38951,54
3.39045,54
3.3914,54
3.39234,54
3.39328,54
3.39423,54
3.39517,54
3.39612,54
3.39706,54
3.398,54
3.39895,54
3.39989,54
3.40084,54
3.40178,54
3.40272,54
3.40367,54
3.40461,54
3.40556,54
3.4065,54
3.40744,54
3.40839,54
3.40933,54
3.41028,55
3.41122,55
3.41216,55
3.41311,55
3.41405,55
3.415,55
3.41594,55
3.41688,55
3.41783,55
3.41877,55
3.41972,55
3.42066,55
3.4216,55
3.42255,55
3.42349,55
3.42444,55
3.42538,55
3.42632,55
3.42727,55
3.42821,55
3.42916,55
3.4301,55
3.43104,55
3.43199,55
3.43293,55
3.43388,55
3.43482,55
3.43576,55
3.43671,55
3.43765,55
3.4386,55
3.43954,55
3.44048,55
3.44143,55
3.44237,55
3.44332,55
3.44426,55
3.4452,55
3.44615,55
3.44709,55
3.44804,55
3.44898,55
3.44992,55
3.45087,55
3.45181,55
3.45276,55
3.4537,55
3.45464,55
3.45559,55
3.45653,55
3.45748,55
3.45842,55
3.45936,55
3.46031,55
3.46125,55
3.4622,55
3.46314,55
3.46408,55
3.46503,55
3.46597,55
3.46692,55
3.46786,55
3.4688,55
3.46975,55
3.47069,55
3.47164,55
3.47258,55
3.47352,55
3.47447,55
3.47541,55
3.47636,55
3.4773,55
3.47824,55
3.47919,55
3.48013,55
3.48108,55
3.48202,55
3.48296,55
3.48391,55
3.48485,55
3.4858,55
3.48674,55
3.48768,55
3.48863,55
3.48957,55
3.49052,55
3.49146,55
3.4924,55
3.49335,55
3.49429,55
3.49524,55
3.49618,55
3.49712,55
3.49807,55
3.49901,55
3.49996,55
3.5009,55
3.50184,55
3.50279,55
3.50373,55
3.50468,55
3.50562,55
3.50656,55
3.50751,55
3.50845,55
3.5094,55
3.51034,55
3.51128,55
3.51223,55
3.51317,55
3.51412,55
3.51506,55
3.516,55
3.51695,55
3.51789,55
3.51884,55
3.51978,55
3.52072,55
3.52167,55
3.52261,55
3.52356,55
3.5245,55
3.52544,55
3.52639,55
3.52733,55
3.52828,55
3.52922,55
3.53016,55
3.53111,55
3.53205,55
3.533,55
3.53394,55
3.53488,55
3.53583,55
3.53677,55
3.53772,55
3.53866,55
3.5396,55
3.54055,55
3.54149,55
3.54244,55
3.54338,55
3.54432,55
3.54527,55
3.54621,55
3.54716,55
3.5481,55
3.54904,55
3.54999,55
3.55093,55
3.55188,55
3.55282,55
3.55376,55
3.55471,55
3.55565,55
3.5566,55
3.55754,55
3.55848,55
3.55943,55
3.56037,55
3.56132,55
3.56226,55
3.5632,55
3.56415,55
3.56509,55
3.56604,55
3.56698,55
3.56792,55
3.56887,55
3.56981,55
3.57076,55
3.5717,55
3.57264,55
3.57359,55
3.57453,55
3.57548,55
3.57642,55
3.57736,55
3.57831,55
3.57925,55
3.5802,55
3.58114,55
3.58208,55
3.58303,55
3.58397,55
3.58492,55
3.58586,55
3.5868,55
3.58775,55
3.58869,55
3.58964,55
3.59058,55
3.59152,55
3.59247,55
3.59341,55
3.59436,55
3.5953,55
3.59624,55
3.59719,55
3.59813,55
3.59908,55
3.60002,55
3.60096,55
3.60191,55
3.60285,55
3.6038,55
3.60474,55
3.60568,55
3.60663,55
3.60757,55
3.60852,55
3.60946,55
3.6104,55
3.61135,55
3.61229,55
3.61324,55
3.61418,55
3.61512,55
3.61607,55
3.61701,55
3.61796,55
3.6189,55
3.61984,55
3.62079,55
3.62173,55
3.62268,55
3.62362,55
3.62456,55
3.62551,55
3.62645,55
3.6274,55
3.62834,55
3.62928,55
3.63023,55
3.63117,55
3.63212,55
3.63306,55
3.634,55
3.63495,55
3.63589,55
3.63684,55
3.63778,55
3.63872,55
3.63967,55
3.64061,55
3.64156,55
3.6425,55
3.64344,55
3.64439,55
3.64533,55
3.64628,55
3.64722,55
3.64816,55
3.64911,55
3.65005,55
3.651,55
3.65194,55
3.65288,55
3.65383,55
3.65477,55
3.65572,55
3.65666,55
3.6576,55
3.65855,55
3.65949,55
3.66044,55
3.66138,55
3.66232,55
3.66327,55
3.66421,55
3.66516,55
3.6661,55
3.66704,55
3.66799,55
3.66893,55
3.66988,55
3.67082,55
3.67176,55
3.67271,55
3.67365,55
3.6746,55
3.67554,55
3.67648,55
3.67743,55
3.67837,55
3.67932,55
3.68026,55
3.6812,55
3.68215,55
3.68309,55
3.68404,55
3.68498,55
3.68592,55
3.68687,55
3.68781,55
3.68876,55
3.6897,55
3.69064,55
3.69159,55
3.69253,55
3.69348,55
3.69442,55
3.69536,55
3.69631,55
3.69725,55
3.6982,55
3.69914,55
3.70008,55
3.70103,55
3.70197,55
3.70292,55
3.70386,55
3.7048,55
3.70575,55
3.70669,55
3.70764,55
3.70858,55
3.70952,55
3.71047,55
3.71141,55
3.71236,55
3.7133,55
3.71424,55
3.71519,55
3.71613,55
3.71708,55
3.71802,55
3.71896,55
3.71991,55
3.72085,55
3.7218,55
3.72274,55
3.72368,55
3.72463,55
3.72557,55
3.72652,55
3.72746,55
3.7284,55
3.72935,55
3.73029,55
3.73124,55
3.73218,55
3.73312,55
3.73407,55
3.73501,55
3.73596,55
3.7369,55
3.73784,55
3.73879,55
3.73973,55
3.74068,55
3.74162,55
3.74256,55
3.74351,55
3.74445,55
3.7454,55
3.74634,55
3.74728,55
3.74823,55
3.74917,55
3.75012,55
3.75106,55
3.752,55
3.75295,55
3.75389,55
3.75484,55
3.75578,55
3.75672,55
3.75767,55
3.75861,55
3.75956,55
3.7605,55
3.76144,55
3.76239,55
3.76333,55
3.76428,55
3.76522,55
3.76616,55
3.76711,55
3.76805,55
3.769,55
3.76994,55
3.77088,55
3.77183,55
3.77277,55
3.77372,55
3.77466,55
3.7756,55
3.77655,55
3.77749,56
3.77844,56
3.77938,56
3.78032,56
3.78127,56
3.78221,56
3.78316,56
3.7841,56
3.78504,56
3.78599,56
3.78693,56
3.78788,56
3.78882,56
3.78976,56
3.79071,56
3.79165,56
3.7926,56
3.79354,56
3.79448,56
3.79543,56
3.79637,56
3.79732,56
3.79826,56
3.7992,56
3.80015,56
3.80109,56
3.80204,56
3.80298,56
3.80392,56
3.80487,56
3.80581,56
3.80676,56
3.8077,56
3.80864,56
3.80959,56
3.81053,56
3.81148,56
3.81242,56
3.81336,56
3.81431,56
3.81525,56
3.8162,56
3.81714,56
3.81808,56
3.81903,56
3.81997,56
3.82092,56
3.82186,56
3.8228,56
3.82375,56
3.82469,56
3.82564,56
3.82658,56
3.82752,56
3.82847,56
3.82941,56
3.83036,56
3.8313,56
3.83224,56
3.83319,56
3.83413,56
3.83508,56
3.83602,56
3.83696,56
3.83791,56
3.83885,56
3.8398,56
3.84074,56
3.84168,56
3.84263,56
3.84357,56
3.84452,56
3.84546,56
3.8464,56
3.84735,56
3.84829,56
3.84924,56
3.85018,56
3.85112,56
3.85207,56
3.85301,56
3.85396,56
3.8549,56
3.85584,56
3.85679,56
3.85773,56
3.85868,56
3.85962,56
3.86056,56
3.86151,56
3.86245,56
3.8634,56
3.86434,56
3.86528,56
3.86623,56
3.86717,56
3.86812,56
3.86906,56
3.87,56
3.87095,56
3.87189,56
3.87284,56
3.87378,56
3.87472,56
3.87567,56
3.87661,56
3.87756,56
3.8785,56
3.87944,56
3.88039,56
3.88133,56
3.88228,56
3.88322,56
3.88416,56
3.88511,56
3.88605,56
3.887,56
3.88794,56
3.88888,56
3.88983,56
3.89077,56
3.89172,56
3.89266,56
3.8936,56
3.89455,56
3.89549,56
3.89644,56
3.89738,56
3.89832,56
3.89927,56
3.90021,56
3.90116,56
3.9021,56
3.90304,56
3.90399,56
3.90493,56
3.90588,56
3.90682,56
3.90776,56
3.90871,56
3.90965,56
3.9106,56
3.91154,56
3.91248,56
3.91343,56
3.91437,56
3.91532,56
3.91626,56
3.9172,56
3.91815,56
3.91909,56
3.92004,56
3.92098,56
3.92192,56
3.92287,56
3.92381,56
3.92476,56
3.9257,56
3.92664,56
3.92759,56
3.92853,56
3.92948,56
3.93042,56
3.93136,56
3.93231,56
3.93325,56
3.9342,56
3.93514,56
3.93608,56
3.93703,56
3.93797,56
3.93892,56
3.93986,56
3.9408,56
3.94175,56
3.94269,56
3.94364,56
3.94458,56
3.94552,56
3.94647,56
3.94741,56
3.94836,56
3.9493,56
3.95024,56
3.95119,56
3.95213,56
3.95308,56
3.95402,56
3.95496,56
3.95591,56
3.95685,56
3.9578,56
3.95874,56
3.95968,56
3.96063,56
3.96157,56
3.96252,56
3.96346,56
3.9644,56
3.96535,56
3.96629,56
3.96724,56
3.96818,56
3.96912,56
3.97007,56
3.97101,56
3.97196,56
3.9729,56
3.97384,56
3.97479,56
3.97573,56
3.97668,56
3.97762,56
3.97856,56
3.97951,56
3.98045,56
3.9814,56
3.98234,56
3.98328,56
3.98423,56
3.98517,56
3.98612,56
3.98706,56
3.988,56
3.98895,56
3.98989,56
3.99084,56
3.99178,56
3.99272,56
3.99367,56
3.99461,56
3.99556,56
3.9965,56
3.99744,56
3.99839,56
3.99933,56
4.00028,56
4.00122,56
4.00216,56
4.00311,56
4.00405,56
4.005,56
4.00594,56
4.00688,56
4.00783,56
4.00877,56
4.00972,56
4.01066,56
4.0116,56
4.01255,56
4.01349,56
4.01444,56
4.01538,56
4.01632,56
4.01727,56
4.01821,56
4.01916,56
4.0201,56
4.02104,56
4.02199,56
4.02293,56
4.02388,56
4.02482,56
4.02576,56
4.02671,56
4.02765,56
4.0286,56
4.02954,56
4.03048,56
4.03143,56
4.03237,56
4.03332,56
4.03426,56
4.0352,56
4.03615,56
4.03709,56
4.03804,56
4.03898,56
4.03992,56
4.04087,56
4.04181,56
4.04276,56
4.0437,56
4.04464,56
4.04559,56
4.04653,56
4.04748,56
4.04842,57
4.04936,57
4.05031,57
4.05125,57
4.0522,57
4.05314,57
4.05408,57
4.05503,57
4.05597,57
4.05692,57
4.05786,57
4.0588,57
4.05975,57
4.06069,57
4.06164,57
4.06258,57
4.06352,57
4.06447,57
4.06541,57
4.06636,57
4.0673,57
4.06824,57
4.06919,57
4.07013,57
4.07108,57
4.07202,57
4.07296,57
4.07391,57
4.07485,57
4.0758,57
4.07674,57
4.07768,57
4.07863,57
4.07957,57
4.08052,57
4.08146,57
4.0824,57
4.08335,57
4.08429,57
4.08524,57
4.08618,57
4.08712,57
4.08807,57
4.08901,57
4.08996,57
4.0909,57
4.09184,57
4.09279,57
4.09373,57
4.09468,57
4.09562,57
4.09656,57
4.09751,57
4.09845,57
4.0994,57
4.10034,57
4.10128,57
4.10223,57
4.10317,57
4.10412,57
4.10506,57
4.106,57
4.10695,57
4.10789,57
4.10884,57
4.10978,57
4.11072,57
4.11167,57
4.11261,57
4.11356,57
4.1145,57
4.11544,57
4.11639,57
4.11733,57
4.11828,57
4.11922,57
4.12016,57
4.12111,57
4.12205,57
4.123,57
4.12394,57
4.12488,57
4.12583,57
4.12677,57
4.12772,57
4.12866,57
4.1296,57
4.13055,57
4.13149,57
4.13244,57
4.13338,57
4.13432,57
4.13527,57
4.13621,57
4.13716,57
4.1381,57
4.13904,57
4.13999,57
4.14093,57
4.14188,57
4.14282,57
4.14376,57
4.14471,57
4.14565,57
4.1466,57
4.14754,57
4.14848,57
4.14943,57
4.15037,57
4.15132,57
4.15226,57
4.1532,57
4.15415,57
4.15509,57
4.15604,57
4.15698,57
4.15792,57
4.15887,57
4.15981,57
4.16076,57
4.1617,57
4.16264,57
4.16359,57
4.16453,57
4.16548,57
4.16642,57
4.16736,57
4.16831,57
4.16925,57
4.1702,57
4.17114,57
4.17208,57
4.17303,57
4.17397,57
4.17492,57
4.17586,57
4.1768,57
4.17775,57
4.17869,57
4.17964,57
4.18058,57
4.18152,57
4.18247,57
4.18341,57
4.18436,57
4.1853,57
4.18624,57
4.18719,57
4.18813,57
4.18908,57
4.19002,57
4.19096,57
4.19191,57
4.19285,57
4.1938,57
4.19474,57
4.19568,57
4.19663,57
4.19757,57
4.19852,57
4.19946,57
4.2004,57
4.20135,57
4.20229,57
4.20324,57
4.20418,57
4.20512,57
4.20607,57
4.20701,57
4.20796,57
4.2089,57
4.20984,57
4.21079,57
4.21173,57
4.21268,57
4.21362,57
4.21456,57
4.21551,57
4.21645,57
4.2174,57
4.21834,57
4.21928,57
4.22023,57
4.22117,57
4.22212,57
4.22306,57
4.224,57
4.22495,57
4.22589,57
4.22684,57
4.22778,57
4.22872,57
4.22967,57
4.23061,57
4.23156,57
4.2325,57
4.23344,57
4.23439,57
4.23533,57
4.23628,57
4.23722,57
4.23816,57
4.23911,57
4.24005,57
4.241,57
4.24194,57
4.24288,57
4.24383,57
4.24477,57
4.24572,57
4.24666,57
4.2476,57
4.24855,57
4.24949,57
4.25044,57
4.25138,57
4.25232,57
4.25327,57
4.25421,57
4.25516,57
4.2561,57
4.25704,57
4.25799,57
4.25893,57
4.25988,57
4.26082,57
4.26176,57
4.26271,57
4.26365,57
4.2646,57
4.26554,57
4.26648,58
4.26743,58
4.26837,58
4.26932,58
4.27026,58
4.2712,58
4.27215,58
4.27309,58
4.27404,58
4.27498,58
4.27592,58
4.27687,58
4.27781,58
4.27876,58
4.2797,58
4.28064,58
4.28159,58
4.28253,58
4.28348,58
4.28442,58
4.28536,58
4.28631,58
4.28725,58
4.2882,58
4.28914,58
4.29008,58
4.29103,58
4.29197,58
4.29292,58
4.29386,58
4.2948,58
4.29575,58
4.29669,58
4.29764,58
4.29858,58
4.29952,58
4.30047,58
4.30141,58
4.30236,58
4.3033,58
4.30424,58
4.30519,58
4.30613,58
4.30708,58
4.30802,58
4.30896,58
4.30991,58
4.31085,58
4.3118,58
4.31274,58
4.31368,58
4.31463,58
4.31557,58
4.31652,58
4.31746,58
4.3184,58
4.31935,58
4.32029,58
4.32124,58
4.32218,58
4.32312,58
4.32407,58
4.32501,58
4.32596,58
4.3269,58
4.32784,58
4.32879,58
4.32973,58
4.33068,58
4.33162,58
4.33256,58
4.33351,58
4.33445,58
4.3354,58
4.33634,58
4.33728,58
4.33823,58
4.33917,58
4.34012,58
4.34106,58
4.342,58
4.34295,58
4.34389,58
4.34484,58
4.34578,58
4.34672,58
4.34767,58
4.34861,58
4.34956,58
4.3505,58
4.35144,58
4.35239,58
4.35333,58
4.35428,58
4.35522,58
4.35616,58
4.35711,58
4.35805,58
4.359,58
4.35994,58
4.36088,58
4.36183,58
4.36277,58
4.36372,58
4.36466,58
4.3656,58
4.36655,58
4.36749,58
4.36844,58
4.36938,58
4.37032,58
4.37127,58
4.37221,58
4.37316,58
4.3741,58
4.37504,58
4.37599,58
4.37693,58
4.37788,58
4.37882,58
4.37976,58
4.38071,58
4.38165,58
4.3826,58
4.38354,58
4.38448,58
4.38543,58
4.38637,58
4.38732,58
4.38826,58
4.3892,58
4.39015,58
4.39109,58
4.39204,58
4.39298,58
4.39392,58
4.39487,58
4.39581,58
4.39676,58
4.3977,58
4.39864,58
4.39959,58
4.40053,58
4.40148,58
4.40242,58
4.40336,58
4.40431,58
4.40525,58
4.4062,58
4.40714,58
4.40808,58
4.40903,58
4.40997,58
4.41092,58
4.41186,58
4.4128,58
4.41375,58
4.41469,58
4.41564,58
4.41658,58
4.41752,58
4.41847,58
4.41941,58
4.42036,58
4.4213,58
4.42224,58
4.42319,58
4.42413,58
4.42508,58
4.42602,58
4.42696,58
4.42791,58
4.42885,58
4.4298,58
4.43074,58
4.43168,58
4.43263,58
4.43357,58
4.43452,58
4.43546,58
4.4364,58
4.43735,58
4.43829,58
4.43924,58
4.44018,58
4.44112,58
4.44207,58
4.44301,58
4.44396,58
4.4449,58
4.44584,58
4.44679,58
4.44773,58
4.44868,58
4.44962,58
4.45056,58
4.45151,58
4.45245,58
4.4534,58
4.45434,58
4.45528,58
4.45623,58
4.45717,58
4.45812,58
4.45906,58
4.46,58
4.46095,58
4.46189,58
4.46284,58
4.46378,58
4.46472,58
4.46567,58
4.46661,58
4.46756,58
4.4685,58
4.46944,58
4.47039,58
4.47133,58
4.47228,58
4.47322,58
4.47416,58
4.47511,58
4.47605,58
4.477,58
4.47794,58
4.47888,58
4.47983,58
4.48077,58
4.48172,58
4.48266,58
4.4836,58
4.48455,58
4.48549,58
4.48644,59
4.48738,59
4.48832,59
4.48927,59
4.49021,59
4.49116,59
4.4921,59
4.49304,59
4.49399,59
4.49493,59
4.49588,59
4.49682,59
4.49776,59
4.49871,59
4.49965,59
4.5006,59
4.50154,59
4.50248,59
4.50343,59
4.50437,59
4.50532,59
4.50626,59
4.5072,59
4.50815,59
4.50909,59
4.51004,59
4.51098,59
4.51192,59
4.51287,59
4.51381,59
4.51476,59
4.5157,59
4.51664,59
4.51759,59
4.51853,59
4.51948,59
4.52042,59
4.52136,59
4.52231,59
4.52325,59
4.5242,59
4.52514,59
4.52608,59
4.52703,59
4.52797,59
4.52892,59
4.52986,59
4.5308,59
4.53175,59
4.53269,59
4.53364,59
4.53458,59
4.53552,59
4.53647,59
4.53741,59
4.53836,59
4.5393,59
4.54024,59
4.54119,59
4.54213,59
4.54308,59
4.54402,59
4.54496,59
4.54591,59
4.54685,59
4.5478,59
4.54874,59
4.54968,59
4.55063,59
4.55157,59
4.55252,59
4.55346,59
4.5544,59
4.55535,59
4.55629,59
4.55724,59
4.55818,59
4.55912,59
4.56007,59
4.56101,59
4.56196,59
4.5629,59
4.56384,59
4.56479,59
4.56573,59
4.56668,59
4.56762,59
4.56856,59
4.56951,59
4.57045,59
4.5714,59
4.57234,59
4.57328,59
4.57423,59
4.57517,59
4.57612,59
4.57706,59
4.578,59
4.57895,59
4.57989,59
4.58084,59
4.58178,59
4.58272,59
4.58367,59
4.58461,59
4.58556,59
4.5865,59
4.58744,59
4.58839,59
4.58933,59
4.59028,59
4.59122,59
4.59216,59
4.59311,59
4.59405,59
4.595,59
4.59594,59
4.59688,59
4.59783,59
4.59877,59
4.59972,59
4.60066,59
4.6016,59
4.60255,59
4.60349,59
4.60444,59
4.60538,59
4.60632,59
4.60727,59
4.60821,59
4.60916,59
4.6101,59
4.61104,59
4.61199,59
4.61293,59
4.61388,59
4.61482,59
4.61576,59
4.61671,59
4.61765,59
4.6186,59
4.61954,59
4.62048,59
4.62143,59
4.62237,59
4.62332,59
4.62426,59
4.6252,59
4.62615,59
4.62709,59
4.62804,59
4.62898,59
4.62992,59
4.63087,59
4.63181,59
4.63276,59
4.6337,59
4.63464,59
4.63559,59
4.63653,59
4.63748,59
4.63842,59
4.63936,59
4.64031,59
4.64125,59
4.6422,59
4.64314,59
4.64408,59
4.64503,59
4.64597,59
4.64692,59
4.64786,59
4.6488,59
4.64975,59
4.65069,59
4.65164,59
4.65258,59
4.65352,59
4.65447,59
4.65541,59
4.65636,59
4.6573,59
4.65824,59
4.65919,59
4.66013,59
4.66108,59
4.66202,59
4.66296,59
4.66391,59
4.66485,59
4.6658,59
4.66674,59
4.66768,59
4.66863,59
4.66957,59
4.67052,59
4.67146,59
4.6724,59
4.67335,59
4.67429,59
4.67524,59
4.67618,59
4.67712,59
4.67807,59
4.67901,59
4.67996,59
4.6809,59
4.68184,59
4.68279,59
4.68373,59
4.68468,59
4.68562,59
4.68656,59
4.68751,59
4.68845,59
4.6894,59
4.69034,59
4.69128,59
4.69223,59
4.69317,59
4.69412,59
4.69506,59
4.696,59
4.69695,59
4.69789,59
4.69884,59
4.69978,59
4.70072,59
4.70167,59
4.70261,59
4.70356,59
4.7045,59
4.70544,59
4.70639,59
4.70733,60
4.70828,60
4.70922,60
4.71016,60
4.71111,60
4.71205,60
4.713,60
4.71394,60
4.71488,60
4.71583,60
4.71677,60
4.71772,60
4.71866,60
4.7196,60
4.72055,60
4.72149,60
4.72244,60
4.72338,60
4.72432,60
4.72527,60
4.72621,60
4.72716,60
4.7281,60
4.72904,60
4.72999,60
4.73093,60
4.73188,60
4.73282,60
4.73376,60
4.73471,60
4.73565,60
4.7366,60
4.73754,60
4.73848,60
4.73943,60
4.74037,60
4.74132,60
4.74226,60
4.7432,60
4.74415,60
4.74509,60
4.74604,60
4.74698,60
4.74792,60
4.74887,60
4.74981,60
4.75076,60
4.7517,60
4.75264,60
4.75359,60
4.75453,60
4.75548,60
4.75642,60
4.75736,60
4.75831,60
4.75925,60
4.7602,60
4.76114,60
4.76208,60
4.76303,60
4.76397,60
4.76492,60
4.76586,60
4.7668,60
4.76775,60
4.76869,60
4.76964,60
4.77058,60
4.77152,60
4.77247,60
4.77341,60
4.77436,60
4.7753,60
4.77624,60
4.77719,60
4.77813,60
4.77908,60
4.78002,60
4.78096,60
4.78191,60
4.78285,60
4.7838,60
4.78474,60
4.78568,60
4.78663,60
4.78757,60
4.78852,60
4.78946,60
4.7904,60
4.79135,60
4.79229,60
4.79324,60
4.79418,60
4.79512,60
4.79607,60
4.79701,60
4.79796,60
4.7989,60
4.79984,60
4.80079,60
4.80173,60
4.80268,60
4.80362,60
4.80456,60
4.80551,60
4.80645,60
4.8074,60
4.80834,60
4.80928,60
4.81023,60
4.81117,60
4.81212,60
4.81306,60
4.814,60
4.81495,60
4.81589,60
4.81684,60
4.81778,60
4.81872,60
4.81967,60
4.82061,60
4.82156,60
4.8225,60
4.82344,60
4.82439,60
4.82533,60
4.82628,60
4.82722,60
4.82816,60
4.82911,60
4.83005,60
4.831,60
4.83194,60
4.83288,60
4.83383,60
4.83477,60
4.83572,60
4.83666,60
4.8376,60
4.83855,60
4.83949,60
4.84044,60
4.84138,60
4.84232,60
4.84327,60
4.84421,60
4.84516,60
4.8461,60
4.84704,60
4.84799,60
4.84893,60
4.84988,60
4.85082,60
4.85176,60
4.85271,60
4.85365,60
4.8546,60
4.85554,60
4.85648,60
4.85743,60
4.85837,60
4.85932,60
4.86026,60
4.8612,60
4.86215,60
4.86309,60
4.86404,60
4.86498,60
4.86592,60
4.86687,60
4.86781,60
4.86876,60
4.8697,60
4.87064,60
4.87159,60
4.87253,60
4.87348,60
4.87442,60
4.87536,60
4.87631,60
4.87725,60
4.8782,60
4.87914,60
4.88008,60
4.88103,60
4.88197,60
4.88292,60
4.88386,60
4.8848,60
4.88575,60
4.88669,60
4.88764,60
4.88858,60
4.88952,60
4.89047,60
4.89141,60
4.89236,60
4.8933,60
4.89424,60
4.89519,60
4.89613,60
4.89708,60
4.89802,60
4.89896,60
4.89991,60
4.90085,60
4.9018,60
4.90274,60
4.90368,60
4.90463,60
4.90557,60
4.90652,60
4.90746,60
4.9084,60
4.90935,60
4.91029,60
4.91124,60
4.91218,60
4.91312,60
4.91407,60
4.91501,60
4.91596,60
4.9169,60
4.91784,60
4.91879,60
4.91973,60
4.92068,60
4.92162,60
4.92256,60
4.92351,60
4.92445,60
4.9254,60
4.92634,60
4.92728,60
4.92823,60
4.92917,60
4.93012,61
4.93106,61
4.932,61
4.93295,61
4.93389,61
4.93484,61
4.93578,61
4.93672,61
4.93767,61
4.93861,61
4.93956,61
4.9405,61
4.94144,61
4.94239,61
4.94333,61
4.94428,61
4.94522,61
4.94616,61
4.94711,61
4.94805,61
4.949,61
4.94994,61
4.95088,61
4.95183,61
4.95277,61
4.95372,61
4.95466,61
4.9556,61
4.95655,61
4.95749,61
4.95844,61
4.95938,61
4.96032,61
4.96127,61
4.96221,61
4.96316,61
4.9641,61
4.96504,61
4.96599,61
4.96693,61
4.96788,61
4.96882,61
4.96976,61
4.97071,61
4.97165,61
4.9726,61
4.97354,61
4.97448,61
4.97543,61
4.97637,61
4.97732,61
4.97826,61
4.9792,61
4.98015,61
4.98109,61
4.98204,61
4.98298,61
4.98392,61
4.98487,61
4.98581,61
4.98676,61
4.9877,61
4.98864,61
4.98959,61
4.99053,61
4.99148,61
4.99242,61
4.99336,61
4.99431,61
4.99525,61
4.9962,61
4.99714,61
4.99808,61
4.99903,61
4.99997,61
5.00092,61
5.00186,61
5.0028,61
5.00375,61
5.00469,61
5.00564,61
5.00658,61
5.00752,61
5.00847,61
5.00941,61
5.01036,61
5.0113,61
5.01224,61
5.01319,61
5.01413,61
5.01508,61
5.01602,61
5.01696,61
5.01791,61
5.01885,61
5.0198,61
5.02074,61
5.02168,61
5.02263,61
5.02357,61
5.02452,61
5.02546,61
5.0264,61
5.02735,61
5.02829,61
5.02924,61
5.03018,61
5.03112,61
5.03207,61
5.03301,61
5.03396,61
5.0349,61
5.03584,61
5.03679,61
5.03773,61
5.03868,61
5.03962,61
5.04056,61
5.04151,61
5.04245,61
5.0434,61
5.04434,61
5.04528,61
5.04623,61
5.04717,61
5.04812,61
5.04906,61
5.05,61
5.05095,61
5.05189,61
5.05284,61
5.05378,61
5.05472,61
5.05567,61
5.05661,61
5.05756,61
5.0585,61
5.05944,61
5.06039,61
5.06133,61
5.06228,61
5.06322,61
5.06416,61
5.06511,61
5.06605,61
5.067,61
5.06794,61
5.06888,61
5.06983,61
5.07077,61
5.07172,61
5.07266,61
5.0736,61
5.07455,61
5.07549,61
5.07644,61
5.07738,61
5.07832,61
5.07927,61
5.08021,61
5.08116,61
5.0821,61
5.08304,61
5.08399,61
5.08493,61
5.08588,61
5.08682,61
5.08776,61
5.08871,61
5.08965,61
5.0906,61
5.09154,61
5.09248,61
5.09343,61
5.09437,61
5.09532,61
5.09626,61
5.0972,61
5.09815,61
5.09909,61
5.10004,61
5.10098,61
5.10192,61
5.10287,61
5.10381,61
5.10476,61
5.1057,61
5.10664,61
5.10759,61
5.10853,61
5.10948,61
5.11042,61
5.11136,61
5.11231,61
5.11325,61
5.1142,61
5.11514,61
5.11608,61
5.11703,61
5.11797,61
5.11892,61
5.11986,61
5.1208,61
5.12175,61
5.12269,61
5.12364,61
5.12458,61
5.12552,61
5.12647,61
5.12741,61
5.12836,61
5.1293,61
5.13024,61
5.13119,61
5.13213,61
5.13308,61
5.13402,61
5.13496,61
5.13591,61
5.13685,61
5.1378,61
5.13874,61
5.13968,61
5.14063,61
5.14157,61
5.14252,61
5.14346,61
5.1444,61
5.14535,61
5.14629,61
5.14724,61
5.14818,61
5.14912,61
5.15007,61
5.15101,61
5.15196,61
5.1529,61
5.15384,61
5.15479,61
5.15573,61
5.15668,61
5.15762,61
5.15856,61
5.15951,61
5.16045,61
5.1614,61
5.16234,61
5.16328,61
5.16423,62
5.16517,62
5.16612,62
5.16706,62
5.168,62
5.16895,62
5.16989,62
5.17084,62
5.17178,62
5.17272,62
5.17367,62
5.17461,62
5.17556,62
5.1765,62
5.17744,62
5.17839,62
5.17933,62
5.18028,62
5.18122,62
5.18216,62
5.18311,62
5.18405,62
5.185,62
5.18594,62
5.18688,62
5.18783,62
5.18877,62
5.18972,62
5.19066,62
5.1916,62
5.19255,62
5.19349,62
5.19444,62
5.19538,62
5.19632,62
5.19727,62
5.19821,62
5.19916,62
5.2001,62
5.20104,62
5.20199,62
5.20293,62
5.20388,62
5.20482,62
5.20576,62
5.20671,62
5.20765,62
5.2086,62
5.20954,62
5.21048,62
5.21143,62
5.21237,62
5.21332,62
5.21426,62
5.2152,62
5.21615,62
5.21709,62
5.21804,62
5.21898,62
5.21992,62
5.22087,62
5.22181,62
5.22276,62
5.2237,62
5.22464,62
5.22559,62
5.22653,62
5.22748,62
5.22842,62
5.22936,62
5.23031,62
5.23125,62
5.2322,62
5.23314,62
5.23408,62
5.23503,62
5.23597,62
5.23692,62
5.23786,62
5.2388,62
5.23975,62
5.24069,62
5.24164,62
5.24258,62
5.24352,62
5.24447,62
5.24541,62
5.24636,62
5.2473,62
5.24824,62
5.24919,62
5.25013,62
5.25108,62
5.25202,62
5.25296,62
5.25391,62
5.25485,62
5.2558,62
5.25674,62
5.25768,62
5.25863,62
5.25957,62
5.26052,62
5.26146,62
5.2624,62
5.26335,62
5.26429,62
5.26524,62
5.26618,62
5.26712,62
5.26807,62
5.26901,62
5.26996,62
5.2709,62
5.27184,62
5.27279,62
5.27373,62
5.27468,62
5.27562,62
5.27656,62
5.27751,62
5.27845,62
5.2794,62
5.28034,62
5.28128,62
5.28223,62
5.28317,62
5.28412,62
5.28506,62
5.286,62
5.28695,62
5.28789,62
5.28884,62
5.28978,62
5.29072,62
5.29167,62
5.29261,62
5.29356,62
5.2945,62
5.29544,62
5.29639,62
5.29733,62
5.29828,62
5.29922,62
5.30016,62
5.30111,62
5.30205,62
5.303,62
5.30394,62
5.30488,62
5.30583,62
5.30677,62
5.30772,62
5.30866,62
5.3096,62
5.31055,62
5.31149,62
5.31244,62
5.31338,62
5.31432,62
5.31527,62
5.31621,62
5.31716,62
5.3181,62
5.31904,62
5.31999,62
5.32093,62
5.32188,62
5.32282,62
5.32376,62
5.32471,62
5.32565,62
5.3266,62
5.32754,62
5.32848,62
5.32943,62
5.33037,62
5.33132,62
5.33226,62
5.3332,62
5.33415,62
5.33509,62
5.33604,62
5.33698,62
5.33792,62
5.33887,62
5.33981,62
5.34076,62
5.3417,62
5.34264,62
5.34359,62
5.34453,62
5.34548,62
5.34642,62
5.34736,62
5.34831,62
5.34925,62
5.3502,62
5.35114,62
5.35208,62
5.35303,62
5.35397,62
5.35492,62
5.35586,62
5.3568,62
5.35775,62
5.35869,62
5.35964,62
5.36058,62
5.36152,62
5.36247,62
5.36341,62
5.36436,62
5.3653,62
5.36624,62
5.36719,62
5.36813,62
5.36908,62
5.37002,62
5.37096,62
5.37191,62
5.37285,62
5.3738,62
5.37474,62
5.37568,62
5.37663,62
5.37757,62
5.37852,62
5.37946,62
5.3804,62
5.38135,62
5.38229,62
5.38324,62
5.38418,62
5.38512,62
5.38607,62
5.38701,62
5.38796,62
5.3889,62
5.38984,62
5.39079,62
5.39173,62
5.39268,62
5.39362,62
5.39456,62
5.39551,62
5.39645,62
5.3974,62
5.39834,62
5.39928,62
5.40023,63
5.40117,63
5.40212,63
5.40306,63
5.404,63
5.40495,63
5.40589,63
5.40684,63
5.40778,63
5.40872,63
5.40967,63
5.41061,63
5.41156,63
5.4125,63
5.41344,63
5.41439,63
5.41533,63
5.41628,63
5.41722,63
5.41816,63
5.41911,63
5.42005,63
5.421,63
5.42194,63
5.42288,63
5.42383,63
5.42477,63
5.42572,63
5.42666,63
5.4276,63
5.42855,63
5.42949,63
5.43044,63
5.43138,63
5.43232,63
5.43327,63
5.43421,63
5.43516,63
5.4361,63
5.43704,63
5.43799,63
5.43893,63
5.43988,63
5.44082,63
5.44176,63
5.44271,63
5.44365,63
5.4446,63
5.44554,63
5.44648,63
5.44743,63
5.44837,63
5.44932,63
5.45026,63
5.4512,63
5.45215,63
5.45309,63
5.45404,63
5.45498,63
5.45592,63
5.45687,63
5.45781,63
5.45876,63
5.4597,63
5.46064,63
5.46159,63
5.46253,63
5.46348,63
5.46442,63
5.46536,63
5.46631,63
5.46725,63
5.4682,63
5.46914,63
5.47008,63
5.47103,63
5.47197,63
5.47292,63
5.47386,63
5.4748,63
5.47575,63
5.47669,63
5.47764,63
5.47858,63
5.47952,63
5.48047,63
5.48141,63
5.48236,63
5.4833,63
5.48424,63
5.48519,63
5.48613,63
5.48708,63
5.48802,63
5.48896,63
5.48991,63
5.49085,63
5.4918,63
5.49274,63
5.49368,63
5.49463,63
5.49557,63
5.49652,63
5.49746,63
5.4984,63
5.49935,63
5.50029,63
5.50124,63
5.50218,63
5.50312,63
5.50407,63
5.50501,63
5.50596,63
5.5069,63
5.50784,63
5.50879,63
5.50973,63
5.51068,63
5.51162,63
5.51256,63
5.51351,63
5.51445,63
5.5154,63
5.51634,63
5.51728,63
5.51823,63
5.51917,63
5.52012,63
5.52106,63
5.522,63
5.52295,63
5.52389,63
5.52484,63
5.52578,63
5.52672,63
5.52767,63
5.52861,63
5.52956,63
5.5305,63
5.53144,63
5.53239,63
5.53333,63
5.53428,63
5.53522,63
5.53616,63
5.53711,63
5.53805,63
5.539,63
5.53994,63
5.54088,63
5.54183,63
5.54277,63
5.54372,63
5.54466,63
5.5456,63
5.54655,63
5.54749,63
5.54844,63
5.54938,63
5.55032,63
5.55127,63
5.55221,63
5.55316,63
5.5541,63
5.55504,63
5.55599,63
5.55693,63
5.55788,63
5.55882,63
5.55976,63
5.56071,63
5.56165,63
5.5626,63
5.56354,63
5.56448,63
5.56543,63
5.56637,63
5.56732,63
5.56826,63
5.5692,63
5.57015,63
5.57109,63
5.57204,63
5.57298,63
5.57392,63
5.57487,63
5.57581,63
5.57676,63
5.5777,63
5.57864,63
5.57959,63
5.58053,63
5.58148,63
5.58242,63
5.58336,63
5.58431,63
5.58525,63
5.5862,63
5.58714,63
5.58808,63
5.58903,63
5.58997,63
5.59092,63
5.59186,63
5.5928,63
5.59375,63
5.59469,63
5.59564,63
5.59658,63
5.59752,63
5.59847,63
5.59941,63
5.60036,63
5.6013,63
5.60224,63
5.60319,63
5.60413,63
5.60508,63
5.60602,63
5.60696,63
5.60791,63
5.60885,63
5.6098,63
5.61074,63
5.61168,63
5.61263,63
5.61357,63
5.61452,63
5.61546,63
5.6164,63
5.61735,63
5.61829,63
5.61924,63
5.62018,63
5.62112,63
5.62207,63
5.62301,63
5.62396,63
5.6249,63
5.62584,63
5.62679,63
5.62773,63
5.62868,63
5.62962,63
5.63056,63
5.63151,63
5.63245,63
5.6334,63
5.63434,63
5.63528,63
5.63623,63
5.63717,63
5.63812,64
5.63906,64
5.64,64
5.64095,64
5.64189,64
5.64284,64
5.64378,64
5.64472,64
5.64567,64
5.64661,64
5.64756,64
5.6485,64
5.64944,64
5.65039,64
5.65133,64
5.65228,64
5.65322,64
5.65416,64
5.65511,64
5.65605,64
5.657,64
5.65794,64
5.65888,64
5.65983,64
5.66077,64
5.66172,64
5.66266,64
5.6636,64
5.66455,64
5.66549,64
5.66644,64
5.66738,64
5.66832,64
5.66927,64
5.67021,64
5.67116,64
5.6721,64
5.67304,64
5.67399,64
5.67493,64
5.67588,64
5.67682,64
5.67776,64
5.67871,64
5.67965,64
5.6806,64
5.68154,64
5.68248,64
5.68343,64
5.68437,64
5.68532,64
5.68626,64
5.6872,64
5.68815,64
5.68909,64
5.69004,64
5.69098,64
5.69192,64
5.69287,64
5.69381,64
5.69476,64
5.6957,64
5.69664,64
5.69759,64
5.69853,64
5.69948,64
5.70042,64
5.70136,64
5.70231,64
5.70325,64
5.7042,64
5.70514,64
5.70608,64
5.70703,64
5.70797,64
5.70892,64
5.70986,64
5.7108,64
5.71175,64
5.71269,64
5.71364,64
5.71458,64
5.71552,64
5.71647,64
5.71741,64
5.71836,64
5.7193,64
5.72024,64
5.72119,64
5.72213,64
5.72308,64
5.72402,64
5.72496,64
5.72591,64
5.72685,64
5.7278,64
5.72874,64
5.72968,64
5.73063,64
5.73157,64
5.73252,64
5.73346,64
5.7344,64
5.73535,64
5.73629,64
5.73724,64
5.73818,64
5.73912,64
5.74007,64
5.74101,64
5.74196,64
5.7429,64
5.74384,64
5.74479,64
5.74573,64
5.74668,64
5.74762,64
5.74856,64
5.74951,64
5.75045,64
5.7514,64
5.75234,64
5.75328,64
5.75423,64
5.75517,64
5.75612,64
5.75706,64
5.758,64
5.75895,64
5.75989,64
5.76084,64
5.76178,64
5.76272,64
5.76367,64
5.76461,64
5.76556,64
5.7665,64
5.76744,64
5.76839,64
5.76933,64
5.77028,64
5.77122,64
5.77216,64
5.77311,64
5.77405,64
5.775,64
5.77594,64
5.77688,64
5.77783,64
5.77877,64
5.77972,64
5.78066,64
5.7816,64
5.78255,64
5.78349,64
5.78444,64
5.78538,64
5.78632,64
5.78727,64
5.78821,64
5.78916,64
5.7901,64
5.79104,64
5.79199,64
5.79293,64
5.79388,64
5.79482,64
5.79576,64
5.79671,64
5.79765,64
5.7986,64
5.79954,64
5.80048,64
5.80143,64
5.80237,64
5.80332,64
5.80426,64
5.8052,64
5.80615,64
5.80709,64
5.80804,64
5.80898,64
5.80992,64
5.81087,64
5.81181,64
5.81276,64
5.8137,64
5.81464,64
5.81559,64
5.81653,64
5.81748,64
5.81842,64
5.81936,64
5.82031,64
5.82125,64
5.8222,64
5.82314,64
5.82408,64
5.82503,64
5.82597,64
5.82692,64
5.82786,64
5.8288,64
5.82975,64
5.83069,64
5.83164,64
5.83258,64
5.83352,64
5.83447,64
5.83541,64
5.83636,64
5.8373,64
5.83824,64
5.83919,64
5.84013,64
5.84108,64
5.84202,64
5.84296,64
5.84391,64
5.84485,64
5.8458,64
5.84674,64
5.84768,64
5.84863,64
5.84957,64
5.85052,64
5.85146,64
5.8524,64
5.85335,64
5.85429,64
5.85524,64
5.85618,64
5.85712,64
5.85807,64
5.85901,64
5.85996,64
5.8609,64
5.86184,64
5.86279,64
5.86373,64
5.86468,64
5.86562,64
5.86656,64
5.86751,64
5.86845,64
5.8694,64
5.87034,64
5.87128,64
5.87223,64
5.87317,64
5.87412,64
5.87506,64
5.876,65
5.87695,65
5.87789,65
5.87884,65
5.87978,65
5.88072,65
5.88167,65
5.88261,65
5.88356,65
5.8845,65
5.88544,65
5.88639,65
5.88733,65
5.88828,65
5.88922,65
5.89016,65
5.89111,65
5.89205,65
5.893,65
5.89394,65
5.89488,65
5.89583,65
5.89677,65
5.89772,65
5.89866,65
5.8996,65
5.90055,65
5.90149,65
5.90244,65
5.90338,65
5.90432,65
5.90527,65
5.90621,65
5.90716,65
5.9081,65
5.90904,65
5.90999,65
5.91093,65
5.91188,65
5.91282,65
5.91376,65
5.91471,65
5.91565,65
5.9166,65
5.91754,65
5.91848,65
5.91943,65
5.92037,65
5.92132,65
5.92226,65
5.9232,65
5.92415,65
5.92509,65
5.92604,65
5.92698,65
5.92792,65
5.92887,65
5.92981,65
5.93076,65
5.9317,65
5.93264,65
5.93359,65
5.93453,65
5.93548,65
5.93642,65
5.93736,65
5.93831,65
5.93925,65
5.9402,65
5.94114,65
5.94208,65
5.94303,65
5.94397,65
5.94492,65
5.94586,65
5.9468,65
5.94775,65
5.94869,65
5.94964,65
5.95058,65
5.95152,65
5.95247,65
5.95341,65
5.95436,65
5.9553,65
5.95624,65
5.95719,65
5.95813,65
5.95908,65
5.96002,65
5.96096,65
5.96191,65
5.96285,65
5.9638,65
5.96474,65
5.96568,65
5.96663,65
5.96757,65
5.96852,65
5.96946,65
5.9704,65
5.97135,65
5.97229,65
5.97324,65
5.97418,65
5.97512,65
5.97607,65
5.97701,65
5.97796,65
5.9789,65
5.97984,65
5.98079,65
5.98173,65
5.98268,65
5.98362,65
5.98456,65
5.98551,65
5.98645,65
5.9874,65
5.98834,65
5.98928,65
5.99023,65
5.99117,65
5.99212,65
5.99306,65
5.994,65
5.99495,65
5.99589,65
5.99684,65
5.99778,65
5.99872,65
5.99967,65
6.00061,65
6.00156,65
6.0025,65
6.00344,65
6.00439,65
6.00533,65
6.00628,65
6.00722,65
6.00816,65
6.00911,65
6.01005,65
6.011,65
6.01194,65
6.01288,65
6.01383,65
6.01477,65
6.01572,65
6.01666,65
6.0176,65
6.01855,65
6.01949,65
6.02044,65
6.02138,65
6.02232,65
6.02327,65
6.02421,65
6.02516,65
6.0261,65
6.02704,65
6.02799,65
6.02893,65
6.02988,65
6.03082,65
6.03176,65
6.03271,65
6.03365,65
6.0346,65
6.03554,65
6.03648,65
6.03743,65
6.03837,65
6.03932,65
6.04026,65
6.0412,65
6.04215,65
6.04309,65
6.04404,65
6.04498,65
6.04592,65
6.04687,65
6.04781,65
6.04876,65
6.0497,65
6.05064,65
6.05159,65
6.05253,65
6.05348,65
6.05442,65
6.05536,65
6.05631,65
6.05725,65
6.0582,65
6.05914,65
6.06008,65
6.06103,65
6.06197,65
6.06292,65
6.06386,65
6.0648,65
6.06575,65
6.06669,65
6.06764,65
6.06858,65
6.06952,65
6.07047,65
6.07141,65
6.07236,65
6.0733,65
6.07424,65
6.07519,65
6.07613,65
6.07708,65
6.07802,65
6.07896,65
6.07991,65
6.08085,65
6.0818,65
6.08274,65
6.08368,65
6.08463,65
6.08557,65
6.08652,65
6.08746,65
6.0884,65
6.08935,65
6.09029,65
6.09124,65
6.09218,65
6.09312,65
6.09407,65
6.09501,65
6.09596,65
6.0969,65
6.09784,65
6.09879,65
6.09973,65
6.10068,65
6.10162,65
6.10256,65
6.10351,65
6.10445,65
6.1054,65
6.10634,65
6.10728,65
6.10823,65
6.10917,65
6.11012,65
6.11106,65
6.112,65
6.11295,65
6.11389,65
6.11484,65
6.11578,65
6.11672,65
6.11767,65
6.11861,65
6.11956,65
6.1205,65
6.12144,65
6.12239,65
6.12333,65
6.12428,65
6.12522,65
6.12616,65
6.12711,65
6.12805,66
6.129,66
6.12994,66
6.13088,66
6.13183,66
6.13277,66
6.13372,66
6.13466,66
6.1356,66
6.13655,66
6.13749,66
6.13844,66
6.13938,66
6.14032,66
6.14127,66
6.14221,66
6.14316,66
6.1441,66
6.14504,66
6.14599,66
6.14693,66
6.14788,66
6.14882,66
6.14976,66
6.15071,66
6.15165,66
6.1526,66
6.15354,66
6.15448,66
6.15543,66
6.15637,66
6.15732,66
6.15826,66
6.1592,66
6.16015,66
6.16109,66
6.16204,66
6.16298,66
6.16392,66
6.16487,66
6.16581,66
6.16676,66
6.1677,66
6.16864,66
6.16959,66
6.17053,66
6.17148,66
6.17242,66
6.17336,66
6.17431,66
6.17525,66
6.1762,66
6.17714,66
6.17808,66
6.17903,66
6.17997,66
6.18092,66
6.18186,66
6.1828,66
6.18375,66
6.18469,66
6.18564,66
6.18658,66
6.18752,66
6.18847,66
6.18941,66
6.19036,66
6.1913,66
6.19224,66
6.19319,66
6.19413,66
6.19508,66
6.19602,66
6.19696,66
6.19791,66
6.19885,66
6.1998,66
6.20074,66
6.20168,66
6.20263,66
6.20357,66
6.20452,66
6.20546,66
6.2064,66
6.20735,66
6.20829,66
6.20924,66
6.21018,66
6.21112,66
6.21207,66
6.21301,66
6.21396,66
6.2149,66
6.21584,66
6.21679,66
6.21773,66
6.21868,66
6.21962,66
6.22056,66
6.22151,66
6.22245,66
6.2234,66
6.22434,66
6.22528,66
6.22623,66
6.22717,66
6.22812,66
6.22906,66
6.23,66
6.23095,66
6.23189,66
6.23284,66
6.23378,66
6.23472,66
6.23567,66
6.23661,66
6.23756,66
6.2385,66
6.23944,66
6.24039,66
6.24133,66
6.24228,66
6.24322,66
6.24416,66
6.24511,66
6.24605,66
6.247,66
6.24794,66
6.24888,66
6.24983,66
6.25077,66
6.25172,66
6.25266,66
6.2536,66
6.25455,66
6.25549,66
6.25644,66
6.25738,66
6.25832,66
6.25927,66
6.26021,66
6.26116,66
6.2621,66
6.26304,66
6.26399,66
6.26493,66
6.26588,66
6.26682,66
6.26776,66
6.26871,66
6.26965,66
6.2706,66
6.27154,66
6.27248,66
6.27343,66
6.27437,66
6.27532,66
6.27626,66
6.2772,66
6.27815,66
6.27909,66
6.28004,66
6.28098,66
6.28192,66
6.28287,66
6.28381,66
6.28476,66
6.2857,66
6.28664,66
6.28759,66
6.28853,66
6.28948,66
6.29042,66
6.29136,66
6.29231,66
6.29325,66
6.2942,66
6.29514,66
6.29608,66
6.29703,66
6.29797,66
6.29892,66
6.29986,66
6.3008,66
6.30175,66
6.30269,66
6.30364,66
6.30458,66
6.30552,66
6.30647,66
6.30741,66
6.30836,66
6.3093,66
6.31024,66
6.31119,66
6.31213,66
6.31308,66
6.31402,66
6.31496,66
6.31591,66
6.31685,66
6.3178,66
6.31874,66
6.31968,66
6.32063,66
6.32157,66
6.32252,66
6.32346,66
6.3244,66
6.32535,66
6.32629,66
6.32724,66
6.32818,66
6.32912,66
6.33007,66
6.33101,66
6.33196,66
6.3329,66
6.33384,66
6.33479,66
6.33573,66
6.33668,66
6.33762,66
6.33856,66
6.33951,66
6.34045,66
6.3414,66
6.34234,66
6.34328,66
6.34423,66
6.34517,66
6.34612,66
6.34706,66
6.348,66
6.34895,66
6.34989,66
6.35084,66
6.35178,66
6.35272,66
6.35367,66
6.35461,66
6.35556,66
6.3565,66
6.35744,66
6.35839,66
6.35933,66
6.36028,66
6.36122,66
6.36216,66
6.36311,66
6.36405,66
6.365,66
6.36594,66
6.36688,66
6.36783,66
6.36877,66
6.36972,66
6.37066,66
6.3716,66
6.37255,66
6.37349,66
6.37444,66
6.37538,66
6.37632,66
6.37727,66
6.37821,66
6.37916,66
6.3801,66
6.38104,66
6.38199,66
6.38293,66
6.38388,66
6.38482,66
6.38576,66
6.38671,66
6.38765,66
6.3886,66
6.38954,66
6.39048,66
6.39143,66
6.39237,66
6.39332,66
6.39426,66
6.3952,66
6.39615,66
6.39709,66
6.39804,66
6.39898,66
6.39992,66
6.40087,66
6.40181,66
6.40276,66
6.4037,66
6.40464,66
6.40559,66
6.40653,66
6.40748,66
6.40842,66
6.40936,66
6.41031,66
6.41125,66
6.4122,66
6.41314,66
6.41408,66
6.41503,66
6.41597,66
6.41692,66
6.41786,66
6.4188,66
6.41975,66
6.42069,66
6.42164,66
6.42258,66
6.42352,66
6.42447,66
6.42541,66
6.42636,66
6.4273,66
6.42824,66
6.42919,66
6.43013,66
6.43108,66
6.43202,67
6.43296,67
6.43391,67
6.43485,67
6.4358,67
6.43674,67
6.43768,67
6.43863,67
6.43957,67
6.44052,67
6.44146,67
6.4424,67
6.44335,67
6.44429,67
6.44524,67
6.44618,67
6.44712,67
6.44807,67
6.44901,67
6.44996,67
6.4509,67
6.45184,67
6.45279,67
6.45373,67
6.45468,67
6.45562,67
6.45656,67
6.45751,67
6.45845,67
6.4594,67
6.46034,67
6.46128,67
6.46223,67
6.46317,67
6.46412,67
6.46506,67
6.466,67
6.46695,67
6.46789,67
6.46884,67
6.46978,67
6.47072,67
6.47167,67
6.47261,67
6.47356,67
6.4745,67
6.47544,67
6.47639,67
6.47733,67
6.47828,67
6.47922,67
6.48016,67
6.48111,67
6.48205,67
6.483,67
6.48394,67
6.48488,67
6.48583,67
6.48677,67
6.48772,67
6.48866,67
6.4896,67
6.49055,67
6.49149,67
6.49244,67
6.49338,67
6.49432,67
6.49527,67
6.49621,67
6.49716,67
6.4981,67
6.49904,67
6.49999,67
6.50093,67
6.50188,67
6.50282,67
6.50376,67
6.50471,67
6.50565,67
6.5066,67
6.50754,67
6.50848,67
6.50943,67
6.51037,67
6.51132,67
6.51226,67
6.5132,67
6.51415,67
6.51509,67
6.51604,67
6.51698,67
6.51792,67
6.51887,67
6.51981,67
6.52076,67
6.5217,67
6.52264,67
6.52359,67
6.52453,67
6.52548,67
6.52642,67
6.52736,67
6.52831,67
6.52925,67
6.5302,67
6.53114,67
6.53208,67
6.53303,67
6.53397,67
6.53492,67
6.53586,67
6.5368,67
6.53775,67
6.53869,67
6.53964,67
6.55002,67
6.55096,67
6.55191,67
6.55285,67
6.5538,67
6.55474,67
6.55568,67
6.55663,67
6.55757,67
6.55852,67
6.55946,67
6.5604,67
6.56135,67
6.56229,67
6.56324,67
6.56418,67
6.56512,67
6.56607,67
6.56701,67
6.56796,67
6.5689,67
6.56984,67
6.57079,67
6.57173,67
6.57268,67
6.57362,67
6.57456,67
6.57551,67
6.57645,67
6.5774,67
6.57834,67
6.57928,67
6.58023,67
6.58117,67
6.58212,67
6.58306,67
6.584,67
6.58495,67
6.58589,67
6.58684,67
6.58778,67
6.58872,67
6.58967,67
6.59061,67
6.59156,67
6.5925,67
6.59344,67
6.59439,67
6.59533,67
6.59628,67
6.59722,67
6.59816,67
6.59911,67
6.60005,67
6.601,67
6.60194,67
6.60288,67
6.60383,67
6.60477,67
6.60572,67
6.60666,67
6.6076,67
6.60855,67
6.60949,67
6.61044,67
6.61138,67
6.61232,67
6.61327,67
6.61421,67
6.61516,67
6.6161,67
6.61704,67
6.61799,67
6.61893,67
6.61988,67
6.62082,67
6.62176,67
6.62271,67
6.62365,67
6.6246,67
6.62554,67
6.62648,67
6.62743,67
6.62837,67
6.62932,67
6.63026,67
6.6312,67
6.63215,67
6.63309,67
6.63404,67
6.63498,67
6.63592,67
6.63687,67
6.63781,67
6.63876,67
6.6397,67
6.64064,67
6.64159,67
6.64253,67
6.64348,67
6.64442,67
6.64536,67
6.64631,67
6.64725,67
6.6482,67
6.64914,67
6.65008,67
6.65103,67
6.65197,67
6.65292,67
6.65386,67
6.6548,67
6.65575,67
6.65669,67
6.65764,67
6.65858,67
6.65952,67
6.66047,67
6.66141,67
6.66236,67
6.6633,67
6.66424,67
6.66519,67
6.66613,67
6.66708,67
6.66802,67
6.66896,67
6.66991,67
6.67085,67
6.6718,67
6.67274,67
6.67368,67
6.67463,67
6.67557,67
6.67652,67
6.67746,67
6.6784,67
6.67935,67
6.68029,67
6.68124,67
6.68218,67
6.68312,67
6.68407,67
6.68501,67
6.68596,67
6.6869,67
6.68784,67
6.68879,67
6.68973,67
6.69068,67
6.69162,67
6.69256,67
6.69351,67
6.69445,67
6.6954,67
6.69634,67
6.69728,67
6.69823,67
6.69917,67
6.70012,67
6.70106,67
6.702,67
6.70295,67
6.70389,67
6.70484,67
6.70578,67
6.70672,67
6.70767,67
6.70861,67
6.70956,67
6.7105,67
6.71144,67
6.71239,67
6.71333,67
6.71428,67
6.71522,67
6.71616,67
6.71711,67
6.71805,67
6.719,67
6.71994,67
6.72088,67
6.72183,67
6.72277,67
6.72372,67
6.72466,67
6.7256,67
6.72655,67
6.72749,67
6.72844,67
6.72938,67
6.73032,67
6.73127,67
6.73221,67
6.73316,67
6.7341,67
6.73504,67
6.73599,67
6.73693,67
6.73788,67
6.73882,67
6.73976,67
6.74071,67
6.74165,67
6.7426,67
6.74354,67
6.74448,67
6.74543,67
6.74637,67
6.74732,67
6.74826,67
6.7492,67
6.75015,67
6.75109,67
6.75204,67
6.75298,67
6.75392,67
6.75487,67
6.75581,67
6.75676,67
6.7577,67
6.75864,67
6.75959,67
6.76053,67
6.76148,67
6.76242,67
6.76336,67
6.76431,67
6.76525,67
6.7662,67
6.76714,67
6.76808,67
6.76903,67
6.76997,67
6.77092,67
6.77186,67
6.7728,67
6.77375,67
6.77469,67
6.77564,67
6.77658,67
6.77752,67
6.77847,67
6.77941,67
6.78036,67
6.7813,67
6.78224,67
6.78319,67
6.78413,67
6.78508,67
6.78602,67
6.78696,67
6.78791,67
6.78885,67
6.7898,67
6.79074,67
6.79168,67
6.79263,67
6.79357,67
6.79452,67
6.79546,67
6.7964,67
6.79735,67
6.79829,67
6.79924,67
6.80018,67
6.80112,67
6.80207,67
6.80301,67
6.80396,67
6.8049,67
6.80584,67
6.80679,67
6.80773,67
6.80868,67
6.80962,67
6.81056,67
6.81151,67
6.81245,67
6.8134,67
6.81434,67
6.81528,67
6.81623,67
6.81717,67
6.81812,67
6.81906,67
6.82,67
6.82095,67
6.82189,67
6.82284,67
6.82378,67
6.82472,67
6.82567,67
6.82661,67
6.82756,67
6.8285,67
6.82944,67
6.83039,67
6.83133,67
6.83228,67
6.83322,67
6.83416,67
6.83511,67
6.83605,67
6.837,67
6.83794,67
6.83888,67
6.83983,67
6.84077,67
6.84172,67
6.84266,67
6.8436,67
6.84455,67
6.84549,67
6.84644,67
6.84738,67
6.84832,67
6.84927,67
6.85021,67
6.85116,67
6.8521,67
6.85304,67
6.85399,67
6.85493,67
6.85588,67
6.85682,67
6.85776,67
6.85871,67
6.85965,67
6.8606,67
6.86154,67
6.86248,67
6.86343,67
6.86437,68
6.86532,68
6.86626,68
6.8672,68
6.86815,68
6.86909,68
6.87004,68
6.87098,68
6.87192,68
6.87287,68
6.87381,68
6.87476,68
6.8757,68
6.87664,68
6.87759,68
6.87853,68
6.87948,68
6.88042,68
6.88136,68
6.88231,68
6.88325,68
6.8842,68
6.88514,68
6.88608,68
6.88703,68
6.88797,68
6.88892,68
6.88986,68
6.8908,68
6.89175,68
6.89269,68
6.89364,68
6.89458,68
6.89552,68
6.89647,68
6.89741,68
6.89836,68
6.8993,68
6.90024,68
6.90119,68
6.90213,68
6.90308,68
6.90402,68
6.90496,68
6.90591,68
6.90685,68
6.9078,68
6.90874,68
6.90968,68
6.91063,68
6.91157,68
6.91252,68
6.91346,68
6.9144,68
6.91535,68
6.91629,68
6.91724,68
6.91818,68
6.91912,68
6.92007,68
6.92101,68
6.92196,68
6.9229,68
6.92384,68
6.92479,68
6.92573,68
6.92668,68
6.92762,68
6.92856,68
6.92951,68
6.93045,68
6.9314,68
6.93234,68
6.93328,68
6.93423,68
6.93517,68
6.93612,68
6.93706,68
6.938,68
6.93895,68
6.93989,68
6.94084,68
6.94178,68
6.94272,68
6.94367,68
6.94461,68
6.94556,68
6.9465,68
6.94744,68
6.94839,68
6.94933,68
6.95028,68
6.95122,68
6.95216,68
6.95311,68
6.95405,68
6.955,68
6.95594,68
6.95688,68
6.95783,68
6.95877,68
6.95972,68
6.96066,68
6.9616,68
6.96255,68
6.96349,68
6.96444,68
6.96538,68
6.96632,68
6.96727,68
6.96821,68
6.96916,68
6.9701,68
6.97104,68
6.97199,68
6.97293,68
6.97388,68
6.97482,68
6.97576,68
6.97671,68
6.97765,68
6.9786,68
6.97954,68
6.98048,68
6.98143,68
6.98237,68
6.98332,68
6.98426,68
6.9852,68
6.98615,68
6.98709,68
6.98804,68
6.98898,68
6.98992,68
6.99087,68
6.99181,68
6.99276,68
6.9937,68
6.99464,68
6.99559,68
6.99653,68
6.99748,68
6.99842,68
6.99936,68
7.00031,68
7.00125,68
7.0022,68
7.00314,68
7.00408,68
7.00503,68
7.00597,68
7.00692,68
7.00786,68
7.0088,68
7.00975,68
7.01069,68
7.01164,68
7.01258,68
7.01352,68
7.01447,68
7.01541,68
7.01636,68
7.0173,68
7.01824,68
7.01919,68
7.02013,68
7.02108,68
7.02202,68
7.02296,68
7.02391,68
7.02485,68
7.0258,68
7.02674,68
7.02768,68
7.02863,68
7.02957,68
7.03052,68
7.03146,68
7.0324,68
7.03335,68
7.03429,68
7.03524,68
7.03618,68
7.03712,68
7.03807,68
7.03901,68
7.03996,68
7.0409,68
7.04184,68
7.04279,68
7.04373,68
7.04468,68
7.04562,68
7.04656,68
7.04751,68
7.04845,68
7.0494,68
7.05034,68
7.05128,68
7.05223,68
7.05317,68
7.05412,68
7.05506,68
7.056,68
7.05695,68
7.05789,68
7.05884,68
7.05978,68
7.06072,68
7.06167,68
7.06261,68
7.06356,68
7.0645,68
7.06544,68
7.06639,68
7.06733,68
7.06828,68
7.06922,68
7.07016,68
7.07111,68
7.07205,68
7.073,68
7.07394,68
7.07488,68
7.07583,68
7.07677,68
7.07772,68
7.07866,68
7.0796,68
7.08055,68
7.08149,68
7.08244,68
7.08338,68
7.08432,68
7.08527,68
7.08621,68
7.08716,68
7.0881,68
7.08904,68
7.08999,68
7.09093,68
7.09188,68
7.09282,68
7.09376,68
7.09471,68
7.09565,68
7.0966,68
7.09754,68
7.09848,68
7.09943,68
7.10037,68
7.10132,68
7.10226,68
7.1032,68
7.10415,68
7.10509,68
7.10604,68
7.10698,68
7.10792,68
7.10887,68
7.10981,68
7.11076,68
7.1117,68
7.11264,68
7.11359,68
7.11453,68
7.11548,68
7.11642,68
7.11736,68
7.11831,68
7.11925,68
7.1202,68
7.12114,68
7.12208,69
7.12303,69
7.12397,69
7.12492,69
7.12586,69
7.1268,69
7.12775,69
7.12869,69
7.12964,69
7.13058,69
7.13152,69
7.13247,69
7.13341,69
7.13436,69
7.1353,69
7.13624,69
7.13719,69
7.13813,69
7.13908,69
7.14002,69
7.14096,69
7.14191,69
7.14285,69
7.1438,69
7.14474,69
7.14568,69
7.14663,69
7.14757,69
7.14852,69
7.14946,69
7.1504,69
7.15135,69
7.15229,69
7.15324,69
7.15418,69
7.15512,69
7.15607,69
7.15701,69
7.15796,69
7.1589,69
7.15984,69
7.16079,69
7.16173,69
7.16268,69
7.16362,69
7.16456,69
7.16551,69
7.16645,69
7.1674,69
7.16834,69
7.16928,69
7.17023,69
7.17117,69
7.17212,69
7.17306,69
7.174,69
7.17495,69
7.17589,69
7.17684,69
7.17778,69
7.17872,69
7.17967,69
7.18061,69
7.18156,69
7.1825,69
7.18344,69
7.18439,69
7.18533,69
7.18628,69
7.18722,69
7.18816,69
7.18911,69
7.19005,69
7.191,69
7.19194,69
7.19288,69
7.19383,69
7.19477,69
7.19572,69
7.19666,69
7.1976,69
7.19855,69
7.19949,69
7.20044,69
7.20138,69
7.20232,69
7.20327,69
7.20421,69
7.20516,69
7.2061,69
7.20704,69
7.20799,69
7.20893,69
7.20988,69
7.21082,69
7.21176,69
7.21271,69
7.21365,69
7.2146,69
7.21554,69
7.21648,69
7.21743,69
7.21837,69
7.21932,69
7.22026,69
7.2212,69
7.22215,69
7.22309,69
7.22404,69
7.22498,69
7.22592,69
7.22687,69
7.22781,69
7.22876,69
7.2297,69
7.23064,69
7.23159,69
7.23253,69
7.23348,69
7.23442,69
7.23536,69
7.23631,69
7.23725,69
7.2382,69
7.23914,69
7.24008,69
7.24103,69
7.24197,69
7.24292,69
7.24386,69
7.2448,69
7.24575,69
7.24669,69
7.24764,69
7.24858,69
7.24952,69
7.25047,69
7.25141,69
7.25236,69
7.2533,69
7.25424,69
7.25519,69
7.25613,69
7.25708,69
7.25802,69
7.25896,69
7.25991,69
7.26085,69
7.2618,69
7.26274,69
7.26368,69
7.26463,69
7.26557,69
7.26652,69
7.26746,69
7.2684,69
7.26935,69
7.27029,69
7.27124,69
7.27218,69
7.27312,69
7.27407,69
7.27501,69
7.27596,69
7.2769,69
7.27784,69
7.27879,69
7.27973,69
7.28068,69
7.28162,69
7.28256,69
7.28351,69
7.28445,69
7.2854,69
7.28634,69
7.28728,69
7.28823,69
7.28917,69
7.29012,69
7.29106,69
7.292,69
7.29295,69
7.29389,69
7.29484,69
7.29578,69
7.29672,69
7.29767,69
7.29861,69
7.29956,69
7.3005,69
7.30144,69
7.30239,69
7.30333,69
7.30428,69
7.30522,69
7.30616,69
7.30711,69
7.30805,69
7.309,69
7.30994,69
7.31088,69
7.31183,69
7.31277,69
7.31372,69
7.31466,69
7.3156,69
7.31655,69
7.31749,69
7.31844,69
7.31938,69
7.32032,69
7.32127,69
7.32221,69
7.32316,69
7.3241,69
7.32504,69
7.32599,69
7.32693,69
7.32788,69
7.32882,69
7.32976,69
7.33071,69
7.33165,69
7.3326,69
7.33354,69
7.33448,69
7.33543,69
7.33637,69
7.33732,69
7.33826,69
7.3392,69
7.34015,69
7.34109,69
7.34204,69
7.34298,69
7.34392,69
7.34487,69
7.34581,69
7.34676,69
7.3477,69
7.34864,69
7.34959,69
7.35053,69
7.35148,69
7.35242,69
7.35336,69
7.35431,69
7.35525,69
7.3562,69
7.35714,69
7.35808,69
7.35903,69
7.35997,69
7.36092,69
7.36186,69
7.3628,69
7.36375,69
7.36469,69
7.36564,69
7.36658,69
7.36752,69
7.36847,69
7.36941,69
7.37036,69
7.3713,69
7.37224,69
7.37319,69
7.37413,69
7.37508,69
7.37602,69
7.37696,69
7.37791,69
7.37885,69
7.3798,69
7.38074,69
7.38168,69
7.38263,69
7.38357,70
7.38452,70
7.38546,70
7.3864,70
7.38735,70
7.38829,70
7.38924,70
7.39018,70
7.39112,70
7.39207,70
7.39301,70
7.39396,70
7.3949,70
7.39584,70
7.39679,70
7.39773,70
7.39868,70
7.39962,70
7.40056,70
7.40151,70
7.40245,70
7.4034,70
7.40434,70
7.40528,70
7.40623,70
7.40717,70
7.40812,70
7.40906,70
7.41,70
7.41095,70
7.41189,70
7.41284,70
7.41378,70
7.41472,70
7.41567,70
7.41661,70
7.41756,70
7.4185,70
7.41944,70
7.42039,70
7.42133,70
7.42228,70
7.42322,70
7.42416,70
7.42511,70
7.42605,70
7.427,70
7.42794,70
7.42888,70
7.42983,70
7.43077,70
7.43172,70
7.43266,70
7.4336,70
7.43455,70
7.43549,70
7.43644,70
7.43738,70
7.43832,70
7.43927,70
7.44021,70
7.44116,70
7.4421,70
7.44304,70
7.44399,70
7.44493,70
7.44588,70
7.44682,70
7.44776,70
7.44871,70
7.44965,70
7.4506,70
7.45154,70
7.45248,70
7.45343,70
7.45437,70
7.45532,70
7.45626,70
7.4572,70
7.45815,70
7.45909,70
7.46004,70
7.46098,70
7.46192,70
7.46287,70
7.46381,70
7.46476,70
7.4657,70
7.46664,70
7.46759,70
7.46853,70
7.46948,70
7.47042,70
7.47136,70
7.47231,70
7.47325,70
7.4742,70
7.47514,70
7.47608,70
7.47703,70
7.47797,70
7.47892,70
7.47986,70
7.4808,70
7.48175,70
7.48269,70
7.48364,70
7.48458,70
7.48552,70
7.48647,70
7.48741,70
7.48836,70
7.4893,70
7.49024,70
7.49119,70
7.49213,70
7.49308,70
7.49402,70
7.49496,70
7.49591,70
7.49685,70
7.4978,70
7.49874,70
7.49968,70
7.50063,70
7.50157,70
7.50252,70
7.50346,70
7.5044,70
7.50535,70
7.50629,70
7.50724,70
7.50818,70
7.50912,70
7.51007,70
7.51101,70
7.51196,70
7.5129,70
7.51384,70
7.51479,70
7.51573,70
7.51668,70
7.51762,70
7.51856,70
7.51951,70
7.52045,70
7.5214,70
7.52234,70
7.52328,70
7.52423,70
7.52517,70
7.52612,70
7.52706,70
7.528,70
7.52895,70
7.52989,70
7.53084,70
7.53178,70
7.53272,70
7.53367,70
7.53461,70
7.53556,70
7.5365,70
7.53744,70
7.53839,70
7.53933,70
7.54028,70
7.54122,70
7.54216,70
7.54311,70
7.54405,70
7.545,70
7.54594,70
7.54688,70
7.54783,70
7.54877,70
7.54972,70
7.55066,70
7.5516,70
7.55255,70
7.55349,70
7.55444,70
7.55538,70
7.55632,70
7.55727,70
7.55821,70
7.55916,70
7.5601,70
7.56104,70
7.56199,70
7.56293,70
7.56388,70
7.56482,70
7.56576,70
7.56671,70
7.56765,70
7.5686,70
7.56954,70
7.57048,70
7.57143,70
7.57237,70
7.57332,70
7.57426,70
7.5752,70
7.57615,70
7.57709,70
7.57804,70
7.57898,70
7.57992,70
7.58087,70
7.58181,70
7.58276,70
7.5837,70
7.58464,70
7.58559,70
7.58653,70
7.58748,70
7.58842,70
7.58936,70
7.59031,70
7.59125,70
7.5922,70
7.59314,70
7.59408,70
7.59503,70
7.59597,70
7.59692,70
7.59786,70
7.5988,70
7.59975,70
7.60069,70
7.60164,70
7.60258,70
7.60352,70
7.60447,70
7.60541,70
7.60636,70
7.6073,70
7.60824,70
7.60919,70
7.61013,70
7.61108,70
7.61202,70
7.61296,70
7.61391,70
7.61485,70
7.6158,70
7.61674,70
7.61768,70
7.61863,70
7.61957,70
7.62052,70
7.62146,70
7.6224,70
7.62335,70
7.62429,70
7.62524,70
7.62618,70
7.62712,70
7.62807,70
7.62901,70
7.62996,70
7.6309,70
7.63184,70
7.63279,70
7.63373,70
7.63468,70
7.63562,70
7.63656,70
7.63751,70
7.63845,70
7.6394,70
7.64034,70
7.64128,70
7.64223,70
7.64317,70
7.64412,70
7.64506,70
7.646,70
7.64695,70
7.64789,70
7.64884,70
7.64978,70
7.65072,70
7.65167,71
7.65261,71
7.65356,71
7.6545,71
7.65544,71
7.65639,71
7.65733,71
7.65828,71
7.65922,71
7.66016,71
7.66111,71
7.66205,71
7.663,71
7.66394,71
7.66488,71
7.66583,71
7.66677,71
7.66772,71
7.66866,71
7.6696,71
7.67055,71
7.67149,71
7.67244,71
7.67338,71
7.67432,71
7.67527,71
7.67621,71
7.67716,71
7.6781,71
7.67904,71
7.67999,71
7.68093,71
7.68188,71
7.68282,71
7.68376,71
7.68471,71
7.68565,71
7.6866,71
7.68754,71
7.68848,71
7.68943,71
7.69037,71
7.69132,71
7.69226,71
7.6932,71
7.69415,71
7.69509,71
7.69604,71
7.69698,71
7.69792,71
7.69887,71
7.69981,71
7.70076,71
7.7017,71
7.70264,71
7.70359,71
7.70453,71
7.70548,71
7.70642,71
7.70736,71
7.70831,71
7.70925,71
7.7102,71
7.71114,71
7.71208,71
7.71303,71
7.71397,71
7.71492,71
7.71586,71
7.7168,71
7.71775,71
7.71869,71
7.71964,71
7.72058,71
7.72152,71
7.72247,71
7.72341,71
7.72436,71
7.7253,71
7.72624,71
7.72719,71
7.72813,71
7.72908,71
7.73002,71
7.73096,71
7.73191,71
7.73285,71
7.7338,71
7.73474,71
7.73568,71
7.73663,71
7.73757,71
7.73852,71
7.73946,71
7.7404,71
7.74135,71
7.74229,71
7.74324,71
7.74418,71
7.74512,71
7.74607,71
7.74701,71
7.74796,71
7.7489,71
7.74984,71
7.75079,71
7.75173,71
7.75268,71
7.75362,71
7.75456,71
7.75551,71
7.75645,71
7.7574,71
7.75834,71
7.75928,71
7.76023,71
7.76117,71
7.76212,71
7.76306,71
7.764,71
7.76495,71
7.76589,71
7.76684,71
7.76778,71
7.76872,71
7.76967,71
7.77061,71
7.77156,71
7.7725,71
7.77344,71
7.77439,71
7.77533,71
7.77628,71
7.77722,71
7.77816,71
7.77911,71
7.78005,71
7.781,71
7.78194,71
7.78288,71
7.78383,71
7.78477,71
7.78572,71
7.78666,71
7.7876,71
7.78855,71
7.78949,71
7.79044,71
7.79138,71
7.79232,71
7.79327,71
7.79421,71
7.79516,71
7.7961,71
7.79704,71
7.79799,71
7.79893,71
7.79988,71
7.80082,71
7.80176,71
7.80271,71
7.80365,71
7.8046,71
7.80554,71
7.80648,71
7.80743,71
7.80837,71
7.80932,71
7.81026,71
7.8112,71
7.81215,71
7.81309,71
7.81404,71
7.81498,71
7.81592,71
7.81687,71
7.81781,71
7.81876,71
7.8197,71
7.82064,71
7.82159,71
7.82253,71
7.82348,71
7.82442,71
7.82536,71
7.82631,71
7.82725,71
7.8282,71
7.82914,71
7.83008,71
7.83103,71
7.83197,71
7.83292,71
7.83386,71
7.8348,71
7.83575,71
7.83669,71
7.83764,71
7.83858,71
7.83952,71
7.84047,71
7.84141,71
7.84236,71
7.8433,71
7.84424,71
7.84519,71
7.84613,71
7.84708,71
7.84802,71
7.84896,71
7.84991,71
7.85085,71
7.8518,71
7.85274,71
7.85368,71
7.85463,71
7.85557,71
7.85652,71
7.85746,71
7.8584,71
7.85935,71
7.86029,71
7.86124,71
7.86218,71
7.86312,71
7.86407,71
7.86501,71
7.86596,71
7.8669,71
7.86784,71
7.86879,71
7.86973,71
7.87068,71
7.87162,71
7.87256,71
7.87351,71
7.87445,71
7.8754,71
7.87634,71
7.87728,71
7.87823,71
7.87917,71
7.88012,71
7.88106,71
7.882,71
7.88295,71
7.88389,71
7.88484,71
7.88578,71
7.88672,71
7.88767,71
7.88861,71
7.88956,71
7.8905,71
7.89144,71
7.89239,71
7.89333,71
7.89428,71
7.89522,71
7.89616,71
7.89711,71
7.89805,71
7.899,71
7.89994,71
7.90088,71
7.90183,71
7.90277,71
7.90372,71
7.90466,71
7.9056,71
7.90655,71
7.90749,71
7.90844,71
7.90938,71
7.91032,71
7.91127,71
7.91221,71
7.91316,71
7.9141,71
7.91504,71
7.91599,71
7.91693,71
7.91788,71
7.91882,71
7.91976,71
7.92071,71
7.92165,71
7.9226,72
7.92354,72
7.92448,72
7.92543,72
7.92637,72
7.92732,72
7.92826,72
7.9292,72
7.93015,72
7.93109,72
7.93204,72
7.93298,72
7.93392,72
7.93487,72
7.93581,72
7.93676,72
7.9377,72
7.93864,72
7.93959,72
7.94053,72
7.94148,72
7.94242,72
7.94336,72
7.94431,72
7.94525,72
7.9462,72
7.94714,72
7.94808,72
7.94903,72
7.94997,72
7.95092,72
7.95186,72
7.9528,72
7.95375,72
7.95469,72
7.95564,72
7.95658,72
7.95752,72
7.95847,72
7.95941,72
7.96036,72
7.9613,72
7.96224,72
7.96319,72
7.96413,72
7.96508,72
7.96602,72
7.96696,72
7.96791,72
7.96885,72
7.9698,72
7.97074,72
7.97168,72
7.97263,72
7.97357,72
7.97452,72
7.97546,72
7.9764,72
7.97735,72
7.97829,72
7.97924,72
7.98018,72
7.98112,72
7.98207,72
7.98301,72
7.98396,72
7.9849,72
7.98584,72
7.98679,72
7.98773,72
7.98868,72
7.98962,72
7.99056,72
7.99151,72
7.99245,72
7.9934,72
7.99434,72
7.99528,72
7.99623,72
7.99717,72
7.99812,72
7.99906,72
8,72
8.00095,72
8.00189,72
8.00284,72
8.00378,72
8.00472,72
8.00567,72
8.00661,72
8.00756,72
8.0085,72
8.00944,72
8.01039,72
8.01133,72
8.01228,72
8.01322,72
8.01416,72
8.01511,72
8.01605,72
8.017,72
8.01794,72
8.01888,72
8.01983,72
8.02077,72
8.02172,72
8.02266,72
8.0236,72
8.02455,72
8.02549,72
8.02644,72
8.02738,72
8.02832,72
8.02927,72
8.03021,72
8.03116,72
8.0321,72
8.03304,72
8.03399,72
8.03493,72
8.03588,72
8.03682,72
8.03776,72
8.03871,72
8.03965,72
8.0406,72
8.04154,72
8.04248,72
8.04343,72
8.04437,72
8.04532,72
8.04626,72
8.0472,72
8.04815,72
8.04909,72
8.05004,72
8.05098,72
8.05192,72
8.05287,72
8.05381,72
8.05476,72
8.0557,72
8.05664,72
8.05759,72
8.05853,72
8.05948,72
8.06042,72
8.06136,72
8.06231,72
8.06325,72
8.0642,72
8.06514,72
8.06608,72
8.06703,72
8.06797,72
8.06892,72
8.06986,72
8.0708,72
8.07175,72
8.07269,72
8.07364,72
8.07458,72
8.07552,72
8.07647,72
8.07741,72
8.07836,72
8.0793,72
8.08024,72
8.08119,72
8.08213,72
8.08308,72
8.08402,72
8.08496,72
8.08591,72
8.08685,72
8.0878,72
8.08874,72
8.08968,72
8.09063,72
8.09157,72
8.09252,72
8.09346,72
8.0944,72
8.09535,72
8.09629,72
8.09724,72
8.09818,72
8.09912,72
8.10007,72
8.10101,72
8.10196,72
8.1029,72
8.10384,72
8.10479,72
8.10573,72
8.10668,72
8.10762,72
8.10856,72
8.10951,72
8.11045,72
8.1114,72
8.11234,72
8.11328,72
8.11423,72
8.11517,72
8.11612,72
8.11706,72
8.118,72
8.11895,72
8.11989,72
8.12084,72
8.12178,72
8.12272,72
8.12367,72
8.12461,72
8.12556,72
8.1265,72
8.12744,72
8.12839,72
8.12933,72
8.13028,72
8.13122,72
8.13216,72
8.13311,72
8.13405,72
8.135,72
8.13594,72
8.13688,72
8.13783,72
8.13877,72
8.13972,72
8.14066,72
8.1416,72
8.14255,72
8.14349,72
8.14444,72
8.14538,72
8.14632,72
8.14727,72
8.14821,72
8.14916,72
8.1501,72
8.15104,72
8.15199,72
8.15293,72
8.15388,72
8.15482,72
8.15576,72
8.15671,72
8.15765,72
8.1586,72
8.15954,72
8.16048,72
8.16143,72
8.16237,72
8.16332,72
8.16426,72
8.1652,72
8.16615,72
8.16709,72
8.16804,72
8.16898,72
8.16992,72
8.17087,72
8.17181,72
8.17276,72
8.1737,72
8.17464,72
8.17559,72
8.17653,72
8.17748,72
8.17842,72
8.17936,72
8.18031,72
8.18125,72
8.1822,72
8.18314,72
8.18408,72
8.18503,72
8.18597,72
8.18692,72
8.18786,72
8.1888,72
8.18975,72
8.19069,72
8.19164,72
8.19258,72
8.19352,72
8.19447,73
8.19541,73
8.19636,73
8.1973,73
8.19824,73
8.19919,73
8.20013,73
8.20108,73
8.20202,73
8.20296,73
8.20391,73
8.20485,73
8.2058,73
8.20674,73
8.20768,73
8.20863,73
8.20957,73
8.21052,73
8.21146,73
8.2124,73
8.21335,73
8.21429,73
8.21524,73
8.21618,73
8.21712,73
8.21807,73
8.21901,73
8.21996,73
8.2209,73
8.22184,73
8.22279,73
8.22373,73
8.22468,73
8.22562,73
8.22656,73
8.22751,73
8.22845,73
8.2294,73
8.23034,73
8.23128,73
8.23223,73
8.23317,73
8.23412,73
8.23506,73
8.236,73
8.23695,73
8.23789,73
8.23884,73
8.23978,73
8.24072,73
8.24167,73
8.24261,73
8.24356,73
8.2445,73
8.24544,73
8.24639,73
8.24733,73
8.24828,73
8.24922,73
8.25016,73
8.25111,73
8.25205,73
8.253,73
8.25394,73
8.25488,73
8.25583,73
8.25677,73
8.25772,73
8.25866,73
8.2596,73
8.26055,73
8.26149,73
8.26244,73
8.26338,73
8.26432,73
8.26527,73
8.26621,73
8.26716,73
8.2681,73
8.26904,73
8.26999,73
8.27093,73
8.27188,73
8.27282,73
8.27376,73
8.27471,73
8.27565,73
8.2766,73
8.27754,73
8.27848,73
8.27943,73
8.28037,73
8.28132,73
8.28226,73
8.2832,73
8.28415,73
8.28509,73
8.28604,73
8.28698,73
8.28792,73
8.28887,73
8.28981,73
8.29076,73
8.2917,73
8.29264,73
8.29359,73
8.29453,73
8.29548,73
8.29642,73
8.29736,73
8.29831,73
8.29925,73
8.3002,73
8.30114,73
8.30208,73
8.30303,73
8.30397,73
8.30492,73
8.30586,73
8.3068,73
8.30775,73
8.30869,73
8.30964,73
8.31058,73
8.31152,73
8.31247,73
8.31341,73
8.31436,73
8.3153,73
8.31624,73
8.31719,73
8.31813,73
8.31908,73
8.32002,73
8.32096,73
8.32191,73
8.32285,73
8.3238,73
8.32474,73
8.32568,73
8.32663,73
8.32757,73
8.32852,73
8.32946,73
8.3304,73
8.33135,73
8.33229,73
8.33324,73
8.33418,73
8.33512,73
8.33607,73
8.33701,73
8.33796,73
8.3389,73
8.33984,73
8.34079,73
8.34173,73
8.34268,73
8.34362,73
8.34456,73
8.34551,73
8.34645,73
8.3474,73
8.34834,73
8.34928,73
8.35023,73
8.35117,73
8.35212,73
8.35306,73
8.354,73
8.35495,73
8.35589,73
8.35684,73
8.35778,73
8.35872,73
8.35967,73
8.36061,73
8.36156,73
8.3625,73
8.36344,73
8.36439,73
8.36533,73
8.36628,73
8.36722,73
8.36816,73
8.36911,73
8.37005,73
8.371,73
8.37194,73
8.37288,73
8.37383,73
8.37477,73
8.37572,73
8.37666,73
8.3776,73
8.37855,73
8.37949,73
8.38044,73
8.38138,73
8.38232,73
8.38327,73
8.38421,73
8.38516,73
8.3861,73
8.38704,73
8.38799,73
8.38893,73
8.38988,73
8.39082,73
8.39176,73
8.39271,73
8.39365,73
8.3946,73
8.39554,73
8.39648,73
8.39743,73
8.39837,73
8.39932,73
8.40026,73
8.4012,73
8.40215,73
8.40309,73
8.40404,73
8.40498,73
8.40592,73
8.40687,73
8.40781,73
8.40876,73
8.4097,73
8.41064,73
8.41159,73
8.41253,73
8.41348,73
8.41442,73
8.41536,73
8.41631,73
8.41725,73
8.4182,73
8.41914,73
8.42008,73
8.42103,73
8.42197,73
8.42292,73
8.42386,73
8.4248,73
8.42575,73
8.42669,73
8.42764,73
8.42858,73
8.42952,73
8.43047,73
8.43141,73
8.43236,73
8.4333,73
8.43424,73
8.43519,73
8.43613,73
8.43708,73
8.43802,73
8.43896,73
8.43991,73
8.44085,73
8.4418,73
8.44274,73
8.44368,73
8.44463,73
8.44557,73
8.44652,73
8.44746,73
8.4484,73
8.44935,73
8.45029,73
8.45124,73
8.45218,73
8.45312,73
8.45407,73
8.45501,73
8.45596,73
8.4569,73
8.45784,73
8.45879,73
8.45973,73
8.46068,73
8.46162,73
8.46256,73
8.46351,73
8.46445,73
8.4654,73
8.46634,73
8.46728,74
8.46823,74
8.46917,74
8.47012,74
8.47106,74
8.472,74
8.47295,74
8.47389,74
8.47484,74
8.47578,74
8.47672,74
8.47767,74
8.47861,74
8.47956,74
8.4805,74
8.48144,74
8.48239,74
8.48333,74
8.48428,74
8.48522,74
8.48616,74
8.48711,74
8.48805,74
8.489,74
8.48994,74
8.49088,74
8.49183,74
8.49277,74
8.49372,74
8.49466,74
8.4956,74
8.49655,74
8.49749,74
8.49844,74
8.49938,74
8.50032,74
8.50127,74
8.50221,74
8.50316,74
8.5041,74
8.50504,74
8.50599,74
8.50693,74
8.50788,74
8.50882,74
8.50976,74
8.51071,74
8.51165,74
8.5126,74
8.51354,74
8.51448,74
8.51543,74
8.51637,74
8.51732,74
8.51826,74
8.5192,74
8.52015,74
8.52109,74
8.52204,74
8.52298,74
8.52392,74
8.52487,74
8.52581,74
8.52676,74
8.5277,74
8.52864,74
8.52959,74
8.53053,74
8.53148,74
8.53242,74
8.53336,74
8.53431,74
8.53525,74
8.5362,74
8.53714,74
8.53808,74
8.53903,74
8.53997,74
8.54092,74
8.54186,74
8.5428,74
8.54375,74
8.54469,74
8.54564,74
8.54658,74
8.54752,74
8.54847,74
8.54941,74
8.55036,74
8.5513,74
8.55224,74
8.55319,74
8.55413,74
8.55508,74
8.55602,74
8.55696,74
8.55791,74
8.55885,74
8.5598,74
8.56074,74
8.56168,74
8.56263,74
8.56357,74
8.56452,74
8.56546,74
8.5664,74
8.56735,74
8.56829,74
8.56924,74
8.57018,74
8.57112,74
8.57207,74
8.57301,74
8.57396,74
8.5749,74
8.57584,74
8.57679,74
8.57773,74
8.57868,74
8.57962,74
8.58056,74
8.58151,74
8.58245,74
8.5834,74
8.58434,74
8.58528,74
8.58623,74
8.58717,74
8.58812,74
8.58906,74
8.59,74
8.59095,74
8.59189,74
8.59284,74
8.59378,74
8.59472,74
8.59567,74
8.59661,74
8.59756,74
8.5985,74
8.59944,74
8.60039,74
8.60133,74
8.60228,74
8.60322,74
8.60416,74
8.60511,74
8.60605,74
8.607,74
8.60794,74
8.60888,74
8.60983,74
8.61077,74
8.61172,74
8.61266,74
8.6136,74
8.61455,74
8.61549,74
8.61644,74
8.61738,74
8.61832,74
8.61927,74
8.62021,74
8.62116,74
8.6221,74
8.62304,74
8.62399,74
8.62493,74
8.62588,74
8.62682,74
8.62776,74
8.62871,74
8.62965,74
8.6306,74
8.63154,74
8.63248,74
8.63343,74
8.63437,74
8.63532,74
8.63626,74
8.6372,74
8.63815,74
8.63909,74
8.64004,74
8.64098,74
8.64192,74
8.64287,74
8.64381,74
8.64476,74
8.6457,74
8.64664,74
8.64759,74
8.64853,74
8.64948,74
8.65042,74
8.65136,74
8.65231,74
8.65325,74
8.6542,74
8.65514,74
8.65608,74
8.65703,74
8.65797,74
8.65892,74
8.65986,74
8.6608,74
8.66175,74
8.66269,74
8.66364,74
8.66458,74
8.66552,74
8.66647,74
8.66741,74
8.66836,74
8.6693,74
8.67024,74
8.67119,74
8.67213,74
8.67308,74
8.67402,74
8.67496,74
8.67591,74
8.67685,74
8.6778,74
8.67874,74
8.67968,74
8.68063,74
8.68157,74
8.68252,74
8.68346,74
8.6844,74
8.68535,74
8.68629,74
8.68724,74
8.68818,74
8.68912,74
8.69007,74
8.69101,74
8.69196,74
8.6929,74
8.69384,74
8.69479,74
8.69573,74
8.69668,74
8.69762,74
8.69856,74
8.69951,74
8.70045,74
8.7014,74
8.70234,74
8.70328,74
8.70423,74
8.70517,74
8.70612,74
8.70706,74
8.708,74
8.70895,74
8.70989,74
8.71084,74
8.71178,74
8.71272,74
8.71367,74
8.71461,74
8.71556,74
8.7165,74
8.71744,74
8.71839,74
8.71933,74
8.72028,74
8.72122,74
8.72216,74
8.72311,74
8.72405,74
8.725,74
8.72594,74
8.72688,74
8.72783,74
8.72877,74
8.72972,74
8.73066,74
8.7316,74
8.73255,74
8.73349,74
8.73444,74
8.73538,74
8.73632,74
8.73727,74
8.73821,74
8.73916,74
8.7401,74
8.74104,74
8.74199,74
8.74293,74
8.74388,74
8.74482,74
8.74576,74
8.74671,74
8.74765,74
8.7486,74
8.74954,74
8.75048,74
8.75143,75
8.75237,75
8.75332,75
8.75426,75
8.7552,75
8.75615,75
8.75709,75
8.75804,75
8.75898,75
8.75992,75
8.76087,75
8.76181,75
8.76276,75
8.7637,75
8.76464,75
8.76559,75
8.76653,75
8.76748,75
8.76842,75
8.76936,75
8.77031,75
8.77125,75
8.7722,75
8.77314,75
8.77408,75
8.77503,75
8.77597,75
8.77692,75
8.77786,75
8.7788,75
8.77975,75
8.78069,75
8.78164,75
8.78258,75
8.78352,75
8.78447,75
8.78541,75
8.78636,75
8.7873,75
8.78824,75
8.78919,75
8.79013,75
8.79108,75
8.79202,75
8.79296,75
8.79391,75
8.79485,75
8.7958,75
8.79674,75
8.79768,75
8.79863,75
8.79957,75
8.80052,75
8.80146,75
8.8024,75
8.80335,75
8.80429,75
8.80524,75
8.80618,75
8.80712,75
8.80807,75
8.80901,75
8.80996,75
8.8109,75
8.81184,75
8.81279,75
8.81373,75
8.81468,75
8.81562,75
8.81656,75
8.81751,75
8.81845,75
8.8194,75
8.82034,75
8.82128,75
8.82223,75
8.82317,75
8.82412,75
8.82506,75
8.826,75
8.82695,75
8.82789,75
8.82884,75
8.82978,75
8.83072,75
8.83167,75
8.83261,75
8.83356,75
8.8345,75
8.83544,75
8.83639,75
8.83733,75
8.83828,75
8.83922,75
8.84016,75
8.84111,75
8.84205,75
8.843,75
8.84394,75
8.84488,75
8.84583,75
8.84677,75
8.84772,75
8.84866,75
8.8496,75
8.85055,75
8.85149,75
8.85244,75
8.85338,75
8.85432,75
8.85527,75
8.85621,75
8.85716,75
8.8581,75
8.85904,75
8.85999,75
8.86093,75
8.86188,75
8.86282,75
8.86376,75
8.86471,75
8.86565,75
8.8666,75
8.86754,75
8.86848,75
8.86943,75
8.87037,75
8.87132,75
8.87226,75
8.8732,75
8.87415,75
8.87509,75
8.87604,75
8.87698,75
8.87792,75
8.87887,75
8.87981,75
8.88076,75
8.8817,75
8.88264,75
8.88359,75
8.88453,75
8.88548,75
8.88642,75
8.88736,75
8.88831,75
8.88925,75
8.8902,75
8.89114,75
8.89208,75
8.89303,75
8.89397,75
8.89492,75
8.89586,75
8.8968,75
8.89775,75
8.89869,75
8.89964,75
8.90058,75
8.90152,75
8.90247,75
8.90341,75
8.90436,75
8.9053,75
8.90624,75
8.90719,75
8.90813,75
8.90908,75
8.91002,75
8.91096,75
8.91191,75
8.91285,75
8.9138,75
8.91474,75
8.91568,75
8.91663,75
8.91757,75
8.91852,75
8.91946,75
8.9204,75
8.92135,75
8.92229,75
8.92324,75
8.92418,75
8.92512,75
8.92607,75
8.92701,75
8.92796,75
8.9289,75
8.92984,75
8.93079,75
8.93173,75
8.93268,75
8.93362,75
8.93456,75
8.93551,75
8.93645,75
8.9374,75
8.93834,75
8.93928,75
8.94023,75
8.94117,75
8.94212,75
8.94306,75
8.944,75
8.94495,75
8.94589,75
8.94684,75
8.94778,75
8.94872,75
8.94967,75
8.95061,75
8.95156,75
8.9525,75
8.95344,75
8.95439,75
8.95533,75
8.95628,75
8.95722,75
8.95816,75
8.95911,75
8.96005,75
8.961,75
8.96194,75
8.96288,75
8.96383,75
8.96477,75
8.96572,75
8.96666,75
8.9676,75
8.96855,75
8.96949,75
8.97044,75
8.97138,75
8.97232,75
8.97327,75
8.97421,75
8.97516,75
8.9761,75
8.97704,75
8.97799,75
8.97893,75
8.97988,75
8.98082,75
8.98176,75
8.98271,75
8.98365,75
8.9846,75
8.98554,75
8.98648,75
8.98743,75
8.98837,75
8.98932,75
8.99026,75
8.9912,75
8.99215,75
8.99309,75
8.99404,75
8.99498,75
8.99592,75
8.99687,75
8.99781,75
8.99876,75
8.9997,75
9.00064,75
9.00159,75
9.00253,75
9.00348,75
9.00442,75
9.00536,75
9.00631,75
9.00725,75
9.0082,75
9.00914,75
9.01008,75
9.01103,75
9.01197,75
9.01292,75
9.01386,75
9.0148,75
9.01575,75
9.01669,75
9.01764,75
9.01858,75
9.01952,75
9.02047,75
9.02141,75
9.02236,75
9.0233,75
9.02424,75
9.02519,75
9.02613,75
9.02708,75
9.02802,75
9.02896,75
9.02991,75
9.03085,75
9.0318,75
9.03274,75
9.03368,75
9.03463,75
9.03557,75
9.03652,75
9.03746,76
9.0384,76
9.03935,76
9.04029,76
9.04124,76
9.04218,76
9.04312,76
9.04407,76
9.04501,76
9.04596,76
9.0469,76
9.04784,76
9.04879,76
9.04973,76
9.05068,76
9.05162,76
9.05256,76
9.05351,76
9.05445,76
9.0554,76
9.05634,76
9.05728,76
9.05823,76
9.05917,76
9.06012,76
9.06106,76
9.062,76
9.06295,76
9.06389,76
9.06484,76
9.06578,76
9.06672,76
9.06767,76
9.06861,76
9.06956,76
9.0705,76
9.07144,76
9.07239,76
9.07333,76
9.07428,76
9.07522,76
9.07616,76
9.07711,76
9.07805,76
9.079,76
9.07994,76
9.08088,76
9.08183,76
9.08277,76
9.08372,76
9.08466,76
9.0856,76
9.08655,76
9.08749,76
9.08844,76
9.08938,76
9.09032,76
9.09127,76
9.09221,76
9.09316,76
9.0941,76
9.09504,76
9.09599,76
9.09693,76
9.09788,76
9.09882,76
9.09976,76
9.10071,76
9.10165,76
9.1026,76
9.10354,76
9.10448,76
9.10543,76
9.10637,76
9.10732,76
9.10826,76
9.1092,76
9.11015,76
9.11109,76
9.11204,76
9.11298,76
9.11392,76
9.11487,76
9.11581,76
9.11676,76
9.1177,76
9.11864,76
9.11959,76
9.12053,76
9.12148,76
9.12242,76
9.12336,76
9.12431,76
9.12525,76
9.1262,76
9.12714,76
9.12808,76
9.12903,76
9.12997,76
9.13092,76
9.13186,76
9.1328,76
9.13375,76
9.13469,76
9.13564,76
9.13658,76
9.13752,76
9.13847,76
9.13941,76
9.14036,76
9.1413,76
9.14224,76
9.14319,76
9.14413,76
9.14508,76
9.14602,76
9.14696,76
9.14791,76
9.14885,76
9.1498,76
9.15074,76
9.15168,76
9.15263,76
9.15357,76
9.15452,76
9.15546,76
9.1564,76
9.15735,76
9.15829,76
9.15924,76
9.16018,76
9.16112,76
9.16207,76
9.16301,76
9.16396,76
9.1649,76
9.16584,76
9.16679,76
9.16773,76
9.16868,76
9.16962,76
9.17056,76
9.17151,76
9.17245,76
9.1734,76
9.17434,76
9.17528,76
9.17623,76
9.17717,76
9.17812,76
9.17906,76
9.18,76
9.18095,76
9.18189,76
9.18284,76
9.18378,76
9.18472,76
9.18567,76
9.18661,76
9.18756,76
9.1885,76
9.18944,76
9.19039,76
9.19133,76
9.19228,76
9.19322,76
9.19416,76
9.19511,76
9.19605,76
9.197,76
9.19794,76
9.19888,76
9.19983,76
9.20077,76
9.20172,76
9.20266,76
9.2036,76
9.20455,76
9.20549,76
9.20644,76
9.20738,76
9.20832,76
9.20927,76
9.21021,76
9.21116,76
9.2121,76
9.21304,76
9.21399,76
9.21493,76
9.21588,76
9.21682,76
9.21776,76
9.21871,76
9.21965,76
9.2206,76
9.22154,76
9.22248,76
9.22343,76
9.22437,76
9.22532,76
9.22626,76
9.2272,76
9.22815,76
9.22909,76
9.23004,76
9.23098,76
9.23192,76
9.23287,76
9.23381,76
9.23476,76
9.2357,76
9.23664,76
9.23759,76
9.23853,76
9.23948,76
9.24042,76
9.24136,76
9.24231,76
9.24325,76
9.2442,76
9.24514,76
9.24608,76
9.24703,76
9.24797,76
9.24892,76
9.24986,76
9.2508,76
9.25175,76
9.25269,76
9.25364,76
9.25458,76
9.25552,76
9.25647,76
9.25741,76
9.25836,76
9.2593,76
9.26024,76
9.26119,76
9.26213,76
9.26308,76
9.26402,76
9.26496,76
9.26591,76
9.26685,76
9.2678,76
9.26874,76
9.26968,76
9.27063,76
9.27157,76
9.27252,76
9.27346,76
9.2744,76
9.27535,76
9.27629,76
9.27724,76
9.27818,76
9.27912,76
9.28007,76
9.28101,76
9.28196,76
9.2829,76
9.28384,76
9.28479,76
9.28573,76
9.28668,76
9.28762,76
9.28856,76
9.28951,76
9.29045,76
9.2914,76
9.29234,76
9.29328,76
9.29423,76
9.29517,76
9.29612,76
9.29706,76
9.298,76
9.29895,76
9.29989,76
9.30084,76
9.30178,76
9.30272,76
9.30367,76
9.30461,76
9.30556,76
9.3065,76
9.30744,76
9.30839,76
9.30933,76
9.31028,76
9.31122,76
9.31216,76
9.31311,76
9.31405,76
9.315,76
9.31594,76
9.31688,76
9.31783,76
9.31877,76
9.31972,76
9.32066,76
9.3216,76
9.32255,76
9.32349,76
9.32444,76
9.32538,77
9.32632,77
9.32727,77
9.32821,77
9.32916,77
9.3301,77
9.33104,77
9.33199,77
9.33293,77
9.33388,77
9.33482,77
9.33576,77
9.33671,77
9.33765,77
9.3386,77
9.33954,77
9.34048,77
9.34143,77
9.34237,77
9.34332,77
9.34426,77
9.3452,77
9.34615,77
9.34709,77
9.34804,77
9.34898,77
9.34992,77
9.35087,77
9.35181,77
9.35276,77
9.3537,77
9.35464,77
9.35559,77
9.35653,77
9.35748,77
9.35842,77
9.35936,77
9.36031,77
9.36125,77
9.3622,77
9.36314,77
9.36408,77
9.36503,77
9.36597,77
9.36692,77
9.36786,77
9.3688,77
9.36975,77
9.37069,77
9.37164,77
9.37258,77
9.37352,77
9.37447,77
9.37541,77
9.37636,77
9.3773,77
9.37824,77
9.37919,77
9.38013,77
9.38108,77
9.38202,77
9.38296,77
9.38391,77
9.38485,77
9.3858,77
9.38674,77
9.38768,77
9.38863,77
9.38957,77
9.39052,77
9.39146,77
9.3924,77
9.39335,77
9.39429,77
9.39524,77
9.39618,77
9.39712,77
9.39807,77
9.39901,77
9.39996,77
9.4009,77
9.40184,77
9.40279,77
9.40373,77
9.40468,77
9.40562,77
9.40656,77
9.40751,77
9.40845,77
9.4094,77
9.41034,77
9.41128,77
9.41223,77
9.41317,77
9.41412,77
9.41506,77
9.416,77
9.41695,77
9.41789,77
9.41884,77
9.41978,77
9.42072,77
9.42167,77
9.42261,77
9.42356,77
9.4245,77
9.42544,77
9.42639,77
9.42733,77
9.42828,77
9.42922,77
9.43016,77
9.43111,77
9.43205,77
9.433,77
9.43394,77
9.43488,77
9.43583,77
9.43677,77
9.43772,77
9.43866,77
9.4396,77
9.44055,77
9.44149,77
9.44244,77
9.44338,77
9.44432,77
9.44527,77
9.44621,77
9.44716,77
9.4481,77
9.44904,77
9.44999,77
9.45093,77
9.45188,77
9.45282,77
9.45376,77
9.45471,77
9.45565,77
9.4566,77
9.45754,77
9.45848,77
9.45943,77
9.46037,77
9.46132,77
9.46226,77
9.4632,77
9.46415,77
9.46509,77
9.46604,77
9.46698,77
9.46792,77
9.46887,77
9.46981,77
9.47076,77
9.4717,77
9.47264,77
9.47359,77
9.47453,77
9.47548,77
9.47642,77
9.47736,77
9.47831,77
9.47925,77
9.4802,77
9.48114,77
9.48208,77
9.48303,77
9.48397,77
9.48492,77
9.48586,77
9.4868,77
9.48775,77
9.48869,77
9.48964,77
9.49058,77
9.49152,77
9.49247,77
9.49341,77
9.49436,77
9.4953,77
9.49624,77
9.49719,77
9.49813,77
9.49908,77
9.50002,77
9.50096,77
9.50191,77
9.50285,77
9.5038,77
9.50474,77
9.50568,77
9.50663,77
9.50757,77
9.50852,77
9.50946,77
9.5104,77
9.51135,77
9.51229,77
9.51324,77
9.51418,77
9.51512,77
9.51607,77
9.51701,77
9.51796,77
9.5189,77
9.51984,77
9.52079,77
9.52173,77
9.52268,77
9.52362,77
9.52456,77
9.52551,77
9.52645,77
9.5274,77
9.52834,77
9.52928,77
9.53023,77
9.53117,77
9.53212,77
9.53306,77
9.534,77
9.53495,77
9.53589,77
9.53684,77
9.53778,77
9.53872,77
9.53967,77
9.54061,77
9.54156,77
9.5425,77
9.54344,77
9.54439,77
9.54533,77
9.54628,77
9.54722,77
9.54816,77
9.54911,77
9.55005,77
9.551,77
9.55194,77
9.55288,77
9.55383,77
9.55477,77
9.55572,77
9.55666,77
9.5576,77
9.55855,77
9.55949,77
9.56044,77
9.56138,77
9.56232,77
9.56327,77
9.56421,77
9.56516,77
9.5661,77
9.56704,77
9.56799,77
9.56893,77
9.56988,77
9.57082,77
9.57176,77
9.57271,77
9.57365,77
9.5746,77
9.57554,77
9.57648,77
9.57743,77
9.57837,77
9.57932,77
9.58026,77
9.5812,77
9.58215,77
9.58309,77
9.58404,77
9.58498,77
9.58592,77
9.58687,77
9.58781,77
9.58876,77
9.5897,77
9.59064,77
9.59159,77
9.59253,77
9.59348,77
9.59442,77
9.59536,77
9.59631,77
9.59725,77
9.5982,77
9.59914,77
9.60008,77
9.60103,77
9.60197,77
9.60292,77
9.60386,77
9.6048,77
9.60575,77
9.60669,77
9.60764,77
9.60858,77
9.60952,77
9.61047,77
9.61141,77
9.61236,77
9.6133,78
9.61424,78
9.61519,78
9.61613,78
9.61708,78
9.61802,78
9.61896,78
9.61991,78
9.62085,78
9.6218,78
9.62274,78
9.62368,78
9.62463,78
9.62557,78
9.62652,78
9.62746,78
9.6284,78
9.62935,78
9.63029,78
9.63124,78
9.63218,78
9.63312,78
9.63407,78
9.63501,78
9.63596,78
9.6369,78
9.63784,78
9.63879,78
9.63973,78
9.64068,78
9.64162,78
9.64256,78
9.64351,78
9.64445,78
9.6454,78
9.64634,78
9.64728,78
9.64823,78
9.64917,78
9.65012,78
9.65106,78
9.652,78
9.65295,78
9.65389,78
9.65484,78
9.65578,78
9.65672,78
9.65767,78
9.65861,78
9.65956,78
9.6605,78
9.66144,78
9.66239,78
9.66333,78
9.66428,78
9.66522,78
9.66616,78
9.66711,78
9.66805,78
9.669,78
9.66994,78
9.67088,78
9.67183,78
9.67277,78
9.67372,78
9.67466,78
9.6756,78
9.67655,78
9.67749,78
9.67844,78
9.67938,78
9.68032,78
9.68127,78
9.68221,78
9.68316,78
9.6841,78
9.68504,78
9.68599,78
9.68693,78
9.68788,78
9.68882,78
9.68976,78
9.69071,78
9.69165,78
9.6926,78
9.69354,78
9.69448,78
9.69543,78
9.69637,78
9.69732,78
9.69826,78
9.6992,78
9.70015,78
9.70109,78
9.70204,78
9.70298,78
9.70392,78
9.70487,78
9.70581,78
9.70676,78
9.7077,78
9.70864,78
9.70959,78
9.71053,78
9.71148,78
9.71242,78
9.71336,78
9.71431,78
9.71525,78
9.7162,78
9.71714,78
9.71808,78
9.71903,78
9.71997,78
9.72092,78
9.72186,78
9.7228,78
9.72375,78
9.72469,78
9.72564,78
9.72658,78
9.72752,78
9.72847,78
9.72941,78
9.73036,78
9.7313,78
9.73224,78
9.73319,78
9.73413,78
9.73508,78
9.73602,78
9.73696,78
9.73791,78
9.73885,78
9.7398,78
9.74074,78
9.74168,78
9.74263,78
9.74357,78
9.74452,78
9.74546,78
9.7464,78
9.74735,78
9.74829,78
9.74924,78
9.75018,78
9.75112,78
9.75207,78
9.75301,78
9.75396,78
9.7549,78
9.75584,78
9.75679,78
9.75773,78
9.75868,78
9.75962,78
9.76056,78
9.76151,78
9.76245,78
9.7634,78
9.76434,78
9.76528,78
9.76623,78
9.76717,78
9.76812,78
9.76906,78
9.77,78
9.77095,78
9.77189,78
9.77284,78
9.77378,78
9.77472,78
9.77567,78
9.77661,78
9.77756,78
9.7785,78
9.77944,78
9.78039,78
9.78133,78
9.78228,78
9.78322,78
9.78416,78
9.78511,78
9.78605,78
9.787,78
9.78794,78
9.78888,78
9.78983,78
9.79077,78
9.79172,78
9.79266,78
9.7936,78
9.79455,78
9.79549,78
9.79644,78
9.79738,78
9.79832,78
9.79927,78
9.80021,78
9.80116,78
9.8021,78
9.80304,78
9.80399,78
9.80493,78
9.80588,78
9.80682,78
9.80776,78
9.80871,78
9.80965,78
9.8106,78
9.81154,78
9.81248,78
9.81343,78
9.81437,78
9.81532,78
9.81626,78
9.8172,78
9.81815,78
9.81909,78
9.82004,78
9.82098,78
9.82192,78
9.82287,78
9.82381,78
9.82476,78
9.8257,78
9.82664,78
9.82759,78
9.82853,78
9.82948,78
9.83042,78
9.83136,78
9.83231,78
9.83325,78
9.8342,78
9.83514,78
9.83608,78
9.83703,78
9.83797,78
9.83892,78
9.83986,78
9.8408,78
9.84175,78
9.84269,78
9.84364,78
9.84458,78
9.84552,78
9.84647,78
9.84741,78
9.84836,78
9.8493,78
9.85024,78
9.85119,78
9.85213,78
9.85308,78
9.85402,78
9.85496,78
9.85591,78
9.85685,78
9.8578,78
9.85874,78
9.85968,78
9.86063,78
9.86157,78
9.86252,78
9.86346,78
9.8644,78
9.86535,78
9.86629,78
9.86724,78
9.86818,78
9.86912,78
9.87007,78
9.87101,78
9.87196,78
9.8729,78
9.87384,78
9.87479,78
9.87573,78
9.87668,78
9.87762,78
9.87856,78
9.87951,78
9.88045,78
9.8814,78
9.88234,78
9.88328,78
9.88423,78
9.88517,78
9.88612,78
9.88706,78
9.888,78
9.88895,78
9.88989,78
9.89084,78
9.89178,78
9.89272,78
9.89367,78
9.89461,78
9.89556,78
9.8965,78
9.89744,78
9.89839,78
9.89933,78
9.90028,78
9.90122,78
9.90216,78
9.90311,79
9.90405,79
9.905,79
9.90594,79
9.90688,79
9.90783,79
9.90877,79
9.90972,79
9.91066,79
9.9116,79
9.91255,79
9.91349,79
9.91444,79
9.91538,79
9.91632,79
9.91727,79
9.91821,79
9.91916,79
9.9201,79
9.92104,79
9.92199,79
9.92293,79
9.92388,79
9.92482,79
9.92576,79
9.92671,79
9.92765,79
9.9286,79
9.92954,79
9.93048,79
9.93143,79
9.93237,79
9.93332,79
9.93426,79
9.9352,79
9.93615,79
9.93709,79
9.93804,79
9.93898,79
9.93992,79
9.94087,79
9.94181,79
9.94276,79
9.9437,79
9.94464,79
9.94559,79
9.94653,79
9.94748,79
9.94842,79
9.94936,79
9.95031,79
9.95125,79
9.9522,79
9.95314,79
9.95408,79
9.95503,79
9.95597,79
9.95692,79
9.95786,79
9.9588,79
9.95975,79
9.96069,79
9.96164,79
9.96258,79
9.96352,79
9.96447,79
9.96541,79
9.96636,79
9.9673,79
9.96824,79
9.96919,79
9.97013,79
9.97108,79
9.97202,79
9.97296,79
9.97391,79
9.97485,79
9.9758,79
9.97674,79
9.97768,79
9.97863,79
9.97957,79
9.98052,79
9.98146,79
9.9824,79
9.98335,79
9.98429,79
9.98524,79
9.98618,79
9.98712,79
9.98807,79
9.98901,79
9.98996,79
9.9909,79
9.99184,79
9.99279,79
9.99373,79
9.99468,79
9.99562,79
9.99656,79
9.99751,79
9.99845,79
9.9994,79
10.0003,79
10.0013,79
10.0022,79
10.0032,79
10.0041,79
10.0051,79
10.006,79
10.0069,79
10.0079,79
10.0088,79
10.0098,79
10.0107,79
10.0117,79
10.0126,79
10.0136,79
10.0145,79
10.0154,79
10.0164,79
10.0173,79
10.0183,79
10.0192,79
10.0202,79
10.0211,79
10.0221,79
10.023,79
10.0239,79
10.0249,79
10.0258,79
10.0268,79
10.0277,79
10.0287,79
10.0296,79
10.0305,79
10.0315,79
10.0324,79
10.0334,79
10.0343,79
10.0353,79
10.0362,79
10.0372,79
10.0381,79
10.039,79
10.04,79
10.0409,79
10.0419,79
10.0428,79
10.0438,79
10.0447,79
10.0457,79
10.0466,79
10.0475,79
10.0485,79
10.0494,79
10.0504,79
10.0513,79
10.0523,79
10.0532,79
10.0541,79
10.0551,79
10.056,79
10.057,79
10.0579,79
10.0589,79
10.0598,79
10.0608,79
10.0617,79
10.0626,79
10.0636,79
10.0645,79
10.0655,79
10.0664,79
10.0674,79
10.0683,79
10.0693,79
10.0702,79
10.0711,79
10.0721,79
10.073,79
10.074,79
10.0749,79
10.0759,79
10.0768,79
10.0777,79
10.0787,79
10.0796,79
10.0806,79
10.0815,79
10.0825,79
10.0834,79
10.0844,79
10.0853,79
10.0862,79
10.0872,79
10.0881,79
10.0891,79
10.09,79
10.091,79
10.0919,79
10.0929,79
10.0938,79
10.0947,79
10.0957,79
10.0966,79
10.0976,79
10.0985,79
10.0995,79
10.1004,79
10.1013,79
10.1023,79
10.1032,79
10.1042,79
10.1051,79
10.1061,79
10.107,79
10.108,79
10.1089,79
10.1098,79
10.1108,79
10.1117,79
10.1127,79
10.1136,79
10.1146,79
10.1155,79
10.1165,79
10.1174,79
10.1183,79
10.1193,79
10.1202,79
10.1212,79
10.1221,79
10.1231,79
10.124,79
10.1249,79
10.1259,79
10.1268,79
10.1278,79
10.1287,79
10.1297,79
10.1306,79
10.1316,79
10.1325,79
10.1334,79
10.1344,79
10.1353,79
10.1363,79
10.1372,79
10.1382,79
10.1391,79
10.1401,79
10.141,79
10.1419,79
10.1429,79
10.1438,79
10.1448,79
10.1457,79
10.1467,79
10.1476,79
10.1485,79
10.1495,79
10.1504,79
10.1514,79
10.1523,79
10.1533,79
10.1542,79
10.1552,79
10.1561,79
10.157,79
10.158,79
10.1589,79
10.1599,79
10.1608,79
10.1618,79
10.1627,79
10.1637,79
10.1646,79
10.1655,79
10.1665,79
10.1674,79
10.1684,79
10.1693,79
10.1703,79
10.1712,79
10.1721,79
10.1731,79
10.174,79
10.175,79
10.1759,79
10.1769,79
10.1778,79
10.1788,79
10.1797,79
10.1806,79
10.1816,79
10.1825,79
10.1835,79
10.1844,79
10.1854,79
10.1863,79
10.1873,79
10.1882,79
10.1891,79
10.1901,79
10.191,79
10.192,79
10.1929,79
10.1939,79
10.1948,79
10.1957,79
10.1967,79
10.1976,79
10.1986,79
10.1995,79
10.2005,79
10.2014,79
10.2024,79
10.2033,79
10.2042,79
10.2052,79
10.2061,80
10.2071,80
10.208,80
10.209,80
10.2099,80
10.2109,80
10.2118,80
10.2127,80
10.2137,80
10.2146,80
10.2156,80
10.2165,80
10.2175,80
10.2184,80
10.2193,80
10.2203,80
10.2212,80
10.2222,80
10.2231,80
10.2241,80
10.225,80
10.226,80
10.2269,80
10.2278,80
10.2288,80
10.2297,80
10.2307,80
10.2316,80
10.2326,80
10.2335,80
10.2345,80
10.2354,80
10.2363,80
10.2373,80
10.2382,80
10.2392,80
10.2401,80
10.2411,80
10.242,80
10.2429,80
10.2439,80
10.2448,80
10.2458,80
10.2467,80
10.2477,80
10.2486,80
10.2496,80
10.2505,80
10.2514,80
10.2524,80
10.2533,80
10.2543,80
10.2552,80
10.2562,80
10.2571,80
10.2581,80
10.259,80
10.2599,80
10.2609,80
10.2618,80
10.2628,80
10.2637,80
10.2647,80
10.2656,80
10.2665,80
10.2675,80
10.2684,80
10.2694,80
10.2703,80
10.2713,80
10.2722,80
10.2732,80
10.2741,80
10.275,80
10.276,80
10.2769,80
10.2779,80
10.2788,80
10.2798,80
10.2807,80
10.2817,80
10.2826,80
10.2835,80
10.2845,80
10.2854,80
10.2864,80
10.2873,80
10.2883,80
10.2892,80
10.2901,80
10.2911,80
10.292,80
10.293,80
10.2939,80
10.2949,80
10.2958,80
10.2968,80
10.2977,80
10.2986,80
10.2996,80
10.3005,80
10.3015,80
10.3024,80
10.3034,80
10.3043,80
10.3053,80
10.3062,80
10.3071,80
10.3081,80
10.309,80
10.31,80
10.3109,80
10.3119,80
10.3128,80
10.3137,80
10.3147,80
10.3156,80
10.3166,80
10.3175,80
10.3185,80
10.3194,80
10.3204,80
10.3213,80
10.3222,80
10.3232,80
10.3241,80
10.3251,80
10.326,80
10.327,80
10.3279,80
10.3289,80
10.3298,80
10.3307,80
10.3317,80
10.3326,80
10.3336,80
10.3345,80
10.3355,80
10.3364,80
10.3373,80
10.3383,80
10.3392,80
10.3402,80
10.3411,80
10.3421,80
10.343,80
10.344,80
10.3449,80
10.3458,80
10.3468,80
10.3477,80
10.3487,80
10.3496,80
10.3506,80
10.3515,80
10.3525,80
10.3534,80
10.3543,80
10.3553,80
10.3562,80
10.3572,80
10.3581,80
10.3591,80
10.36,80
10.3609,80
10.3619,80
10.3628,80
10.3638,80
10.3647,80
10.3657,80
10.3666,80
10.3676,80
10.3685,80
10.3694,80
10.3704,80
10.3713,80
10.3723,80
10.3732,80
10.3742,80
10.3751,80
10.3761,80
10.377,80
10.3779,80
10.3789,80
10.3798,80
10.3808,80
10.3817,80
10.3827,80
10.3836,80
10.3845,80
10.3855,80
10.3864,80
10.3874,80
10.3883,80
10.3893,80
10.3902,80
10.3912,80
10.3921,80
10.393,80
10.394,80
10.3949,80
10.3959,80
10.3968,80
10.3978,80
10.3987,80
10.3997,80
10.4006,80
10.4015,80
10.4025,80
10.4034,80
10.4044,80
10.4053,80
10.4063,80
10.4072,80
10.4081,80
10.4091,80
10.41,80
10.411,80
10.4119,80
10.4129,80
10.4138,80
10.4148,80
10.4157,80
10.4166,80
10.4176,80
10.4185,80
10.4195,80
10.4204,80
10.4214,80
10.4223,80
10.4233,80
10.4242,80
10.4251,80
10.4261,80
10.427,80
10.428,80
10.4289,80
10.4299,80
10.4308,80
10.4317,80
10.4327,80
10.4336,80
10.4346,80
10.4355,80
10.4365,80
10.4374,80
10.4384,80
10.4393,80
10.4402,80
10.4412,80
10.4421,80
10.4431,80
10.444,80
10.445,80
10.4459,80
10.4469,80
10.4478,80
10.4487,80
10.4497,80
10.4506,80
10.4516,80
10.4525,80
10.4535,80
10.4544,80
10.4553,80
10.4563,80
10.4572,80
10.4582,80
10.4591,80
10.4601,80
10.461,80
10.462,80
10.4629,80
10.4638,80
10.4648,80
10.4657,80
10.4667,80
10.4676,80
10.4686,80
10.4695,80
10.4705,80
10.4714,80
10.4723,80
10.4733,80
10.4742,80
10.4752,80
10.4761,80
10.4771,80
10.478,80
10.4789,80
10.4799,80
10.4808,80
10.4818,80
10.4827,80
10.4837,80
10.4846,80
10.4856,80
10.4865,80
10.4874,80
10.4884,80
10.4893,80
10.4903,80
10.4912,80
10.4922,80
10.4931,80
10.4941,80
10.495,80
10.4959,80
10.4969,80
10.4978,80
10.4988,80
10.4997,80
10.5007,80
10.5016,80
10.5025,80
10.5035,80
10.5044,80
10.5054,80
10.5063,80
10.5073,80
10.5082,80
10.5092,81
10.5101,81
10.511,81
10.512,81
10.5129,81
10.5139,81
10.5148,81
10.5158,81
10.5167,81
10.5177,81
10.5186,81
10.5195,81
10.5205,81
10.5214,81
10.5224,81
10.5233,81
10.5243,81
10.5252,81
10.5261,81
10.5271,81
10.528,81
10.529,81
10.5299,81
10.5309,81
10.5318,81
10.5328,81
10.5337,81
10.5346,81
10.5356,81
10.5365,81
10.5375,81
10.5384,81
10.5394,81
10.5403,81
10.5413,81
10.5422,81
10.5431,81
10.5441,81
10.545,81
10.546,81
10.5469,81
10.5479,81
10.5488,81
10.5497,81
10.5507,81
10.5516,81
10.5526,81
10.5535,81
10.5545,81
10.5554,81
10.5564,81
10.5573,81
10.5582,81
10.5592,81
10.5601,81
10.5611,81
10.562,81
10.563,81
10.5639,81
10.5649,81
10.5658,81
10.5667,81
10.5677,81
10.5686,81
10.5696,81
10.5705,81
10.5715,81
10.5724,81
10.5733,81
10.5743,81
10.5752,81
10.5762,81
10.5771,81
10.5781,81
10.579,81
10.58,81
10.5809,81
10.5818,81
10.5828,81
10.5837,81
10.5847,81
10.5856,81
10.5866,81
10.5875,81
10.5885,81
10.5894,81
10.5903,81
10.5913,81
10.5922,81
10.5932,81
10.5941,81
10.5951,81
10.596,81
10.5969,81
10.5979,81
10.5988,81
10.5998,81
10.6007,81
10.6017,81
10.6026,81
10.6036,81
10.6045,81
10.6054,81
10.6064,81
10.6073,81
10.6083,81
10.6092,81
10.6102,81
10.6111,81
10.6121,81
10.613,81
10.6139,81
10.6149,81
10.6158,81
10.6168,81
10.6177,81
10.6187,81
10.6196,81
10.6205,81
10.6215,81
10.6224,81
10.6234,81
10.6243,81
10.6253,81
10.6262,81
10.6272,81
10.6281,81
10.629,81
10.63,81
10.6309,81
10.6319,81
10.6328,81
10.6338,81
10.6347,81
10.6357,81
10.6366,81
10.6375,81
10.6385,81
10.6394,81
10.6404,81
10.6413,81
10.6423,81
10.6432,81
10.6441,81
10.6451,81
10.646,81
10.647,81
10.6479,81
10.6489,81
10.6498,81
10.6508,81
10.6517,81
10.6526,81
10.6536,81
10.6545,81
10.6555,81
10.6564,81
10.6574,81
10.6583,81
10.6593,81
10.6602,81
10.6611,81
10.6621,81
10.663,81
10.664,81
10.6649,81
10.6659,81
10.6668,81
10.6677,81
10.6687,81
10.6696,81
10.6706,81
10.6715,81
10.6725,81
10.6734,81
10.6744,81
10.6753,81
10.6762,81
10.6772,81
10.6781,81
10.6791,81
10.68,81
10.681,81
10.6819,81
10.6829,81
10.6838,81
10.6847,81
10.6857,81
10.6866,81
10.6876,81
10.6885,81
10.6895,81
10.6904,81
10.6913,81
10.6923,81
10.6932,81
10.6942,81
10.6951,81
10.6961,81
10.697,81
10.698,81
10.6989,81
10.6998,81
10.7008,81
10.7017,81
10.7027,81
10.7036,81
10.7046,81
10.7055,81
10.7065,81
10.7074,81
10.7083,81
10.7093,81
10.7102,81
10.7112,81
10.7121,81
10.7131,81
10.714,81
10.7149,81
10.7159,81
10.7168,81
10.7178,81
10.7187,81
10.7197,81
10.7206,81
10.7216,81
10.7225,81
10.7234,81
10.7244,81
10.7253,81
10.7263,81
10.7272,81
10.7282,81
10.7291,81
10.7301,81
10.731,81
10.7319,81
10.7329,81
10.7338,81
10.7348,81
10.7357,81
10.7367,81
10.7376,81
10.7385,81
10.7395,81
10.7404,81
10.7414,81
10.7423,81
10.7433,81
10.7442,81
10.7452,81
10.7461,81
10.747,81
10.748,81
10.7489,81
10.7499,81
10.7508,81
10.7518,81
10.7527,81
10.7537,81
10.7546,81
10.7555,81
10.7565,81
10.7574,81
10.7584,81
10.7593,81
10.7603,81
10.7612,81
10.7621,81
10.7631,81
10.764,81
10.765,81
10.7659,81
10.7669,81
10.7678,81
10.7688,81
10.7697,81
10.7706,81
10.7716,81
10.7725,81
10.7735,81
10.7744,81
10.7754,81
10.7763,81
10.7773,81
10.7782,81
10.7791,81
10.7801,81
10.781,81
10.782,81
10.7829,81
10.7839,81
10.7848,81
10.7857,81
10.7867,81
10.7876,81
10.7886,81
10.7895,81
10.7905,81
10.7914,81
10.7924,81
10.7933,81
10.7942,81
10.7952,81
10.7961,81
10.7971,81
10.798,81
10.799,81
10.7999,81
10.8009,81
10.8018,81
10.8027,81
10.8037,81
10.8046,81
10.8056,81
10.8065,81
10.8075,81
10.8084,81
10.8093,81
10.8103,81
10.8112,81
10.8122,81
10.8131,82
10.8141,82
10.815,82
10.816,82
10.8169,82
10.8178,82
10.8188,82
10.8197,82
10.8207,82
10.8216,82
10.8226,82
10.8235,82
10.8245,82
10.8254,82
10.8263,82
10.8273,82
10.8282,82
10.8292,82
10.8301,82
10.8311,82
10.832,82
10.8329,82
10.8339,82
10.8348,82
10.8358,82
10.8367,82
10.8377,82
10.8386,82
10.8396,82
10.8405,82
10.8414,82
10.8424,82
10.8433,82
10.8443,82
10.8452,82
10.8462,82
10.8471,82
10.8481,82
10.849,82
10.8499,82
10.8509,82
10.8518,82
10.8528,82
10.8537,82
10.8547,82
10.8556,82
10.8565,82
10.8575,82
10.8584,82
10.8594,82
10.8603,82
10.8613,82
10.8622,82
10.8632,82
10.8641,82
10.865,82
10.866,82
10.8669,82
10.8679,82
10.8688,82
10.8698,82
10.8707,82
10.8717,82
10.8726,82
10.8735,82
10.8745,82
10.8754,82
10.8764,82
10.8773,82
10.8783,82
10.8792,82
10.8801,82
10.8811,82
10.882,82
10.883,82
10.8839,82
10.8849,82
10.8858,82
10.8868,82
10.8877,82
10.8886,82
10.8896,82
10.8905,82
10.8915,82
10.8924,82
10.8934,82
10.8943,82
10.8953,82
10.8962,82
10.8971,82
10.8981,82
10.899,82
10.9,82
10.9009,82
10.9019,82
10.9028,82
10.9037,82
10.9047,82
10.9056,82
10.9066,82
10.9075,82
10.9085,82
10.9094,82
10.9104,82
10.9113,82
10.9122,82
10.9132,82
10.9141,82
10.9151,82
10.916,83
10.917,83
10.9179,83
10.9189,83
10.9198,83
10.9207,83
10.9217,83
10.9226,83
10.9236,83
10.9245,83
10.9255,83
10.9264,83
10.9273,83
10.9283,83
10.9292,83
10.9302,83
10.9311,83
10.9321,83
10.933,83
10.934,83
10.9349,83
10.9358,83
10.9368,83
10.9377,83
10.9387,83
10.9396,83
10.9406,83
10.9415,83
10.9425,83
10.9434,83
10.9443,83
10.9453,83
10.9462,83
10.9472,83
10.9481,83
10.9491,83
10.95,83
10.9509,83
10.9519,83
10.9528,83
10.9538,83
10.9547,83
10.9557,83
10.9566,83
10.9576,83
10.9585,83
10.9594,83
10.9604,83
10.9613,83
10.9623,83
10.9632,83
10.9642,83
10.9651,83
10.9661,83
10.967,83
10.9679,83
10.9689,83
10.9698,83
10.9708,83
10.9717,83
10.9727,83
10.9736,83
10.9745,83
10.9755,83
10.9764,83
10.9774,83
10.9783,83
10.9793,83
10.9802,83
10.9812,83
10.9821,83
10.983,83
10.984,83
10.9849,83
10.9859,83
10.9868,83
10.9878,83
10.9887,83
10.9897,83
10.9906,83
10.9915,83
10.9925,83
10.9934,83
10.9944,83
10.9953,83
10.9963,83
10.9972,83
10.9981,83
10.9991,83
11,83
11.001,83
11.0019,83
11.0029,83
11.0038,83
11.0048,83
11.0057,83
11.0066,83
11.0076,83
11.0085,83
11.0095,83
11.0104,83
11.0114,83
11.0123,83
11.0133,84
11.0142,84
11.0151,84
11.0161,84
11.017,84
11.018,84
11.0189,84
11.0199,84
11.0208,84
11.0217,84
11.0227,84
11.0236,84
11.0246,84
11.0255,84
11.0265,84
11.0274,84
11.0284,84
11.0293,84
11.0302,84
11.0312,84
11.0321,84
11.0331,84
11.034,84
11.035,84
11.0359,84
11.0369,84
11.0378,84
11.0387,84
11.0397,84
11.0406,84
11.0416,84
11.0425,84
11.0435,84
11.0444,84
11.0453,84
11.0463,84
11.0472,84
11.0482,84
11.0491,84
11.0501,84
11.051,84
11.052,84
11.0529,84
11.0538,84
11.0548,84
11.0557,84
11.0567,84
11.0576,84
11.0586,84
11.0595,84
11.0605,84
11.0614,84
11.0623,84
11.0633,84
11.0642,84
11.0652,84
11.0661,84
11.0671,84
11.068,84
11.0689,84
11.0699,84
11.0708,84
11.0718,84
11.0727,84
11.0737,85
11.0746,85
11.0756,85
11.0765,85
11.0774,85
11.0784,85
11.0793,85
11.0803,85
11.0812,85
11.0822,85
11.0831,85
11.0841,85
11.085,85
11.0859,85
11.0869,85
11.0878,85
11.0888,85
11.0897,85
11.0907,85
11.0916,85
11.0925,85
11.0935,85
11.0944,85
11.0954,85
11.0963,85
11.0973,85
11.0982,85
11.0992,85
11.1001,85
11.101,85
11.102,85
11.1029,85
11.1039,85
11.1048,85
11.1058,85
11.1067,85
11.1077,85
11.1086,85
11.1095,85
11.1105,85
11.1114,85
11.1124,85
11.1133,85
11.1143,85
11.1152,85
11.1161,85
11.1171,85
11.118,85
11.119,85
11.1199,85
11.1209,85
11.1218,85
11.1228,85
11.1237,85
11.1246,85
11.1256,85
11.1265,85
11.1275,85
11.1284,85
11.1294,85
11.1303,85
11.1313,85
11.1322,85
11.1331,86
11.1341,86
11.135,86
11.136,86
11.1369,86
11.1379,86
11.1388,86
11.1397,86
11.1407,86
11.1416,86
11.1426,86
11.1435,86
11.1445,86
11.1454,86
11.1464,86
11.1473,86
11.1482,86
11.1492,86
11.1501,86
11.1511,86
11.152,86
11.153,86
11.1539,86
11.1549,86
11.1558,86
11.1567,86
11.1577,86
11.1586,86
11.1596,86
11.1605,86
11.1615,86
11.1624,86
11.1633,86
11.1643,86
11.1652,86
11.1662,86
11.1671,86
11.1681,86
11.169,86
11.17,86
11.1709,86
11.1718,86
11.1728,86
11.1737,86
11.1747,86
11.1756,86
11.1766,86
11.1775,86
11.1785,86
11.1794,86
11.1803,86
11.1813,86
11.1822,86
11.1832,86
11.1841,86
11.1851,86
11.186,86
11.1869,86
11.1879,86
11.1888,86
11.1898,86
11.1907,86
11.1917,86
11.1926,87
11.1936,87
11.1945,87
11.1954,87
11.1964,87
11.1973,87
11.1983,87
11.1992,87
11.2002,87
11.2011,87
11.2021,87
11.203,87
11.2039,87
11.2049,87
11.2058,87
11.2068,87
11.2077,87
11.2087,87
11.2096,87
11.2105,87
11.2115,87
11.2124,87
11.2134,87
11.2143,87
11.2153,87
11.2162,87
11.2172,87
11.2181,87
11.219,87
11.22,87
11.2209,87
11.2219,87
11.2228,87
11.2238,87
11.2247,87
11.2257,87
11.2266,87
11.2275,87
11.2285,87
11.2294,87
11.2304,87
11.2313,87
11.2323,87
11.2332,87
11.2341,87
11.2351,87
11.236,87
11.237,87
11.2379,87
11.2389,87
11.2398,87
11.2408,87
11.2417,87
11.2426,87
11.2436,87
11.2445,87
11.2455,87
11.2464,87
11.2474,87
11.2483,87
11.2493,88
11.2502,88
11.2511,88
11.2521,88
11.253,88
11.254,88
11.2549,88
11.2559,88
11.2568,88
11.2577,88
11.2587,88
11.2596,88
11.2606,88
11.2615,88
11.2625,88
11.2634,88
11.2644,88
11.2653,88
11.2662,88
11.2672,88
11.2681,88
11.2691,88
11.27,88
11.271,88
11.2719,88
11.2729,88
11.2738,88
11.2747,88
11.2757,88
11.2766,88
11.2776,88
11.2785,88
11.2795,88
11.2804,88
11.2813,88
11.2823,88
11.2832,88
11.2842,88
11.2851,88
11.2861,88
11.287,88
11.288,88
11.2889,88
11.2898,88
11.2908,88
11.2917,88
11.2927,88
11.2936,88
11.2946,88
11.2955,88
11.2965,88
11.2974,88
11.2983,88
11.2993,88
11.3002,88
11.3012,88
11.3021,88
11.3031,88
11.304,89
11.3049,89
11.3059,89
11.3068,89
11.3078,89
11.3087,89
11.3097,89
11.3106,89
11.3116,89
11.3125,89
11.3134,89
11.3144,89
11.3153,89
11.3163,89
11.3172,89
11.3182,89
11.3191,89
11.3201,89
11.321,89
11.3219,89
11.3229,89
11.3238,89
11.3248,89
11.3257,89
11.3267,89
11.3276,89
11.3285,89
11.3295,89
11.3304,89
11.3314,89
11.3323,89
11.3333,89
11.3342,89
11.3352,89
11.3361,89
11.337,89
11.338,89
11.3389,89
11.3399,89
11.3408,89
11.3418,89
11.3427,89
11.3437,89
11.3446,89
11.3455,89
11.3465,89
11.3474,89
11.3484,89
11.3493,89
11.3503,89
11.3512,89
11.3521,89
11.3531,89
11.354,89
11.355,89
11.3559,89
11.3569,89
11.3578,89
11.3588,89
11.3597,89
11.3606,89
11.3616,89
11.3625,89
11.3635,90
11.3644,90
11.3654,90
11.3663,90
11.3673,90
11.3682,90
11.3691,90
11.3701,90
11.371,90
11.372,90
11.3729,90
11.3739,90
11.3748,90
11.3757,90
11.3767,90
11.3776,90
11.3786,90
11.3795,90
11.3805,90
11.3814,90
11.3824,90
11.3833,90
11.3842,90
11.3852,90
11.3861,90
11.3871,90
11.388,90
11.389,90
11.3899,90
11.3909,90
11.3918,90
11.3927,90
11.3937,90
11.3946,90
11.3956,90
11.3965,90
11.3975,90
11.3984,90
11.3993,90
11.4003,90
11.4012,90
11.4022,90
11.4031,90
11.4041,90
11.405,90
11.406,90
11.4069,90
11.4078,90
11.4088,90
11.4097,90
11.4107,90
11.4116,90
11.4126,90
11.4135,90
11.4145,90
11.4154,91
11.4163,91
11.4173,91
11.4182,91
11.4192,91
11.4201,91
11.4211,91
11.422,91
11.4229,91
11.4239,91
11.4248,91
11.4258,91
11.4267,91
11.4277,91
11.4286,91
11.4296,91
11.4305,91
11.4314,91
11.4324,91
11.4333,91
11.4343,91
11.4352,91
11.4362,91
11.4371,91
11.4381,91
11.439,91
11.4399,91
11.4409,91
11.4418,91
11.4428,91
11.4437,91
11.4447,91
11.4456,91
11.4465,91
11.4475,91
11.4484,91
11.4494,91
11.4503,91
11.4513,91
11.4522,91
11.4532,91
11.4541,91
11.455,91
11.456,91
11.4569,91
11.4579,91
11.4588,91
11.4598,91
11.4607,91
11.4617,91
11.4626,91
11.4635,91
11.4645,91
11.4654,91
11.4664,91
11.4673,91
11.4683,92
11.4692,92
11.4701,92
11.4711,92
11.472,92
11.473,92
11.4739,92
11.4749,92
11.4758,92
11.4768,92
11.4777,92
11.4786,92
11.4796,92
11.4805,92
11.4815,92
11.4824,92
11.4834,92
11.4843,92
11.4853,92
11.4862,92
11.4871,92
11.4881,92
11.489,92
11.49,92
11.4909,92
11.4919,92
11.4928,92
11.4937,92
11.4947,92
11.4956,92
11.4966,92
11.4975,92
11.4985,92
11.4994,92
11.5004,92
11.5013,92
11.5022,92
11.5032,92
11.5041,92
11.5051,92
11.506,92
11.507,92
11.5079,92
11.5089,92
11.5098,92
11.5107,92
11.5117,92
11.5126,92
11.5136,92
11.5145,92
11.5155,92
11.5164,92
11.5173,92
11.5183,92
11.5192,92
11.5202,93
11.5211,93
11.5221,93
11.523,93
11.524,93
11.5249,93
11.5258,93
11.5268,93
11.5277,93
11.5287,93
11.5296,93
11.5306,93
11.5315,93
11.5325,93
11.5334,93
11.5343,93
11.5353,93
11.5362,93
11.5372,93
11.5381,93
11.5391,93
11.54,93
11.5409,93
11.5419,93
11.5428,93
11.5438,93
11.5447,93
11.5457,93
11.5466,93
11.5476,93
11.5485,93
11.5494,93
11.5504,93
11.5513,93
11.5523,93
11.5532,93
11.5542,93
11.5551,93
11.5561,93
11.557,93
11.5579,93
11.5589,93
11.5598,93
11.5608,93
11.5617,93
11.5627,93
11.5636,93
11.5645,93
11.5655,93
11.5664,93
11.5674,93
11.5683,93
11.5693,93
11.5702,93
11.5712,94
11.5721,94
11.573,94
11.574,94
11.5749,94
11.5759,94
11.5768,94
11.5778,94
11.5787,94
11.5797,94
11.5806,94
11.5815,94
11.5825,94
11.5834,94
11.5844,94
11.5853,94
11.5863,94
11.5872,94
11.5881,94
11.5891,94
11.59,94
11.591,94
11.5919,94
11.5929,94
11.5938,94
11.5948,94
11.5957,94
11.5966,94
11.5976,94
11.5985,94
11.5995,94
11.6004,94
11.6014,94
11.6023,94
11.6033,94
11.6042,94
11.6051,94
11.6061,94
11.607,94
11.608,94
11.6089,94
11.6099,94
11.6108,94
11.6117,94
11.6127,94
11.6136,94
11.6146,94
11.6155,94
11.6165,94
11.6174,94
11.6184,94
11.6193,94
11.6202,94
11.6212,94
11.6221,94
11.6231,95
11.624,95
11.625,95
11.6259,95
11.6269,95
11.6278,95
11.6287,95
11.6297,95
11.6306,95
11.6316,95
11.6325,95
11.6335,95
11.6344,95
11.6353,95
11.6363,95
11.6372,95
11.6382,95
11.6391,95
11.6401,95
11.641,95
11.7406,95
11.7416,95
11.8604,98
11.8614,100
11.8623,102
11.8633,104
11.8642,105
11.8651,106
11.8661,107
11.867,108
11.868,109
11.8689,103
11.8699,98
11.8708,93
11.8718,89
11.8727,86
11.8736,83
11.8746,80
11.8755,77
11.8765,75
11.8774,73
11.8784,71
11.8793,70
11.8803,68
11.8812,67
11.8821,66
11.8831,64
11.884,63
11.885,62
11.8859,61
11.8869,61
11.8878,60
11.8887,59
11.8897,58
11.8906,58
11.8916,57
11.8925,56
11.8935,56
11.8944,55
11.8954,55
11.8963,54
11.8972,54
11.8982,53
11.8991,53
11.9001,52
11.901,52
11.902,51
11.9029,51
11.9039,50
11.9048,50
11.9057,49
11.9063,49
11.9072,49
11.9082,48
11.9091,48
11.9101,48
11.911,48
11.9119,47
11.9129,47
11.9138,47
11.9148,47
11.9157,47
11.9167,47
11.9176,47
11.9186,47
11.9195,47
11.9204,47
11.9214,47
11.9223,47
11.9233,47
11.9242,47
11.9252,47
11.9261,47
11.927,47
11.928,46
11.9289,46
11.9299,46
11.9308,46
11.9318,46
11.9327,46
11.9337,46
11.9346,46
11.9355,46
11.9365,46
11.9374,46
11.9384,46
11.9393,46
11.9403,46
11.9412,46
11.9422,46
11.9431,46
11.944,46
11.945,46
11.9459,46
11.9469,46
11.9478,46
11.9488,46
11.9497,46
11.9506,46
11.9516,46
11.9525,46
11.9535,46
11.9544,46
11.9554,46
11.9563,47
11.9573,47
11.9582,47
11.9591,47
11.9601,47
11.961,47
11.962,47
11.9629,47
11.9639,47
11.9648,47
11.9658,47
11.9667,47
11.9676,47
11.9686,47
11.9695,47
11.9705,47
11.9714,47
11.9724,47
11.9733,47
11.9742,47
11.9752,47
11.9761,48
11.9771,48
11.978,48
11.979,48
11.9799,48
11.9809,48
11.9818,48
11.9827,48
11.9837,48
11.9846,48
11.9856,48
11.9865,48
11.9875,48
11.9884,48
11.9894,48
11.9903,48
11.9912,48
11.9922,48
11.9931,48
11.9941,48
11.995,48
11.996,48
11.9969,48
11.9978,48
11.9988,48
11.9997,48
12.0007,48
12.0016,48
12.0026,48
12.0035,48
12.0045,48
12.0054,48
12.0063,48
12.0073,48
12.0082,48
12.0092,48
12.0101,48
12.0111,48
12.012,48
12.013,48
12.0139,48
12.0148,48
12.0158,48
12.0167,48
12.0177,48
12.0186,48
12.0196,48
12.0205,48
12.0214,48
12.0224,48
12.0233,48
12.0243,48
12.0252,48
12.0262,48
12.0271,48
12.0281,48
12.029,48
12.0299,48
12.0309,48
12.0318,48
12.0328,48
12.0337,48
12.0347,48
12.0356,48
12.0366,48
12.0375,48
12.0384,48
12.0394,48
12.0403,48
12.0413,48
12.0422,48
12.0432,48
12.0441,48
12.045,48
12.046,48
12.0469,48
12.0479,48
12.0488,48
12.0498,48
12.0507,48
12.0517,48
12.0526,48
12.0535,48
12.0545,48
12.0554,48
12.0564,48
12.0573,48
12.0583,48
12.0592,48
12.0602,48
12.0611,48
12.062,49
12.063,49
12.0639,49
12.0649,49
12.0658,49
12.0668,49
12.0677,49
12.0686,49
12.0696,49
12.0705,49
12.0715,49
12.0724,49
12.0734,49
12.0743,49
12.0753,49
12.0762,49
12.0771,49
12.0781,49
12.079,49
12.08,49
12.0809,49
12.0819,49
12.0828,49
12.0838,49
12.0847,49
12.0856,49
12.0866,49
12.0875,49
12.0885,49
12.0894,49
12.0904,49
12.0913,49
12.0922,49
12.0932,49
12.0941,49
12.0951,49
12.096,49
12.097,49
12.0979,49
12.0989,49
12.0998,49
12.1007,49
12.1017,49
12.1026,49
12.1036,49
12.1045,49
12.1055,49
12.1064,49
12.1074,49
12.1083,49
12.1092,49
12.1102,49
12.1111,49
12.1121,49
12.113,49
12.114,49
12.1149,49
12.1158,49
12.1168,49
12.1177,49
12.1187,49
12.1196,49
12.1206,49
12.1215,49
12.1225,49
12.1234,49
12.1243,49
12.1253,49
12.1262,49
12.1272,49
12.1281,49
12.1291,49
12.13,49
12.131,49
12.1319,49
12.1328,49
12.1338,49
12.1347,49
12.1357,49
12.1366,49
12.1376,49
12.1385,49
12.1394,49
12.1404,49
12.1413,49
12.1423,49
12.1432,49
12.1442,49
12.1451,49
12.1461,49
12.147,49
12.1479,49
12.1489,49
12.1498,49
12.1508,49
12.1517,49
12.1527,49
12.1536,49
12.1546,49
12.1555,49
12.1564,49
12.1574,49
12.1583,49
12.1593,49
12.1602,49
12.1612,49
12.1621,49
12.163,49
12.164,49
12.1649,49
12.1659,49
12.1668,49
12.1678,49
12.1687,49
12.1697,49
12.1706,49
12.1715,49
12.1725,49
12.1734,49
12.1744,49
12.1753,49
12.1763,49
12.1772,49
12.1782,49
12.1791,49
12.18,49
12.181,49
12.1819,49
12.1829,49
12.1838,49
12.1848,49
12.1857,49
12.1866,49
12.1876,49
12.1885,49
12.1895,49
12.1904,49
12.1914,49
12.1923,49
12.1933,49
12.1942,49
12.1951,49
12.1961,49
12.197,49
12.198,49
12.1989,49
12.1999,49
12.2008,49
12.2018,49
12.2027,49
12.2036,49
12.2046,49
12.2055,49
12.2065,49
12.2074,49
12.2084,49
12.2093,49
12.2102,49
12.2112,49
12.2121,49
12.2131,49
12.214,50
12.215,50
12.2159,50
12.2169,50
12.2178,50
12.2187,50
12.2197,50
12.2206,50
12.2216,50
12.2225,50
12.2235,50
12.2244,50
12.2254,50
12.2263,50
12.2272,50
12.2282,50
12.2291,50
12.2301,50
12.231,50
12.232,50
12.2329,50
12.2338,50
12.2348,50
12.2357,50
12.2367,50
12.2376,50
12.2386,50
12.2395,50
12.2405,50
12.2414,50
12.2423,50
12.2433,50
12.2442,50
12.2452,50
12.2461,50
12.2471,50
12.248,50
12.249,50
12.2499,50
12.2508,50
12.2518,50
12.2527,50
12.2537,50
12.2546,50
12.2556,50
12.2565,50
12.2574,50
12.2584,50
12.2593,50
12.2603,50
12.2612,50
12.2622,50
12.2631,50
12.2641,50
12.265,50
12.2659,50
12.2669,50
12.2678,50
12.2688,50
12.2697,50
12.2707,50
12.2716,50
12.2726,50
12.2735,50
12.2744,50
12.2754,50
12.2763,50
12.2773,50
12.2782,50
12.2792,50
12.2801,50
12.281,50
12.282,50
12.2829,50
12.2839,50
12.2848,50
12.2858,50
12.2867,50
12.2877,50
12.2886,50
12.2895,50
12.2905,50
12.2914,50
12.2924,50
12.2933,50
12.2943,50
12.2952,50
12.2962,50
12.2971,50
12.298,50
12.299,50
12.2999,50
12.3009,50
12.3018,50
12.3028,50
12.3037,50
12.3046,50
12.3056,50
12.3065,50
12.3075,50
12.3084,50
12.3094,50
12.3103,50
12.3113,50
12.3122,50
12.3131,50
12.3141,50
12.315,50
12.316,50
12.3169,50
12.3179,50
12.3188,50
12.3198,50
12.3207,50
12.3216,50
12.3226,50
12.3235,50
12.3245,50
12.3254,50
12.3264,50
12.3273,50
12.3282,50
12.3292,50
12.3301,50
12.3311,50
12.332,50
12.333,50
12.3339,50
12.3349,50
12.3358,50
12.3367,50
12.3377,50
12.3386,50
12.3396,50
12.3405,50
12.3415,50
12.3424,50
12.3434,50
12.3443,50
12.3452,50
12.3462,50
12.3471,50
12.3481,50
12.349,50
12.35,50
12.3509,50
12.3518,50
12.3528,50
12.3537,50
12.3547,50
12.3556,50
12.3566,50
12.3575,50
12.3585,50
12.3594,50
12.3603,50
12.3613,50
12.3622,50
12.3632,50
12.3641,50
12.3651,50
12.366,50
12.367,50
12.3679,50
12.3688,50
12.3698,50
12.3707,50
12.3717,50
12.3726,50
12.3736,50
12.3745,50
12.3754,50
12.3764,50
12.3773,50
12.3783,50
12.3792,50
12.3802,50
12.3811,50
12.3821,50
12.383,50
12.3839,50
12.3849,50
12.3858,50
12.3868,50
12.3877,50
12.3887,50
12.3896,50
12.3906,50
12.3915,50
12.3924,50
12.3934,50
12.4,50
12.4009,50
12.4019,50
12.4028,50
12.4038,50
12.4047,50
12.4057,50
12.4066,50
12.4075,50
12.4085,50
12.4094,50
12.4104,50
12.4113,50
12.4123,50
12.4132,50
12.4142,50
12.4151,50
12.416,50
12.417,50
12.4179,50
12.4189,50
12.4198,50
12.4208,50
12.4217,50
12.4226,50
12.4236,50
12.4245,50
12.4255,50
12.4264,50
12.4274,50
12.4283,50
12.4293,50
12.4302,50
12.4311,50
12.4321,50
12.433,50
12.434,50
12.4349,50
12.4359,50
12.4368,50
12.4378,50
12.4387,50
12.4396,50
12.4406,50
12.4415,50
12.4425,50
12.4434,50
12.4444,50
12.4453,50
12.4462,50
12.4472,50
12.4481,50
12.4491,50
12.45,50
12.451,50
12.4519,51
12.4529,51
12.4538,51
12.4547,51
12.4557,51
12.4566,51
12.4576,51
12.4585,51
12.4595,51
12.4604,51
12.4614,51
12.4623,51
12.4632,51
12.4642,51
12.4651,51
12.4661,51
12.467,51
12.468,51
12.4689,51
12.4698,51
12.4708,51
12.4717,51
12.4727,51
12.4736,51
12.4746,51
12.4755,51
12.4765,51
12.4774,51
12.4783,51
12.4793,51
12.4802,51
12.4812,51
12.4821,51
12.4831,51
12.484,51
12.485,51
12.4859,51
12.4868,51
12.4878,51
12.4887,51
12.4897,51
12.4906,51
12.4916,51
12.4925,51
12.4934,51
12.4944,51
12.4953,51
12.4963,51
12.4972,51
12.4982,51
12.4991,51
12.5001,51
12.501,51
12.5019,51
12.5029,51
12.5038,51
12.5048,51
12.5057,51
12.5067,51
12.5076,51
12.5086,51
12.5095,51
12.5104,51
12.5114,51
12.5123,51
12.5133,51
12.5142,51
12.5152,51
12.5161,51
12.517,51
12.518,51
12.5189,51
12.5199,51
12.5208,51
12.5218,51
12.5227,51
12.5237,51
12.5246,51
12.5255,51
12.5265,51
12.5274,51
12.5284,51
12.5293,51
12.5303,51
12.5312,51
12.5322,51
12.5331,51
12.534,51
12.535,51
12.5359,51
12.5369,51
12.5378,51
12.5388,51
12.5397,51
12.5406,51
12.5416,51
12.5425,51
12.5435,51
12.5444,51
12.5454,51
12.5463,51
12.5473,51
12.5482,51
12.5491,51
12.5501,51
12.551,51
12.552,51
12.5529,51
12.5539,51
12.5548,51
12.5558,51
12.5567,51
12.5576,51
12.5586,51
12.5595,51
12.5605,51
12.5614,51
12.5624,51
12.5633,51
12.5642,51
12.5652,51
12.5661,51
12.5671,51
12.568,51
12.569,51
12.5699,51
12.5709,51
12.5718,51
12.5727,51
12.5737,51
12.5746,51
12.5756,51
12.5765,51
12.5775,51
12.5784,51
12.5794,51
12.5803,51
12.5812,51
12.5822,51
12.5831,51
12.5841,51
12.585,51
12.586,51
12.5869,51
12.5878,51
12.5888,51
12.5897,51
12.5907,51
12.5916,51
12.5926,51
12.5935,51
12.5945,51
12.5954,51
12.5963,51
12.5973,51
12.5982,51
12.5992,51
12.6001,51
12.6011,51
12.602,51
12.603,51
12.6039,51
12.6048,51
12.6058,51
12.6067,51
12.6077,51
12.6086,51
12.6096,51
12.6105,51
12.6114,51
12.6124,51
12.6133,51
12.6143,51
12.6152,51
12.6162,52
12.6171,52
12.6181,52
12.619,52
12.6199,52
12.6209,52
12.6218,52
12.6228,52
12.6237,52
12.6247,52
12.6256,52
12.6266,52
12.6275,52
12.6284,52
12.6294,52
12.6303,52
12.6313,52
12.6322,52
12.6332,52
12.6341,52
12.635,52
12.636,52
12.6369,52
12.6379,52
12.6388,52
12.6398,52
12.6407,52
12.6417,52
12.6426,52
12.6435,52
12.6445,52
12.6454,52
12.6464,52
12.6473,52
12.6483,52
12.6492,52
12.6502,52
12.6511,52
12.652,52
12.653,52
12.6539,52
12.6549,52
12.6558,52
12.6568,52
12.6577,52
12.6586,52
12.6596,52
12.6605,52
12.6615,52
12.6624,52
12.6634,52
12.6643,52
12.6653,52
12.6662,52
12.6671,52
12.6681,52
12.669,52
12.67,52
12.6709,52
12.6719,52
12.6728,52
12.6738,52
12.6747,52
12.6756,52
12.6766,52
12.6775,52
12.6785,52
12.6794,52
12.6804,52
12.6813,52
12.6822,52
12.6832,52
12.6841,52
12.6851,52
12.686,52
12.687,52
12.6879,52
12.6889,52
12.6898,52
12.6907,52
12.6917,52
12.6926,52
12.6936,52
12.6945,52
12.6955,52
12.6964,52
12.6974,52
12.6983,52
12.6992,52
12.7002,52
12.7011,52
12.7021,52
12.703,52
12.704,52
12.7049,52
12.7058,52
12.7068,52
12.7077,52
12.7087,52
12.7096,52
12.7106,52
12.7115,52
12.7125,52
12.7134,52
12.7143,52
12.7153,52
12.7162,52
12.7172,52
12.7181,52
12.7191,52
12.72,52
12.721,52
12.7219,52
12.7228,52
12.7238,52
12.7247,52
12.7257,52
12.7266,52
12.7276,52
12.7285,52
12.7294,52
12.7304,52
12.7313,52
12.7323,52
12.7332,52
12.7342,52
12.7351,52
12.7361,52
12.737,52
12.7379,52
12.7389,52
12.7398,52
12.7408,52
12.7417,52
12.7427,52
12.7436,52
12.7446,52
12.7455,52
12.7464,52
12.7474,52
12.7483,52
12.7493,52
12.7502,52
12.7512,52
12.7521,52
12.753,52
12.754,52
12.7549,52
12.7559,52
12.7568,52
12.7578,52
12.7587,52
12.7597,52
12.7606,52
12.7615,52
12.7625,52
12.7634,52
12.7644,52
12.7653,52
12.7663,52
12.7672,52
12.7682,52
12.7691,52
12.77,52
12.771,52
12.7719,52
12.7729,52
12.7738,52
12.7748,52
12.7757,52
12.7766,52
12.7776,52
12.7785,52
12.7795,52
12.7804,52
12.7814,52
12.7823,52
12.7833,52
12.7842,52
12.7851,52
12.7861,52
12.787,52
12.788,52
12.7889,52
12.7899,52
12.7908,52
12.7918,52
12.7927,52
12.7936,52
12.7946,52
12.7955,52
12.7965,52
12.7974,52
12.7984,52
12.7993,52
12.8002,53
12.8012,53
12.8021,53
12.8031,53
12.804,53
12.805,53
12.8059,53
12.8069,53
12.8078,53
12.8087,53
12.8097,53
12.8106,53
12.8116,53
12.8125,53
12.8135,53
12.8144,53
12.8154,53
12.8163,53
12.8172,53
12.8182,53
12.8191,53
12.8201,53
12.821,53
12.822,53
12.8229,53
12.8238,53
12.8248,53
12.8257,53
12.8267,53
12.8276,53
12.8286,53
12.8295,53
12.8305,53
12.8314,53
12.8323,53
12.8333,53
12.8342,53
12.8352,53
12.8361,53
12.8371,53
12.838,53
12.839,53
12.8399,53
12.8408,53
12.8418,53
12.8427,53
12.8437,53
12.8446,53
12.8456,53
12.8465,53
12.8474,53
12.8484,53
12.8493,53
12.8503,53
12.8512,53
12.8522,53
12.8531,53
12.8541,53
12.855,53
12.8559,53
12.8569,53
12.8578,53
12.8588,53
12.8597,53
12.8607,53
12.8616,53
12.8626,53
12.8635,53
12.8644,53
12.8654,53
12.8663,53
12.8673,53
12.8682,53
12.8692,53
12.8701,53
12.871,53
12.872,53
12.8729,53
12.8739,53
12.8748,53
12.8758,53
12.8767,53
12.8777,53
12.8786,53
12.8795,53
12.8805,53
12.8814,53
12.8824,53
12.8833,53
12.8843,53
12.8852,53
12.8862,53
12.8871,53
12.888,53
12.889,53
12.8899,53
12.8909,53
12.8918,53
12.8928,53
12.8937,53
12.8946,53
12.8956,53
12.8965,53
12.8975,53
12.8984,53
12.8994,53
12.9003,53
12.9013,53
12.9022,53
12.9031,53
12.9041,53
12.905,53
12.906,53
12.9069,53
12.9079,53
12.9088,53
12.9098,53
12.9107,53
12.9116,53
12.9126,53
12.9135,53
12.9145,53
12.9154,53
12.9164,53
12.9173,53
12.9182,53
12.9192,53
12.9201,53
12.9211,53
12.922,53
12.923,53
12.9239,53
12.9249,53
12.9258,53
12.9267,53
12.9277,53
12.9286,53
12.9296,53
12.9305,53
12.9315,53
12.9324,53
12.9334,53
12.9343,53
12.9352,53
12.9362,53
12.9371,53
12.9381,53
12.939,53
12.94,53
12.9409,53
12.9418,53
12.9428,53
12.9437,53
12.9447,53
12.9456,53
12.9466,53
12.9475,53
12.9485,53
12.9494,53
12.9503,53
12.9513,53
12.9522,53
12.9532,53
12.9541,53
12.9551,53
12.956,53
12.957,53
12.9579,53
12.9588,53
12.9598,53
12.9607,53
12.9617,53
12.9626,53
12.9636,53
12.9645,53
12.9654,53
12.9664,53
12.9673,53
12.9683,53
12.9692,53
12.9702,53
12.9711,53
12.9721,53
12.973,53
12.9739,53
12.9749,53
12.9758,53
12.9768,53
12.9777,53
12.9787,53
12.9796,53
12.9806,53
12.9815,53
12.9824,53
12.9834,53
12.9843,53
12.9853,53
12.9862,53
12.9872,53
12.9881,53
12.989,53
12.99,53
12.9909,53
12.9919,53
12.9928,53
12.9938,53
12.9947,53
12.9957,53
12.9966,53
12.9975,53
12.9985,53
12.9994,53
13.0004,53
13.0013,53
13.0023,53
13.0032,53
13.0042,53
13.0051,53
13.006,53
13.007,53
13.0079,53
13.0089,53
13.0098,53
13.0108,53
13.0117,53
13.0126,53
13.0136,54
13.0145,54
13.0155,54
13.0164,54
13.0174,54
13.0183,54
13.0193,54
13.0202,54
13.0211,54
13.0221,54
13.023,54
13.024,54
13.0249,54
13.0259,54
13.0268,54
13.0278,54
13.0287,54
13.0296,54
13.0306,54
13.0315,54
13.0325,54
13.0334,54
13.0344,54
13.0353,54
13.0362,54
13.0372,54
13.0381,54
13.0391,54
13.04,54
13.041,54
13.0419,54
13.0429,54
13.0438,54
13.0447,54
13.0457,54
13.0466,54
13.0476,54
13.0485,54
13.0495,54
13.0504,54
13.0514,54
13.0523,54
13.0532,54
13.0542,54
13.0551,54
13.0561,54
13.057,54
13.058,54
13.0589,54
13.0598,54
13.0608,54
13.0617,54
13.0627,54
13.0636,54
13.0646,54
13.0655,54
13.0665,54
13.0674,54
13.0683,54
13.0693,54
13.0702,54
13.0712,54
13.0721,54
13.0731,54
13.074,54
13.075,54
13.0759,54
13.0768,54
13.0778,54
13.0787,54
13.0797,54
13.0806,54
13.0816,54
13.0825,54
13.0834,54
13.0844,54
13.0853,54
13.0863,54
13.0872,54
13.0882,54
13.0891,54
13.0901,54
13.091,54
13.0919,54
13.0929,54
13.0938,54
13.0948,54
13.0957,54
13.0967,54
13.0976,54
13.0986,54
13.0995,54
13.1004,54
13.1014,54
13.1023,54
13.1033,54
13.1042,54
13.1052,54
13.1061,54
13.107,54
13.108,54
13.1089,54
13.1099,54
13.1108,54
13.1118,54
13.1127,54
13.1137,54
13.1146,54
13.1155,54
13.1165,54
13.1174,54
13.1184,54
13.1193,54
13.1203,54
13.1212,54
13.1222,54
13.1231,54
13.124,54
13.125,54
13.1259,54
13.1269,54
13.1278,54
13.1288,54
13.1297,54
13.1306,54
13.1316,54
13.1325,54
13.1335,54
13.1344,54
13.1354,54
13.1363,54
13.1373,54
13.1382,54
13.1391,54
13.1401,54
13.141,54
13.142,54
13.1429,54
13.1439,54
13.1448,54
13.1458,54
13.1467,54
13.1476,54
13.1486,54
13.1495,54
13.1505,54
13.1514,54
13.1524,54
13.1533,54
13.1542,54
13.1552,54
13.1561,54
13.1571,54
13.158,54
13.159,54
13.1599,54
13.1609,54
13.1618,54
13.1627,54
13.1637,54
13.1646,54
13.1656,54
13.1665,54
13.1675,54
13.1684,54
13.1694,54
13.1703,54
13.1712,54
13.1722,54
13.1731,54
13.1741,54
13.175,54
13.176,54
13.1769,54
13.1778,54
13.1788,54
13.1797,54
13.1807,54
13.1816,54
13.1826,54
13.1835,54
13.1845,54
13.1854,54
13.1863,54
13.1873,54
13.1882,54
13.1892,54
13.1901,54
13.1911,54
13.192,54
13.193,54
13.1939,54
13.1948,54
13.1958,54
13.1967,54
13.1977,54
13.1986,54
13.1996,54
13.2005,54
13.2014,54
13.2024,54
13.2033,54
13.2043,54
13.2052,54
13.2062,54
13.2071,54
13.2081,54
13.209,54
13.2099,54
13.2109,54
13.2118,54
13.2128,54
13.2137,54
13.2147,54
13.2156,54
13.2166,54
13.2175,54
13.2184,54
13.2194,54
13.2203,54
13.2213,54
13.2222,54
13.2232,54
13.2241,54
13.225,54
13.226,54
13.2269,54
13.2279,54
13.2288,54
13.2298,54
13.2307,54
13.2317,54
13.2326,54
13.2335,54
13.2345,54
13.2354,54
13.2364,54
13.2373,54
13.2383,54
13.2392,54
13.2402,54
13.2411,54
13.242,54
13.243,54
13.2439,54
13.2449,54
13.2458,54
13.2468,54
13.2477,54
13.2486,54
13.2496,54
13.2505,54
13.2515,54
13.2524,54
13.2534,54
13.2543,54
13.2553,54
13.2562,54
13.2571,54
13.2581,54
13.259,54
13.26,54
13.2609,54
13.2619,54
13.2628,54
13.2638,54
13.2647,54
13.2656,55
13.2666,55
13.2675,55
13.2685,55
13.2694,55
13.2704,55
13.2713,55
13.2722,55
13.2732,55
13.2741,55
13.2751,55
13.276,55
13.277,55
13.2779,55
13.2789,55
13.2798,55
13.2807,55
13.2817,55
13.2826,55
13.2836,55
13.2845,55
13.2855,55
13.2864,55
13.2874,55
13.2883,55
13.2892,55
13.2902,55
13.2911,55
13.2921,55
13.293,55
13.294,55
13.2949,55
13.2958,55
13.2968,55
13.2977,55
13.2987,55
13.2996,55
13.3006,55
13.3015,55
13.3025,55
13.3034,55
13.3043,55
13.3053,55
13.3062,55
13.3072,55
13.3081,55
13.3091,55
13.31,55
13.311,55
13.3119,55
13.3128,55
13.3138,55
13.3147,55
13.3157,55
13.3166,55
13.3176,55
13.3185,55
13.3194,55
13.3204,55
13.3213,55
13.3223,55
13.3232,55
13.3242,55
13.3251,55
13.3261,55
13.327,55
13.3279,55
13.3289,55
13.3298,55
13.3308,55
13.3317,55
13.3327,55
13.3336,55
13.3346,55
13.3355,55
13.3364,55
13.3374,55
13.3383,55
13.3393,55
13.3402,55
13.3412,55
13.3421,55
13.343,55
13.344,55
13.3449,55
13.3459,55
13.3468,55
13.3478,55
13.3487,55
13.3497,55
13.3506,55
13.3515,55
13.3525,55
13.3534,55
13.3544,55
13.3553,55
13.3563,55
13.3572,55
13.3582,55
13.3591,55
13.36,55
13.361,55
13.3619,55
13.3629,55
13.3638,55
13.3648,55
13.3657,55
13.3666,55
13.3676,55
13.3685,55
13.3695,55
13.3704,55
13.3714,55
13.3723,55
13.3733,55
13.3742,55
13.3751,55
13.3761,55
13.377,55
13.378,55
13.3789,55
13.3799,55
13.3808,55
13.3818,55
13.3827,55
13.3836,55
13.3846,55
13.3855,55
13.3865,55
13.3874,55
13.3884,55
13.3893,55
13.3902,55
13.3912,55
13.3921,55
13.3931,55
13.394,55
13.395,55
13.3959,55
13.3969,55
13.3978,55
13.3987,55
13.3997,55
13.4006,55
13.4016,55
13.4025,55
13.4035,55
13.4044,55
13.4054,55
13.4063,55
13.4072,55
13.4082,55
13.4091,55
13.4101,55
13.411,55
13.412,55
13.4129,55
13.4138,55
13.4148,55
13.4157,55
13.4167,55
13.4176,55
13.4186,55
13.4195,55
13.4205,55
13.4214,55
13.4223,55
13.4233,55
13.4242,55
13.4252,55
13.4261,55
13.4271,55
13.428,55
13.429,55
13.4299,55
13.4308,55
13.4318,55
13.4327,55
13.4337,55
13.4346,55
13.4356,55
13.4365,55
13.4374,55
13.4384,55
13.4393,55
13.4403,55
13.4412,55
13.4422,55
13.4431,55
13.4441,55
13.445,55
13.4459,55
13.4469,55
13.4478,55
13.4488,55
13.4497,55
13.4507,55
13.4516,55
13.4526,55
13.4535,55
13.4544,55
13.4554,55
13.4563,55
13.4573,55
13.4582,55
13.4592,55
13.4601,55
13.461,55
13.462,55
13.4629,55
13.4639,55
13.4648,55
13.4658,55
13.4667,55
13.4677,55
13.4686,55
13.4695,55
13.4705,55
13.4714,55
13.4724,55
13.4733,55
13.4743,55
13.4752,55
13.4762,55
13.4771,55
13.478,55
13.479,55
13.4799,55
13.4809,55
13.4818,55
13.4828,55
13.4837,55
13.4846,55
13.4856,55
13.4865,55
13.4875,55
13.4884,55
13.4894,55
13.4903,55
13.4913,55
13.4922,55
13.4931,55
13.4941,55
13.495,55
13.496,55
13.4969,55
13.4979,55
13.4988,55
13.4998,55
13.5007,55
13.5016,55
13.5026,55
13.5035,55
13.5045,55
13.5054,55
13.5064,55
13.5073,55
13.5082,55
13.5092,55
13.5101,55
13.5111,55
13.512,55
13.513,55
13.5139,55
13.5149,55
13.5158,55
13.5167,55
13.5177,55
13.5186,55
13.5196,55
13.5205,55
13.5215,55
13.5224,55
13.5234,55
13.5243,55
13.5252,55
13.5262,55
13.5271,55
13.5281,55
13.529,55
13.53,55
13.5309,55
13.5318,55
13.5328,55
13.5337,55
13.5347,55
13.5356,55
13.5366,55
13.5375,55
13.5385,55
13.5394,55
13.5403,55
13.5413,55
13.5422,55
13.5432,55
13.5441,55
13.5451,55
13.546,55
13.547,55
13.5479,55
13.5488,55
13.5498,55
13.5507,55
13.5517,55
13.5526,55
13.5536,55
13.5545,55
13.5554,55
13.5564,55
13.5573,55
13.5583,55
13.5592,55
13.5602,55
13.5611,55
13.5621,55
13.563,55
13.5639,55
13.5649,55
13.5658,55
13.5668,55
13.5677,55
13.5687,55
13.5696,55
13.5706,55
13.5715,55
13.5724,55
13.5734,55
13.5743,56
13.5753,56
13.5762,56
13.5772,56
13.5781,56
13.579,56
13.58,56
13.5809,56
13.5819,56
13.5828,56
13.5838,56
13.5847,56
13.5857,56
13.5866,56
13.5875,56
13.5885,56
13.5894,56
13.5904,56
13.5913,56
13.5923,56
13.5932,56
13.5942,56
13.5951,56
13.596,56
13.597,56
13.5979,56
13.5989,56
13.5998,56
13.6008,56
13.6017,56
13.6026,56
13.6036,56
13.6045,56
13.6055,56
13.6064,56
13.6074,56
13.6083,56
13.6093,56
13.6102,56
13.6111,56
13.6121,56
13.613,56
13.614,56
13.6149,56
13.6159,56
13.6168,56
13.6178,56
13.6187,56
13.6196,56
13.6206,56
13.6215,56
13.6225,56
13.6234,56
13.6244,56
13.6253,56
13.6262,56
13.6272,56
13.6281,56
13.6291,56
13.63,56
13.631,56
13.6319,56
13.6329,56
13.6338,56
13.6347,56
13.6357,56
13.6366,56
13.6376,56
13.6385,56
13.6395,56
13.6404,56
13.6414,56
13.6423,56
13.6432,56
13.6442,56
13.6451,56
13.6461,56
13.647,56
13.648,56
13.6489,56
13.6498,56
13.6508,56
13.6517,56
13.6527,56
13.6536,56
13.6546,56
13.6555,56
13.6565,56
13.6574,56
13.6583,56
13.6593,56
13.6602,56
13.6612,56
13.6621,56
13.6631,56
13.664,56
13.665,56
13.6659,56
13.6668,56
13.6678,56
13.6687,56
13.6697,56
13.6706,56
13.6716,56
13.6725,56
13.6734,56
13.6744,56
13.6753,56
13.6763,56
13.6772,56
13.6782,56
13.6791,56
13.6801,56
13.681,56
13.6819,56
13.6829,56
13.6838,56
13.6848,56
13.6857,56
13.6867,56
13.6876,56
13.6886,56
13.6895,56
13.6904,56
13.6914,56
13.6923,56
13.6933,56
13.6942,56
13.6952,56
13.6961,56
13.697,56
13.698,56
13.6989,56
13.6999,56
13.7008,56
13.7018,56
13.7027,56
13.7037,56
13.7046,56
13.7055,56
13.7065,56
13.7074,56
13.7084,56
13.7093,56
13.7103,56
13.7112,56
13.7122,56
13.7131,56
13.714,56
13.715,56
13.7159,56
13.7169,56
13.7178,56
13.7188,56
13.7197,56
13.7206,56
13.7216,56
13.7225,56
13.7235,56
13.7244,56
13.7254,56
13.7263,56
13.7273,56
13.7282,56
13.7291,56
13.7301,56
13.731,56
13.732,56
13.7329,56
13.7339,56
13.7348,56
13.7358,56
13.7367,56
13.7376,56
13.7386,56
13.7395,56
13.7405,56
13.7414,56
13.7424,56
13.7433,56
13.7442,56
13.7452,56
13.7461,56
13.7471,56
13.748,56
13.749,56
13.7499,56
13.7509,56
13.7518,56
13.7527,56
13.7537,56
13.7546,56
13.7556,56
13.7565,56
13.7575,56
13.7584,56
13.7594,56
13.7603,56
13.7612,56
13.7622,56
13.7631,56
13.7641,56
13.765,56
13.766,56
13.7669,56
13.7678,56
13.7688,56
13.7697,56
13.7707,56
13.7716,56
13.7726,56
13.7735,56
13.7745,56
13.7754,56
13.7763,56
13.7773,56
13.7782,56
13.7792,56
13.7801,56
13.7811,56
13.782,56
13.783,56
13.7839,56
13.7848,56
13.7858,56
13.7867,56
13.7877,56
13.7886,56
13.7896,56
13.7905,56
13.7914,56
13.7924,56
13.7933,56
13.7943,56
13.7952,56
13.7962,56
13.7971,56
13.7981,56
13.799,56
13.7999,56
13.8009,56
13.8018,56
13.8028,56
13.8037,56
13.8047,56
13.8056,56
13.8066,56
13.8075,56
13.8084,56
13.8094,56
13.8103,56
13.8113,56
13.8122,56
13.8132,56
13.8141,56
13.815,56
13.816,56
13.8169,56
13.8179,56
13.8188,56
13.8198,56
13.8207,56
13.8217,56
13.8226,56
13.8235,56
13.8245,56
13.8254,56
13.8264,56
13.8273,56
13.8283,56
13.8292,56
13.8302,56
13.8311,56
13.832,56
13.833,56
13.8339,56
13.8349,56
13.8358,56
13.8368,56
13.8377,56
13.8386,56
13.8396,56
13.8405,56
13.8415,56
13.8424,56
13.8434,56
13.8443,56
13.8453,56
13.8462,56
13.8471,56
13.8481,56
13.849,56
13.85,56
13.8509,56
13.8519,56
13.8528,56
13.8538,56
13.8547,56
13.8556,56
13.8566,56
13.8575,56
13.8585,56
13.8594,56
13.8604,56
13.8613,56
13.8622,56
13.8632,56
13.8641,56
13.8651,56
13.866,56
13.867,56
13.8679,56
13.8689,56
13.8698,56
13.8707,56
13.8717,56
13.8726,56
13.8736,56
13.8745,56
13.8755,56
13.8764,56
13.8774,56
13.8783,56
13.8792,56
13.8802,56
13.8811,56
13.8821,56
13.883,56
13.884,56
13.8849,56
13.8858,56
13.8868,56
13.8877,56
13.8887,56
13.8896,56
13.8906,56
13.8915,56
13.8925,56
13.8934,56
13.8943,56
13.8953,56
13.8962,56
13.8972,56
13.8981,56
13.8991,56
13.9,56
13.901,56
13.9019,56
13.9028,56
13.9038,56
13.9047,56
13.9057,56
13.9066,56
13.9076,56
13.9085,56
13.9094,56
13.9104,56
13.9113,56
13.9123,56
13.9132,56
13.9142,56
13.9151,56
13.9161,56
13.917,56
13.9179,56
13.9189,56
13.9198,56
13.9208,56
13.9217,56
13.9227,56
13.9236,56
13.9246,56
13.9255,56
13.9264,56
13.9274,56
13.9283,56
13.9293,56
13.9302,56
13.9312,56
13.9321,56
13.933,56
13.934,56
13.9349,56
13.9359,56
13.9368,56
13.9378,56
13.9387,56
13.9397,56
13.9406,56
13.9415,56
13.9425,56
13.9434,56
13.9444,56
13.9453,56
13.9463,56
13.9472,56
13.9482,56
13.9491,56
13.95,56
13.951,56
13.9519,56
13.9529,56
13.9538,56
13.9548,56
13.9557,56
13.9566,56
13.9576,56
13.9585,56
13.9595,56
13.9604,56
13.9614,56
13.9623,56
13.9633,56
13.9642,56
13.9651,56
13.9661,56
13.967,56
13.968,56
13.9689,56
13.9699,56
13.9708,56
13.9718,56
13.9727,56
13.9736,56
13.9746,56
13.9755,56
13.9765,56
13.9774,56
13.9784,56
13.9793,56
13.9802,56
13.9812,56
13.9821,56
13.9831,56
13.984,56
13.985,56
13.9859,56
13.9869,56
13.9878,56
13.9887,56
13.9897,56
13.9906,56
13.9916,56
13.9925,56
13.9935,56
13.9944,56
13.9954,56
13.9963,56
13.9972,56
13.9982,56
13.9991,56
14.0001,56
14.001,56
14.002,56
14.0029,56
14.0038,56
14.0048,56
14.0057,56
14.0067,56
14.0076,56
14.0086,56
14.0095,56
14.0105,56
14.0114,56
14.0123,56
14.0133,56
14.0142,56
14.0152,56
14.0161,56
14.0171,56
14.018,57
14.019,57
14.0199,57
14.0208,57
14.0218,57
14.0227,57
14.0237,57
14.0246,57
14.0256,57
14.0265,57
14.0274,57
14.0284,57
14.0293,57
14.0303,57
14.0312,57
14.0322,57
14.0331,57
14.0341,57
14.035,57
14.0359,57
14.0369,57
14.0378,57
14.0388,57
14.0397,57
14.0407,57
14.0416,57
14.0426,57
14.0435,57
14.0444,57
14.0454,57
14.0463,57
14.0473,57
14.0482,57
14.0492,57
14.0501,57
14.051,57
14.052,57
14.0529,57
14.0539,57
14.0548,57
14.0558,57
14.0567,57
14.0577,57
14.0586,57
14.0595,57
14.0605,57
14.0614,57
14.0624,57
14.0633,57
14.0643,57
14.0652,57
14.0662,57
14.0671,57
14.068,57
14.069,57
14.0699,57
14.0709,57
14.0718,57
14.0728,57
14.0737,57
14.0746,57
14.0756,57
14.0765,57
14.0775,57
14.0784,57
14.0794,57
14.0803,57
14.0813,57
14.0822,57
14.0831,57
14.0841,57
14.085,57
14.086,57
14.0869,57
14.0879,57
14.0888,57
14.0898,57
14.0907,57
14.0916,57
14.0926,57
14.0935,57
14.0945,57
14.0954,57
14.0964,57
14.0973,57
14.0982,57
14.0992,57
14.1001,57
14.1011,57
14.102,57
14.103,57
14.1039,57
14.1049,57
14.1058,57
14.1067,57
14.1077,57
14.1086,57
14.1096,57
14.1105,57
14.1115,57
14.1124,57
14.1134,57
14.1143,57
14.1152,57
14.1162,57
14.1171,57
14.1181,57
14.119,57
14.12,57
14.1209,57
14.1218,57
14.1228,57
14.1237,57
14.1247,57
14.1256,57
14.1266,57
14.1275,57
14.1285,57
14.1294,57
14.1303,57
14.1313,57
14.1322,57
14.1332,57
14.1341,57
14.1351,57
14.136,57
14.137,57
14.1379,57
14.1388,57
14.1398,57
14.1407,57
14.1417,57
14.1426,57
14.1436,57
14.1445,57
14.1454,57
14.1464,57
14.1473,57
14.1483,57
14.1492,57
14.1502,57
14.1511,57
14.1521,57
14.153,57
14.1539,57
14.1549,57
14.1558,57
14.1568,57
14.1577,57
14.1587,57
14.1596,57
14.1606,57
14.1615,57
14.1624,57
14.1634,57
14.1643,57
14.1653,57
14.1662,57
14.1672,57
14.1681,57
14.169,57
14.17,57
14.1709,57
14.1719,57
14.1728,57
14.1738,57
14.1747,57
14.1757,57
14.1766,57
14.1775,57
14.1785,57
14.1794,57
14.1804,57
14.1813,57
14.1823,57
14.1832,57
14.1842,57
14.1851,57
14.186,57
14.187,57
14.1879,57
14.1889,57
14.1898,57
14.1908,57
14.1917,57
14.1926,57
14.1936,57
14.1945,57
14.1955,57
14.1964,57
14.1974,57
14.1983,57
14.1993,57
14.2002,57
14.2011,57
14.2021,57
14.203,57
14.204,57
14.2049,57
14.2059,57
14.2068,57
14.2078,57
14.2087,57
14.2096,57
14.2106,57
14.2115,57
14.2125,57
14.2134,57
14.2144,57
14.2153,57
14.2162,57
14.2172,57
14.2181,57
14.2191,57
14.22,57
14.221,57
14.2219,57
14.2229,57
14.2238,57
14.2247,57
14.2257,57
14.2266,57
14.2276,57
14.2285,57
14.2295,57
14.2304,57
14.2314,57
14.2323,57
14.2332,57
14.2342,57
14.2351,57
14.2361,57
14.237,57
14.238,57
14.2389,57
14.2398,57
14.2408,57
14.2417,57
14.2427,57
14.2436,57
14.2446,57
14.2455,57
14.2465,57
14.2474,57
14.2483,57
14.2493,57
14.2502,57
14.2512,57
14.2521,57
14.2531,57
14.254,57
14.255,57
14.2559,57
14.2568,57
14.2578,57
14.2587,57
14.2597,57
14.2606,57
14.2616,57
14.2625,57
14.2634,57
14.2644,57
14.2653,57
14.2663,57
14.2672,57
14.2682,57
14.2691,57
14.2701,57
14.271,57
14.2719,57
14.2729,57
14.2738,57
14.2748,57
14.2757,57
14.2767,57
14.2776,57
14.2786,57
14.2795,57
14.2804,57
14.2814,57
14.2823,57
14.2833,57
14.2842,57
14.2852,57
14.2861,57
14.287,57
14.288,57
14.2889,57
14.2899,57
14.2908,57
14.2918,57
14.2927,57
14.2937,57
14.2946,57
14.2955,57
14.2965,58
14.2974,58
14.2984,58
14.2993,58
14.3003,58
14.3012,58
14.3022,58
14.3031,58
14.304,58
14.305,58
14.3059,58
14.3069,58
14.3078,58
14.3088,58
14.3097,58
14.3106,58
14.3116,58
14.3125,58
14.3135,58
14.3144,58
14.3154,58
14.3163,58
14.3173,58
14.3182,58
14.3191,58
14.3201,58
14.321,58
14.322,58
14.3229,58
14.3239,58
14.3248,58
14.3258,58
14.3267,58
14.3276,58
14.3286,58
14.3295,58
14.3305,58
14.3314,58
14.3324,58
14.3333,58
14.3342,58
14.3352,58
14.3361,58
14.3371,58
14.338,58
14.339,58
14.3399,58
14.3409,58
14.3418,58
14.3427,58
14.3437,58
14.3446,58
14.3456,58
14.3465,58
14.3475,58
14.3484,58
14.3494,58
14.3503,58
14.3512,58
14.3522,58
14.3531,58
14.3541,58
14.355,58
14.356,58
14.3569,58
14.3578,58
14.3588,58
14.3597,58
14.3607,58
14.3616,58
14.3626,58
14.3635,58
14.3645,58
14.3654,58
14.3663,58
14.3673,58
14.3682,58
14.3692,58
14.3701,58
14.3711,58
14.372,58
14.373,58
14.3739,58
14.3748,58
14.3758,58
14.3767,58
14.3777,58
14.3786,58
14.3796,58
14.3805,58
14.3814,58
14.3824,58
14.3833,58
14.3843,58
14.3852,58
14.3862,58
14.3871,58
14.3881,58
14.389,58
14.3899,58
14.3909,58
14.3918,58
14.3928,58
14.3937,58
14.3947,58
14.3956,58
14.3966,58
14.3975,58
14.3984,58
14.3994,58
14.4003,58
14.4013,58
14.4022,58
14.4032,58
14.4041,58
14.405,58
14.406,58
14.4069,58
14.4079,58
14.4088,58
14.4098,58
14.4107,58
14.4117,58
14.4126,58
14.4135,58
14.4145,58
14.4154,58
14.4164,58
14.4173,58
14.4183,58
14.4192,58
14.4202,58
14.4211,58
14.422,58
14.423,58
14.4239,58
14.4249,58
14.4258,58
14.4268,58
14.4277,58
14.4286,58
14.4296,58
14.4305,58
14.4315,58
14.4324,58
14.4334,58
14.4343,58
14.4353,58
14.4362,58
14.4371,58
14.4381,58
14.439,58
14.44,58
14.4409,58
14.4419,58
14.4428,58
14.4438,58
14.4447,58
14.4456,58
14.4466,58
14.4475,58
14.4485,58
14.4494,58
14.4504,58
14.4513,58
14.4522,58
14.4532,58
14.4541,58
14.4551,58
14.456,58
14.457,58
14.4579,58
14.4589,58
14.4598,58
14.4607,58
14.4617,58
14.4626,58
14.4636,58
14.4645,58
14.4655,58
14.4664,58
14.4674,58
14.4683,58
14.4692,58
14.4702,58
14.4711,58
14.4721,58
14.473,58
14.474,58
14.4749,58
14.4758,58
14.4768,58
14.4777,58
14.4787,58
14.4796,58
14.4806,58
14.4815,58
14.4825,58
14.4834,58
14.4843,58
14.4853,58
14.4862,58
14.4872,58
14.4881,58
14.4891,58
14.49,58
14.491,58
14.4919,58
14.4928,58
14.4938,58
14.4947,58
14.4957,58
14.4966,58
14.4976,58
14.4985,58
14.4994,58
14.5004,58
14.5013,58
14.5023,58
14.5032,58
14.5042,58
14.5051,58
14.5061,58
14.507,59
14.5079,59
14.5089,59
14.5098,59
14.5108,59
14.5117,59
14.5127,59
14.5136,59
14.5146,59
14.5155,59
14.5164,59
14.5174,59
14.5183,59
14.5193,59
14.5202,59
14.5212,59
14.5221,59
14.523,59
14.524,59
14.5249,59
14.5259,59
14.5268,59
14.5278,59
14.5287,59
14.5297,59
14.5306,59
14.5315,59
14.5325,59
14.5334,59
14.5344,59
14.5353,59
14.5363,59
14.5372,59
14.5382,59
14.5391,59
14.54,59
14.541,59
14.5419,59
14.5429,59
14.5438,59
14.5448,59
14.5457,59
14.5466,59
14.5476,59
14.5485,59
14.5495,59
14.5504,59
14.5514,59
14.5523,59
14.5533,59
14.5542,59
14.5551,59
14.5561,59
14.557,59
14.558,59
14.5589,59
14.5599,59
14.5608,59
14.5618,59
14.5627,59
14.5636,59
14.5646,59
14.5655,59
14.5665,59
14.5674,59
14.5684,59
14.5693,59
14.5702,59
14.5712,59
14.5721,59
14.5731,59
14.574,59
14.575,59
14.5759,59
14.5769,59
14.5778,59
14.5787,59
14.5797,59
14.5806,59
14.5816,59
14.5825,59
14.5835,59
14.5844,59
14.5854,59
14.5863,59
14.5872,59
14.5882,59
14.5891,59
14.5901,59
14.591,59
14.592,59
14.5929,59
14.5938,59
14.5948,59
14.5957,59
14.5967,59
14.5976,59
14.5986,59
14.5995,59
14.6005,59
14.6014,59
14.6023,59
14.6033,59
14.6042,59
14.6052,59
14.6061,59
14.6071,59
14.608,59
14.609,59
14.6099,59
14.6108,59
14.6118,59
14.6127,59
14.6137,59
14.6146,59
14.6156,59
14.6165,59
14.6174,59
14.6184,59
14.6193,59
14.6203,59
14.6212,59
14.6222,59
14.6231,59
14.6241,59
14.625,59
14.6259,59
14.6269,59
14.6278,59
14.6288,59
14.6297,59
14.6307,59
14.6316,59
14.6326,59
14.6335,59
14.6344,59
14.6354,59
14.6363,59
14.6373,59
14.6382,59
14.6392,59
14.6401,59
14.641,59
14.642,59
14.6429,59
14.6439,59
14.6448,59
14.6458,59
14.6467,59
14.6477,59
14.6486,59
14.6495,59
14.6505,59
14.6514,59
14.6524,59
14.6533,59
14.6543,59
14.6552,59
14.6562,59
14.6571,59
14.658,59
14.659,59
14.6599,59
14.6609,59
14.6618,59
14.6628,59
14.6637,59
14.6646,59
14.6656,59
14.6665,59
14.6675,59
14.6684,59
14.6694,59
14.6703,59
14.6713,59
14.6722,59
14.6731,59
14.6741,59
14.675,59
14.676,59
14.6769,59
14.6779,59
14.6788,59
14.6798,59
14.6807,59
14.6816,59
14.6826,59
14.6835,59
14.6845,59
14.6854,59
14.6864,59
14.6873,59
14.6882,59
14.6892,59
14.6901,59
14.6911,59
14.692,59
14.693,59
14.6939,59
14.6949,59
14.6958,59
14.6967,59
14.6977,59
14.6986,59
14.6996,59
14.7005,59
14.7015,59
14.7024,59
14.7034,59
14.7043,59
14.7052,59
14.7062,59
14.7071,59
14.7081,59
14.709,59
14.71,59
14.7109,59
14.7118,59
14.7128,59
14.7137,59
14.7147,59
14.7156,59
14.7166,59
14.7175,59
14.7185,59
14.7194,59
14.7203,59
14.7213,59
14.7222,59
14.7232,59
14.7241,59
14.7251,59
14.726,59
14.727,59
14.7279,59
14.7288,59
14.7298,59
14.7307,59
14.7317,59
14.7326,59
14.7336,59
14.7345,59
14.7354,59
14.7364,60
14.7373,60
14.7383,60
14.7392,60
14.7402,60
14.7411,60
14.7421,60
14.743,60
14.7439,60
14.7449,60
14.7458,60
14.7468,60
14.7477,60
14.7487,60
14.7496,60
14.7506,60
14.7515,60
14.7524,60
14.7534,60
14.7543,60
14.7553,60
14.7562,60
14.7572,60
14.7581,60
14.759,60
14.76,60
14.7609,60
14.7619,60
14.7628,60
14.7638,60
14.7647,60
14.7657,60
14.7666,60
14.7675,60
14.7685,60
14.7694,60
14.7704,60
14.7713,60
14.7723,60
14.7732,60
14.7742,60
14.7751,60
14.776,60
14.777,60
14.7779,60
14.7789,60
14.7798,60
14.7808,60
14.7817,60
14.7826,60
14.7836,60
14.7845,60
14.7855,60
14.7864,60
14.7874,60
14.7883,60
14.7893,60
14.7902,60
14.7911,60
14.7921,60
14.793,60
14.794,60
14.7949,60
14.7959,60
14.7968,60
14.7978,60
14.7987,60
14.7996,60
14.8006,60
14.8015,60
14.8025,60
14.8034,60
14.8044,60
14.8053,60
14.8062,60
14.8072,60
14.8081,60
14.8091,60
14.81,60
14.811,60
14.8119,60
14.8129,60
14.8138,60
14.8147,60
14.8157,60
14.8166,60
14.8176,60
14.8185,60
14.8195,60
14.8204,60
14.8214,60
14.8223,60
14.8232,60
14.8242,60
14.8251,60
14.8261,60
14.827,60
14.828,60
14.8289,60
14.8298,60
14.8308,60
14.8317,60
14.8327,60
14.8336,60
14.8346,60
14.8355,60
14.8365,60
14.8374,60
14.8383,60
14.8393,60
14.8402,60
14.8412,60
14.8421,60
14.8431,60
14.844,60
14.845,60
14.8459,60
14.8468,60
14.8478,60
14.8487,60
14.8497,60
14.8506,60
14.8516,60
14.8525,60
14.8534,60
14.8544,60
14.8553,60
14.8563,60
14.8572,60
14.8582,60
14.8591,60
14.8601,60
14.861,60
14.8619,60
14.8629,60
14.8638,60
14.8648,60
14.8657,60
14.8667,60
14.8676,60
14.8686,60
14.8695,60
14.8704,60
14.8714,60
14.8723,60
14.8733,60
14.8742,60
14.8752,60
14.8761,60
14.877,60
14.878,60
14.8789,60
14.8799,60
14.8808,60
14.8818,60
14.8827,60
14.8837,60
14.8846,60
14.8855,60
14.8865,60
14.8874,60
14.8884,60
14.8893,60
14.8903,60
14.8912,60
14.8922,60
14.8931,60
14.894,60
14.895,60
14.8959,60
14.8969,60
14.8978,60
14.8988,60
14.8997,60
14.9006,60
14.9016,60
14.9025,60
14.9035,60
14.9044,60
14.9054,60
14.9063,60
14.9073,60
14.9082,60
14.9091,60
14.9101,60
14.911,60
14.912,60
14.9129,60
14.9139,60
14.9148,60
14.9158,60
14.9167,60
14.9176,60
14.9186,60
14.9195,60
14.9205,60
14.9214,60
14.9224,60
14.9233,60
14.9242,60
14.9252,60
14.9261,60
14.9271,60
14.928,60
14.929,60
14.9299,60
14.9309,60
14.9318,60
14.9327,60
14.9337,60
14.9346,60
14.9356,60
14.9365,60
14.9375,60
14.9384,60
14.9394,60
14.9403,60
14.9412,60
14.9422,60
14.9431,60
14.9441,60
14.945,60
14.946,60
14.9469,60
14.9478,60
14.9488,60
14.9497,60
14.9507,60
14.9516,60
14.9526,60
14.9535,60
14.9545,60
14.9554,60
14.9563,60
14.9573,60
14.9582,60
14.9592,60
14.9601,61
14.9611,61
14.962,61
14.963,61
14.9639,61
14.9648,61
14.9658,61
14.9667,61
14.9677,61
14.9686,61
14.9696,61
14.9705,61
14.9714,61
14.9724,61
14.9733,61
14.9743,61
14.9752,61
14.9762,61
14.9771,61
14.9781,61
14.979,61
14.9799,61
14.9809,61
14.9818,61
14.9828,61
14.9837,61
14.9847,61
14.9856,61
14.9866,61
14.9875,61
14.9884,61
14.9894,61
14.9903,61
14.9913,61
14.9922,61
14.9932,61
14.9941,61
14.995,61
14.996,61
14.9969,61
14.9979,61
14.9988,61
14.9998,61
15.0007,61
15.0017,61
15.0026,61
15.0035,61
15.0045,61
15.0054,61
15.0064,61
15.0073,61
15.0083,61
15.0092,61
15.0102,61
15.0111,61
15.012,61
15.013,61
15.0139,61
15.0149,61
15.0158,61
15.0168,61
15.0177,61
15.0186,61
15.0196,61
15.0205,61
15.0215,61
15.0224,61
15.0234,61
15.0243,61
15.0253,61
15.0262,61
15.0271,61
15.0281,61
15.029,61
15.03,61
15.0309,61
15.0319,61
15.0328,61
15.0338,61
15.0347,61
15.0356,61
15.0366,61
15.0375,61
15.0385,61
15.0394,61
15.0404,61
15.0413,61
15.0422,61
15.0432,61
15.0441,61
15.0451,61
15.046,61
15.047,61
15.0479,61
15.0489,61
15.0498,61
15.0507,61
15.0517,61
15.0526,61
15.0536,61
15.0545,61
15.0555,61
15.0564,61
15.0574,61
15.0583,61
15.0592,61
15.0602,61
15.0611,61
15.0621,61
15.063,61
15.064,61
15.0649,61
15.0658,61
15.0668,61
15.0677,61
15.0687,61
15.0696,61
15.0706,61
15.0715,61
15.0725,61
15.0734,61
15.0743,61
15.0753,61
15.0762,61
15.0772,61
15.0781,61
15.0791,61
15.08,61
15.081,61
15.0819,61
15.0828,61
15.0838,61
15.0847,61
15.0857,61
15.0866,61
15.0876,61
15.0885,61
15.0894,61
15.0904,61
15.0913,61
15.0923,61
15.0932,61
15.0942,61
15.0951,61
15.0961,61
15.097,61
15.0979,61
15.0989,61
15.0998,61
15.1008,61
15.1017,61
15.1027,61
15.1036,61
15.1046,61
15.1055,61
15.1064,61
15.1074,61
15.1083,61
15.1093,61
15.1102,61
15.1112,61
15.1121,61
15.113,61
15.114,61
15.1149,61
15.1159,61
15.1168,61
15.1178,61
15.1187,61
15.1197,61
15.1206,61
15.1215,61
15.1225,61
15.1234,61
15.1244,61
15.1253,61
15.1263,61
15.1272,61
15.1282,61
15.1291,61
15.13,61
15.131,61
15.1319,61
15.1329,61
15.1338,61
15.1348,61
15.1357,61
15.1366,61
15.1376,61
15.1385,61
15.1395,61
15.1404,61
15.1414,61
15.1423,61
15.1433,61
15.1442,61
15.1451,61
15.1461,61
15.147,61
15.148,61
15.1489,61
15.1499,61
15.1508,61
15.1518,61
15.1527,61
15.1536,61
15.1546,61
15.1555,61
15.1565,61
15.1574,61
15.1584,61
15.1593,61
15.1602,61
15.1612,61
15.1621,61
15.1631,61
15.164,61
15.165,61
15.1659,61
15.1669,61
15.1678,61
15.1687,61
15.1697,61
15.1706,61
15.1716,61
15.1725,61
15.1735,61
15.1744,61
15.1754,61
15.1763,61
15.1772,61
15.1782,61
15.1791,61
15.1801,61
15.181,61
15.182,61
15.1829,61
15.1838,61
15.1848,61
15.1857,61
15.1867,61
15.1876,61
15.1886,61
15.1895,61
15.1905,61
15.1914,61
15.1923,61
15.1933,61
15.1942,62
15.1952,62
15.1961,62
15.1971,62
15.198,62
15.199,62
15.1999,62
15.2008,62
15.2018,62
15.2027,62
15.2037,62
15.2046,62
15.2056,62
15.2065,62
15.2074,62
15.2084,62
15.2093,62
15.2103,62
15.2112,62
15.2122,62
15.2131,62
15.2141,62
15.215,62
15.2159,62
15.2169,62
15.2178,62
15.2188,62
15.2197,62
15.2207,62
15.2216,62
15.2226,62
15.2235,62
15.2244,62
15.2254,62
15.2263,62
15.2273,62
15.2282,62
15.2292,62
15.2301,62
15.231,62
15.232,62
15.2329,62
15.2339,62
15.2348,62
15.2358,62
15.2367,62
15.2377,62
15.2386,62
15.2395,62
15.2405,62
15.2414,62
15.2424,62
15.2433,62
15.2443,62
15.2452,62
15.2462,62
15.2471,62
15.248,62
15.249,62
15.2499,62
15.2509,62
15.2518,62
15.2528,62
15.2537,62
15.2546,62
15.2556,62
15.2565,62
15.2575,62
15.2584,62
15.2594,62
15.2603,62
15.2613,62
15.2622,62
15.2631,62
15.2641,62
15.265,62
15.266,62
15.2669,62
15.2679,62
15.2688,62
15.2698,62
15.2707,62
15.2716,62
15.2726,62
15.2735,62
15.2745,62
15.2754,62
15.2764,62
15.2773,62
15.2782,62
15.2792,62
15.2801,62
15.2811,62
15.282,62
15.283,62
15.2839,62
15.2849,62
15.2858,62
15.2867,62
15.2877,62
15.2886,62
15.2896,62
15.2905,62
15.2915,62
15.2924,62
15.2934,62
15.2943,62
15.2952,62
15.2962,62
15.2971,62
15.2981,62
15.299,62
15.3,62
15.3009,62
15.3018,62
15.3028,62
15.3037,62
15.3047,62
15.3056,62
15.3066,62
15.3075,62
15.3085,62
15.3094,62
15.3103,62
15.3113,62
15.3122,62
15.3132,62
15.3141,62
15.3151,62
15.316,62
15.317,62
15.3179,62
15.3188,62
15.3198,62
15.3207,62
15.3217,62
15.3226,62
15.3236,62
15.3245,62
15.3254,62
15.3264,62
15.3273,62
15.3283,62
15.3292,62
15.3302,62
15.3311,62
15.3321,62
15.333,62
15.3339,62
15.3349,62
15.3358,62
15.3368,62
15.3377,62
15.3387,62
15.3396,62
15.3406,62
15.3415,62
15.3424,62
15.3434,62
15.3443,62
15.3453,62
15.3462,62
15.3472,62
15.3481,62
15.349,62
15.35,62
15.3509,62
15.3519,62
15.3528,62
15.3538,62
15.3547,62
15.3557,62
15.3566,62
15.3575,62
15.3585,62
15.3594,62
15.3604,62
15.3613,62
15.3623,62
15.3632,62
15.3642,62
15.3651,62
15.366,62
15.367,62
15.3679,62
15.3689,62
15.3698,62
15.3708,62
15.3717,62
15.3726,62
15.3736,62
15.3745,62
15.3755,62
15.3764,62
15.3774,62
15.3783,62
15.3793,62
15.3802,62
15.3811,62
15.3821,62
15.383,62
15.384,62
15.3849,62
15.3859,62
15.3868,62
15.3878,62
15.3887,62
15.3896,62
15.3906,62
15.3915,62
15.3925,62
15.3934,62
15.3944,62
15.3953,62
15.3962,62
15.3972,62
15.3981,62
15.3991,62
15.4,62
15.401,62
15.4019,62
15.4029,62
15.4038,62
15.4047,62
15.4057,62
15.4066,62
15.4076,62
15.4085,62
15.4095,62
15.4104,62
15.4114,62
15.4123,62
15.4132,62
15.4142,62
15.4151,62
15.4161,62
15.417,62
15.418,62
15.4189,62
15.4198,62
15.4208,62
15.4217,62
15.4227,62
15.4236,62
15.4246,62
15.4255,62
15.4265,62
15.4274,62
15.4283,62
15.4293,62
15.4302,63
15.4312,63
15.4321,63
15.4331,63
15.434,63
15.435,63
15.4359,63
15.4368,63
15.4378,63
15.4387,63
15.4397,63
15.4406,63
15.4416,63
15.4425,63
15.4434,63
15.4444,63
15.4453,63
15.4463,63
15.4472,63
15.4482,63
15.4491,63
15.4501,63
15.451,63
15.4519,63
15.4529,63
15.4538,63
15.4548,63
15.4557,63
15.4567,63
15.4576,63
15.4586,63
15.4595,63
15.4604,63
15.4614,63
15.4623,63
15.4633,63
15.4642,63
15.4652,63
15.4661,63
15.467,63
15.468,63
15.4689,63
15.4699,63
15.4708,63
15.4718,63
15.4727,63
15.4737,63
15.4746,63
15.4755,63
15.4765,63
15.4774,63
15.4784,63
15.4793,63
15.4803,63
15.4812,63
15.4822,63
15.4831,63
15.484,63
15.485,63
15.4859,63
15.4869,63
15.4878,63
15.4888,63
15.4897,63
15.4906,63
15.4916,63
15.4925,63
15.4935,63
15.4944,63
15.4954,63
15.4963,63
15.4973,63
15.4982,63
15.4991,63
15.5001,63
15.501,63
15.502,63
15.5029,63
15.5039,63
15.5048,63
15.5058,63
15.5067,63
15.5076,63
15.5086,63
15.5095,63
15.5105,63
15.5114,63
15.5124,63
15.5133,63
15.5142,63
15.5152,63
15.5161,63
15.5171,63
15.518,63
15.519,63
15.5199,63
15.5209,63
15.5218,63
15.5227,63
15.5237,63
15.5246,63
15.5256,63
15.5265,63
15.5275,63
15.5284,63
15.5294,63
15.5303,63
15.5312,63
15.5322,63
15.5331,63
15.5341,63
15.535,63
15.536,63
15.5369,63
15.5378,63
15.5388,63
15.5397,63
15.5407,63
15.5416,63
15.5426,63
15.5435,63
15.5445,63
15.5454,63
15.5463,63
15.5473,63
15.5482,63
15.5492,63
15.5501,63
15.5511,63
15.552,63
15.553,63
15.5539,63
15.5548,63
15.5558,63
15.5567,63
15.5577,63
15.5586,63
15.5596,63
15.5605,63
15.5614,63
15.5624,63
15.5633,63
15.5643,63
15.5652,63
15.5662,63
15.5671,63
15.5681,63
15.569,63
15.5699,63
15.5709,63
15.5718,63
15.5728,63
15.5737,63
15.5747,63
15.5756,63
15.5766,63
15.5775,63
15.5784,63
15.5794,63
15.5803,63
15.5813,63
15.5822,63
15.5832,63
15.5841,63
15.585,63
15.586,63
15.5869,63
15.5879,63
15.5888,63
15.5898,63
15.5907,63
15.5917,63
15.5926,63
15.5935,63
15.5945,63
15.5954,63
15.5964,63
15.5973,63
15.5983,63
15.5992,63
15.6002,63
15.6011,63
15.602,63
15.603,63
15.6039,63
15.6049,63
15.6058,63
15.6068,63
15.6077,63
15.6086,63
15.6096,63
15.6105,63
15.6115,63
15.6124,63
15.6134,63
15.6143,63
15.6153,63
15.6162,63
15.6171,63
15.6181,63
15.619,63
15.62,63
15.6209,63
15.6219,63
15.6228,63
15.6238,63
15.6247,63
15.6256,63
15.6266,63
15.6275,63
15.6285,63
15.6294,63
15.6304,63
15.6313,63
15.6322,63
15.6332,63
15.6341,63
15.6351,63
15.636,63
15.637,63
15.6379,63
15.6389,63
15.6398,63
15.6407,63
15.6417,63
15.6426,63
15.6436,63
15.6445,63
15.6455,63
15.6464,63
15.6474,63
15.6483,63
15.6492,63
15.6502,63
15.6511,63
15.6521,63
15.653,63
15.654,63
15.6549,63
15.6558,63
15.6568,63
15.6577,63
15.6587,63
15.6596,63
15.6606,63
15.6615,63
15.6625,63
15.6634,63
15.6643,63
15.6653,63
15.6662,63
15.6672,64
15.6681,64
15.6691,64
15.67,64
15.671,64
15.6719,64
15.6728,64
15.6738,64
15.6747,64
15.6757,64
15.6766,64
15.6776,64
15.6785,64
15.6794,64
15.6804,64
15.6813,64
15.6823,64
15.6832,64
15.6842,64
15.6851,64
15.6861,64
15.687,64
15.6879,64
15.6889,64
15.6898,64
15.6908,64
15.6917,64
15.6927,64
15.6936,64
15.6946,64
15.6955,64
15.6964,64
15.6974,64
15.6983,64
15.6993,64
15.7002,64
15.7012,64
15.7021,64
15.703,64
15.704,64
15.7049,64
15.7059,64
15.7068,64
15.7078,64
15.7087,64
15.7097,64
15.7106,64
15.7115,64
15.7125,64
15.7134,64
15.7144,64
15.7153,64
15.7163,64
15.7172,64
15.7182,64
15.7191,64
15.72,64
15.721,64
15.7219,64
15.7229,64
15.7238,64
15.7248,64
15.7257,64
15.7266,64
15.7276,64
15.7285,64
15.7295,64
15.7304,64
15.7314,64
15.7323,64
15.7333,64
15.7342,64
15.7351,64
15.7361,64
15.737,64
15.738,64
15.7389,64
15.7399,64
15.7408,64
15.7418,64
15.7427,64
15.7436,64
15.7446,64
15.7455,64
15.7465,64
15.7474,64
15.7484,64
15.7493,64
15.7502,64
15.7512,64
15.7521,64
15.7531,64
15.754,64
15.755,64
15.7559,64
15.7569,64
15.7578,64
15.7587,64
15.7597,64
15.7606,64
15.7616,64
15.7625,64
15.7635,64
15.7644,64
15.7654,64
15.7663,64
15.7672,64
15.7682,64
15.7691,64
15.7701,64
15.771,64
15.772,64
15.7729,64
15.7738,64
15.7748,64
15.7757,64
15.7767,64
15.7776,64
15.7786,64
15.7795,64
15.7805,64
15.7814,64
15.7823,64
15.7833,64
15.7842,64
15.7852,64
15.7861,64
15.7871,64
15.788,64
15.789,64
15.7899,64
15.7908,64
15.7918,64
15.7927,64
15.7937,64
15.7946,64
15.7956,64
15.7965,64
15.7974,64
15.7984,64
15.7993,64
15.8003,64
15.8012,64
15.8022,64
15.8031,64
15.8041,64
15.805,64
15.8059,64
15.8069,64
15.8078,64
15.8088,64
15.8097,64
15.8107,64
15.8116,64
15.8126,64
15.8135,64
15.8144,64
15.8154,64
15.8163,64
15.8173,64
15.8182,64
15.8192,64
15.8201,64
15.821,64
15.822,64
15.8229,64
15.8239,64
15.8248,64
15.8258,64
15.8267,64
15.8277,64
15.8286,64
15.8295,64
15.8305,64
15.8314,64
15.8324,64
15.8333,64
15.8343,64
15.8352,64
15.8362,64
15.8371,64
15.838,64
15.839,64
15.8399,64
15.8409,64
15.8418,64
15.8428,64
15.8437,64
15.8446,64
15.8456,64
15.8465,64
15.8475,64
15.8484,64
15.8494,64
15.8503,64
15.8513,64
15.8522,64
15.8531,64
15.8541,64
15.855,64
15.856,64
15.8569,64
15.8579,64
15.8588,64
15.8598,64
15.8607,64
15.8616,64
15.8626,64
15.8635,64
15.8645,64
15.8654,64
15.8664,64
15.8673,64
15.8682,64
15.8692,64
15.8701,64
15.8711,64
15.872,64
15.873,64
15.8739,64
15.8749,64
15.8758,64
15.8767,64
15.8777,64
15.8786,64
15.8796,64
15.8805,64
15.8815,64
15.8824,64
15.8834,64
15.8843,64
15.8852,64
15.8862,64
15.8871,64
15.8881,64
15.889,64
15.89,64
15.8909,64
15.8918,64
15.8928,64
15.8937,64
15.8947,64
15.8956,64
15.8966,64
15.8975,64
15.8985,64
15.8994,64
15.9003,64
15.9013,64
15.9022,64
15.9032,64
15.9041,64
15.9051,65
15.906,65
15.907,65
15.9079,65
15.9088,65
15.9098,65
15.9107,65
15.9117,65
15.9126,65
15.9136,65
15.9145,65
15.9154,65
15.9164,65
15.9173,65
15.9183,65
15.9192,65
15.9202,65
15.9211,65
15.9221,65
15.923,65
15.9239,65
15.9249,65
15.9258,65
15.9268,65
15.9277,65
15.9287,65
15.9296,65
15.9306,65
15.9315,65
15.9324,65
15.9334,65
15.9343,65
15.9353,65
15.9362,65
15.9372,65
15.9381,65
15.939,65
15.94,65
15.9409,65
15.9419,65
15.9428,65
15.9438,65
15.9447,65
15.9457,65
15.9466,65
15.9475,65
15.9485,65
15.9494,65
15.9504,65
15.9513,65
15.9523,65
15.9532,65
15.9542,65
15.9551,65
15.956,65
15.957,65
15.9579,65
15.9589,65
15.9598,65
15.9608,65
15.9617,65
15.9626,65
15.9636,65
15.9645,65
15.9655,65
15.9664,65
15.9674,65
15.9683,65
15.9693,65
15.9702,65
15.9711,65
15.9721,65
15.973,65
15.974,65
15.9749,65
15.9759,65
15.9768,65
15.9778,65
15.9787,65
15.9796,65
15.9806,65
15.9815,65
15.9825,65
15.9834,65
15.9844,65
15.9853,65
15.9862,65
15.9872,65
15.9881,65
15.9891,65
15.99,65
15.991,65
15.9919,65
15.9929,65
15.9938,65
15.9947,65
15.9957,65
15.9966,65
15.9976,65
15.9985,65
15.9995,65
16.0004,65
16.0014,65
16.0023,65
16.0032,65
16.0042,65
16.0051,65
16.0061,65
16.007,65
16.008,65
16.0089,65
16.0098,65
16.0108,65
16.0117,65
16.0127,65
16.0136,65
16.0146,65
16.0155,65
16.0165,65
16.0174,65
16.0183,65
16.0193,65
16.0202,65
16.0212,65
16.0221,65
16.0231,65
16.024,65
16.025,65
16.0259,65
16.0268,65
16.0278,65
16.0287,65
16.0297,65
16.0306,65
16.0316,65
16.0325,65
16.0334,65
16.0344,65
16.0353,65
16.0363,65
16.0372,65
16.0382,65
16.0391,65
16.0401,65
16.041,65
16.0419,65
16.0429,65
16.0438,65
16.0448,65
16.0457,65
16.0467,65
16.0476,65
16.0486,65
16.0495,65
16.0504,65
16.0514,65
16.0523,65
16.0533,65
16.0542,65
16.0552,65
16.0561,65
16.057,65
16.058,65
16.0589,65
16.0599,65
16.0608,65
16.0618,65
16.0627,65
16.0637,65
16.0646,65
16.0655,65
16.0665,65
16.0674,65
16.0684,65
16.0693,65
16.0703,65
16.0712,65
16.0722,65
16.0731,65
16.074,65
16.075,65
16.0759,65
16.0769,65
16.0778,65
16.0788,65
16.0797,65
16.0806,65
16.0816,65
16.0825,65
16.0835,65
16.0844,65
16.0854,65
16.0863,65
16.0873,65
16.0882,65
16.0891,65
16.0901,65
16.091,65
16.092,65
16.0929,65
16.0939,65
16.0948,65
16.0958,65
16.0967,65
16.0976,65
16.0986,65
16.0995,65
16.1005,65
16.1014,65
16.1024,65
16.1033,65
16.1042,65
16.1052,65
16.1061,65
16.1071,65
16.108,65
16.109,65
16.1099,65
16.1109,65
16.1118,65
16.1127,65
16.1137,65
16.1146,65
16.1156,65
16.1165,65
16.1175,65
16.1184,65
16.1194,65
16.1203,65
16.1212,65
16.1222,65
16.1231,65
16.1241,65
16.125,65
16.126,65
16.1269,65
16.1278,65
16.1288,65
16.1297,65
16.1307,65
16.1316,65
16.1326,65
16.1335,65
16.1345,65
16.1354,65
16.1363,65
16.1373,65
16.1382,65
16.1392,65
16.1401,65
16.1411,65
16.142,65
16.143,65
16.1439,65
16.1448,65
16.1458,65
16.1467,65
16.1477,65
16.1486,65
16.1496,65
16.1505,65
16.1514,65
16.1524,65
16.1533,65
16.1543,65
16.1552,65
16.1562,65
16.1571,65
16.1581,66
16.159,66
16.1599,66
16.1609,66
16.1618,66
16.1628,66
16.1637,66
16.1647,66
16.1656,66
16.1666,66
16.1675,66
16.1684,66
16.1694,66
16.1703,66
16.1713,66
16.1722,66
16.1732,66
16.1741,66
16.175,66
16.176,66
16.1769,66
16.1779,66
16.1788,66
16.1798,66
16.1807,66
16.1817,66
16.1826,66
16.1835,66
16.1845,66
16.1854,66
16.1864,66
16.1873,66
16.1883,66
16.1892,66
16.1902,66
16.1911,66
16.192,66
16.193,66
16.1939,66
16.1949,66
16.1958,66
16.1968,66
16.1977,66
16.1986,66
16.1996,66
16.2005,66
16.2015,66
16.2024,66
16.2034,66
16.2043,66
16.2053,66
16.2062,66
16.2071,66
16.2081,66
16.209,66
16.21,66
16.2109,66
16.2119,66
16.2128,66
16.2138,66
16.2147,66
16.2156,66
16.2166,66
16.2175,66
16.2185,66
16.2194,66
16.2204,66
16.2213,66
16.2222,66
16.2232,66
16.2241,66
16.2251,66
16.226,66
16.227,66
16.2279,66
16.2289,66
16.2298,66
16.2307,66
16.2317,66
16.2326,66
16.2336,66
16.2345,66
16.2355,66
16.2364,66
16.2374,66
16.2383,66
16.2392,66
16.2402,66
16.2411,66
16.2421,66
16.243,66
16.244,66
16.2449,66
16.2458,66
16.2468,66
16.2477,66
16.2487,66
16.2496,66
16.2506,66
16.2515,66
16.2525,66
16.2534,66
16.2543,66
16.2553,66
16.2562,66
16.2572,66
16.2581,66
16.2591,66
16.26,66
16.261,66
16.2619,66
16.2628,66
16.2638,66
16.2647,66
16.2657,66
16.2666,66
16.2676,66
16.2685,66
16.2694,66
16.2704,66
16.2713,66
16.2723,66
16.2732,66
16.2742,66
16.2751,66
16.2761,66
16.277,66
16.2779,66
16.2789,66
16.2798,66
16.2808,66
16.2817,66
16.2827,66
16.2836,66
16.2846,66
16.2855,66
16.2864,66
16.2874,66
16.2883,66
16.2893,66
16.2902,66
16.2912,66
16.2921,66
16.293,66
16.294,66
16.2949,66
16.2959,66
16.2968,66
16.2978,66
16.2987,66
16.2997,66
16.3006,66
16.3015,66
16.3025,66
16.3034,66
16.3044,66
16.3053,66
16.3063,66
16.3072,66
16.3082,66
16.3091,66
16.31,66
16.311,66
16.3119,66
16.3129,66
16.3138,66
16.3148,66
16.3157,66
16.3166,66
16.3176,66
16.3185,66
16.3195,66
16.3204,66
16.3214,66
16.3223,66
16.3233,66
16.3242,66
16.3251,66
16.3261,66
16.327,66
16.328,66
16.3289,66
16.3299,66
16.3308,66
16.3318,66
16.3327,66
16.3336,66
16.3346,66
16.3355,66
16.3365,66
16.3374,66
16.3384,66
16.3393,66
16.3402,66
16.3412,66
16.3421,66
16.3431,66
16.344,66
16.345,66
16.3459,66
16.3469,66
16.3478,66
16.3487,66
16.3497,66
16.3506,66
16.3516,66
16.3525,66
16.3535,66
16.3544,66
16.3554,66
16.3563,66
16.3572,66
16.3582,66
16.3591,66
16.3601,66
16.361,66
16.362,66
16.3629,66
16.3638,66
16.3648,66
16.3657,66
16.3667,66
16.3676,66
16.3686,66
16.3695,66
16.3705,66
16.3714,66
16.3723,66
16.3733,66
16.3742,66
16.3752,66
16.3761,66
16.3771,66
16.378,66
16.379,66
16.3799,66
16.3808,66
16.3818,66
16.3827,66
16.3837,66
16.3846,66
16.3856,66
16.3865,66
16.3874,66
16.3884,66
16.3893,66
16.3903,66
16.3912,66
16.3922,66
16.3931,66
16.3941,66
16.395,66
16.3959,66
16.3969,66
16.3978,66
16.3988,66
16.3997,66
16.4007,66
16.4016,66
16.4026,66
16.4035,66
16.4044,66
16.4054,66
16.4063,66
16.4073,66
16.4082,66
16.4092,66
16.4101,66
16.411,66
16.412,66
16.4129,66
16.4139,66
16.4148,66
16.4158,66
16.4167,66
16.4177,66
16.4186,66
16.4195,66
16.4205,66
16.4214,66
16.4224,66
16.4233,66
16.4243,66
16.4252,66
16.4262,66
16.4271,66
16.428,66
16.429,66
16.4299,66
16.4309,66
16.4318,66
16.4328,66
16.4337,66
16.4346,66
16.4356,66
16.4365,66
16.4375,66
16.4384,66
16.4394,66
16.4403,66
16.4413,66
16.4422,66
16.4431,66
16.4441,66
16.445,66
16.446,66
16.4469,66
16.4479,66
16.4488,66
16.4498,66
16.4507,66
16.4516,66
16.4526,66
16.4535,66
16.4545,66
16.4554,66
16.4564,66
16.4573,66
16.4582,66
16.4592,66
16.4601,66
16.4611,66
16.462,66
16.463,66
16.4639,66
16.4649,66
16.4658,66
16.4667,66
16.4677,66
16.479,67
16.48,67
16.4809,67
16.4818,67
16.4828,67
16.4837,67
16.4847,67
16.4856,67
16.4866,67
16.4875,67
16.4885,67
16.4894,67
16.4903,67
16.4913,67
16.4922,67
16.4932,67
16.4941,67
16.4951,67
16.496,67
16.497,67
16.4979,67
16.4988,67
16.4998,67
16.5007,67
16.5017,67
16.5026,67
16.5036,67
16.5045,67
16.5054,67
16.5064,67
16.5073,67
16.5083,67
16.5092,67
16.5102,67
16.5111,67
16.5121,67
16.513,67
16.5139,67
16.5149,67
16.5158,67
16.5168,67
16.5177,67
16.5187,67
16.5196,67
16.5206,67
16.5215,67
16.5224,67
16.5234,67
16.5243,67
16.5253,67
16.5262,67
16.5272,67
16.5281,67
16.529,67
16.53,67
16.5309,67
16.5319,67
16.5328,67
16.5338,67
16.5347,67
16.5357,67
16.5366,67
16.5375,67
16.5385,67
16.5394,67
16.5404,67
16.5413,67
16.5423,67
16.5432,67
16.5442,67
16.5451,67
16.546,67
16.547,67
16.5479,67
16.5489,67
16.5498,67
16.5508,67
16.5517,67
16.5526,67
16.5536,67
16.5545,67
16.5555,67
16.5564,67
16.5574,67
16.5583,67
16.5593,67
16.5602,67
16.5611,67
16.5621,67
16.563,67
16.564,67
16.5649,67
16.5659,67
16.5668,67
16.5678,67
16.5687,67
16.5696,67
16.5706,67
16.5715,67
16.5725,67
16.5734,67
16.5744,67
16.5753,67
16.5762,67
16.5772,67
16.5781,67
16.5791,67
16.58,67
16.581,67
16.5819,67
16.5829,67
16.5838,67
16.5847,67
16.5857,67
16.5866,67
16.597,67
16.598,67
16.5989,67
16.5998,67
16.6008,67
16.6017,67
16.6027,67
16.6036,67
16.6046,67
16.6055,67
16.6065,67
16.6074,67
16.6083,67
16.6093,67
16.6102,67
16.6112,67
16.6121,67
16.6131,67
16.614,67
16.615,67
16.6159,67
16.6168,67
16.6178,67
16.6187,67
16.6197,67
16.6206,67
16.6216,67
16.6225,67
16.6234,67
16.6244,67
16.6253,67
16.6263,67
16.6272,67
16.6282,67
16.6291,67
16.6301,67
16.631,67
16.6319,67
16.6329,67
16.6338,67
16.6348,67
16.6357,67
16.6367,67
16.6376,67
16.6386,67
16.6395,67
16.6404,67
16.6414,67
16.6423,67
16.6433,67
16.6442,67
16.6452,67
16.6461,67
16.647,67
16.648,67
16.6489,67
16.6499,67
16.6508,67
16.6518,67
16.6527,67
16.6537,67
16.6546,67
16.6555,67
16.6565,67
16.6574,67
16.6584,67
16.6593,67
16.6603,67
16.6612,67
16.6622,67
16.6631,67
16.664,67
16.665,67
16.6659,67
16.6669,67
16.6678,67
16.6688,67
16.6697,67
16.6706,67
16.6716,67
16.6725,67
16.6735,67
16.6744,67
16.6754,67
16.6763,67
16.6773,67
16.6782,67
16.6791,67
16.6801,67
16.681,67
16.682,67
16.6829,67
16.6839,67
16.6848,67
16.6858,67
16.6867,67
16.6876,67
16.6886,67
16.6895,67
16.6905,67
16.6914,67
16.6924,67
16.6933,67
16.6942,67
16.6952,67
16.6961,67
16.6971,67
16.698,67
16.699,67
16.6999,67
16.7009,67
16.7018,67
16.7027,67
16.7037,67
16.7046,67
16.7056,67
16.7065,67
16.7075,67
16.7084,67
16.7094,67
16.7103,67
16.7112,67
16.7122,67
16.7131,67
16.7141,67
16.715,67
16.716,67
16.7169,67
16.7178,67
16.7188,67
16.7197,67
16.7207,67
16.7216,67
16.7226,67
16.7235,67
16.7245,67
16.7254,67
16.7263,67
16.7273,67
16.7282,67
16.7292,67
16.7301,67
16.7311,67
16.732,67
16.733,67
16.7339,67
16.7348,67
16.7358,67
16.7367,67
16.7377,67
16.7386,67
16.7396,67
16.7405,67
16.7414,67
16.7424,67
16.7433,67
16.7443,67
16.7452,67
16.7462,67
16.7471,67
16.7481,67
16.749,67
16.7499,67
16.7509,67
16.7518,67
16.7528,67
16.7537,67
16.7547,67
16.7556,67
16.7566,67
16.7575,67
16.7584,67
16.7594,67
16.7603,67
16.7613,67
16.7622,67
16.7632,67
16.7641,67
16.765,67
16.766,67
16.7669,67
16.7679,67
16.7688,67
16.7698,67
16.7707,67
16.7717,67
16.7726,67
16.7735,67
16.7745,67
16.7754,67
16.7764,67
16.7773,67
16.7783,67
16.7792,67
16.7802,67
16.7811,67
16.782,67
16.783,67
16.7839,67
16.7849,67
16.7858,67
16.7868,67
16.7877,67
16.7886,67
16.7896,67
16.7905,67
16.7915,67
16.7924,67
16.7934,67
16.7943,67
16.7953,67
16.7962,67
16.7971,67
16.7981,67
16.799,67
16.8,67
16.8009,67
16.8019,67
16.8028,67
16.8038,67
16.8047,67
16.8056,67
16.8066,67
16.8075,67
16.8085,67
16.8094,67
16.8104,67
16.8113,67
16.8122,67
16.8132,67
16.8141,67
16.8151,67
16.816,67
16.817,67
16.8179,67
16.8189,67
16.8198,67
16.8207,67
16.8217,67
16.8226,67
16.8236,67
16.8245,67
16.8255,67
16.8264,67
16.8274,67
16.8283,67
16.8292,67
16.8302,67
16.8311,67
16.8321,67
16.833,67
16.834,67
16.8349,67
16.8358,67
16.8368,67
16.8377,67
16.8387,67
16.8396,67
16.8406,67
16.8415,67
16.8425,67
16.8434,67
16.8443,67
16.8453,67
16.8462,67
16.8472,67
16.8481,67
16.8491,67
16.85,67
16.851,67
16.8519,67
16.8528,67
16.8538,67
16.8547,67
16.8557,67
16.8566,67
16.8576,67
16.8585,67
16.8594,67
16.8604,67
16.8613,67
16.8623,67
16.8632,67
16.8642,67
16.8651,67
16.8661,67
16.867,67
16.8679,67
16.8689,67
16.8698,67
16.8708,67
16.8717,67
16.8727,67
16.8736,67
16.8746,67
16.8755,67
16.8764,67
16.8774,67
16.8783,67
16.8793,67
16.8802,67
16.8812,67
16.8821,67
16.883,67
16.884,67
16.8849,67
16.8859,67
16.8868,67
16.8878,67
16.8887,67
16.8897,67
16.8906,67
16.8915,67
16.8925,68
16.8934,68
16.8944,68
16.8953,68
16.8963,68
16.8972,68
16.8982,68
16.8991,68
16.9,68
16.901,68
16.9019,68
16.9029,68
16.9038,68
16.9048,68
16.9057,68
16.9066,68
16.9076,68
16.9085,68
16.9095,68
16.9104,68
16.9114,68
16.9123,68
16.9133,68
16.9142,68
16.9151,68
16.9161,68
16.917,68
16.918,68
16.9189,68
16.9199,68
16.9208,68
16.9218,68
16.9227,68
16.9236,68
16.9246,68
16.9255,68
16.9265,68
16.9274,68
16.9284,68
16.9293,68
16.9302,68
16.9312,68
16.9321,68
16.9331,68
16.934,68
16.935,68
16.9359,68
16.9369,68
16.9378,68
16.9387,68
16.9397,68
16.9406,68
16.9416,68
16.9425,68
16.9435,68
16.9444,68
16.9454,68
16.9463,68
16.9472,68
16.9482,68
16.9491,68
16.9501,68
16.951,68
16.952,68
16.9529,68
16.9538,68
16.9548,68
16.9557,68
16.9567,68
16.9576,68
16.9586,68
16.9595,68
16.9605,68
16.9614,68
16.9623,68
16.9633,68
16.9642,68
16.9652,68
16.9661,68
16.9671,68
16.968,68
16.969,68
16.9699,68
16.9708,68
16.9718,68
16.9727,68
16.9737,68
16.9746,68
16.9756,68
16.9765,68
16.9774,68
16.9784,68
16.9793,68
16.9803,68
16.9812,68
16.9822,68
16.9831,68
16.9841,68
16.985,68
16.9859,68
16.9869,68
16.9878,68
16.9888,68
16.9897,68
16.9907,68
16.9916,68
16.9926,68
16.9935,68
16.9944,68
16.9954,68
16.9963,68
16.9973,68
16.9982,68
16.9992,68
17.0001,68
17.001,68
17.002,68
17.0029,68
17.0039,68
17.0048,68
17.0058,68
17.0067,68
17.0077,68
17.0086,68
17.0095,68
17.0105,68
17.0114,68
17.0124,68
17.0133,68
17.0143,68
17.0152,68
17.0162,68
17.0171,68
17.018,68
17.019,68
17.0199,68
17.0209,68
17.0218,68
17.0228,68
17.0237,68
17.0246,68
17.0256,68
17.0265,68
17.0275,68
17.0284,68
17.0294,68
17.0303,68
17.0313,68
17.0322,68
17.0331,68
17.0341,68
17.035,68
17.036,68
17.0369,68
17.0379,68
17.0388,68
17.0398,68
17.0407,68
17.0416,68
17.0426,68
17.0435,68
17.0445,68
17.0454,68
17.0464,68
17.0473,68
17.0482,68
17.0492,68
17.0501,68
17.0511,68
17.052,68
17.053,68
17.0539,68
17.0549,68
17.0558,68
17.0567,68
17.0577,68
17.0586,68
17.0596,68
17.0605,68
17.0615,68
17.0624,68
17.0634,68
17.0643,68
17.0652,68
17.0662,68
17.0671,68
17.0681,68
17.069,68
17.07,68
17.0709,68
17.0718,68
17.0728,68
17.0737,68
17.0747,68
17.0756,68
17.0766,68
17.0775,68
17.0785,68
17.0794,68
17.0803,68
17.0813,68
17.0822,68
17.0832,68
17.0841,68
17.0851,68
17.086,68
17.087,68
17.0879,68
17.0888,68
17.0898,68
17.0907,68
17.0917,68
17.0926,68
17.0936,68
17.0945,68
17.0954,68
17.0964,68
17.0973,68
17.0983,68
17.0992,68
17.1002,68
17.1011,68
17.1021,68
17.103,68
17.1039,68
17.1049,68
17.1058,68
17.1068,68
17.1077,68
17.1087,68
17.1096,68
17.1106,68
17.1115,68
17.1124,68
17.1134,68
17.1143,68
17.1153,68
17.1162,68
17.1172,68
17.1181,68
17.119,68
17.12,68
17.1209,68
17.1219,68
17.1228,68
17.1238,68
17.1247,68
17.1257,68
17.1266,68
17.1275,68
17.1285,68
17.1294,68
17.1304,68
17.1313,68
17.1323,68
17.1332,68
17.1342,68
17.1351,68
17.136,68
17.137,68
17.1379,68
17.1389,68
17.1398,68
17.1408,68
17.1417,68
17.1426,68
17.1436,68
17.1445,68
17.1455,68
17.1464,68
17.1474,68
17.1483,68
17.1493,68
17.1502,69
17.1511,69
17.1521,69
17.153,69
17.154,69
17.1549,69
17.1559,69
17.1568,69
17.1578,69
17.1587,69
17.1596,69
17.1606,69
17.1615,69
17.1625,69
17.1634,69
17.1644,69
17.1653,69
17.1662,69
17.1672,69
17.1681,69
17.1691,69
17.17,69
17.171,69
17.1719,69
17.1729,69
17.1738,69
17.1747,69
17.1757,69
17.1766,69
17.1776,69
17.1785,69
17.1795,69
17.1804,69
17.1814,69
17.1823,69
17.1832,69
17.1842,69
17.1851,69
17.1861,69
17.187,69
17.188,69
17.1889,69
17.1898,69
17.1908,69
17.1917,69
17.1927,69
17.1936,69
17.1946,69
17.1955,69
17.1965,69
17.1974,69
17.1983,69
17.1993,69
17.2002,69
17.2012,69
17.2021,69
17.2031,69
17.204,69
17.205,69
17.2059,69
17.2068,69
17.2078,69
17.2087,69
17.2097,69
17.2106,69
17.2116,69
17.2125,69
17.2134,69
17.2144,69
17.2153,69
17.2163,69
17.2172,69
17.2182,69
17.2191,69
17.2201,69
17.221,69
17.2219,69
17.2229,69
17.2238,69
17.2248,69
17.2257,69
17.2267,69
17.2276,69
17.2286,69
17.2295,69
17.2304,69
17.2314,69
17.2323,69
17.2333,69
17.2342,69
17.2352,69
17.2361,69
17.237,69
17.238,69
17.2389,69
17.2399,69
17.2408,69
17.2418,69
17.2427,69
17.2437,69
17.2446,69
17.2455,69
17.2465,69
17.2474,69
17.2484,69
17.2493,69
17.2503,69
17.2512,69
17.2522,69
17.2531,69
17.254,69
17.255,69
17.2559,69
17.2569,69
17.2578,69
17.2588,69
17.2597,69
17.2606,69
17.2616,69
17.2625,69
17.2635,69
17.2644,69
17.2654,69
17.2663,69
17.2673,69
17.2682,69
17.2691,69
17.2701,69
17.271,69
17.272,69
17.2729,69
17.2739,69
17.2748,69
17.2758,69
17.2767,69
17.2776,69
17.2786,69
17.2795,69
17.2805,69
17.2814,69
17.2824,69
17.2833,69
17.2842,69
17.2852,69
17.2861,69
17.2871,69
17.288,69
17.289,69
17.2899,69
17.2909,69
17.2918,69
17.2927,69
17.2937,69
17.2946,69
17.2956,69
17.2965,69
17.2975,69
17.2984,69
17.2994,69
17.3003,69
17.3012,69
17.3022,69
17.3031,69
17.3041,69
17.305,69
17.306,69
17.3069,69
17.3078,69
17.3088,69
17.3097,69
17.3107,69
17.3116,69
17.3126,69
17.3135,69
17.3145,69
17.3154,69
17.3163,69
17.3173,69
17.3182,69
17.3192,69
17.3201,69
17.3211,69
17.322,69
17.323,69
17.3239,69
17.3248,69
17.3258,69
17.3267,69
17.3277,69
17.3286,69
17.3296,69
17.3305,69
17.3314,69
17.3324,69
17.3333,69
17.3343,69
17.3352,69
17.3362,69
17.3371,69
17.3381,69
17.339,69
17.3399,69
17.3409,69
17.3418,69
17.3428,69
17.3437,69
17.3447,69
17.3456,69
17.3466,69
17.3475,69
17.3484,69
17.3494,69
17.3503,69
17.3513,69
17.3522,69
17.3532,69
17.3541,69
17.355,69
17.356,69
17.3569,69
17.3579,69
17.3588,69
17.3598,69
17.3607,69
17.3617,69
17.3626,69
17.3635,69
17.3645,69
17.3654,69
17.3664,69
17.3673,69
17.3683,69
17.3692,69
17.3702,69
17.3711,69
17.372,69
17.373,69
17.3739,69
17.3749,69
17.3758,69
17.3768,69
17.3777,69
17.3786,69
17.3796,69
17.3805,69
17.3815,69
17.3824,69
17.3834,69
17.3843,69
17.3853,69
17.3862,69
17.3871,69
17.3881,69
17.389,69
17.39,69
17.3909,69
17.3919,69
17.3928,69
17.3938,69
17.3947,69
17.3956,69
17.3966,69
17.3975,69
17.3985,69
17.3994,69
17.4004,69
17.4013,69
17.4022,69
17.4032,69
17.4041,69
17.4051,69
17.406,69
17.407,69
17.4079,69
17.4089,69
17.4098,69
17.4107,69
17.4117,69
17.4126,70
17.4136,70
17.4145,70
17.4155,70
17.4164,70
17.4174,70
17.4183,70
17.4192,70
17.4202,70
17.4211,70
17.4221,70
17.423,70
17.424,70
17.4249,70
17.4258,70
17.4268,70
17.4277,70
17.4287,70
17.4296,70
17.4306,70
17.4315,70
17.4325,70
17.4334,70
17.4343,70
17.4353,70
17.4362,70
17.4372,70
17.4381,70
17.4391,70
17.44,70
17.441,70
17.4419,70
17.4428,70
17.4438,70
17.4447,70
17.4457,70
17.4466,70
17.4476,70
17.4485,70
17.4494,70
17.4504,70
17.4513,70
17.4523,70
17.4532,70
17.4542,70
17.4551,70
17.4561,70
17.457,70
17.4579,70
17.4589,70
17.4598,70
17.4608,70
17.4617,70
17.4627,70
17.4636,70
17.4646,70
17.4655,70
17.4664,70
17.4674,70
17.4683,70
17.4693,70
17.4702,70
17.4712,70
17.4721,70
17.473,70
17.474,70
17.4749,70
17.4759,70
17.4768,70
17.4778,70
17.4787,70
17.4797,70
17.4806,70
17.4815,70
17.4825,70
17.4834,70
17.4844,70
17.4853,70
17.4863,70
17.4872,70
17.4882,70
17.4891,70
17.49,70
17.491,70
17.4919,70
17.4929,70
17.4938,70
17.4948,70
17.4957,70
17.4966,70
17.4976,70
17.4985,70
17.4995,70
17.5004,70
17.5014,70
17.5023,70
17.5033,70
17.5042,70
17.5051,70
17.5061,70
17.507,70
17.508,70
17.5089,70
17.5099,70
17.5108,70
17.5118,70
17.5127,70
17.5136,70
17.5146,70
17.5155,70
17.5165,70
17.5174,70
17.5184,70
17.5193,70
17.5202,70
17.5212,70
17.5221,70
17.5231,70
17.524,70
17.525,70
17.5259,70
17.5269,70
17.5278,70
17.5287,70
17.5297,70
17.5306,70
17.5316,70
17.5325,70
17.5335,70
17.5344,70
17.5354,70
17.5363,70
17.5372,70
17.5382,70
17.5391,70
17.5401,70
17.541,70
17.542,70
17.5429,70
17.5438,70
17.5448,70
17.5457,70
17.5467,70
17.5476,70
17.5486,70
17.5495,70
17.5505,70
17.5514,70
17.5523,70
17.5533,70
17.5542,70
17.5552,70
17.5561,70
17.5571,70
17.558,70
17.559,70
17.5599,70
17.5608,70
17.5618,70
17.5627,70
17.5637,70
17.5646,70
17.5656,70
17.5665,70
17.5674,70
17.5684,70
17.5693,70
17.5703,70
17.5712,70
17.5722,70
17.5731,70
17.5741,70
17.575,70
17.5759,70
17.5769,70
17.5778,70
17.5788,70
17.5797,70
17.5807,70
17.5816,70
17.5826,70
17.5835,70
17.5844,70
17.5854,70
17.5863,70
17.5873,70
17.5882,70
17.5892,70
17.5901,70
17.591,70
17.592,70
17.5929,70
17.5939,70
17.5948,70
17.5958,70
17.5967,70
17.5977,70
17.5986,70
17.5995,70
17.6005,70
17.6014,70
17.6024,70
17.6033,70
17.6043,70
17.6052,70
17.6062,70
17.6071,70
17.608,70
17.609,70
17.6099,70
17.6109,70
17.6118,70
17.6128,70
17.6137,70
17.6146,70
17.6156,70
17.6165,70
17.6175,70
17.6184,70
17.6194,70
17.6203,70
17.6213,70
17.6222,70
17.6231,70
17.6241,70
17.625,70
17.626,70
17.6269,70
17.6279,70
17.6288,70
17.6298,70
17.6307,70
17.6316,70
17.6326,70
17.6335,70
17.6345,70
17.6354,70
17.6364,70
17.6373,70
17.6382,70
17.6392,70
17.6401,70
17.6411,70
17.642,70
17.643,70
17.6439,70
17.6449,70
17.6458,70
17.6467,70
17.6477,70
17.6486,70
17.6496,70
17.6505,70
17.6515,70
17.6524,70
17.6534,70
17.6543,70
17.6552,70
17.6562,70
17.6571,70
17.6581,70
17.659,70
17.66,70
17.6609,70
17.6618,70
17.6628,70
17.6637,70
17.6647,70
17.6656,70
17.6666,70
17.6675,70
17.6685,70
17.6694,70
17.6703,70
17.6713,70
17.6722,70
17.6732,70
17.6741,70
17.6751,70
17.676,70
17.677,70
17.6779,70
17.6788,70
17.6798,70
17.6807,71
17.6817,71
17.6826,71
17.6836,71
17.6845,71
17.6854,71
17.6864,71
17.6873,71
17.6883,71
17.6892,71
17.6902,71
17.6911,71
17.6921,71
17.693,71
17.6939,71
17.6949,71
17.6958,71
17.6968,71
17.6977,71
17.6987,71
17.6996,71
17.7006,71
17.7015,71
17.7024,71
17.7034,71
17.7043,71
17.7053,71
17.7062,71
17.7072,71
17.7081,71
17.709,71
17.71,71
17.7109,71
17.7119,71
17.7128,71
17.7138,71
17.7147,71
17.7157,71
17.7166,71
17.7175,71
17.7185,71
17.7194,71
17.7204,71
17.7213,71
17.7223,71
17.7232,71
17.7242,71
17.7251,71
17.726,71
17.727,71
17.7279,71
17.7289,71
17.7298,71
17.7308,71
17.7317,71
17.7326,71
17.7336,71
17.7345,71
17.7355,71
17.7364,71
17.7374,71
17.7383,71
17.7393,71
17.7402,71
17.7411,71
17.7421,71
17.743,71
17.744,71
17.7449,71
17.7459,71
17.7468,71
17.7478,71
17.7487,71
17.7496,71
17.7506,71
17.7515,71
17.7525,71
17.7534,71
17.7544,71
17.7553,71
17.7562,71
17.7572,71
17.7581,71
17.7591,71
17.76,71
17.761,71
17.7619,71
17.7629,71
17.7638,71
17.7647,71
17.7657,71
17.7666,71
17.7676,71
17.7685,71
17.7695,71
17.7704,71
17.7714,71
17.7723,71
17.7732,71
17.7742,71
17.7751,71
17.7761,71
17.777,71
17.778,71
17.7789,71
17.7798,71
17.7808,71
17.7817,71
17.7827,71
17.7836,71
17.7846,71
17.7855,71
17.7865,71
17.7874,71
17.7883,71
17.7893,71
17.7902,71
17.7912,71
17.7921,71
17.7931,71
17.794,71
17.795,71
17.7959,71
17.7968,71
17.7978,71
17.7987,71
17.7997,71
17.8006,71
17.8016,71
17.8025,71
17.8034,71
17.8044,71
17.8053,71
17.8063,71
17.8072,71
17.8082,71
17.8091,71
17.8101,71
17.811,71
17.8119,71
17.8129,71
17.8138,71
17.8148,71
17.8157,71
17.8167,71
17.8176,71
17.8186,71
17.8195,71
17.8204,71
17.8214,71
17.8223,71
17.8233,71
17.8242,71
17.8252,71
17.8261,71
17.827,71
17.828,71
17.8289,71
17.8299,71
17.8308,71
17.8318,71
17.8327,71
17.8337,71
17.8346,71
17.8355,71
17.8365,71
17.8374,71
17.8384,71
17.8393,71
17.8403,71
17.8412,71
17.8422,71
17.8431,71
17.844,71
17.845,71
17.8459,71
17.8469,71
17.8478,71
17.8488,71
17.8497,71
17.8506,71
17.8516,71
17.8525,71
17.8535,71
17.8544,71
17.8554,71
17.8563,71
17.8573,71
17.8582,71
17.8591,71
17.8601,71
17.861,71
17.862,71
17.8629,71
17.8639,71
17.8648,71
17.8658,71
17.8667,71
17.8676,71
17.8686,71
17.8695,71
17.8705,71
17.8714,71
17.8724,71
17.8733,71
17.8742,71
17.8752,71
17.8761,71
17.8771,71
17.878,71
17.879,71
17.8799,71
17.8809,71
17.8818,71
17.8827,71
17.8837,71
17.8846,71
17.8856,71
17.8865,71
17.8875,71
17.8884,71
17.8894,71
17.8903,71
17.8912,71
17.8922,71
17.8931,71
17.8941,71
17.895,71
17.896,71
17.8969,71
17.8978,71
17.8988,71
17.8997,71
17.9007,71
17.9016,71
17.9026,71
17.9035,71
17.9045,71
17.9054,71
17.9063,71
17.9073,71
17.9082,71
17.9092,71
17.9101,71
17.9111,71
17.912,71
17.913,71
17.9139,71
17.9148,71
17.9158,71
17.9167,71
17.9177,71
17.9186,71
17.9196,71
17.9205,71
17.9214,71
17.9224,71
17.9233,71
17.9243,71
17.9252,71
17.9262,71
17.9271,71
17.9281,71
17.929,71
17.9299,71
17.9309,71
17.9318,71
17.9328,71
17.9337,71
17.9347,71
17.9356,71
17.9366,71
17.9375,71
17.9384,71
17.9394,71
17.9403,71
17.9413,71
17.9422,71
17.9432,71
17.9441,71
17.945,71
17.946,71
17.9469,71
17.9479,71
17.9488,71
17.9498,71
17.9507,71
17.9517,72
17.9526,72
17.9535,72
17.9545,72
17.9554,72
17.9564,72
17.9573,72
17.9583,72
17.9592,72
17.9602,72
17.9611,72
17.962,72
17.963,72
17.9639,72
17.9649,72
17.9658,72
17.9668,72
17.9677,72
17.9686,72
17.9696,72
17.9705,72
17.9715,72
17.9724,72
17.9734,72
17.9743,72
17.9753,72
17.9762,72
17.9771,72
17.9781,72
17.979,72
17.98,72
17.9809,72
17.9819,72
17.9828,72
17.9838,72
17.9847,72
17.9856,72
17.9866,72
17.9875,72
17.9885,72
17.9894,72
17.9904,72
17.9913,72
17.9922,72
17.9932,72
17.9941,72
17.9951,72
17.996,72
17.997,72
17.9979,72
17.9989,72
17.9998,72
18.0007,72
18.0017,72
18.0026,72
18.0036,72
18.0045,72
18.0055,72
18.0064,72
18.0074,72
18.0083,72
18.0092,72
18.0102,72
18.0111,72
18.0121,72
18.013,72
18.014,72
18.0149,72
18.0158,72
18.0168,72
18.0177,72
18.0187,72
18.0196,72
18.0206,72
18.0215,72
18.0225,72
18.0234,72
18.0243,72
18.0253,72
18.0262,72
18.0272,72
18.0281,72
18.0291,72
18.03,72
18.031,72
18.0319,72
18.0328,72
18.0338,72
18.0347,72
18.0357,72
18.0366,72
18.0376,72
18.0385,72
18.0394,72
18.0404,72
18.0413,72
18.0423,72
18.0432,72
18.0442,72
18.0451,72
18.0461,72
18.047,72
18.0479,72
18.0489,72
18.0498,72
18.0508,72
18.0517,72
18.0527,72
18.0536,72
18.0546,72
18.0555,72
18.0564,72
18.0574,72
18.0583,72
18.0593,72
18.0602,72
18.0612,72
18.0621,72
18.063,72
18.064,72
18.0649,72
18.0659,72
18.0668,72
18.0678,72
18.0687,72
18.0697,72
18.0706,72
18.0715,72
18.0725,72
18.0734,72
18.0744,72
18.0753,72
18.0763,72
18.0772,72
18.0782,72
18.0791,72
18.08,72
18.081,72
18.0819,72
18.0829,72
18.0838,72
18.0848,72
18.0857,72
18.0866,72
18.0876,72
18.0885,72
18.0895,72
18.0904,72
18.0914,72
18.0923,72
18.0933,72
18.0942,72
18.0951,72
18.0961,72
18.097,72
18.098,72
18.0989,72
18.0999,72
18.1008,72
18.1018,72
18.1027,72
18.1036,72
18.1046,72
18.1055,72
18.1065,72
18.1074,72
18.1084,72
18.1093,72
18.1102,72
18.1112,72
18.1121,72
18.1131,72
18.114,72
18.115,72
18.1159,72
18.1169,72
18.1178,72
18.1187,72
18.1197,72
18.1206,72
18.1216,72
18.1225,72
18.1235,72
18.1244,72
18.1254,72
18.1263,72
18.1272,72
18.1282,72
18.1291,72
18.1301,72
18.131,72
18.132,72
18.1329,72
18.1338,72
18.1348,72
18.1357,72
18.1367,72
18.1376,72
18.1386,72
18.1395,72
18.1405,72
18.1414,72
18.1423,72
18.1433,72
18.1442,72
18.1452,72
18.1461,72
18.1471,72
18.148,72
18.149,72
18.1499,72
18.1508,72
18.1518,72
18.1527,72
18.1537,72
18.1546,72
18.1556,72
18.1565,72
18.1574,72
18.1584,72
18.1593,72
18.1603,72
18.1612,72
18.1622,72
18.1631,72
18.1641,72
18.165,72
18.1659,72
18.1669,72
18.1678,72
18.1688,72
18.1697,72
18.1707,72
18.1716,72
18.1726,72
18.1735,72
18.1744,72
18.1754,72
18.1763,72
18.1773,72
18.1782,72
18.1792,72
18.1801,72
18.181,72
18.182,72
18.1829,72
18.1839,72
18.1848,72
18.1858,72
18.1867,72
18.1877,72
18.1886,72
18.1895,72
18.1905,72
18.1914,72
18.1924,72
18.1933,72
18.1943,72
18.1952,72
18.1962,72
18.1971,72
18.198,72
18.199,72
18.1999,72
18.2009,72
18.2018,72
18.2028,72
18.2037,72
18.2046,72
18.2056,72
18.2065,72
18.2075,72
18.2084,72
18.2094,72
18.2103,72
18.2113,72
18.2122,72
18.2131,72
18.2141,72
18.215,72
18.216,72
18.2169,72
18.2179,72
18.2188,72
18.2198,72
18.2207,72
18.2216,72
18.2226,72
18.2235,73
18.2245,73
18.2254,73
18.2264,73
18.2273,73
18.2282,73
18.2292,73
18.2301,73
18.2311,73
18.232,73
18.233,73
18.2339,73
18.2349,73
18.2358,73
18.2367,73
18.2377,73
18.2386,73
18.2396,73
18.2405,73
18.2415,73
18.2424,73
18.2434,73
18.2443,73
18.2452,73
18.2462,73
18.2471,73
18.2481,73
18.249,73
18.25,73
18.2509,73
18.2518,73
18.2528,73
18.2537,73
18.2547,73
18.2556,73
18.2566,73
18.2575,73
18.2585,73
18.2594,73
18.2603,73
18.2613,73
18.2622,73
18.2632,73
18.2641,73
18.2651,73
18.266,73
18.267,73
18.2679,73
18.2688,73
18.2698,73
18.2707,73
18.2717,73
18.2726,73
18.2736,73
18.2745,73
18.2754,73
18.2764,73
18.2773,73
18.2783,73
18.2792,73
18.2802,73
18.2811,73
18.2821,73
18.283,73
18.2839,73
18.2849,73
18.2858,73
18.2868,73
18.2877,73
18.2887,73
18.2896,73
18.2906,73
18.2915,73
18.2924,73
18.2934,73
18.2943,73
18.2953,73
18.2962,73
18.2972,73
18.2981,73
18.299,73
18.3,73
18.3009,73
18.3019,73
18.3028,73
18.3038,73
18.3047,73
18.3057,73
18.3066,73
18.3075,73
18.3085,73
18.3094,73
18.3104,73
18.3113,73
18.3123,73
18.3132,73
18.3142,73
18.3151,73
18.316,73
18.317,73
18.3179,73
18.3189,73
18.3198,73
18.3208,73
18.3217,73
18.3226,73
18.3236,73
18.3245,73
18.3255,73
18.3264,73
18.3274,73
18.3283,73
18.3293,73
18.3302,73
18.3311,73
18.3321,73
18.333,73
18.334,73
18.3349,73
18.3359,73
18.3368,73
18.3378,73
18.3387,73
18.3396,73
18.3406,73
18.3415,73
18.3425,73
18.3434,73
18.3444,73
18.3453,73
18.3462,73
18.3472,73
18.3481,73
18.3491,73
18.35,73
18.351,73
18.3519,73
18.3529,73
18.3538,73
18.3547,73
18.3557,73
18.3566,73
18.3576,73
18.3585,73
18.3595,73
18.3604,73
18.3614,73
18.3623,73
18.3632,73
18.3642,73
18.3651,73
18.3661,73
18.367,73
18.368,73
18.3689,73
18.3698,73
18.3708,73
18.3717,73
18.3727,73
18.3736,73
18.3746,73
18.3755,73
18.3765,73
18.3774,73
18.3783,73
18.3793,73
18.3802,73
18.3812,73
18.3821,73
18.3831,73
18.384,73
18.385,73
18.3859,73
18.3868,73
18.3878,73
18.3887,73
18.3897,73
18.3906,73
18.3916,73
18.3925,73
18.3934,73
18.3944,73
18.3953,73
18.3963,73
18.3972,73
18.3982,73
18.3991,73
18.4001,73
18.401,73
18.4019,73
18.4029,73
18.4038,73
18.4048,73
18.4057,73
18.4067,73
18.4076,73
18.4086,73
18.4095,73
18.4104,73
18.4114,73
18.4123,73
18.4133,73
18.4142,73
18.4152,73
18.4161,73
18.417,73
18.418,73
18.4189,73
18.4199,73
18.4208,73
18.4218,73
18.4227,73
18.4237,73
18.4246,73
18.4255,73
18.4265,73
18.4274,73
18.4284,73
18.4293,73
18.4303,73
18.4312,73
18.4322,73
18.4331,73
18.434,73
18.435,73
18.4359,73
18.4369,73
18.4378,73
18.4388,73
18.4397,73
18.4406,73
18.4416,73
18.4425,73
18.4435,73
18.4444,73
18.4454,73
18.4463,73
18.4473,73
18.4482,73
18.4491,73
18.4501,73
18.451,73
18.452,73
18.4529,73
18.4539,73
18.4548,73
18.4558,73
18.4567,73
18.4576,73
18.4586,73
18.4595,73
18.4605,73
18.4614,73
18.4624,73
18.4633,73
18.4642,73
18.4652,73
18.4661,73
18.4671,73
18.468,73
18.469,73
18.4699,73
18.4709,73
18.4718,73
18.4727,73
18.4737,73
18.4746,73
18.4756,73
18.4765,73
18.4775,73
18.4784,73
18.4794,73
18.4803,73
18.4812,73
18.4822,73
18.4831,73
18.4841,73
18.485,73
18.486,73
18.4869,73
18.4878,73
18.4888,73
18.4897,73
18.4907,73
18.4916,73
18.4926,73
18.4935,73
18.4945,73
18.4954,74
18.4963,74
18.4973,74
18.4982,74
18.4992,74
18.5001,74
18.5011,74
18.502,74
18.503,74
18.5039,74
18.5048,74
18.5058,74
18.5067,74
18.5077,74
18.5086,74
18.5096,74
18.5105,74
18.5114,74
18.5124,74
18.5133,74
18.5143,74
18.5152,74
18.5162,74
18.5171,74
18.5181,74
18.519,74
18.5199,74
18.5209,74
18.5218,74
18.5228,74
18.5237,74
18.5247,74
18.5256,74
18.5266,74
18.5275,74
18.5284,74
18.5294,74
18.5303,74
18.5313,74
18.5322,74
18.5332,74
18.5341,74
18.535,74
18.536,74
18.5369,74
18.5379,74
18.5388,74
18.5398,74
18.5407,74
18.5417,74
18.5426,74
18.5435,74
18.5445,74
18.5454,74
18.5464,74
18.5473,74
18.5483,74
18.5492,74
18.5502,74
18.5511,74
18.552,74
18.553,74
18.5539,74
18.5549,74
18.5558,74
18.5568,74
18.5577,74
18.5586,74
18.5596,74
18.5605,74
18.5615,74
18.5624,74
18.5634,74
18.5643,74
18.5653,74
18.5662,74
18.5671,74
18.5681,74
18.569,74
18.57,74
18.5709,74
18.5719,74
18.5728,74
18.5738,74
18.5747,74
18.5756,74
18.5766,74
18.5775,74
18.5785,74
18.5794,74
18.5804,74
18.5813,74
18.5822,74
18.5832,74
18.5841,74
18.5851,74
18.586,74
18.587,74
18.5879,74
18.5889,74
18.5898,74
18.5907,74
18.5917,74
18.5926,74
18.5936,74
18.5945,74
18.5955,74
18.5964,74
18.5974,74
18.5983,74
18.5992,74
18.6002,74
18.6011,74
18.6021,74
18.603,74
18.604,74
18.6049,74
18.6058,74
18.6068,74
18.6077,74
18.6087,74
18.6096,74
18.6106,74
18.6115,74
18.6125,74
18.6134,74
18.6143,74
18.6153,74
18.6162,74
18.6172,74
18.6181,74
18.6191,74
18.62,74
18.621,74
18.6219,74
18.6228,74
18.6238,74
18.6247,74
18.6257,74
18.6266,74
18.6276,74
18.6285,74
18.6294,74
18.6304,74
18.6313,74
18.6323,74
18.6332,74
18.6342,74
18.6351,74
18.6361,74
18.637,74
18.6379,74
18.6389,74
18.6398,74
18.6408,74
18.6417,74
18.6427,74
18.6436,74
18.6446,74
18.6455,74
18.6464,74
18.6474,74
18.6483,74
18.6493,74
18.6502,74
18.6512,74
18.6521,74
18.653,74
18.654,74
18.6549,74
18.6559,74
18.6568,74
18.6578,74
18.6587,74
18.6597,74
18.6606,74
18.6615,74
18.6625,74
18.6634,74
18.6644,74
18.6653,74
18.6663,74
18.6672,74
18.6682,74
18.6691,74
18.67,74
18.671,74
18.6719,74
18.6729,74
18.6738,74
18.6748,74
18.6757,74
18.6766,74
18.6776,74
18.6785,74
18.6795,74
18.6804,74
18.6814,74
18.6823,74
18.6833,74
18.6842,74
18.6851,74
18.6861,74
18.687,74
18.688,74
18.6889,74
18.6899,74
18.6908,74
18.6918,74
18.6927,74
18.6936,74
18.6946,74
18.6955,74
18.6965,74
18.6974,74
18.6984,74
18.6993,74
18.7002,74
18.7012,74
18.7021,74
18.7031,74
18.704,74
18.705,74
18.7059,74
18.7069,74
18.7078,74
18.7087,74
18.7097,74
18.7106,74
18.7116,74
18.7125,74
18.7135,74
18.7144,74
18.7154,74
18.7163,74
18.7172,74
18.7182,74
18.7191,74
18.7201,74
18.721,74
18.722,74
18.7229,74
18.7238,74
18.7248,74
18.7257,74
18.7267,74
18.7276,74
18.7286,74
18.7295,74
18.7305,74
18.7314,74
18.7323,74
18.7333,74
18.7342,74
18.7352,74
18.7361,74
18.7371,74
18.738,74
18.739,74
18.7399,74
18.7408,74
18.7418,74
18.7427,74
18.7437,74
18.7446,74
18.7456,74
18.7465,74
18.7474,74
18.7484,74
18.7493,74
18.7503,74
18.7512,74
18.7522,74
18.7531,74
18.7541,74
18.755,74
18.7559,74
18.7569,74
18.7578,74
18.7588,74
18.7597,74
18.7607,74
18.7616,74
18.7626,74
18.7635,74
18.7644,74
18.7654,74
18.7663,74
18.7673,74
18.7682,74
18.7692,74
18.7701,74
18.771,74
18.772,74
18.7729,74
18.7739,74
18.7748,74
18.7758,74
18.7767,74
18.7777,74
18.7786,74
18.7795,74
18.7805,75
18.7814,75
18.7824,75
18.7833,75
18.7843,75
18.7852,75
18.7862,75
18.7871,75
18.788,75
18.789,75
18.7899,75
18.7909,75
18.7918,75
18.7928,75
18.7937,75
18.7946,75
18.7956,75
18.7965,75
18.7975,75
18.7984,75
18.7994,75
18.8003,75
18.8013,75
18.8022,75
18.8031,75
18.8041,75
18.805,75
18.806,75
18.8069,75
18.8079,75
18.8088,75
18.8098,75
18.8107,75
18.8116,75
18.8126,75
18.8135,75
18.8145,75
18.8154,75
18.8164,75
18.8173,75
18.8182,75
18.8192,75
18.8201,75
18.8211,75
18.822,75
18.823,75
18.8239,75
18.8249,75
18.8258,75
18.8267,75
18.8277,75
18.8286,75
18.8296,75
18.8305,75
18.8315,75
18.8324,75
18.8334,75
18.8343,75
18.8352,75
18.8362,75
18.8371,75
18.8381,75
18.839,75
18.84,75
18.8409,75
18.8418,75
18.8428,75
18.8437,75
18.8447,75
18.8456,75
18.8466,75
18.8475,75
18.8485,75
18.8494,75
18.8503,75
18.8513,75
18.8522,75
18.8532,75
18.8541,75
18.8551,75
18.856,75
18.857,75
18.8579,75
18.8588,75
18.8598,75
18.8607,75
18.8617,75
18.8626,75
18.8636,75
18.8645,75
18.8654,75
18.8664,75
18.8673,75
18.8683,75
18.8692,75
18.8702,75
18.8711,75
18.8721,75
18.873,75
18.8739,75
18.8749,75
18.8758,75
18.8768,75
18.8777,75
18.8787,75
18.8796,75
18.8806,75
18.8815,75
18.8824,75
18.8834,75
18.8843,75
18.8853,75
18.8862,75
18.8872,75
18.8881,75
18.889,75
18.89,75
18.8909,75
18.8919,75
18.8928,75
18.8938,75
18.8947,75
18.8957,75
18.8966,75
18.8975,75
18.8985,75
18.8994,75
18.9004,75
18.9013,75
18.9023,75
18.9032,75
18.9042,75
18.9051,75
18.906,75
18.907,75
18.9079,75
18.9089,75
18.9098,75
18.9108,75
18.9117,75
18.9126,75
18.9136,75
18.9145,75
18.9155,75
18.9164,75
18.9174,75
18.9183,75
18.9193,75
18.9202,75
18.9211,75
18.9221,75
18.923,75
18.924,75
18.9249,75
18.9259,75
18.9268,75
18.9278,75
18.9287,75
18.9296,75
18.9306,75
18.9315,75
18.9325,75
18.9334,75
18.9344,75
18.9353,75
18.9362,75
18.9372,75
18.9381,75
18.9391,75
18.94,75
18.941,75
18.9419,75
18.9429,75
18.9438,75
18.9447,75
18.9457,75
18.9466,75
18.9476,75
18.9485,75
18.9495,75
18.9504,75
18.9514,75
18.9523,75
18.9532,75
18.9542,75
18.9551,75
18.9561,75
18.957,75
18.958,75
18.9589,75
18.9598,75
18.9608,75
18.9617,75
18.9627,75
18.9636,75
18.9646,75
18.9655,75
18.9665,75
18.9674,75
18.9683,75
18.9693,75
18.9702,75
18.9712,75
18.9721,75
18.9731,75
18.974,75
18.975,75
18.9759,75
18.9768,75
18.9778,75
18.9787,75
18.9797,75
18.9806,75
18.9816,75
18.9825,75
18.9834,75
18.9844,75
18.9853,75
18.9863,75
18.9872,75
18.9882,75
18.9891,75
18.9901,75
18.991,75
18.9919,75
18.9929,75
18.9938,75
18.9948,75
18.9957,75
18.9967,75
18.9976,75
18.9986,75
18.9995,75
19.0004,75
19.0014,75
19.0023,75
19.0033,75
19.0042,75
19.0052,75
19.0061,75
19.007,75
19.008,75
19.0089,75
19.0099,75
19.0108,75
19.0118,75
19.0127,75
19.0137,75
19.0146,75
19.0155,75
19.0165,75
19.0174,75
19.0184,75
19.0193,75
19.0203,75
19.0212,75
19.0222,75
19.0231,75
19.024,75
19.025,75
19.0259,75
19.0269,75
19.0278,75
19.0288,75
19.0297,75
19.0306,75
19.0316,75
19.0325,75
19.0335,75
19.0344,75
19.0354,75
19.0363,75
19.0373,75
19.0382,75
19.0391,75
19.0401,75
19.041,75
19.042,75
19.0429,75
19.0439,75
19.0448,75
19.0458,75
19.0467,75
19.0476,75
19.0486,75
19.0495,75
19.0505,75
19.0514,75
19.0524,75
19.0533,75
19.0542,75
19.0552,75
19.0561,75
19.0571,75
19.058,76
19.059,76
19.0599,76
19.0609,76
19.0618,76
19.0627,76
19.0637,76
19.0646,76
19.0656,76
19.0665,76
19.0675,76
19.0684,76
19.0694,76
19.0703,76
19.0712,76
19.0722,76
19.0731,76
19.0741,76
19.075,76
19.076,76
19.0769,76
19.0778,76
19.0788,76
19.0797,76
19.0807,76
19.0816,76
19.0826,76
19.0835,76
19.0845,76
19.0854,76
19.0863,76
19.0873,76
19.0882,76
19.0892,76
19.0901,76
19.0911,76
19.092,76
19.093,76
19.0939,76
19.0948,76
19.0958,76
19.0967,76
19.0977,76
19.0986,76
19.0996,76
19.1005,76
19.1014,76
19.1024,76
19.1033,76
19.1043,76
19.1052,76
19.1062,76
19.1071,76
19.1081,76
19.109,76
19.1099,76
19.1109,76
19.1118,76
19.1128,76
19.1137,76
19.1147,76
19.1156,76
19.1166,76
19.1175,76
19.1184,76
19.1194,76
19.1203,76
19.1213,76
19.1222,76
19.1232,76
19.1241,76
19.125,76
19.126,76
19.1269,76
19.1279,76
19.1288,76
19.1298,76
19.1307,76
19.1317,76
19.1326,76
19.1335,76
19.1345,76
19.1354,76
19.1364,76
19.1373,76
19.1383,76
19.1392,76
19.1402,76
19.1411,76
19.142,76
19.143,76
19.1439,76
19.1449,76
19.1458,76
19.1468,76
19.1477,76
19.1486,76
19.1496,76
19.1505,76
19.1515,76
19.1524,76
19.1534,76
19.1543,76
19.1553,76
19.1562,76
19.1571,76
19.1581,76
19.159,76
19.16,76
19.1609,76
19.1619,76
19.1628,76
19.1638,76
19.1647,76
19.1656,76
19.1666,76
19.1675,76
19.1685,76
19.1694,76
19.1704,76
19.1713,76
19.1722,76
19.1732,76
19.1741,76
19.1751,76
19.176,76
19.177,76
19.1779,76
19.1789,76
19.1798,76
19.1807,76
19.1817,76
19.1826,76
19.1836,76
19.1845,76
19.1855,76
19.1864,76
19.1874,76
19.1883,76
19.1892,76
19.1902,76
19.1911,76
19.1921,76
19.193,76
19.194,76
19.1949,76
19.1958,76
19.1968,76
19.1977,76
19.1987,76
19.1996,76
19.2006,76
19.2015,76
19.2025,76
19.2034,76
19.2043,76
19.2053,76
19.2062,76
19.2072,76
19.2081,76
19.2091,76
19.21,76
19.211,76
19.2119,76
19.2128,76
19.2138,76
19.2147,76
19.2157,76
19.2166,76
19.2176,76
19.2185,76
19.2194,76
19.2204,76
19.2213,76
19.2223,76
19.2232,76
19.2242,76
19.2251,76
19.2261,76
19.227,76
19.2279,76
19.2289,76
19.2298,76
19.2308,76
19.2317,76
19.2327,76
19.2336,76
19.2346,76
19.2355,76
19.2364,76
19.2374,76
19.2383,76
19.2393,76
19.2402,76
19.2412,76
19.2421,76
19.243,76
19.244,76
19.2449,76
19.2459,76
19.2468,76
19.2478,76
19.2487,76
19.2497,76
19.2506,76
19.2515,76
19.2525,76
19.2534,76
19.2544,76
19.2553,76
19.2563,76
19.2572,76
19.2582,76
19.2591,76
19.26,76
19.261,76
19.2619,76
19.2629,76
19.2638,76
19.2648,76
19.2657,76
19.2666,76
19.2676,76
19.2685,76
19.2695,76
19.2704,76
19.2714,76
19.2723,76
19.2733,76
19.2742,76
19.2751,76
19.2761,76
19.277,76
19.278,76
19.2789,76
19.2799,76
19.2808,76
19.2818,76
19.2827,76
19.2836,76
19.2846,76
19.2855,76
19.2865,76
19.2874,76
19.2884,76
19.2893,76
19.2902,76
19.2912,76
19.2921,76
19.2931,76
19.294,76
19.295,76
19.2959,76
19.2969,76
19.2978,76
19.2987,76
19.2997,76
19.3006,76
19.3016,76
19.3025,76
19.3035,76
19.3044,76
19.3054,76
19.3063,76
19.3072,76
19.3082,76
19.3091,76
19.3101,76
19.311,76
19.312,76
19.3129,76
19.3138,76
19.3148,76
19.3157,76
19.3167,76
19.3176,76
19.3186,76
19.3195,76
19.3205,76
19.3214,76
19.3223,76
19.3233,76
19.3242,76
19.3252,76
19.3261,76
19.3271,76
19.328,76
19.329,76
19.3299,76
19.3308,76
19.3318,76
19.3327,76
19.3337,76
19.3346,76
19.3356,76
19.3365,76
19.3374,76
19.3384,76
19.3393,76
19.3403,76
19.3412,76
19.3422,76
19.3431,76
19.3441,77
19.345,77
19.3459,77
19.3469,77
19.3478,77
19.3488,77
19.3497,77
19.3507,77
19.3516,77
19.3526,77
19.3535,77
19.3544,77
19.3554,77
19.3563,77
19.3573,77
19.3582,77
19.3592,77
19.3601,77
19.361,77
19.362,77
19.3629,77
19.3639,77
19.3648,77
19.3658,77
19.3667,77
19.3677,77
19.3686,77
19.3695,77
19.3705,77
19.3714,77
19.3724,77
19.3733,77
19.3743,77
19.3752,77
19.3762,77
19.3771,77
19.378,77
19.379,77
19.3799,77
19.3809,77
19.3818,77
19.3828,77
19.3837,77
19.3846,77
19.3856,77
19.3865,77
19.3875,77
19.3884,77
19.3894,77
19.3903,77
19.3913,77
19.3922,77
19.3931,77
19.3941,77
19.395,77
19.396,77
19.3969,77
19.3979,77
19.3988,77
19.3998,77
19.4007,77
19.4016,77
19.4026,77
19.4035,77
19.4045,77
19.4054,77
19.4064,77
19.4073,77
19.4082,77
19.4092,77
19.4101,77
19.4111,77
19.412,77
19.413,77
19.4139,77
19.4149,77
19.4158,77
19.4167,77
19.4177,77
19.4186,77
19.4196,77
19.4205,77
19.4215,77
19.4224,77
19.4234,77
19.4243,77
19.4252,77
19.4262,77
19.4271,77
19.4281,77
19.429,77
19.43,77
19.4309,77
19.4318,77
19.4328,77
19.4337,77
19.4347,77
19.4356,77
19.4366,77
19.4375,77
19.4385,77
19.4394,77
19.4403,77
19.4413,77
19.4422,77
19.4432,77
19.4441,77
19.4451,77
19.446,77
19.447,77
19.4479,77
19.4488,77
19.4498,77
19.4507,77
19.4517,77
19.4526,77
19.4536,77
19.4545,77
19.4554,77
19.4564,77
19.4573,77
19.4583,77
19.4592,77
19.4602,77
19.4611,77
19.4621,77
19.463,77
19.4639,77
19.4649,77
19.4658,77
19.4668,77
19.4677,77
19.4687,77
19.4696,77
19.4706,77
19.4715,77
19.4724,77
19.4734,77
19.4743,77
19.4753,77
19.4762,77
19.4772,77
19.4781,77
19.479,77
19.48,77
19.4809,77
19.4819,77
19.4828,77
19.4838,77
19.4847,77
19.4857,77
19.4866,77
19.4875,77
19.4885,77
19.4894,77
19.4904,77
19.4913,77
19.4923,77
19.4932,77
19.4942,77
19.4951,77
19.496,77
19.497,77
19.4979,77
19.4989,77
19.4998,77
19.5008,77
19.5017,77
19.5026,77
19.5036,77
19.5045,77
19.5055,77
19.5064,77
19.5074,77
19.5083,77
19.5093,77
19.5102,77
19.5111,77
19.5121,77
19.513,77
19.514,77
19.5149,77
19.5159,77
19.5168,77
19.5178,77
19.5187,77
19.5196,77
19.5206,77
19.5215,77
19.5225,77
19.5234,77
19.5244,77
19.5253,77
19.5262,77
19.5272,77
19.5281,77
19.5291,77
19.53,77
19.531,77
19.5319,77
19.5329,77
19.5338,77
19.5347,77
19.5357,77
19.5366,77
19.5376,77
19.5385,77
19.5395,77
19.5404,77
19.5414,77
19.5423,77
19.5432,77
19.5442,77
19.5451,77
19.5461,77
19.547,77
19.548,77
19.5489,77
19.5498,77
19.5508,77
19.5517,77
19.5527,77
19.5536,77
19.5546,77
19.5555,77
19.5565,77
19.5574,77
19.5583,77
19.5593,77
19.5602,77
19.5612,77
19.5621,77
19.5631,77
19.564,77
19.565,77
19.5659,77
19.5668,77
19.5678,77
19.5687,77
19.5697,77
19.5706,77
19.5716,77
19.5725,77
19.5734,77
19.5744,77
19.5753,77
19.5763,77
19.5772,77
19.5782,77
19.5791,77
19.5801,77
19.581,77
19.5819,77
19.5829,77
19.5838,77
19.5848,77
19.5857,77
19.5867,77
19.5876,77
19.5886,77
19.5895,77
19.5904,77
19.5914,77
19.5923,77
19.5933,77
19.5942,77
19.5952,77
19.5961,77
19.597,77
19.598,77
19.5989,77
19.5999,77
19.6008,77
19.6018,77
19.6027,77
19.6037,77
19.6046,77
19.6055,77
19.6065,77
19.6074,77
19.6084,77
19.6093,77
19.6103,77
19.6112,77
19.6122,77
19.6131,77
19.614,77
19.615,77
19.6159,77
19.6169,77
19.6178,77
19.6188,77
19.6197,77
19.6206,77
19.6216,77
19.6225,77
19.6235,77
19.6244,77
19.6254,77
19.6263,77
19.6273,77
19.6282,77
19.6291,77
19.6301,77
19.631,77
19.632,77
19.6329,77
19.6339,77
19.6348,77
19.6358,77
19.6367,77
19.6376,77
19.6386,77
19.6395,77
19.6405,77
19.6414,77
19.6424,77
19.6433,78
19.6442,78
19.6452,78
19.6461,78
19.6471,78
19.648,78
19.649,78
19.6499,78
19.6509,78
19.6518,78
19.6527,78
19.6537,78
19.6546,78
19.6556,78
19.6565,78
19.6575,78
19.6584,78
19.6594,78
19.6603,78
19.6612,78
19.6622,78
19.6631,78
19.6641,78
19.665,78
19.666,78
19.6669,78
19.6678,78
19.6688,78
19.6697,78
19.6707,78
19.6716,78
19.6726,78
19.6735,78
19.6745,78
19.6754,78
19.6763,78
19.6773,78
19.6782,78
19.6792,78
19.6801,78
19.6811,78
19.682,78
19.683,78
19.6839,78
19.6848,78
19.6858,78
19.6867,78
19.6877,78
19.6886,78
19.6896,78
19.6905,78
19.6914,78
19.6924,78
19.6933,78
19.6943,78
19.6952,78
19.6962,78
19.6971,78
19.6981,78
19.699,78
19.6999,78
19.7009,78
19.7018,78
19.7028,78
19.7037,78
19.7047,78
19.7056,78
19.7066,78
19.7075,78
19.7084,78
19.7094,78
19.7103,78
19.7113,78
19.7122,78
19.7132,78
19.7141,78
19.715,78
19.716,78
19.7169,78
19.7179,78
19.7188,78
19.7198,78
19.7207,78
19.7217,78
19.7226,78
19.7235,78
19.7245,78
19.7254,78
19.7264,78
19.7273,78
19.7283,78
19.7292,78
19.7302,78
19.7311,78
19.732,78
19.733,78
19.7339,78
19.7349,78
19.7358,78
19.7368,78
19.7377,78
19.7386,78
19.7396,78
19.7405,78
19.7415,78
19.7424,78
19.7434,78
19.7443,78
19.7453,78
19.7462,78
19.7471,78
19.7481,78
19.749,78
19.75,78
19.7509,78
19.7519,78
19.7528,78
19.7538,78
19.7547,78
19.7556,78
19.7566,78
19.7575,78
19.7585,78
19.7594,78
19.7604,78
19.7613,78
19.7622,78
19.7632,78
19.7641,78
19.7651,78
19.766,78
19.767,78
19.7679,78
19.7689,78
19.7698,78
19.7707,78
19.7717,78
19.7726,78
19.7736,78
19.7745,78
19.7755,78
19.7764,78
19.7774,78
19.7783,78
19.7792,78
19.7802,78
19.7811,78
19.7821,78
19.783,78
19.784,78
19.7849,78
19.7858,78
19.7868,78
19.7877,78
19.7887,78
19.7896,78
19.7906,78
19.7915,78
19.7925,78
19.7934,78
19.7943,78
19.7953,78
19.7962,78
19.7972,78
19.7981,78
19.7991,78
19.8,78
19.801,78
19.8019,78
19.8028,78
19.8038,78
19.8047,78
19.8057,78
19.8066,78
19.8076,78
19.8085,78
19.8094,78
19.8104,78
19.8113,78
19.8123,78
19.8132,78
19.8142,78
19.8151,78
19.8161,78
19.817,78
19.8179,78
19.8189,78
19.8198,78
19.8208,78
19.8217,78
19.8227,78
19.8236,78
19.8246,78
19.8255,78
19.8264,78
19.8274,78
19.8283,78
19.8293,78
19.8302,78
19.8312,78
19.8321,78
19.833,78
19.834,78
19.8349,78
19.8359,78
19.8368,78
19.8378,78
19.8387,78
19.8397,78
19.8406,78
19.8415,78
19.8425,78
19.8434,78
19.8444,78
19.8453,78
19.8463,78
19.8472,78
19.8482,78
19.8491,78
19.85,78
19.851,78
19.8519,78
19.8529,78
19.8538,78
19.8548,78
19.8557,78
19.8566,78
19.8576,78
19.8585,78
19.8595,78
19.8604,78
19.8614,78
19.8623,78
19.8633,78
19.8642,78
19.8651,78
19.8661,78
19.867,78
19.868,78
19.8689,78
19.8699,78
19.8708,78
19.8718,78
19.8727,78
19.8736,78
19.8746,78
19.8755,78
19.8765,78
19.8774,78
19.8784,78
19.8793,78
19.8802,78
19.8812,78
19.8821,78
19.8831,78
19.884,78
19.885,78
19.8859,78
19.8869,78
19.8878,78
19.8887,78
19.8897,78
19.8906,78
19.8916,78
19.8925,78
19.8935,78
19.8944,78
19.8954,78
19.8963,78
19.8972,78
19.8982,78
19.8991,78
19.9001,78
19.901,78
19.902,78
19.9029,78
19.9038,78
19.9048,78
19.9057,78
19.9067,78
19.9076,78
19.9086,78
19.9095,78
19.9105,78
19.9114,78
19.9123,78
19.9133,78
19.9142,78
19.9152,78
19.9161,78
19.9171,78
19.918,78
19.919,78
19.9199,78
19.9208,78
19.9218,78
19.9227,78
19.9237,78
19.9246,78
19.9256,78
19.9265,78
19.9274,78
19.9284,78
19.9293,78
19.9303,78
19.9312,78
19.9322,79
19.9331,79
19.9341,79
19.935,79
19.9359,79
19.9369,79
19.9378,79
19.9388,79
19.9397,79
19.9407,79
19.9416,79
19.9426,79
19.9435,79
19.9444,79
19.9454,79
19.9463,79
19.9473,79
19.9482,79
19.9492,79
19.9501,79
19.951,79
19.952,79
19.9529,79
19.9539,79
19.9548,79
19.9558,79
19.9567,79
19.9577,79
19.9586,79
19.9595,79
19.9605,79
19.9614,79
19.9624,79
19.9633,79
19.9643,79
19.9652,79
19.9662,79
19.9671,79
19.968,79
19.969,79
19.9699,79
19.9709,79
19.9718,79
19.9728,79
19.9737,79
19.9746,79
19.9756,79
19.9765,79
19.9775,79
19.9784,79
19.9794,79
19.9803,79
19.9813,79
19.9822,79
19.9831,79
19.9841,79
19.985,79
19.986,79
19.9869,79
19.9879,79
19.9888,79
19.9898,79
19.9907,79
19.9916,79
19.9926,79
19.9935,79
19.9945,79
19.9954,79
19.9964,79
19.9973,79
19.9982,79
19.9992,79
